ctas,comm_sm_pct,ar_mib,m,nk,f_gemm,f_comm,iter_ms,energy_mj,base_energy_mj,base_iter_ms,base_clock,dE_vs_auto_pct,is_best_pair_for_workload,is_global_fixed_pair
2,1.9,64,1024,4096,300,300,12.5602,1084.92,456.24,3.2288,1410,+137.80,False,False
2,1.9,64,1024,4096,300,510,7.6145,684.14,456.24,3.2288,1410,+49.95,False,False
2,1.9,64,1024,4096,300,705,5.7157,529.67,456.24,3.2288,1410,+16.10,False,False
2,1.9,64,1024,4096,300,900,4.5848,441.17,456.24,3.2288,1410,-3.30,False,False
2,1.9,64,1024,4096,300,1050,3.9733,380.12,456.24,3.2288,1410,-16.68,False,False
2,1.9,64,1024,4096,300,1200,3.5238,359.32,456.24,3.2288,1410,-21.24,False,False
2,1.9,64,1024,4096,300,1305,3.2662,320.79,456.24,3.2288,1410,-29.69,True,False
2,1.9,64,1024,4096,300,1410,3.0485,320.81,456.24,3.2288,1410,-29.68,False,False
2,1.9,64,1024,4096,510,300,12.5602,1097.57,456.24,3.2288,1410,+140.57,False,False
2,1.9,64,1024,4096,510,510,7.6145,690.79,456.24,3.2288,1410,+51.41,False,False
2,1.9,64,1024,4096,510,705,5.7157,534.02,456.24,3.2288,1410,+17.05,False,False
2,1.9,64,1024,4096,510,900,4.5848,444.14,456.24,3.2288,1410,-2.65,False,False
2,1.9,64,1024,4096,510,1050,3.9733,382.35,456.24,3.2288,1410,-16.19,False,False
2,1.9,64,1024,4096,510,1200,3.5238,361.01,456.24,3.2288,1410,-20.87,False,False
2,1.9,64,1024,4096,510,1305,3.2662,322.16,456.24,3.2288,1410,-29.39,False,False
2,1.9,64,1024,4096,510,1410,3.0485,321.92,456.24,3.2288,1410,-29.44,False,True
2,1.9,64,1024,4096,705,300,12.5602,1118.55,456.24,3.2288,1410,+145.17,False,False
2,1.9,64,1024,4096,705,510,7.6145,703.16,456.24,3.2288,1410,+54.12,False,False
2,1.9,64,1024,4096,705,705,5.7157,543.08,456.24,3.2288,1410,+19.04,False,False
2,1.9,64,1024,4096,705,900,4.5848,451.24,456.24,3.2288,1410,-1.10,False,False
2,1.9,64,1024,4096,705,1050,3.9733,388.39,456.24,3.2288,1410,-14.87,False,False
2,1.9,64,1024,4096,705,1200,3.5238,366.26,456.24,3.2288,1410,-19.72,False,False
2,1.9,64,1024,4096,705,1305,3.2662,326.96,456.24,3.2288,1410,-28.34,False,False
2,1.9,64,1024,4096,705,1410,3.0485,326.35,456.24,3.2288,1410,-28.47,False,False
2,1.9,64,1024,4096,900,300,12.5602,1142.65,456.24,3.2288,1410,+150.45,False,False
2,1.9,64,1024,4096,900,510,7.6145,717.65,456.24,3.2288,1410,+57.30,False,False
2,1.9,64,1024,4096,900,705,5.7157,553.89,456.24,3.2288,1410,+21.40,False,False
2,1.9,64,1024,4096,900,900,4.5848,459.84,456.24,3.2288,1410,+0.79,False,False
2,1.9,64,1024,4096,900,1050,3.9733,395.80,456.24,3.2288,1410,-13.25,False,False
2,1.9,64,1024,4096,900,1200,3.5238,372.80,456.24,3.2288,1410,-18.29,False,False
2,1.9,64,1024,4096,900,1305,3.2662,333.00,456.24,3.2288,1410,-27.01,False,False
2,1.9,64,1024,4096,900,1410,3.0485,331.96,456.24,3.2288,1410,-27.24,False,False
2,1.9,64,1024,4096,1050,300,12.5602,1193.71,456.24,3.2288,1410,+161.64,False,False
2,1.9,64,1024,4096,1050,510,7.6145,748.56,456.24,3.2288,1410,+64.07,False,False
2,1.9,64,1024,4096,1050,705,5.7157,577.06,456.24,3.2288,1410,+26.48,False,False
2,1.9,64,1024,4096,1050,900,4.5848,478.40,456.24,3.2288,1410,+4.86,False,False
2,1.9,64,1024,4096,1050,1050,3.9733,411.87,456.24,3.2288,1410,-9.72,False,False
2,1.9,64,1024,4096,1050,1200,3.5238,387.04,456.24,3.2288,1410,-15.17,False,False
2,1.9,64,1024,4096,1050,1305,3.2662,346.19,456.24,3.2288,1410,-24.12,False,False
2,1.9,64,1024,4096,1050,1410,3.0485,344.27,456.24,3.2288,1410,-24.54,False,False
2,1.9,64,1024,4096,1200,300,12.5602,1252.31,456.24,3.2288,1410,+174.49,False,False
2,1.9,64,1024,4096,1200,510,7.6145,787.01,456.24,3.2288,1410,+72.50,False,False
2,1.9,64,1024,4096,1200,705,5.7157,607.76,456.24,3.2288,1410,+33.21,False,False
2,1.9,64,1024,4096,1200,900,4.5848,504.51,456.24,3.2288,1410,+10.58,False,False
2,1.9,64,1024,4096,1200,1050,3.9733,435.48,456.24,3.2288,1410,-4.55,False,False
2,1.9,64,1024,4096,1200,1200,3.5238,408.81,456.24,3.2288,1410,-10.39,False,False
2,1.9,64,1024,4096,1200,1305,3.2662,366.92,456.24,3.2288,1410,-19.58,False,False
2,1.9,64,1024,4096,1200,1410,3.0485,364.11,456.24,3.2288,1410,-20.19,False,False
2,1.9,64,1024,4096,1305,300,12.5602,1354.33,456.24,3.2288,1410,+196.85,False,False
2,1.9,64,1024,4096,1305,510,7.6145,850.89,456.24,3.2288,1410,+86.50,False,False
2,1.9,64,1024,4096,1305,705,5.7157,657.00,456.24,3.2288,1410,+44.00,False,False
2,1.9,64,1024,4096,1305,900,4.5848,545.02,456.24,3.2288,1410,+19.46,False,False
2,1.9,64,1024,4096,1305,1050,3.9733,471.28,456.24,3.2288,1410,+3.30,False,False
2,1.9,64,1024,4096,1305,1200,3.5238,441.15,456.24,3.2288,1410,-3.31,False,False
2,1.9,64,1024,4096,1305,1305,3.2662,397.27,456.24,3.2288,1410,-12.92,False,False
2,1.9,64,1024,4096,1305,1410,3.0485,392.78,456.24,3.2288,1410,-13.91,False,False
2,1.9,64,1024,4096,1410,300,12.5602,1465.09,456.24,3.2288,1410,+221.13,False,False
2,1.9,64,1024,4096,1410,510,7.6145,923.52,456.24,3.2288,1410,+102.42,False,False
2,1.9,64,1024,4096,1410,705,5.7157,714.99,456.24,3.2288,1410,+56.71,False,False
2,1.9,64,1024,4096,1410,900,4.5848,594.29,456.24,3.2288,1410,+30.26,False,False
2,1.9,64,1024,4096,1410,1050,3.9733,515.84,456.24,3.2288,1410,+13.06,False,False
2,1.9,64,1024,4096,1410,1200,3.5238,482.24,456.24,3.2288,1410,+5.70,False,False
2,1.9,64,1024,4096,1410,1305,3.2662,436.37,456.24,3.2288,1410,-4.35,False,False
2,1.9,64,1024,4096,1410,1410,3.0485,430.20,456.24,3.2288,1410,-5.71,False,False
2,1.9,64,1024,8192,300,300,12.5602,1191.08,628.12,3.2139,1410,+89.63,False,False
2,1.9,64,1024,8192,300,510,7.6145,790.30,628.12,3.2139,1410,+25.82,False,False
2,1.9,64,1024,8192,300,705,5.7157,635.83,628.12,3.2139,1410,+1.23,False,False
2,1.9,64,1024,8192,300,900,4.5848,547.33,628.12,3.2139,1410,-12.86,False,False
2,1.9,64,1024,8192,300,1050,3.9733,486.28,628.12,3.2139,1410,-22.58,False,False
2,1.9,64,1024,8192,300,1200,3.5238,465.48,628.12,3.2139,1410,-25.89,False,False
2,1.9,64,1024,8192,300,1305,3.2662,426.95,628.12,3.2139,1410,-32.03,False,False
2,1.9,64,1024,8192,300,1410,3.0485,426.97,628.12,3.2139,1410,-32.02,False,False
2,1.9,64,1024,8192,510,300,12.5602,1199.93,628.12,3.2139,1410,+91.04,False,False
2,1.9,64,1024,8192,510,510,7.6145,793.15,628.12,3.2139,1410,+26.27,False,False
2,1.9,64,1024,8192,510,705,5.7157,636.38,628.12,3.2139,1410,+1.32,False,False
2,1.9,64,1024,8192,510,900,4.5848,546.50,628.12,3.2139,1410,-12.99,False,False
2,1.9,64,1024,8192,510,1050,3.9733,484.72,628.12,3.2139,1410,-22.83,False,False
2,1.9,64,1024,8192,510,1200,3.5238,463.37,628.12,3.2139,1410,-26.23,False,False
2,1.9,64,1024,8192,510,1305,3.2662,424.52,628.12,3.2139,1410,-32.41,False,False
2,1.9,64,1024,8192,510,1410,3.0485,424.28,628.12,3.2139,1410,-32.45,True,True
2,1.9,64,1024,8192,705,300,12.5602,1219.85,628.12,3.2139,1410,+94.21,False,False
2,1.9,64,1024,8192,705,510,7.6145,804.46,628.12,3.2139,1410,+28.07,False,False
2,1.9,64,1024,8192,705,705,5.7157,644.38,628.12,3.2139,1410,+2.59,False,False
2,1.9,64,1024,8192,705,900,4.5848,552.54,628.12,3.2139,1410,-12.03,False,False
2,1.9,64,1024,8192,705,1050,3.9733,489.68,628.12,3.2139,1410,-22.04,False,False
2,1.9,64,1024,8192,705,1200,3.5238,467.55,628.12,3.2139,1410,-25.56,False,False
2,1.9,64,1024,8192,705,1305,3.2662,428.26,628.12,3.2139,1410,-31.82,False,False
2,1.9,64,1024,8192,705,1410,3.0485,427.64,628.12,3.2139,1410,-31.92,False,False
2,1.9,64,1024,8192,900,300,12.5602,1244.55,628.12,3.2139,1410,+98.14,False,False
2,1.9,64,1024,8192,900,510,7.6145,819.55,628.12,3.2139,1410,+30.48,False,False
2,1.9,64,1024,8192,900,705,5.7157,655.78,628.12,3.2139,1410,+4.40,False,False
2,1.9,64,1024,8192,900,900,4.5848,561.74,628.12,3.2139,1410,-10.57,False,False
2,1.9,64,1024,8192,900,1050,3.9733,497.70,628.12,3.2139,1410,-20.76,False,False
2,1.9,64,1024,8192,900,1200,3.5238,474.70,628.12,3.2139,1410,-24.43,False,False
2,1.9,64,1024,8192,900,1305,3.2662,434.90,628.12,3.2139,1410,-30.76,False,False
2,1.9,64,1024,8192,900,1410,3.0485,433.86,628.12,3.2139,1410,-30.93,False,False
2,1.9,64,1024,8192,1050,300,12.5602,1296.94,628.12,3.2139,1410,+106.48,False,False
2,1.9,64,1024,8192,1050,510,7.6145,851.79,628.12,3.2139,1410,+35.61,False,False
2,1.9,64,1024,8192,1050,705,5.7157,680.28,628.12,3.2139,1410,+8.30,False,False
2,1.9,64,1024,8192,1050,900,4.5848,581.63,628.12,3.2139,1410,-7.40,False,False
2,1.9,64,1024,8192,1050,1050,3.9733,515.10,628.12,3.2139,1410,-17.99,False,False
2,1.9,64,1024,8192,1050,1200,3.5238,490.26,628.12,3.2139,1410,-21.95,False,False
2,1.9,64,1024,8192,1050,1305,3.2662,449.42,628.12,3.2139,1410,-28.45,False,False
2,1.9,64,1024,8192,1050,1410,3.0485,447.49,628.12,3.2139,1410,-28.76,False,False
2,1.9,64,1024,8192,1200,300,12.5602,1379.83,628.12,3.2139,1410,+119.68,False,False
2,1.9,64,1024,8192,1200,510,7.6145,914.52,628.12,3.2139,1410,+45.60,False,False
2,1.9,64,1024,8192,1200,705,5.7157,735.28,628.12,3.2139,1410,+17.06,False,False
2,1.9,64,1024,8192,1200,900,4.5848,632.02,628.12,3.2139,1410,+0.62,False,False
2,1.9,64,1024,8192,1200,1050,3.9733,563.00,628.12,3.2139,1410,-10.37,False,False
2,1.9,64,1024,8192,1200,1200,3.5238,536.33,628.12,3.2139,1410,-14.61,False,False
2,1.9,64,1024,8192,1200,1305,3.2662,494.44,628.12,3.2139,1410,-21.28,False,False
2,1.9,64,1024,8192,1200,1410,3.0485,491.62,628.12,3.2139,1410,-21.73,False,False
2,1.9,64,2048,4096,300,300,12.5602,1118.57,507.91,3.1850,1410,+120.23,False,False
2,1.9,64,2048,4096,300,510,7.6145,717.79,507.91,3.1850,1410,+41.32,False,False
2,1.9,64,2048,4096,300,705,5.7157,563.32,507.91,3.1850,1410,+10.91,False,False
2,1.9,64,2048,4096,300,900,4.5848,474.82,507.91,3.1850,1410,-6.52,False,False
2,1.9,64,2048,4096,300,1050,3.9733,413.77,507.91,3.1850,1410,-18.53,False,False
2,1.9,64,2048,4096,300,1200,3.5238,392.97,507.91,3.1850,1410,-22.63,False,False
2,1.9,64,2048,4096,300,1305,3.2662,354.44,507.91,3.1850,1410,-30.22,True,False
2,1.9,64,2048,4096,300,1410,3.0485,354.46,507.91,3.1850,1410,-30.21,False,False
2,1.9,64,2048,4096,510,300,12.5602,1130.08,507.91,3.1850,1410,+122.50,False,False
2,1.9,64,2048,4096,510,510,7.6145,723.31,507.91,3.1850,1410,+42.41,False,False
2,1.9,64,2048,4096,510,705,5.7157,566.53,507.91,3.1850,1410,+11.54,False,False
2,1.9,64,2048,4096,510,900,4.5848,476.66,507.91,3.1850,1410,-6.15,False,False
2,1.9,64,2048,4096,510,1050,3.9733,414.87,507.91,3.1850,1410,-18.32,False,False
2,1.9,64,2048,4096,510,1200,3.5238,393.52,507.91,3.1850,1410,-22.52,False,False
2,1.9,64,2048,4096,510,1305,3.2662,354.68,507.91,3.1850,1410,-30.17,False,False
2,1.9,64,2048,4096,510,1410,3.0485,354.44,507.91,3.1850,1410,-30.22,False,True
2,1.9,64,2048,4096,705,300,12.5602,1150.82,507.91,3.1850,1410,+126.58,False,False
2,1.9,64,2048,4096,705,510,7.6145,735.43,507.91,3.1850,1410,+44.79,False,False
2,1.9,64,2048,4096,705,705,5.7157,575.35,507.91,3.1850,1410,+13.28,False,False
2,1.9,64,2048,4096,705,900,4.5848,483.51,507.91,3.1850,1410,-4.80,False,False
2,1.9,64,2048,4096,705,1050,3.9733,420.66,507.91,3.1850,1410,-17.18,False,False
2,1.9,64,2048,4096,705,1200,3.5238,398.53,507.91,3.1850,1410,-21.54,False,False
2,1.9,64,2048,4096,705,1305,3.2662,359.23,507.91,3.1850,1410,-29.27,False,False
2,1.9,64,2048,4096,705,1410,3.0485,358.61,507.91,3.1850,1410,-29.39,False,False
2,1.9,64,2048,4096,900,300,12.5602,1175.18,507.91,3.1850,1410,+131.37,False,False
2,1.9,64,2048,4096,900,510,7.6145,750.18,507.91,3.1850,1410,+47.70,False,False
2,1.9,64,2048,4096,900,705,5.7157,586.41,507.91,3.1850,1410,+15.46,False,False
2,1.9,64,2048,4096,900,900,4.5848,492.37,507.91,3.1850,1410,-3.06,False,False
2,1.9,64,2048,4096,900,1050,3.9733,428.33,507.91,3.1850,1410,-15.67,False,False
2,1.9,64,2048,4096,900,1200,3.5238,405.33,507.91,3.1850,1410,-20.20,False,False
2,1.9,64,2048,4096,900,1305,3.2662,365.53,507.91,3.1850,1410,-28.03,False,False
2,1.9,64,2048,4096,900,1410,3.0485,364.49,507.91,3.1850,1410,-28.24,False,False
2,1.9,64,2048,4096,1050,300,12.5602,1226.82,507.91,3.1850,1410,+141.54,False,False
2,1.9,64,2048,4096,1050,510,7.6145,781.66,507.91,3.1850,1410,+53.90,False,False
2,1.9,64,2048,4096,1050,705,5.7157,610.16,507.91,3.1850,1410,+20.13,False,False
2,1.9,64,2048,4096,1050,900,4.5848,511.51,507.91,3.1850,1410,+0.71,False,False
2,1.9,64,2048,4096,1050,1050,3.9733,444.98,507.91,3.1850,1410,-12.39,False,False
2,1.9,64,2048,4096,1050,1200,3.5238,420.14,507.91,3.1850,1410,-17.28,False,False
2,1.9,64,2048,4096,1050,1305,3.2662,379.30,507.91,3.1850,1410,-25.32,False,False
2,1.9,64,2048,4096,1050,1410,3.0485,377.37,507.91,3.1850,1410,-25.70,False,False
2,1.9,64,2048,4096,1200,300,12.5602,1293.60,507.91,3.1850,1410,+154.69,False,False
2,1.9,64,2048,4096,1200,510,7.6145,828.30,507.91,3.1850,1410,+63.08,False,False
2,1.9,64,2048,4096,1200,705,5.7157,649.05,507.91,3.1850,1410,+27.79,False,False
2,1.9,64,2048,4096,1200,900,4.5848,545.79,507.91,3.1850,1410,+7.46,False,False
2,1.9,64,2048,4096,1200,1050,3.9733,476.77,507.91,3.1850,1410,-6.13,False,False
2,1.9,64,2048,4096,1200,1200,3.5238,450.10,507.91,3.1850,1410,-11.38,False,False
2,1.9,64,2048,4096,1200,1305,3.2662,408.21,507.91,3.1850,1410,-19.63,False,False
2,1.9,64,2048,4096,1200,1410,3.0485,405.40,507.91,3.1850,1410,-20.18,False,False
2,1.9,64,2048,4096,1305,300,12.5602,1402.67,507.91,3.1850,1410,+176.16,False,False
2,1.9,64,2048,4096,1305,510,7.6145,899.23,507.91,3.1850,1410,+77.04,False,False
2,1.9,64,2048,4096,1305,705,5.7157,705.34,507.91,3.1850,1410,+38.87,False,False
2,1.9,64,2048,4096,1305,900,4.5848,593.36,507.91,3.1850,1410,+16.82,False,False
2,1.9,64,2048,4096,1305,1050,3.9733,519.62,507.91,3.1850,1410,+2.31,False,False
2,1.9,64,2048,4096,1305,1200,3.5238,489.49,507.91,3.1850,1410,-3.63,False,False
2,1.9,64,2048,4096,1305,1305,3.2662,445.61,507.91,3.1850,1410,-12.27,False,False
2,1.9,64,2048,4096,1305,1410,3.0485,441.12,507.91,3.1850,1410,-13.15,False,False
2,1.9,64,2048,8192,300,300,12.5602,1318.06,866.85,3.2780,1410,+52.05,False,False
2,1.9,64,2048,8192,300,510,7.6145,917.28,866.85,3.2780,1410,+5.82,False,False
2,1.9,64,2048,8192,300,705,5.7157,762.81,866.85,3.2780,1410,-12.00,False,False
2,1.9,64,2048,8192,300,900,4.6675,678.98,866.85,3.2780,1410,-21.67,False,False
2,1.9,64,2048,8192,300,1050,4.6675,652.51,866.85,3.2780,1410,-24.73,False,False
2,1.9,64,2048,8192,300,1200,4.6675,657.21,866.85,3.2780,1410,-24.18,False,False
2,1.9,64,2048,8192,300,1305,4.6675,633.46,866.85,3.2780,1410,-26.92,False,False
2,1.9,64,2048,8192,300,1410,4.6675,646.08,866.85,3.2780,1410,-25.47,False,False
2,1.9,64,2048,8192,510,300,12.5602,1322.77,866.85,3.2780,1410,+52.60,False,False
2,1.9,64,2048,8192,510,510,7.6145,915.99,866.85,3.2780,1410,+5.67,False,False
2,1.9,64,2048,8192,510,705,5.7157,759.22,866.85,3.2780,1410,-12.42,False,False
2,1.9,64,2048,8192,510,900,4.5848,669.34,866.85,3.2780,1410,-22.78,False,False
2,1.9,64,2048,8192,510,1050,3.9733,607.56,866.85,3.2780,1410,-29.91,False,False
2,1.9,64,2048,8192,510,1200,3.5238,586.21,866.85,3.2780,1410,-32.37,False,False
2,1.9,64,2048,8192,510,1305,3.2662,547.36,866.85,3.2780,1410,-36.86,False,False
2,1.9,64,2048,8192,510,1410,3.0485,547.12,866.85,3.2780,1410,-36.88,True,True
2,1.9,64,2048,8192,705,300,12.5602,1341.55,866.85,3.2780,1410,+54.76,False,False
2,1.9,64,2048,8192,705,510,7.6145,926.17,866.85,3.2780,1410,+6.84,False,False
2,1.9,64,2048,8192,705,705,5.7157,766.09,866.85,3.2780,1410,-11.62,False,False
2,1.9,64,2048,8192,705,900,4.5848,674.24,866.85,3.2780,1410,-22.22,False,False
2,1.9,64,2048,8192,705,1050,3.9733,611.39,866.85,3.2780,1410,-29.47,False,False
2,1.9,64,2048,8192,705,1200,3.5238,589.26,866.85,3.2780,1410,-32.02,False,False
2,1.9,64,2048,8192,705,1305,3.2662,549.96,866.85,3.2780,1410,-36.56,False,False
2,1.9,64,2048,8192,705,1410,3.0485,549.35,866.85,3.2780,1410,-36.63,False,False
2,1.9,64,2048,8192,900,300,12.5602,1367.50,866.85,3.2780,1410,+57.76,False,False
2,1.9,64,2048,8192,900,510,7.6145,942.50,866.85,3.2780,1410,+8.73,False,False
2,1.9,64,2048,8192,900,705,5.7157,778.73,866.85,3.2780,1410,-10.17,False,False
2,1.9,64,2048,8192,900,900,4.5848,684.69,866.85,3.2780,1410,-21.01,False,False
2,1.9,64,2048,8192,900,1050,3.9733,620.65,866.85,3.2780,1410,-28.40,False,False
2,1.9,64,2048,8192,900,1200,3.5238,597.64,866.85,3.2780,1410,-31.06,False,False
2,1.9,64,2048,8192,900,1305,3.2662,557.85,866.85,3.2780,1410,-35.65,False,False
2,1.9,64,2048,8192,900,1410,3.0485,556.81,866.85,3.2780,1410,-35.77,False,False
2,1.9,64,2048,8192,1050,300,12.5602,1421.06,866.85,3.2780,1410,+63.93,False,False
2,1.9,64,2048,8192,1050,510,7.6145,975.90,866.85,3.2780,1410,+12.58,False,False
2,1.9,64,2048,8192,1050,705,5.7157,804.40,866.85,3.2780,1410,-7.20,False,False
2,1.9,64,2048,8192,1050,900,4.5848,705.75,866.85,3.2780,1410,-18.58,False,False
2,1.9,64,2048,8192,1050,1050,3.9733,639.22,866.85,3.2780,1410,-26.26,False,False
2,1.9,64,2048,8192,1050,1200,3.5238,614.38,866.85,3.2780,1410,-29.12,False,False
2,1.9,64,2048,8192,1050,1305,3.2662,573.53,866.85,3.2780,1410,-33.84,False,False
2,1.9,64,2048,8192,1050,1410,3.0485,571.61,866.85,3.2780,1410,-34.06,False,False
2,1.9,64,2048,8192,1200,300,12.5602,1536.04,866.85,3.2780,1410,+77.20,False,False
2,1.9,64,2048,8192,1200,510,7.6145,1070.74,866.85,3.2780,1410,+23.52,False,False
2,1.9,64,2048,8192,1200,705,5.7157,891.50,866.85,3.2780,1410,+2.84,False,False
2,1.9,64,2048,8192,1200,900,4.5848,788.24,866.85,3.2780,1410,-9.07,False,False
2,1.9,64,2048,8192,1200,1050,3.9733,719.22,866.85,3.2780,1410,-17.03,False,False
2,1.9,64,2048,8192,1200,1200,3.5238,692.55,866.85,3.2780,1410,-20.11,False,False
2,1.9,64,2048,8192,1200,1305,3.2662,650.65,866.85,3.2780,1410,-24.94,False,False
2,1.9,64,2048,8192,1200,1410,3.0485,647.84,866.85,3.2780,1410,-25.26,False,False
2,1.9,64,4096,4096,300,300,12.5602,1186.11,632.66,3.2116,1410,+87.48,False,False
2,1.9,64,4096,4096,300,510,7.6145,785.33,632.66,3.2116,1410,+24.13,False,False
2,1.9,64,4096,4096,300,705,5.7157,630.86,632.66,3.2116,1410,-0.28,False,False
2,1.9,64,4096,4096,300,900,4.5848,542.36,632.66,3.2116,1410,-14.27,False,False
2,1.9,64,4096,4096,300,1050,3.9733,481.31,632.66,3.2116,1410,-23.92,False,False
2,1.9,64,4096,4096,300,1200,3.5238,460.51,632.66,3.2116,1410,-27.21,False,False
2,1.9,64,4096,4096,300,1305,3.2662,421.98,632.66,3.2116,1410,-33.30,False,False
2,1.9,64,4096,4096,300,1410,3.0485,422.00,632.66,3.2116,1410,-33.30,False,False
2,1.9,64,4096,4096,510,300,12.5602,1195.30,632.66,3.2116,1410,+88.93,False,False
2,1.9,64,4096,4096,510,510,7.6145,788.52,632.66,3.2116,1410,+24.64,False,False
2,1.9,64,4096,4096,510,705,5.7157,631.75,632.66,3.2116,1410,-0.14,False,False
2,1.9,64,4096,4096,510,900,4.5848,541.87,632.66,3.2116,1410,-14.35,False,False
2,1.9,64,4096,4096,510,1050,3.9733,480.08,632.66,3.2116,1410,-24.12,False,False
2,1.9,64,4096,4096,510,1200,3.5238,458.74,632.66,3.2116,1410,-27.49,False,False
2,1.9,64,4096,4096,510,1305,3.2662,419.89,632.66,3.2116,1410,-33.63,False,False
2,1.9,64,4096,4096,510,1410,3.0485,419.65,632.66,3.2116,1410,-33.67,True,True
2,1.9,64,4096,4096,705,300,12.5602,1215.70,632.66,3.2116,1410,+92.16,False,False
2,1.9,64,4096,4096,705,510,7.6145,800.31,632.66,3.2116,1410,+26.50,False,False
2,1.9,64,4096,4096,705,705,5.7157,640.23,632.66,3.2116,1410,+1.20,False,False
2,1.9,64,4096,4096,705,900,4.5848,548.38,632.66,3.2116,1410,-13.32,False,False
2,1.9,64,4096,4096,705,1050,3.9733,485.53,632.66,3.2116,1410,-23.26,False,False
2,1.9,64,4096,4096,705,1200,3.5238,463.40,632.66,3.2116,1410,-26.75,False,False
2,1.9,64,4096,4096,705,1305,3.2662,424.11,632.66,3.2116,1410,-32.96,False,False
2,1.9,64,4096,4096,705,1410,3.0485,423.49,632.66,3.2116,1410,-33.06,False,False
2,1.9,64,4096,4096,900,300,12.5602,1240.59,632.66,3.2116,1410,+96.09,False,False
2,1.9,64,4096,4096,900,510,7.6145,815.59,632.66,3.2116,1410,+28.92,False,False
2,1.9,64,4096,4096,900,705,5.7157,651.82,632.66,3.2116,1410,+3.03,False,False
2,1.9,64,4096,4096,900,900,4.5848,557.78,632.66,3.2116,1410,-11.84,False,False
2,1.9,64,4096,4096,900,1050,3.9733,493.74,632.66,3.2116,1410,-21.96,False,False
2,1.9,64,4096,4096,900,1200,3.5238,470.73,632.66,3.2116,1410,-25.59,False,False
2,1.9,64,4096,4096,900,1305,3.2662,430.94,632.66,3.2116,1410,-31.88,False,False
2,1.9,64,4096,4096,900,1410,3.0485,429.90,632.66,3.2116,1410,-32.05,False,False
2,1.9,64,4096,4096,1050,300,12.5602,1292.80,632.66,3.2116,1410,+104.34,False,False
2,1.9,64,4096,4096,1050,510,7.6145,847.65,632.66,3.2116,1410,+33.98,False,False
2,1.9,64,4096,4096,1050,705,5.7157,676.14,632.66,3.2116,1410,+6.87,False,False
2,1.9,64,4096,4096,1050,900,4.5848,577.49,632.66,3.2116,1410,-8.72,False,False
2,1.9,64,4096,4096,1050,1050,3.9733,510.96,632.66,3.2116,1410,-19.24,False,False
2,1.9,64,4096,4096,1050,1200,3.5238,486.12,632.66,3.2116,1410,-23.16,False,False
2,1.9,64,4096,4096,1050,1305,3.2662,445.28,632.66,3.2116,1410,-29.62,False,False
2,1.9,64,4096,4096,1050,1410,3.0485,443.35,632.66,3.2116,1410,-29.92,False,False
2,1.9,64,4096,4096,1200,300,12.5602,1376.70,632.66,3.2116,1410,+117.61,False,False
2,1.9,64,4096,4096,1200,510,7.6145,911.40,632.66,3.2116,1410,+44.06,False,False
2,1.9,64,4096,4096,1200,705,5.7157,732.15,632.66,3.2116,1410,+15.73,False,False
2,1.9,64,4096,4096,1200,900,4.5848,628.90,632.66,3.2116,1410,-0.59,False,False
2,1.9,64,4096,4096,1200,1050,3.9733,559.87,632.66,3.2116,1410,-11.50,False,False
2,1.9,64,4096,4096,1200,1200,3.5238,533.21,632.66,3.2116,1410,-15.72,False,False
2,1.9,64,4096,4096,1200,1305,3.2662,491.31,632.66,3.2116,1410,-22.34,False,False
2,1.9,64,4096,4096,1200,1410,3.0485,488.50,632.66,3.2116,1410,-22.79,False,False
2,1.9,64,8192,8192,300,300,18.2461,2449.16,1884.15,4.6968,1155,+29.99,False,False
2,1.9,64,8192,8192,300,510,17.9858,2312.72,1884.15,4.6968,1155,+22.75,False,False
2,1.9,64,8192,8192,300,705,17.8859,2260.09,1884.15,4.6968,1155,+19.95,False,False
2,1.9,64,8192,8192,300,900,17.8263,2232.51,1884.15,4.6968,1155,+18.49,False,False
2,1.9,64,8192,8192,300,1050,17.7942,2205.24,1884.15,4.6968,1155,+17.04,False,False
2,1.9,64,8192,8192,300,1200,17.7705,2209.61,1884.15,4.6968,1155,+17.27,False,False
2,1.9,64,8192,8192,300,1305,17.7569,2186.99,1884.15,4.6968,1155,+16.07,False,False
2,1.9,64,8192,8192,300,1410,17.7455,2200.87,1884.15,4.6968,1155,+16.81,False,False
2,1.9,64,8192,8192,510,300,12.5602,2104.98,1884.15,4.6968,1155,+11.72,False,False
2,1.9,64,8192,8192,510,510,10.7685,1879.88,1884.15,4.6968,1155,-0.23,False,False
2,1.9,64,8192,8192,510,705,10.6686,1826.89,1884.15,4.6968,1155,-3.04,False,False
2,1.9,64,8192,8192,510,900,10.6091,1798.98,1884.15,4.6968,1155,-4.52,False,False
2,1.9,64,8192,8192,510,1050,10.5769,1771.12,1884.15,4.6968,1155,-6.00,False,False
2,1.9,64,8192,8192,510,1200,10.5532,1774.90,1884.15,4.6968,1155,-5.80,False,False
2,1.9,64,8192,8192,510,1305,10.5397,1751.22,1884.15,4.6968,1155,-7.06,False,False
2,1.9,64,8192,8192,510,1410,10.5282,1764.03,1884.15,4.6968,1155,-6.38,False,True
2,1.9,64,8192,8192,705,300,12.5602,2119.76,1884.15,4.6968,1155,+12.50,False,False
2,1.9,64,8192,8192,705,510,7.9105,1721.94,1884.15,4.6968,1155,-8.61,False,False
2,1.9,64,8192,8192,705,705,7.8158,1668.99,1884.15,4.6968,1155,-11.42,False,False
2,1.9,64,8192,8192,705,900,7.7562,1640.87,1884.15,4.6968,1155,-12.91,False,False
2,1.9,64,8192,8192,705,1050,7.7241,1612.73,1884.15,4.6968,1155,-14.41,False,False
2,1.9,64,8192,8192,705,1200,7.7004,1616.26,1884.15,4.6968,1155,-14.22,False,False
2,1.9,64,8192,8192,705,1305,7.6868,1592.14,1884.15,4.6968,1155,-15.50,False,False
2,1.9,64,8192,8192,705,1410,7.6754,1604.51,1884.15,4.6968,1155,-14.84,False,False
2,1.9,64,8192,8192,900,300,12.5602,2147.37,1884.15,4.6968,1155,+13.97,False,False
2,1.9,64,8192,8192,900,510,7.6145,1722.37,1884.15,4.6968,1155,-8.59,False,False
2,1.9,64,8192,8192,900,705,6.1976,1588.16,1884.15,4.6968,1155,-15.71,False,False
2,1.9,64,8192,8192,900,900,6.1381,1559.86,1884.15,4.6968,1155,-17.21,False,False
2,1.9,64,8192,8192,900,1050,6.1059,1531.53,1884.15,4.6968,1155,-18.72,False,False
2,1.9,64,8192,8192,900,1200,6.0822,1534.89,1884.15,4.6968,1155,-18.54,False,False
2,1.9,64,8192,8192,900,1305,6.0687,1510.51,1884.15,4.6968,1155,-19.83,False,False
2,1.9,64,8192,8192,900,1410,6.0572,1522.62,1884.15,4.6968,1155,-19.19,False,False
2,1.9,64,8192,8192,1050,300,12.5602,2218.01,1884.15,4.6968,1155,+17.72,False,False
2,1.9,64,8192,8192,1050,510,7.6145,1772.86,1884.15,4.6968,1155,-5.91,False,False
2,1.9,64,8192,8192,1050,705,5.7157,1601.35,1884.15,4.6968,1155,-15.01,False,False
2,1.9,64,8192,8192,1050,900,5.3146,1550.45,1884.15,4.6968,1155,-17.71,False,False
2,1.9,64,8192,8192,1050,1050,5.2824,1521.93,1884.15,4.6968,1155,-19.22,False,False
2,1.9,64,8192,8192,1050,1200,5.2587,1525.12,1884.15,4.6968,1155,-19.06,False,False
2,1.9,64,8192,8192,1050,1305,5.2452,1500.56,1884.15,4.6968,1155,-20.36,True,False
2,1.9,64,8192,8192,1050,1410,5.2337,1512.51,1884.15,4.6968,1155,-19.72,False,False
2,1.9,64,8192,8192,1200,300,12.5602,2525.86,1884.15,4.6968,1155,+34.06,False,False
2,1.9,64,8192,8192,1200,510,7.6145,2060.56,1884.15,4.6968,1155,+9.36,False,False
2,1.9,64,8192,8192,1200,705,5.7157,1881.32,1884.15,4.6968,1155,-0.15,False,False
2,1.9,64,8192,8192,1200,900,4.6830,1784.88,1884.15,4.6968,1155,-5.27,False,False
2,1.9,64,8192,8192,1200,1050,4.6580,1756.68,1884.15,4.6968,1155,-6.77,False,False
2,1.9,64,8192,8192,1200,1200,4.6343,1759.73,1884.15,4.6968,1155,-6.60,False,False
2,1.9,64,8192,8192,1200,1305,4.6208,1735.03,1884.15,4.6968,1155,-7.91,False,False
2,1.9,64,8192,8192,1200,1410,4.6093,1746.84,1884.15,4.6968,1155,-7.29,False,False
2,1.9,128,1024,4096,300,300,24.9952,2106.76,778.28,6.2000,1410,+170.69,False,False
2,1.9,128,1024,4096,300,510,15.1119,1310.23,778.28,6.2000,1410,+68.35,False,False
2,1.9,128,1024,4096,300,705,11.3706,1007.78,778.28,6.2000,1410,+29.49,False,False
2,1.9,128,1024,4096,300,900,9.0945,830.67,778.28,6.2000,1410,+6.73,False,False
2,1.9,128,1024,4096,300,1050,7.8808,710.61,778.28,6.2000,1410,-8.70,False,False
2,1.9,128,1024,4096,300,1200,6.9816,680.27,778.28,6.2000,1410,-12.59,False,False
2,1.9,128,1024,4096,300,1305,6.4666,593.77,778.28,6.2000,1410,-23.71,True,False
2,1.9,128,1024,4096,300,1410,6.0270,614.82,778.28,6.2000,1410,-21.00,False,False
2,1.9,128,1024,4096,510,300,24.9952,2134.49,778.28,6.2000,1410,+174.26,False,False
2,1.9,128,1024,4096,510,510,15.1119,1325.97,778.28,6.2000,1410,+70.37,False,False
2,1.9,128,1024,4096,510,705,11.3706,1018.99,778.28,6.2000,1410,+30.93,False,False
2,1.9,128,1024,4096,510,900,9.0945,839.11,778.28,6.2000,1410,+7.82,False,False
2,1.9,128,1024,4096,510,1050,7.8808,717.58,778.28,6.2000,1410,-7.80,False,False
2,1.9,128,1024,4096,510,1200,6.9816,686.15,778.28,6.2000,1410,-11.84,False,False
2,1.9,128,1024,4096,510,1305,6.4666,599.03,778.28,6.2000,1410,-23.03,False,False
2,1.9,128,1024,4096,510,1410,6.0270,619.54,778.28,6.2000,1410,-20.40,False,True
2,1.9,128,1024,4096,705,300,24.9952,2177.13,778.28,6.2000,1410,+179.74,False,False
2,1.9,128,1024,4096,705,510,15.1119,1351.40,778.28,6.2000,1410,+73.64,False,False
2,1.9,128,1024,4096,705,705,11.3706,1037.90,778.28,6.2000,1410,+33.36,False,False
2,1.9,128,1024,4096,705,900,9.0945,854.06,778.28,6.2000,1410,+9.74,False,False
2,1.9,128,1024,4096,705,1050,7.8808,730.41,778.28,6.2000,1410,-6.15,False,False
2,1.9,128,1024,4096,705,1200,6.9816,697.42,778.28,6.2000,1410,-10.39,False,False
2,1.9,128,1024,4096,705,1305,6.4666,609.40,778.28,6.2000,1410,-21.70,False,False
2,1.9,128,1024,4096,705,1410,6.0270,629.15,778.28,6.2000,1410,-19.16,False,False
2,1.9,128,1024,4096,900,300,24.9952,2225.39,778.28,6.2000,1410,+185.94,False,False
2,1.9,128,1024,4096,900,510,15.1119,1380.46,778.28,6.2000,1410,+77.37,False,False
2,1.9,128,1024,4096,900,705,11.3706,1059.69,778.28,6.2000,1410,+36.16,False,False
2,1.9,128,1024,4096,900,900,9.0945,871.43,778.28,6.2000,1410,+11.97,False,False
2,1.9,128,1024,4096,900,1050,7.8808,745.42,778.28,6.2000,1410,-4.22,False,False
2,1.9,128,1024,4096,900,1200,6.9816,710.68,778.28,6.2000,1410,-8.69,False,False
2,1.9,128,1024,4096,900,1305,6.4666,621.66,778.28,6.2000,1410,-20.12,False,False
2,1.9,128,1024,4096,900,1410,6.0270,640.56,778.28,6.2000,1410,-17.70,False,False
2,1.9,128,1024,4096,1050,300,24.9952,2327.12,778.28,6.2000,1410,+199.01,False,False
2,1.9,128,1024,4096,1050,510,15.1119,1441.91,778.28,6.2000,1410,+85.27,False,False
2,1.9,128,1024,4096,1050,705,11.3706,1105.90,778.28,6.2000,1410,+42.10,False,False
2,1.9,128,1024,4096,1050,900,9.0945,908.37,778.28,6.2000,1410,+16.71,False,False
2,1.9,128,1024,4096,1050,1050,7.8808,777.41,778.28,6.2000,1410,-0.11,False,False
2,1.9,128,1024,4096,1050,1200,6.9816,739.01,778.28,6.2000,1410,-5.05,False,False
2,1.9,128,1024,4096,1050,1305,6.4666,647.89,778.28,6.2000,1410,-16.75,False,False
2,1.9,128,1024,4096,1050,1410,6.0270,664.99,778.28,6.2000,1410,-14.56,False,False
2,1.9,128,1024,4096,1200,300,24.9952,2436.38,778.28,6.2000,1410,+213.05,False,False
2,1.9,128,1024,4096,1200,510,15.1119,1510.91,778.28,6.2000,1410,+94.13,False,False
2,1.9,128,1024,4096,1200,705,11.3706,1159.65,778.28,6.2000,1410,+49.00,False,False
2,1.9,128,1024,4096,1200,900,9.0945,952.85,778.28,6.2000,1410,+22.43,False,False
2,1.9,128,1024,4096,1200,1050,7.8808,816.94,778.28,6.2000,1410,+4.97,False,False
2,1.9,128,1024,4096,1200,1200,6.9816,774.88,778.28,6.2000,1410,-0.44,False,False
2,1.9,128,1024,4096,1200,1305,6.4666,681.66,778.28,6.2000,1410,-12.41,False,False
2,1.9,128,1024,4096,1200,1410,6.0270,696.97,778.28,6.2000,1410,-10.45,False,False
2,1.9,128,1024,4096,1305,300,24.9952,2634.29,778.28,6.2000,1410,+238.48,False,False
2,1.9,128,1024,4096,1305,510,15.1119,1632.60,778.28,6.2000,1410,+109.77,False,False
2,1.9,128,1024,4096,1305,705,11.3706,1252.50,778.28,6.2000,1410,+60.93,False,False
2,1.9,128,1024,4096,1305,900,9.0945,1028.14,778.28,6.2000,1410,+32.10,False,False
2,1.9,128,1024,4096,1305,1050,7.8808,882.88,778.28,6.2000,1410,+13.44,False,False
2,1.9,128,1024,4096,1305,1200,6.9816,833.88,778.28,6.2000,1410,+7.14,False,False
2,1.9,128,1024,4096,1305,1305,6.4666,736.69,778.28,6.2000,1410,-5.34,False,False
2,1.9,128,1024,4096,1305,1410,6.0270,748.61,778.28,6.2000,1410,-3.81,False,False
2,1.9,128,1024,4096,1410,300,24.9952,2840.94,778.28,6.2000,1410,+265.03,False,False
2,1.9,128,1024,4096,1410,510,15.1119,1763.04,778.28,6.2000,1410,+126.53,False,False
2,1.9,128,1024,4096,1410,705,11.3706,1354.09,778.28,6.2000,1410,+73.98,False,False
2,1.9,128,1024,4096,1410,900,9.0945,1112.18,778.28,6.2000,1410,+42.90,False,False
2,1.9,128,1024,4096,1410,1050,7.8808,957.56,778.28,6.2000,1410,+23.04,False,False
2,1.9,128,1024,4096,1410,1200,6.9816,901.63,778.28,6.2000,1410,+15.85,False,False
2,1.9,128,1024,4096,1410,1305,6.4666,800.47,778.28,6.2000,1410,+2.85,False,False
2,1.9,128,1024,4096,1410,1410,6.0270,809.00,778.28,6.2000,1410,+3.95,False,False
2,1.9,128,1024,8192,300,300,24.9952,2212.92,947.90,6.1991,1410,+133.46,False,False
2,1.9,128,1024,8192,300,510,15.1119,1416.39,947.90,6.1991,1410,+49.42,False,False
2,1.9,128,1024,8192,300,705,11.3706,1113.95,947.90,6.1991,1410,+17.52,False,False
2,1.9,128,1024,8192,300,900,9.0945,936.83,947.90,6.1991,1410,-1.17,False,False
2,1.9,128,1024,8192,300,1050,7.8808,816.77,947.90,6.1991,1410,-13.83,False,False
2,1.9,128,1024,8192,300,1200,6.9816,786.43,947.90,6.1991,1410,-17.03,False,False
2,1.9,128,1024,8192,300,1305,6.4666,699.94,947.90,6.1991,1410,-26.16,True,False
2,1.9,128,1024,8192,300,1410,6.0270,720.98,947.90,6.1991,1410,-23.94,False,False
2,1.9,128,1024,8192,510,300,24.9952,2236.85,947.90,6.1991,1410,+135.98,False,False
2,1.9,128,1024,8192,510,510,15.1119,1428.33,947.90,6.1991,1410,+50.68,False,False
2,1.9,128,1024,8192,510,705,11.3706,1121.35,947.90,6.1991,1410,+18.30,False,False
2,1.9,128,1024,8192,510,900,9.0945,941.48,947.90,6.1991,1410,-0.68,False,False
2,1.9,128,1024,8192,510,1050,7.8808,819.94,947.90,6.1991,1410,-13.50,False,False
2,1.9,128,1024,8192,510,1200,6.9816,788.51,947.90,6.1991,1410,-16.81,False,False
2,1.9,128,1024,8192,510,1305,6.4666,701.39,947.90,6.1991,1410,-26.01,False,False
2,1.9,128,1024,8192,510,1410,6.0270,721.90,947.90,6.1991,1410,-23.84,False,True
2,1.9,128,1024,8192,705,300,24.9952,2278.42,947.90,6.1991,1410,+140.37,False,False
2,1.9,128,1024,8192,705,510,15.1119,1452.69,947.90,6.1991,1410,+53.25,False,False
2,1.9,128,1024,8192,705,705,11.3706,1139.20,947.90,6.1991,1410,+20.18,False,False
2,1.9,128,1024,8192,705,900,9.0945,955.36,947.90,6.1991,1410,+0.79,False,False
2,1.9,128,1024,8192,705,1050,7.8808,831.71,947.90,6.1991,1410,-12.26,False,False
2,1.9,128,1024,8192,705,1200,6.9816,798.72,947.90,6.1991,1410,-15.74,False,False
2,1.9,128,1024,8192,705,1305,6.4666,710.70,947.90,6.1991,1410,-25.02,False,False
2,1.9,128,1024,8192,705,1410,6.0270,730.45,947.90,6.1991,1410,-22.94,False,False
2,1.9,128,1024,8192,900,300,24.9952,2327.29,947.90,6.1991,1410,+145.52,False,False
2,1.9,128,1024,8192,900,510,15.1119,1482.35,947.90,6.1991,1410,+56.38,False,False
2,1.9,128,1024,8192,900,705,11.3706,1161.59,947.90,6.1991,1410,+22.54,False,False
2,1.9,128,1024,8192,900,900,9.0945,973.33,947.90,6.1991,1410,+2.68,False,False
2,1.9,128,1024,8192,900,1050,7.8808,847.32,947.90,6.1991,1410,-10.61,False,False
2,1.9,128,1024,8192,900,1200,6.9816,812.58,947.90,6.1991,1410,-14.28,False,False
2,1.9,128,1024,8192,900,1305,6.4666,723.56,947.90,6.1991,1410,-23.67,False,False
2,1.9,128,1024,8192,900,1410,6.0270,742.45,947.90,6.1991,1410,-21.67,False,False
2,1.9,128,1024,8192,1050,300,24.9952,2430.35,947.90,6.1991,1410,+156.39,False,False
2,1.9,128,1024,8192,1050,510,15.1119,1545.14,947.90,6.1991,1410,+63.01,False,False
2,1.9,128,1024,8192,1050,705,11.3706,1209.13,947.90,6.1991,1410,+27.56,False,False
2,1.9,128,1024,8192,1050,900,9.0945,1011.60,947.90,6.1991,1410,+6.72,False,False
2,1.9,128,1024,8192,1050,1050,7.8808,880.64,947.90,6.1991,1410,-7.10,False,False
2,1.9,128,1024,8192,1050,1200,6.9816,842.24,947.90,6.1991,1410,-11.15,False,False
2,1.9,128,1024,8192,1050,1305,6.4666,751.12,947.90,6.1991,1410,-20.76,False,False
2,1.9,128,1024,8192,1050,1410,6.0270,768.22,947.90,6.1991,1410,-18.96,False,False
2,1.9,128,1024,8192,1200,300,24.9952,2563.90,947.90,6.1991,1410,+170.48,False,False
2,1.9,128,1024,8192,1200,510,15.1119,1638.42,947.90,6.1991,1410,+72.85,False,False
2,1.9,128,1024,8192,1200,705,11.3706,1287.17,947.90,6.1991,1410,+35.79,False,False
2,1.9,128,1024,8192,1200,900,9.0945,1080.36,947.90,6.1991,1410,+13.97,False,False
2,1.9,128,1024,8192,1200,1050,7.8808,944.46,947.90,6.1991,1410,-0.36,False,False
2,1.9,128,1024,8192,1200,1200,6.9816,902.39,947.90,6.1991,1410,-4.80,False,False
2,1.9,128,1024,8192,1200,1305,6.4666,809.18,947.90,6.1991,1410,-14.63,False,False
2,1.9,128,1024,8192,1200,1410,6.0270,824.49,947.90,6.1991,1410,-13.02,False,False
2,1.9,128,2048,4096,300,300,24.9952,2140.41,830.91,6.1700,1410,+157.60,False,False
2,1.9,128,2048,4096,300,510,15.1119,1343.87,830.91,6.1700,1410,+61.73,False,False
2,1.9,128,2048,4096,300,705,11.3706,1041.43,830.91,6.1700,1410,+25.34,False,False
2,1.9,128,2048,4096,300,900,9.0945,864.32,830.91,6.1700,1410,+4.02,False,False
2,1.9,128,2048,4096,300,1050,7.8808,744.25,830.91,6.1700,1410,-10.43,False,False
2,1.9,128,2048,4096,300,1200,6.9816,713.92,830.91,6.1700,1410,-14.08,False,False
2,1.9,128,2048,4096,300,1305,6.4666,627.42,830.91,6.1700,1410,-24.49,True,False
2,1.9,128,2048,4096,300,1410,6.0270,648.47,830.91,6.1700,1410,-21.96,False,False
2,1.9,128,2048,4096,510,300,24.9952,2167.01,830.91,6.1700,1410,+160.80,False,False
2,1.9,128,2048,4096,510,510,15.1119,1358.49,830.91,6.1700,1410,+63.49,False,False
2,1.9,128,2048,4096,510,705,11.3706,1051.51,830.91,6.1700,1410,+26.55,False,False
2,1.9,128,2048,4096,510,900,9.0945,871.63,830.91,6.1700,1410,+4.90,False,False
2,1.9,128,2048,4096,510,1050,7.8808,750.09,830.91,6.1700,1410,-9.73,False,False
2,1.9,128,2048,4096,510,1200,6.9816,718.67,830.91,6.1700,1410,-13.51,False,False
2,1.9,128,2048,4096,510,1305,6.4666,631.55,830.91,6.1700,1410,-23.99,False,False
2,1.9,128,2048,4096,510,1410,6.0270,652.06,830.91,6.1700,1410,-21.53,False,True
2,1.9,128,2048,4096,705,300,24.9952,2209.39,830.91,6.1700,1410,+165.90,False,False
2,1.9,128,2048,4096,705,510,15.1119,1383.67,830.91,6.1700,1410,+66.52,False,False
2,1.9,128,2048,4096,705,705,11.3706,1070.17,830.91,6.1700,1410,+28.79,False,False
2,1.9,128,2048,4096,705,900,9.0945,886.33,830.91,6.1700,1410,+6.67,False,False
2,1.9,128,2048,4096,705,1050,7.8808,762.68,830.91,6.1700,1410,-8.21,False,False
2,1.9,128,2048,4096,705,1200,6.9816,729.69,830.91,6.1700,1410,-12.18,False,False
2,1.9,128,2048,4096,705,1305,6.4666,641.67,830.91,6.1700,1410,-22.77,False,False
2,1.9,128,2048,4096,705,1410,6.0270,661.42,830.91,6.1700,1410,-20.40,False,False
2,1.9,128,2048,4096,900,300,24.9952,2257.92,830.91,6.1700,1410,+171.74,False,False
2,1.9,128,2048,4096,900,510,15.1119,1412.98,830.91,6.1700,1410,+70.05,False,False
2,1.9,128,2048,4096,900,705,11.3706,1092.22,830.91,6.1700,1410,+31.45,False,False
2,1.9,128,2048,4096,900,900,9.0945,903.96,830.91,6.1700,1410,+8.79,False,False
2,1.9,128,2048,4096,900,1050,7.8808,777.95,830.91,6.1700,1410,-6.37,False,False
2,1.9,128,2048,4096,900,1200,6.9816,743.21,830.91,6.1700,1410,-10.56,False,False
2,1.9,128,2048,4096,900,1305,6.4666,654.19,830.91,6.1700,1410,-21.27,False,False
2,1.9,128,2048,4096,900,1410,6.0270,673.08,830.91,6.1700,1410,-18.99,False,False
2,1.9,128,2048,4096,1050,300,24.9952,2360.22,830.91,6.1700,1410,+184.05,False,False
2,1.9,128,2048,4096,1050,510,15.1119,1475.02,830.91,6.1700,1410,+77.52,False,False
2,1.9,128,2048,4096,1050,705,11.3706,1139.01,830.91,6.1700,1410,+37.08,False,False
2,1.9,128,2048,4096,1050,900,9.0945,941.47,830.91,6.1700,1410,+13.31,False,False
2,1.9,128,2048,4096,1050,1050,7.8808,810.52,830.91,6.1700,1410,-2.45,False,False
2,1.9,128,2048,4096,1050,1200,6.9816,772.11,830.91,6.1700,1410,-7.08,False,False
2,1.9,128,2048,4096,1050,1305,6.4666,681.00,830.91,6.1700,1410,-18.04,False,False
2,1.9,128,2048,4096,1050,1410,6.0270,698.10,830.91,6.1700,1410,-15.98,False,False
2,1.9,128,2048,4096,1200,300,24.9952,2477.67,830.91,6.1700,1410,+198.19,False,False
2,1.9,128,2048,4096,1200,510,15.1119,1552.20,830.91,6.1700,1410,+86.81,False,False
2,1.9,128,2048,4096,1200,705,11.3706,1200.94,830.91,6.1700,1410,+44.53,False,False
2,1.9,128,2048,4096,1200,900,9.0945,994.13,830.91,6.1700,1410,+19.64,False,False
2,1.9,128,2048,4096,1200,1050,7.8808,858.23,830.91,6.1700,1410,+3.29,False,False
2,1.9,128,2048,4096,1200,1200,6.9816,816.16,830.91,6.1700,1410,-1.77,False,False
2,1.9,128,2048,4096,1200,1305,6.4666,722.95,830.91,6.1700,1410,-12.99,False,False
2,1.9,128,2048,4096,1200,1410,6.0270,738.26,830.91,6.1700,1410,-11.15,False,False
2,1.9,128,2048,4096,1305,300,24.9952,2682.63,830.91,6.1700,1410,+222.85,False,False
2,1.9,128,2048,4096,1305,510,15.1119,1680.94,830.91,6.1700,1410,+102.30,False,False
2,1.9,128,2048,4096,1305,705,11.3706,1300.84,830.91,6.1700,1410,+56.56,False,False
2,1.9,128,2048,4096,1305,900,9.0945,1076.48,830.91,6.1700,1410,+29.55,False,False
2,1.9,128,2048,4096,1305,1050,7.8808,931.22,830.91,6.1700,1410,+12.07,False,False
2,1.9,128,2048,4096,1305,1200,6.9816,882.22,830.91,6.1700,1410,+6.17,False,False
2,1.9,128,2048,4096,1305,1305,6.4666,785.03,830.91,6.1700,1410,-5.52,False,False
2,1.9,128,2048,4096,1305,1410,6.0270,796.95,830.91,6.1700,1410,-4.09,False,False
2,1.9,128,2048,8192,300,300,24.9952,2339.90,1163.39,6.2608,1410,+101.13,False,False
2,1.9,128,2048,8192,300,510,15.1119,1543.37,1163.39,6.2608,1410,+32.66,False,False
2,1.9,128,2048,8192,300,705,11.3706,1240.93,1163.39,6.2608,1410,+6.66,False,False
2,1.9,128,2048,8192,300,900,9.0945,1063.81,1163.39,6.2608,1410,-8.56,False,False
2,1.9,128,2048,8192,300,1050,7.8808,943.75,1163.39,6.2608,1410,-18.88,False,False
2,1.9,128,2048,8192,300,1200,6.9816,913.41,1163.39,6.2608,1410,-21.49,False,False
2,1.9,128,2048,8192,300,1305,6.4666,826.92,1163.39,6.2608,1410,-28.92,False,False
2,1.9,128,2048,8192,300,1410,6.0270,847.96,1163.39,6.2608,1410,-27.11,False,False
2,1.9,128,2048,8192,510,300,24.9952,2359.69,1163.39,6.2608,1410,+102.83,False,False
2,1.9,128,2048,8192,510,510,15.1119,1551.17,1163.39,6.2608,1410,+33.33,False,False
2,1.9,128,2048,8192,510,705,11.3706,1244.19,1163.39,6.2608,1410,+6.95,False,False
2,1.9,128,2048,8192,510,900,9.0945,1064.32,1163.39,6.2608,1410,-8.52,False,False
2,1.9,128,2048,8192,510,1050,7.8808,942.78,1163.39,6.2608,1410,-18.96,False,False
2,1.9,128,2048,8192,510,1200,6.9816,911.35,1163.39,6.2608,1410,-21.66,False,False
2,1.9,128,2048,8192,510,1305,6.4666,824.23,1163.39,6.2608,1410,-29.15,True,False
2,1.9,128,2048,8192,510,1410,6.0270,844.74,1163.39,6.2608,1410,-27.39,False,True
2,1.9,128,2048,8192,705,300,24.9952,2400.13,1163.39,6.2608,1410,+106.30,False,False
2,1.9,128,2048,8192,705,510,15.1119,1574.40,1163.39,6.2608,1410,+35.33,False,False
2,1.9,128,2048,8192,705,705,11.3706,1260.90,1163.39,6.2608,1410,+8.38,False,False
2,1.9,128,2048,8192,705,900,9.0945,1077.07,1163.39,6.2608,1410,-7.42,False,False
2,1.9,128,2048,8192,705,1050,7.8808,953.42,1163.39,6.2608,1410,-18.05,False,False
2,1.9,128,2048,8192,705,1200,6.9816,920.42,1163.39,6.2608,1410,-20.88,False,False
2,1.9,128,2048,8192,705,1305,6.4666,832.41,1163.39,6.2608,1410,-28.45,False,False
2,1.9,128,2048,8192,705,1410,6.0270,852.15,1163.39,6.2608,1410,-26.75,False,False
2,1.9,128,2048,8192,900,300,24.9952,2450.24,1163.39,6.2608,1410,+110.61,False,False
2,1.9,128,2048,8192,900,510,15.1119,1605.30,1163.39,6.2608,1410,+37.98,False,False
2,1.9,128,2048,8192,900,705,11.3706,1284.54,1163.39,6.2608,1410,+10.41,False,False
2,1.9,128,2048,8192,900,900,9.0945,1096.27,1163.39,6.2608,1410,-5.77,False,False
2,1.9,128,2048,8192,900,1050,7.8808,970.27,1163.39,6.2608,1410,-16.60,False,False
2,1.9,128,2048,8192,900,1200,6.9816,935.52,1163.39,6.2608,1410,-19.59,False,False
2,1.9,128,2048,8192,900,1305,6.4666,846.51,1163.39,6.2608,1410,-27.24,False,False
2,1.9,128,2048,8192,900,1410,6.0270,865.40,1163.39,6.2608,1410,-25.61,False,False
2,1.9,128,2048,8192,1050,300,24.9952,2554.46,1163.39,6.2608,1410,+119.57,False,False
2,1.9,128,2048,8192,1050,510,15.1119,1669.26,1163.39,6.2608,1410,+43.48,False,False
2,1.9,128,2048,8192,1050,705,11.3706,1333.25,1163.39,6.2608,1410,+14.60,False,False
2,1.9,128,2048,8192,1050,900,9.0945,1135.71,1163.39,6.2608,1410,-2.38,False,False
2,1.9,128,2048,8192,1050,1050,7.8808,1004.76,1163.39,6.2608,1410,-13.64,False,False
2,1.9,128,2048,8192,1050,1200,6.9816,966.35,1163.39,6.2608,1410,-16.94,False,False
2,1.9,128,2048,8192,1050,1305,6.4666,875.24,1163.39,6.2608,1410,-24.77,False,False
2,1.9,128,2048,8192,1050,1410,6.0270,892.34,1163.39,6.2608,1410,-23.30,False,False
2,1.9,128,2048,8192,1200,300,24.9952,2720.12,1163.39,6.2608,1410,+133.81,False,False
2,1.9,128,2048,8192,1200,510,15.1119,1794.64,1163.39,6.2608,1410,+54.26,False,False
2,1.9,128,2048,8192,1200,705,11.3706,1443.39,1163.39,6.2608,1410,+24.07,False,False
2,1.9,128,2048,8192,1200,900,9.0945,1236.58,1163.39,6.2608,1410,+6.29,False,False
2,1.9,128,2048,8192,1200,1050,7.8808,1100.68,1163.39,6.2608,1410,-5.39,False,False
2,1.9,128,2048,8192,1200,1200,6.9816,1058.61,1163.39,6.2608,1410,-9.01,False,False
2,1.9,128,2048,8192,1200,1305,6.4666,965.40,1163.39,6.2608,1410,-17.02,False,False
2,1.9,128,2048,8192,1200,1410,6.0270,980.71,1163.39,6.2608,1410,-15.70,False,False
2,1.9,128,4096,4096,300,300,24.9952,2207.95,953.14,6.1880,1410,+131.65,False,False
2,1.9,128,4096,4096,300,510,15.1119,1411.42,953.14,6.1880,1410,+48.08,False,False
2,1.9,128,4096,4096,300,705,11.3706,1108.98,953.14,6.1880,1410,+16.35,False,False
2,1.9,128,4096,4096,300,900,9.0945,931.86,953.14,6.1880,1410,-2.23,False,False
2,1.9,128,4096,4096,300,1050,7.8808,811.80,953.14,6.1880,1410,-14.83,False,False
2,1.9,128,4096,4096,300,1200,6.9816,781.46,953.14,6.1880,1410,-18.01,False,False
2,1.9,128,4096,4096,300,1305,6.4666,694.97,953.14,6.1880,1410,-27.09,True,False
2,1.9,128,4096,4096,300,1410,6.0270,716.01,953.14,6.1880,1410,-24.88,False,False
2,1.9,128,4096,4096,510,300,24.9952,2232.22,953.14,6.1880,1410,+134.20,False,False
2,1.9,128,4096,4096,510,510,15.1119,1423.70,953.14,6.1880,1410,+49.37,False,False
2,1.9,128,4096,4096,510,705,11.3706,1116.72,953.14,6.1880,1410,+17.16,False,False
2,1.9,128,4096,4096,510,900,9.0945,936.85,953.14,6.1880,1410,-1.71,False,False
2,1.9,128,4096,4096,510,1050,7.8808,815.31,953.14,6.1880,1410,-14.46,False,False
2,1.9,128,4096,4096,510,1200,6.9816,783.88,953.14,6.1880,1410,-17.76,False,False
2,1.9,128,4096,4096,510,1305,6.4666,696.76,953.14,6.1880,1410,-26.90,False,False
2,1.9,128,4096,4096,510,1410,6.0270,717.27,953.14,6.1880,1410,-24.75,False,True
2,1.9,128,4096,4096,705,300,24.9952,2274.27,953.14,6.1880,1410,+138.61,False,False
2,1.9,128,4096,4096,705,510,15.1119,1448.54,953.14,6.1880,1410,+51.98,False,False
2,1.9,128,4096,4096,705,705,11.3706,1135.05,953.14,6.1880,1410,+19.08,False,False
2,1.9,128,4096,4096,705,900,9.0945,951.21,953.14,6.1880,1410,-0.20,False,False
2,1.9,128,4096,4096,705,1050,7.8808,827.56,953.14,6.1880,1410,-13.18,False,False
2,1.9,128,4096,4096,705,1200,6.9816,794.56,953.14,6.1880,1410,-16.64,False,False
2,1.9,128,4096,4096,705,1305,6.4666,706.55,953.14,6.1880,1410,-25.87,False,False
2,1.9,128,4096,4096,705,1410,6.0270,726.29,953.14,6.1880,1410,-23.80,False,False
2,1.9,128,4096,4096,900,300,24.9952,2323.33,953.14,6.1880,1410,+143.75,False,False
2,1.9,128,4096,4096,900,510,15.1119,1478.39,953.14,6.1880,1410,+55.11,False,False
2,1.9,128,4096,4096,900,705,11.3706,1157.63,953.14,6.1880,1410,+21.45,False,False
2,1.9,128,4096,4096,900,900,9.0945,969.37,953.14,6.1880,1410,+1.70,False,False
2,1.9,128,4096,4096,900,1050,7.8808,843.36,953.14,6.1880,1410,-11.52,False,False
2,1.9,128,4096,4096,900,1200,6.9816,808.62,953.14,6.1880,1410,-15.16,False,False
2,1.9,128,4096,4096,900,1305,6.4666,719.60,953.14,6.1880,1410,-24.50,False,False
2,1.9,128,4096,4096,900,1410,6.0270,738.49,953.14,6.1880,1410,-22.52,False,False
2,1.9,128,4096,4096,1050,300,24.9952,2426.21,953.14,6.1880,1410,+154.55,False,False
2,1.9,128,4096,4096,1050,510,15.1119,1541.00,953.14,6.1880,1410,+61.68,False,False
2,1.9,128,4096,4096,1050,705,11.3706,1204.99,953.14,6.1880,1410,+26.42,False,False
2,1.9,128,4096,4096,1050,900,9.0945,1007.46,953.14,6.1880,1410,+5.70,False,False
2,1.9,128,4096,4096,1050,1050,7.8808,876.50,953.14,6.1880,1410,-8.04,False,False
2,1.9,128,4096,4096,1050,1200,6.9816,838.10,953.14,6.1880,1410,-12.07,False,False
2,1.9,128,4096,4096,1050,1305,6.4666,746.98,953.14,6.1880,1410,-21.63,False,False
2,1.9,128,4096,4096,1050,1410,6.0270,764.08,953.14,6.1880,1410,-19.84,False,False
2,1.9,128,4096,4096,1200,300,24.9952,2560.78,953.14,6.1880,1410,+168.67,False,False
2,1.9,128,4096,4096,1200,510,15.1119,1635.30,953.14,6.1880,1410,+71.57,False,False
2,1.9,128,4096,4096,1200,705,11.3706,1284.04,953.14,6.1880,1410,+34.72,False,False
2,1.9,128,4096,4096,1200,900,9.0945,1077.24,953.14,6.1880,1410,+13.02,False,False
2,1.9,128,4096,4096,1200,1050,7.8808,941.34,953.14,6.1880,1410,-1.24,False,False
2,1.9,128,4096,4096,1200,1200,6.9816,899.27,953.14,6.1880,1410,-5.65,False,False
2,1.9,128,4096,4096,1200,1305,6.4666,806.05,953.14,6.1880,1410,-15.43,False,False
2,1.9,128,4096,4096,1200,1410,6.0270,821.36,953.14,6.1880,1410,-13.83,False,False
2,1.9,128,8192,8192,300,300,24.9952,3150.51,2640.91,6.7644,1380,+19.30,False,False
2,1.9,128,8192,8192,300,510,18.3804,2538.28,2640.91,6.7644,1380,-3.89,False,False
2,1.9,128,8192,8192,300,705,18.1835,2435.93,2640.91,6.7644,1380,-7.76,False,False
2,1.9,128,8192,8192,300,900,18.0637,2380.81,2640.91,6.7644,1380,-9.85,False,False
2,1.9,128,8192,8192,300,1050,17.9998,2326.43,2640.91,6.7644,1380,-11.91,False,False
2,1.9,128,8192,8192,300,1200,17.9525,2345.11,2640.91,6.7644,1380,-11.20,False,False
2,1.9,128,8192,8192,300,1305,17.9254,2287.90,2640.91,6.7644,1380,-13.37,False,False
2,1.9,128,8192,8192,300,1410,17.9022,2334.31,2640.91,6.7644,1380,-11.61,False,False
2,1.9,128,8192,8192,510,300,24.9952,3141.90,2640.91,6.7644,1380,+18.97,False,False
2,1.9,128,8192,8192,510,510,15.1119,2333.38,2640.91,6.7644,1380,-11.64,False,False
2,1.9,128,8192,8192,510,705,11.3706,2026.40,2640.91,6.7644,1380,-23.27,False,False
2,1.9,128,8192,8192,510,900,10.8464,1947.56,2640.91,6.7644,1380,-26.25,False,False
2,1.9,128,8192,8192,510,1050,10.7825,1892.56,2640.91,6.7644,1380,-28.34,False,False
2,1.9,128,8192,8192,510,1200,10.7352,1910.62,2640.91,6.7644,1380,-27.65,False,False
2,1.9,128,8192,8192,510,1305,10.7081,1852.33,2640.91,6.7644,1380,-29.86,False,False
2,1.9,128,8192,8192,510,1410,10.6850,1897.66,2640.91,6.7644,1380,-28.14,False,True
2,1.9,128,8192,8192,705,300,24.9952,3178.34,2640.91,6.7644,1380,+20.35,False,False
2,1.9,128,8192,8192,705,510,15.1119,2352.61,2640.91,6.7644,1380,-10.92,False,False
2,1.9,128,8192,8192,705,705,11.3706,2039.11,2640.91,6.7644,1380,-22.79,False,False
2,1.9,128,8192,8192,705,900,9.0945,1855.28,2640.91,6.7644,1380,-29.75,False,False
2,1.9,128,8192,8192,705,1050,7.9105,1733.39,2640.91,6.7644,1380,-34.36,False,False
2,1.9,128,8192,8192,705,1200,7.8824,1752.29,2640.91,6.7644,1380,-33.65,False,False
2,1.9,128,8192,8192,705,1305,7.8553,1693.54,2640.91,6.7644,1380,-35.87,False,False
2,1.9,128,8192,8192,705,1410,7.8321,1738.42,2640.91,6.7644,1380,-34.17,False,False
2,1.9,128,8192,8192,900,300,24.9952,3230.11,2640.91,6.7644,1380,+22.31,False,False
2,1.9,128,8192,8192,900,510,15.1119,2385.18,2640.91,6.7644,1380,-9.68,False,False
2,1.9,128,8192,8192,900,705,11.3706,2064.41,2640.91,6.7644,1380,-21.83,False,False
2,1.9,128,8192,8192,900,900,9.0945,1876.15,2640.91,6.7644,1380,-28.96,False,False
2,1.9,128,8192,8192,900,1050,7.8808,1750.14,2640.91,6.7644,1380,-33.73,False,False
2,1.9,128,8192,8192,900,1200,6.9816,1715.40,2640.91,6.7644,1380,-35.04,False,False
2,1.9,128,8192,8192,900,1305,6.4666,1626.38,2640.91,6.7644,1380,-38.42,True,False
2,1.9,128,8192,8192,900,1410,6.2071,1656.41,2640.91,6.7644,1380,-37.28,False,False
2,1.9,128,8192,8192,1050,300,24.9952,3351.42,2640.91,6.7644,1380,+26.90,False,False
2,1.9,128,8192,8192,1050,510,15.1119,2466.21,2640.91,6.7644,1380,-6.61,False,False
2,1.9,128,8192,8192,1050,705,11.3706,2130.20,2640.91,6.7644,1380,-19.34,False,False
2,1.9,128,8192,8192,1050,900,9.0945,1932.67,2640.91,6.7644,1380,-26.82,False,False
2,1.9,128,8192,8192,1050,1050,7.8808,1801.71,2640.91,6.7644,1380,-31.78,False,False
2,1.9,128,8192,8192,1050,1200,6.9816,1763.31,2640.91,6.7644,1380,-33.23,False,False
2,1.9,128,8192,8192,1050,1305,6.4666,1672.19,2640.91,6.7644,1380,-36.68,False,False
2,1.9,128,8192,8192,1050,1410,6.0270,1689.29,2640.91,6.7644,1380,-36.03,False,False
2,1.9,128,8192,8192,1200,300,24.9952,3709.94,2640.91,6.7644,1380,+40.48,False,False
2,1.9,128,8192,8192,1200,510,15.1119,2784.46,2640.91,6.7644,1380,+5.44,False,False
2,1.9,128,8192,8192,1200,705,11.3706,2433.21,2640.91,6.7644,1380,-7.86,False,False
2,1.9,128,8192,8192,1200,900,9.0945,2226.40,2640.91,6.7644,1380,-15.70,False,False
2,1.9,128,8192,8192,1200,1050,7.8808,2090.50,2640.91,6.7644,1380,-20.84,False,False
2,1.9,128,8192,8192,1200,1200,6.9816,2048.43,2640.91,6.7644,1380,-22.43,False,False
2,1.9,128,8192,8192,1200,1305,6.4666,1955.22,2640.91,6.7644,1380,-25.96,False,False
2,1.9,128,8192,8192,1200,1410,6.0270,1970.53,2640.91,6.7644,1380,-25.38,False,False
2,1.9,256,1024,4096,300,300,49.8809,4148.34,1567.52,12.3223,1410,+164.64,False,False
2,1.9,256,1024,4096,300,510,30.1342,2565.72,1567.52,12.3223,1410,+63.68,False,False
2,1.9,256,1024,4096,300,705,22.6637,1961.07,1567.52,12.3223,1410,+25.11,False,False
2,1.9,256,1024,4096,300,900,18.1257,1604.62,1567.52,12.3223,1410,+2.37,False,False
2,1.9,256,1024,4096,300,1050,15.7076,1383.16,1567.52,12.3223,1410,-11.76,False,False
2,1.9,256,1024,4096,300,1200,13.8958,1291.32,1567.52,12.3223,1410,-17.62,False,False
2,1.9,256,1024,4096,300,1305,12.8927,1185.76,1567.52,12.3223,1410,-24.35,False,False
2,1.9,256,1024,4096,300,1410,11.9954,1132.62,1567.52,12.3223,1410,-27.74,True,False
2,1.9,256,1024,4096,510,300,49.8809,4206.26,1567.52,12.3223,1410,+168.34,False,False
2,1.9,256,1024,4096,510,510,30.1342,2599.68,1567.52,12.3223,1410,+65.85,False,False
2,1.9,256,1024,4096,510,705,22.6637,1985.97,1567.52,12.3223,1410,+26.70,False,False
2,1.9,256,1024,4096,510,900,18.1257,1624.02,1567.52,12.3223,1410,+3.60,False,False
2,1.9,256,1024,4096,510,1050,15.7076,1399.62,1567.52,12.3223,1410,-10.71,False,False
2,1.9,256,1024,4096,510,1200,13.8958,1305.59,1567.52,12.3223,1410,-16.71,False,False
2,1.9,256,1024,4096,510,1305,12.8927,1198.81,1567.52,12.3223,1410,-23.52,False,False
2,1.9,256,1024,4096,510,1410,11.9954,1144.59,1567.52,12.3223,1410,-26.98,False,True
2,1.9,256,1024,4096,705,300,49.8809,4292.23,1567.52,12.3223,1410,+173.82,False,False
2,1.9,256,1024,4096,705,510,30.1342,2651.27,1567.52,12.3223,1410,+69.14,False,False
2,1.9,256,1024,4096,705,705,22.6637,2024.55,1567.52,12.3223,1410,+29.16,False,False
2,1.9,256,1024,4096,705,900,18.1257,1654.69,1567.52,12.3223,1410,+5.56,False,False
2,1.9,256,1024,4096,705,1050,15.7076,1426.09,1567.52,12.3223,1410,-9.02,False,False
2,1.9,256,1024,4096,705,1200,13.8958,1328.90,1567.52,12.3223,1410,-15.22,False,False
2,1.9,256,1024,4096,705,1305,12.8927,1220.37,1567.52,12.3223,1410,-22.15,False,False
2,1.9,256,1024,4096,705,1410,11.9954,1164.59,1567.52,12.3223,1410,-25.71,False,False
2,1.9,256,1024,4096,900,300,49.8809,4388.86,1567.52,12.3223,1410,+179.99,False,False
2,1.9,256,1024,4096,900,510,30.1342,2709.52,1567.52,12.3223,1410,+72.85,False,False
2,1.9,256,1024,4096,900,705,22.6637,2068.29,1567.52,12.3223,1410,+31.95,False,False
2,1.9,256,1024,4096,900,900,18.1257,1689.61,1567.52,12.3223,1410,+7.79,False,False
2,1.9,256,1024,4096,900,1050,15.7076,1456.30,1567.52,12.3223,1410,-7.10,False,False
2,1.9,256,1024,4096,900,1200,13.8958,1355.60,1567.52,12.3223,1410,-13.52,False,False
2,1.9,256,1024,4096,900,1305,12.8927,1245.12,1567.52,12.3223,1410,-20.57,False,False
2,1.9,256,1024,4096,900,1410,11.9954,1187.59,1567.52,12.3223,1410,-24.24,False,False
2,1.9,256,1024,4096,1050,300,49.8809,4591.98,1567.52,12.3223,1410,+192.94,False,False
2,1.9,256,1024,4096,1050,510,30.1342,2832.19,1567.52,12.3223,1410,+80.68,False,False
2,1.9,256,1024,4096,1050,705,22.6637,2160.51,1567.52,12.3223,1410,+37.83,False,False
2,1.9,256,1024,4096,1050,900,18.1257,1763.35,1567.52,12.3223,1410,+12.49,False,False
2,1.9,256,1024,4096,1050,1050,15.7076,1520.19,1567.52,12.3223,1410,-3.02,False,False
2,1.9,256,1024,4096,1050,1200,13.8958,1412.10,1567.52,12.3223,1410,-9.92,False,False
2,1.9,256,1024,4096,1050,1305,12.8927,1297.53,1567.52,12.3223,1410,-17.22,False,False
2,1.9,256,1024,4096,1050,1410,11.9954,1236.35,1567.52,12.3223,1410,-21.13,False,False
2,1.9,256,1024,4096,1200,300,49.8809,4802.65,1567.52,12.3223,1410,+206.38,False,False
2,1.9,256,1024,4096,1200,510,30.1342,2962.39,1567.52,12.3223,1410,+88.99,False,False
2,1.9,256,1024,4096,1200,705,22.6637,2260.28,1567.52,12.3223,1410,+44.19,False,False
2,1.9,256,1024,4096,1200,900,18.1257,1844.62,1567.52,12.3223,1410,+17.68,False,False
2,1.9,256,1024,4096,1200,1050,15.7076,1591.61,1567.52,12.3223,1410,+1.54,False,False
2,1.9,256,1024,4096,1200,1200,13.8958,1476.14,1567.52,12.3223,1410,-5.83,False,False
2,1.9,256,1024,4096,1200,1305,12.8927,1357.49,1567.52,12.3223,1410,-13.40,False,False
2,1.9,256,1024,4096,1200,1410,11.9954,1292.64,1567.52,12.3223,1410,-17.54,False,False
2,1.9,256,1024,4096,1305,300,49.8809,5192.44,1567.52,12.3223,1410,+231.25,False,False
2,1.9,256,1024,4096,1305,510,30.1342,3199.92,1567.52,12.3223,1410,+104.14,False,False
2,1.9,256,1024,4096,1305,705,22.6637,2440.20,1567.52,12.3223,1410,+55.67,False,False
2,1.9,256,1024,4096,1305,900,18.1257,1989.55,1567.52,12.3223,1410,+26.92,False,False
2,1.9,256,1024,4096,1305,1050,15.7076,1717.90,1567.52,12.3223,1410,+9.59,False,False
2,1.9,256,1024,4096,1305,1200,13.8958,1588.45,1567.52,12.3223,1410,+1.34,False,False
2,1.9,256,1024,4096,1305,1305,12.8927,1462.07,1567.52,12.3223,1410,-6.73,False,False
2,1.9,256,1024,4096,1305,1410,11.9954,1390.31,1567.52,12.3223,1410,-11.31,False,False
2,1.9,256,1024,4096,1410,300,49.8809,5590.99,1567.52,12.3223,1410,+256.68,False,False
2,1.9,256,1024,4096,1410,510,30.1342,3446.20,1567.52,12.3223,1410,+119.85,False,False
2,1.9,256,1024,4096,1410,705,22.6637,2628.88,1567.52,12.3223,1410,+67.71,False,False
2,1.9,256,1024,4096,1410,900,18.1257,2143.23,1567.52,12.3223,1410,+36.73,False,False
2,1.9,256,1024,4096,1410,1050,15.7076,1852.93,1567.52,12.3223,1410,+18.21,False,False
2,1.9,256,1024,4096,1410,1200,13.8958,1709.52,1567.52,12.3223,1410,+9.06,False,False
2,1.9,256,1024,4096,1410,1305,12.8927,1575.40,1567.52,12.3223,1410,+0.50,False,False
2,1.9,256,1024,4096,1410,1410,11.9954,1496.72,1567.52,12.3223,1410,-4.52,False,False
2,1.9,256,1024,8192,300,300,49.8809,4254.50,1723.33,12.1601,1410,+146.88,False,False
2,1.9,256,1024,8192,300,510,30.1342,2671.88,1723.33,12.1601,1410,+55.04,False,False
2,1.9,256,1024,8192,300,705,22.6637,2067.23,1723.33,12.1601,1410,+19.96,False,False
2,1.9,256,1024,8192,300,900,18.1257,1710.78,1723.33,12.1601,1410,-0.73,False,False
2,1.9,256,1024,8192,300,1050,15.7076,1489.32,1723.33,12.1601,1410,-13.58,False,False
2,1.9,256,1024,8192,300,1200,13.8958,1397.48,1723.33,12.1601,1410,-18.91,False,False
2,1.9,256,1024,8192,300,1305,12.8927,1291.92,1723.33,12.1601,1410,-25.03,False,False
2,1.9,256,1024,8192,300,1410,11.9954,1238.78,1723.33,12.1601,1410,-28.12,True,False
2,1.9,256,1024,8192,510,300,49.8809,4308.62,1723.33,12.1601,1410,+150.02,False,False
2,1.9,256,1024,8192,510,510,30.1342,2702.05,1723.33,12.1601,1410,+56.79,False,False
2,1.9,256,1024,8192,510,705,22.6637,2088.34,1723.33,12.1601,1410,+21.18,False,False
2,1.9,256,1024,8192,510,900,18.1257,1726.38,1723.33,12.1601,1410,+0.18,False,False
2,1.9,256,1024,8192,510,1050,15.7076,1501.98,1723.33,12.1601,1410,-12.84,False,False
2,1.9,256,1024,8192,510,1200,13.8958,1407.95,1723.33,12.1601,1410,-18.30,False,False
2,1.9,256,1024,8192,510,1305,12.8927,1301.17,1723.33,12.1601,1410,-24.50,False,False
2,1.9,256,1024,8192,510,1410,11.9954,1246.95,1723.33,12.1601,1410,-27.64,False,True
2,1.9,256,1024,8192,705,300,49.8809,4393.52,1723.33,12.1601,1410,+154.94,False,False
2,1.9,256,1024,8192,705,510,30.1342,2752.56,1723.33,12.1601,1410,+59.72,False,False
2,1.9,256,1024,8192,705,705,22.6637,2125.85,1723.33,12.1601,1410,+23.36,False,False
2,1.9,256,1024,8192,705,900,18.1257,1755.99,1723.33,12.1601,1410,+1.90,False,False
2,1.9,256,1024,8192,705,1050,15.7076,1527.38,1723.33,12.1601,1410,-11.37,False,False
2,1.9,256,1024,8192,705,1200,13.8958,1430.20,1723.33,12.1601,1410,-17.01,False,False
2,1.9,256,1024,8192,705,1305,12.8927,1321.67,1723.33,12.1601,1410,-23.31,False,False
2,1.9,256,1024,8192,705,1410,11.9954,1265.88,1723.33,12.1601,1410,-26.54,False,False
2,1.9,256,1024,8192,900,300,49.8809,4490.75,1723.33,12.1601,1410,+160.59,False,False
2,1.9,256,1024,8192,900,510,30.1342,2811.42,1723.33,12.1601,1410,+63.14,False,False
2,1.9,256,1024,8192,900,705,22.6637,2170.18,1723.33,12.1601,1410,+25.93,False,False
2,1.9,256,1024,8192,900,900,18.1257,1791.51,1723.33,12.1601,1410,+3.96,False,False
2,1.9,256,1024,8192,900,1050,15.7076,1558.20,1723.33,12.1601,1410,-9.58,False,False
2,1.9,256,1024,8192,900,1200,13.8958,1457.49,1723.33,12.1601,1410,-15.43,False,False
2,1.9,256,1024,8192,900,1305,12.8927,1347.02,1723.33,12.1601,1410,-21.84,False,False
2,1.9,256,1024,8192,900,1410,11.9954,1289.49,1723.33,12.1601,1410,-25.17,False,False
2,1.9,256,1024,8192,1050,300,49.8809,4695.21,1723.33,12.1601,1410,+172.45,False,False
2,1.9,256,1024,8192,1050,510,30.1342,2935.41,1723.33,12.1601,1410,+70.33,False,False
2,1.9,256,1024,8192,1050,705,22.6637,2263.74,1723.33,12.1601,1410,+31.36,False,False
2,1.9,256,1024,8192,1050,900,18.1257,1866.57,1723.33,12.1601,1410,+8.31,False,False
2,1.9,256,1024,8192,1050,1050,15.7076,1623.41,1723.33,12.1601,1410,-5.80,False,False
2,1.9,256,1024,8192,1050,1200,13.8958,1515.33,1723.33,12.1601,1410,-12.07,False,False
2,1.9,256,1024,8192,1050,1305,12.8927,1400.76,1723.33,12.1601,1410,-18.72,False,False
2,1.9,256,1024,8192,1050,1410,11.9954,1339.58,1723.33,12.1601,1410,-22.27,False,False
2,1.9,256,1024,8192,1200,300,49.8809,4930.16,1723.33,12.1601,1410,+186.08,False,False
2,1.9,256,1024,8192,1200,510,30.1342,3089.91,1723.33,12.1601,1410,+79.30,False,False
2,1.9,256,1024,8192,1200,705,22.6637,2387.79,1723.33,12.1601,1410,+38.56,False,False
2,1.9,256,1024,8192,1200,900,18.1257,1972.14,1723.33,12.1601,1410,+14.44,False,False
2,1.9,256,1024,8192,1200,1050,15.7076,1719.13,1723.33,12.1601,1410,-0.24,False,False
2,1.9,256,1024,8192,1200,1200,13.8958,1603.65,1723.33,12.1601,1410,-6.94,False,False
2,1.9,256,1024,8192,1200,1305,12.8927,1485.00,1723.33,12.1601,1410,-13.83,False,False
2,1.9,256,1024,8192,1200,1410,11.9954,1420.16,1723.33,12.1601,1410,-17.59,False,False
2,1.9,256,2048,4096,300,300,49.8809,4181.99,1595.53,12.1333,1410,+162.11,False,False
2,1.9,256,2048,4096,300,510,30.1342,2599.36,1595.53,12.1333,1410,+62.92,False,False
2,1.9,256,2048,4096,300,705,22.6637,1994.72,1595.53,12.1333,1410,+25.02,False,False
2,1.9,256,2048,4096,300,900,18.1257,1638.27,1595.53,12.1333,1410,+2.68,False,False
2,1.9,256,2048,4096,300,1050,15.7076,1416.81,1595.53,12.1333,1410,-11.20,False,False
2,1.9,256,2048,4096,300,1200,13.8958,1324.97,1595.53,12.1333,1410,-16.96,False,False
2,1.9,256,2048,4096,300,1305,12.8927,1219.41,1595.53,12.1333,1410,-23.57,False,False
2,1.9,256,2048,4096,300,1410,11.9954,1166.27,1595.53,12.1333,1410,-26.90,True,False
2,1.9,256,2048,4096,510,300,49.8809,4238.78,1595.53,12.1333,1410,+165.67,False,False
2,1.9,256,2048,4096,510,510,30.1342,2632.20,1595.53,12.1333,1410,+64.97,False,False
2,1.9,256,2048,4096,510,705,22.6637,2018.49,1595.53,12.1333,1410,+26.51,False,False
2,1.9,256,2048,4096,510,900,18.1257,1656.53,1595.53,12.1333,1410,+3.82,False,False
2,1.9,256,2048,4096,510,1050,15.7076,1432.14,1595.53,12.1333,1410,-10.24,False,False
2,1.9,256,2048,4096,510,1200,13.8958,1338.11,1595.53,12.1333,1410,-16.13,False,False
2,1.9,256,2048,4096,510,1305,12.8927,1231.33,1595.53,12.1333,1410,-22.83,False,False
2,1.9,256,2048,4096,510,1410,11.9954,1177.10,1595.53,12.1333,1410,-26.22,False,True
2,1.9,256,2048,4096,705,300,49.8809,4324.50,1595.53,12.1333,1410,+171.04,False,False
2,1.9,256,2048,4096,705,510,30.1342,2683.54,1595.53,12.1333,1410,+68.19,False,False
2,1.9,256,2048,4096,705,705,22.6637,2056.82,1595.53,12.1333,1410,+28.91,False,False
2,1.9,256,2048,4096,705,900,18.1257,1686.96,1595.53,12.1333,1410,+5.73,False,False
2,1.9,256,2048,4096,705,1050,15.7076,1458.36,1595.53,12.1333,1410,-8.60,False,False
2,1.9,256,2048,4096,705,1200,13.8958,1361.17,1595.53,12.1333,1410,-14.69,False,False
2,1.9,256,2048,4096,705,1305,12.8927,1252.64,1595.53,12.1333,1410,-21.49,False,False
2,1.9,256,2048,4096,705,1410,11.9954,1196.86,1595.53,12.1333,1410,-24.99,False,False
2,1.9,256,2048,4096,900,300,49.8809,4421.38,1595.53,12.1333,1410,+177.11,False,False
2,1.9,256,2048,4096,900,510,30.1342,2742.05,1595.53,12.1333,1410,+71.86,False,False
2,1.9,256,2048,4096,900,705,22.6637,2100.81,1595.53,12.1333,1410,+31.67,False,False
2,1.9,256,2048,4096,900,900,18.1257,1722.14,1595.53,12.1333,1410,+7.94,False,False
2,1.9,256,2048,4096,900,1050,15.7076,1488.83,1595.53,12.1333,1410,-6.69,False,False
2,1.9,256,2048,4096,900,1200,13.8958,1388.12,1595.53,12.1333,1410,-13.00,False,False
2,1.9,256,2048,4096,900,1305,12.8927,1277.65,1595.53,12.1333,1410,-19.92,False,False
2,1.9,256,2048,4096,900,1410,11.9954,1220.12,1595.53,12.1333,1410,-23.53,False,False
2,1.9,256,2048,4096,1050,300,49.8809,4625.09,1595.53,12.1333,1410,+189.88,False,False
2,1.9,256,2048,4096,1050,510,30.1342,2865.29,1595.53,12.1333,1410,+79.58,False,False
2,1.9,256,2048,4096,1050,705,22.6637,2193.62,1595.53,12.1333,1410,+37.49,False,False
2,1.9,256,2048,4096,1050,900,18.1257,1796.45,1595.53,12.1333,1410,+12.59,False,False
2,1.9,256,2048,4096,1050,1050,15.7076,1553.29,1595.53,12.1333,1410,-2.65,False,False
2,1.9,256,2048,4096,1050,1200,13.8958,1445.20,1595.53,12.1333,1410,-9.42,False,False
2,1.9,256,2048,4096,1050,1305,12.8927,1330.64,1595.53,12.1333,1410,-16.60,False,False
2,1.9,256,2048,4096,1050,1410,11.9954,1269.45,1595.53,12.1333,1410,-20.44,False,False
2,1.9,256,2048,4096,1200,300,49.8809,4843.94,1595.53,12.1333,1410,+203.60,False,False
2,1.9,256,2048,4096,1200,510,30.1342,3003.68,1595.53,12.1333,1410,+88.26,False,False
2,1.9,256,2048,4096,1200,705,22.6637,2301.57,1595.53,12.1333,1410,+44.25,False,False
2,1.9,256,2048,4096,1200,900,18.1257,1885.91,1595.53,12.1333,1410,+18.20,False,False
2,1.9,256,2048,4096,1200,1050,15.7076,1632.90,1595.53,12.1333,1410,+2.34,False,False
2,1.9,256,2048,4096,1200,1200,13.8958,1517.43,1595.53,12.1333,1410,-4.89,False,False
2,1.9,256,2048,4096,1200,1305,12.8927,1398.77,1595.53,12.1333,1410,-12.33,False,False
2,1.9,256,2048,4096,1200,1410,11.9954,1333.93,1595.53,12.1333,1410,-16.40,False,False
2,1.9,256,2048,4096,1305,300,49.8809,5240.78,1595.53,12.1333,1410,+228.47,False,False
2,1.9,256,2048,4096,1305,510,30.1342,3248.26,1595.53,12.1333,1410,+103.59,False,False
2,1.9,256,2048,4096,1305,705,22.6637,2488.54,1595.53,12.1333,1410,+55.97,False,False
2,1.9,256,2048,4096,1305,900,18.1257,2037.89,1595.53,12.1333,1410,+27.73,False,False
2,1.9,256,2048,4096,1305,1050,15.7076,1766.24,1595.53,12.1333,1410,+10.70,False,False
2,1.9,256,2048,4096,1305,1200,13.8958,1636.79,1595.53,12.1333,1410,+2.59,False,False
2,1.9,256,2048,4096,1305,1305,12.8927,1510.41,1595.53,12.1333,1410,-5.33,False,False
2,1.9,256,2048,4096,1305,1410,11.9954,1438.65,1595.53,12.1333,1410,-9.83,False,False
2,1.9,256,2048,8192,300,300,49.8809,4381.48,1950.15,12.2282,1410,+124.67,False,False
2,1.9,256,2048,8192,300,510,30.1342,2798.86,1950.15,12.2282,1410,+43.52,False,False
2,1.9,256,2048,8192,300,705,22.6637,2194.21,1950.15,12.2282,1410,+12.51,False,False
2,1.9,256,2048,8192,300,900,18.1257,1837.76,1950.15,12.2282,1410,-5.76,False,False
2,1.9,256,2048,8192,300,1050,15.7076,1616.30,1950.15,12.2282,1410,-17.12,False,False
2,1.9,256,2048,8192,300,1200,13.8958,1524.46,1950.15,12.2282,1410,-21.83,False,False
2,1.9,256,2048,8192,300,1305,12.8927,1418.90,1950.15,12.2282,1410,-27.24,False,False
2,1.9,256,2048,8192,300,1410,11.9954,1365.76,1950.15,12.2282,1410,-29.97,True,False
2,1.9,256,2048,8192,510,300,49.8809,4431.46,1950.15,12.2282,1410,+127.24,False,False
2,1.9,256,2048,8192,510,510,30.1342,2824.88,1950.15,12.2282,1410,+44.85,False,False
2,1.9,256,2048,8192,510,705,22.6637,2211.18,1950.15,12.2282,1410,+13.38,False,False
2,1.9,256,2048,8192,510,900,18.1257,1849.22,1950.15,12.2282,1410,-5.18,False,False
2,1.9,256,2048,8192,510,1050,15.7076,1624.82,1950.15,12.2282,1410,-16.68,False,False
2,1.9,256,2048,8192,510,1200,13.8958,1530.79,1950.15,12.2282,1410,-21.50,False,False
2,1.9,256,2048,8192,510,1305,12.8927,1424.01,1950.15,12.2282,1410,-26.98,False,False
2,1.9,256,2048,8192,510,1410,11.9954,1369.79,1950.15,12.2282,1410,-29.76,False,True
2,1.9,256,2048,8192,705,300,49.8809,4515.23,1950.15,12.2282,1410,+131.53,False,False
2,1.9,256,2048,8192,705,510,30.1342,2874.27,1950.15,12.2282,1410,+47.39,False,False
2,1.9,256,2048,8192,705,705,22.6637,2247.55,1950.15,12.2282,1410,+15.25,False,False
2,1.9,256,2048,8192,705,900,18.1257,1877.69,1950.15,12.2282,1410,-3.72,False,False
2,1.9,256,2048,8192,705,1050,15.7076,1649.09,1950.15,12.2282,1410,-15.44,False,False
2,1.9,256,2048,8192,705,1200,13.8958,1551.90,1950.15,12.2282,1410,-20.42,False,False
2,1.9,256,2048,8192,705,1305,12.8927,1443.37,1950.15,12.2282,1410,-25.99,False,False
2,1.9,256,2048,8192,705,1410,11.9954,1387.59,1950.15,12.2282,1410,-28.85,False,False
2,1.9,256,2048,8192,900,300,49.8809,4613.70,1950.15,12.2282,1410,+136.58,False,False
2,1.9,256,2048,8192,900,510,30.1342,2934.36,1950.15,12.2282,1410,+50.47,False,False
2,1.9,256,2048,8192,900,705,22.6637,2293.13,1950.15,12.2282,1410,+17.59,False,False
2,1.9,256,2048,8192,900,900,18.1257,1914.45,1950.15,12.2282,1410,-1.83,False,False
2,1.9,256,2048,8192,900,1050,15.7076,1681.15,1950.15,12.2282,1410,-13.79,False,False
2,1.9,256,2048,8192,900,1200,13.8958,1580.44,1950.15,12.2282,1410,-18.96,False,False
2,1.9,256,2048,8192,900,1305,12.8927,1469.96,1950.15,12.2282,1410,-24.62,False,False
2,1.9,256,2048,8192,900,1410,11.9954,1412.43,1950.15,12.2282,1410,-27.57,False,False
2,1.9,256,2048,8192,1050,300,49.8809,4819.32,1950.15,12.2282,1410,+147.13,False,False
2,1.9,256,2048,8192,1050,510,30.1342,3059.53,1950.15,12.2282,1410,+56.89,False,False
2,1.9,256,2048,8192,1050,705,22.6637,2387.86,1950.15,12.2282,1410,+22.44,False,False
2,1.9,256,2048,8192,1050,900,18.1257,1990.69,1950.15,12.2282,1410,+2.08,False,False
2,1.9,256,2048,8192,1050,1050,15.7076,1747.53,1950.15,12.2282,1410,-10.39,False,False
2,1.9,256,2048,8192,1050,1200,13.8958,1639.44,1950.15,12.2282,1410,-15.93,False,False
2,1.9,256,2048,8192,1050,1305,12.8927,1524.88,1950.15,12.2282,1410,-21.81,False,False
2,1.9,256,2048,8192,1050,1410,11.9954,1463.69,1950.15,12.2282,1410,-24.94,False,False
2,1.9,256,2048,8192,1200,300,49.8809,5086.38,1950.15,12.2282,1410,+160.82,False,False
2,1.9,256,2048,8192,1200,510,30.1342,3246.12,1950.15,12.2282,1410,+66.45,False,False
2,1.9,256,2048,8192,1200,705,22.6637,2544.01,1950.15,12.2282,1410,+30.45,False,False
2,1.9,256,2048,8192,1200,900,18.1257,2128.35,1950.15,12.2282,1410,+9.14,False,False
2,1.9,256,2048,8192,1200,1050,15.7076,1875.34,1950.15,12.2282,1410,-3.84,False,False
2,1.9,256,2048,8192,1200,1200,13.8958,1759.87,1950.15,12.2282,1410,-9.76,False,False
2,1.9,256,2048,8192,1200,1305,12.8927,1641.22,1950.15,12.2282,1410,-15.84,False,False
2,1.9,256,2048,8192,1200,1410,11.9954,1576.38,1950.15,12.2282,1410,-19.17,False,False
2,1.9,256,4096,4096,300,300,49.8809,4249.53,1712.28,12.1456,1410,+148.18,False,False
2,1.9,256,4096,4096,300,510,30.1342,2666.91,1712.28,12.1456,1410,+55.75,False,False
2,1.9,256,4096,4096,300,705,22.6637,2062.26,1712.28,12.1456,1410,+20.44,False,False
2,1.9,256,4096,4096,300,900,18.1257,1705.81,1712.28,12.1456,1410,-0.38,False,False
2,1.9,256,4096,4096,300,1050,15.7076,1484.35,1712.28,12.1456,1410,-13.31,False,False
2,1.9,256,4096,4096,300,1200,13.8958,1392.51,1712.28,12.1456,1410,-18.68,False,False
2,1.9,256,4096,4096,300,1305,12.8927,1286.95,1712.28,12.1456,1410,-24.84,False,False
2,1.9,256,4096,4096,300,1410,11.9954,1233.81,1712.28,12.1456,1410,-27.94,True,False
2,1.9,256,4096,4096,510,300,49.8809,4303.99,1712.28,12.1456,1410,+151.36,False,False
2,1.9,256,4096,4096,510,510,30.1342,2697.41,1712.28,12.1456,1410,+57.53,False,False
2,1.9,256,4096,4096,510,705,22.6637,2083.70,1712.28,12.1456,1410,+21.69,False,False
2,1.9,256,4096,4096,510,900,18.1257,1721.75,1712.28,12.1456,1410,+0.55,False,False
2,1.9,256,4096,4096,510,1050,15.7076,1497.35,1712.28,12.1456,1410,-12.55,False,False
2,1.9,256,4096,4096,510,1200,13.8958,1403.32,1712.28,12.1456,1410,-18.04,False,False
2,1.9,256,4096,4096,510,1305,12.8927,1296.54,1712.28,12.1456,1410,-24.28,False,False
2,1.9,256,4096,4096,510,1410,11.9954,1242.32,1712.28,12.1456,1410,-27.45,False,True
2,1.9,256,4096,4096,705,300,49.8809,4389.37,1712.28,12.1456,1410,+156.35,False,False
2,1.9,256,4096,4096,705,510,30.1342,2748.41,1712.28,12.1456,1410,+60.51,False,False
2,1.9,256,4096,4096,705,705,22.6637,2121.69,1712.28,12.1456,1410,+23.91,False,False
2,1.9,256,4096,4096,705,900,18.1257,1751.84,1712.28,12.1456,1410,+2.31,False,False
2,1.9,256,4096,4096,705,1050,15.7076,1523.23,1712.28,12.1456,1410,-11.04,False,False
2,1.9,256,4096,4096,705,1200,13.8958,1426.04,1712.28,12.1456,1410,-16.72,False,False
2,1.9,256,4096,4096,705,1305,12.8927,1317.52,1712.28,12.1456,1410,-23.06,False,False
2,1.9,256,4096,4096,705,1410,11.9954,1261.73,1712.28,12.1456,1410,-26.31,False,False
2,1.9,256,4096,4096,900,300,49.8809,4486.79,1712.28,12.1456,1410,+162.04,False,False
2,1.9,256,4096,4096,900,510,30.1342,2807.46,1712.28,12.1456,1410,+63.96,False,False
2,1.9,256,4096,4096,900,705,22.6637,2166.22,1712.28,12.1456,1410,+26.51,False,False
2,1.9,256,4096,4096,900,900,18.1257,1787.55,1712.28,12.1456,1410,+4.40,False,False
2,1.9,256,4096,4096,900,1050,15.7076,1554.24,1712.28,12.1456,1410,-9.23,False,False
2,1.9,256,4096,4096,900,1200,13.8958,1453.53,1712.28,12.1456,1410,-15.11,False,False
2,1.9,256,4096,4096,900,1305,12.8927,1343.06,1712.28,12.1456,1410,-21.56,False,False
2,1.9,256,4096,4096,900,1410,11.9954,1285.53,1712.28,12.1456,1410,-24.92,False,False
2,1.9,256,4096,4096,1050,300,49.8809,4691.07,1712.28,12.1456,1410,+173.97,False,False
2,1.9,256,4096,4096,1050,510,30.1342,2931.27,1712.28,12.1456,1410,+71.19,False,False
2,1.9,256,4096,4096,1050,705,22.6637,2259.60,1712.28,12.1456,1410,+31.96,False,False
2,1.9,256,4096,4096,1050,900,18.1257,1862.43,1712.28,12.1456,1410,+8.77,False,False
2,1.9,256,4096,4096,1050,1050,15.7076,1619.27,1712.28,12.1456,1410,-5.43,False,False
2,1.9,256,4096,4096,1050,1200,13.8958,1511.18,1712.28,12.1456,1410,-11.74,False,False
2,1.9,256,4096,4096,1050,1305,12.8927,1396.62,1712.28,12.1456,1410,-18.44,False,False
2,1.9,256,4096,4096,1050,1410,11.9954,1335.43,1712.28,12.1456,1410,-22.01,False,False
2,1.9,256,4096,4096,1200,300,49.8809,4927.04,1712.28,12.1456,1410,+187.75,False,False
2,1.9,256,4096,4096,1200,510,30.1342,3086.78,1712.28,12.1456,1410,+80.27,False,False
2,1.9,256,4096,4096,1200,705,22.6637,2384.67,1712.28,12.1456,1410,+39.27,False,False
2,1.9,256,4096,4096,1200,900,18.1257,1969.01,1712.28,12.1456,1410,+14.99,False,False
2,1.9,256,4096,4096,1200,1050,15.7076,1716.00,1712.28,12.1456,1410,+0.22,False,False
2,1.9,256,4096,4096,1200,1200,13.8958,1600.53,1712.28,12.1456,1410,-6.53,False,False
2,1.9,256,4096,4096,1200,1305,12.8927,1481.88,1712.28,12.1456,1410,-13.46,False,False
2,1.9,256,4096,4096,1200,1410,11.9954,1417.03,1712.28,12.1456,1410,-17.24,False,False
2,1.9,256,8192,8192,300,300,49.8809,5192.09,3368.77,12.6985,1410,+54.12,False,False
2,1.9,256,8192,8192,300,510,30.1342,3609.47,3368.77,12.6985,1410,+7.14,False,False
2,1.9,256,8192,8192,300,705,22.6637,3004.82,3368.77,12.6985,1410,-10.80,False,False
2,1.9,256,8192,8192,300,900,18.5106,2670.10,3368.77,12.6985,1410,-20.74,False,False
2,1.9,256,8192,8192,300,1050,18.4117,2579.79,3368.77,12.6985,1410,-23.42,False,False
2,1.9,256,8192,8192,300,1200,18.3164,2585.33,3368.77,12.6985,1410,-23.26,False,False
2,1.9,256,8192,8192,300,1305,18.2636,2534.35,3368.77,12.6985,1410,-24.77,False,False
2,1.9,256,8192,8192,300,1410,18.2164,2530.37,3368.77,12.6985,1410,-24.89,False,False
2,1.9,256,8192,8192,510,300,49.8809,5213.68,3368.77,12.6985,1410,+54.76,False,False
2,1.9,256,8192,8192,510,510,30.1342,3607.10,3368.77,12.6985,1410,+7.07,False,False
2,1.9,256,8192,8192,510,705,22.6637,2993.39,3368.77,12.6985,1410,-11.14,False,False
2,1.9,256,8192,8192,510,900,18.1257,2631.43,3368.77,12.6985,1410,-21.89,False,False
2,1.9,256,8192,8192,510,1050,15.7076,2407.04,3368.77,12.6985,1410,-28.55,False,False
2,1.9,256,8192,8192,510,1200,13.8958,2313.00,3368.77,12.6985,1410,-31.34,False,False
2,1.9,256,8192,8192,510,1305,12.8927,2206.22,3368.77,12.6985,1410,-34.51,False,False
2,1.9,256,8192,8192,510,1410,11.9954,2152.00,3368.77,12.6985,1410,-36.12,True,True
2,1.9,256,8192,8192,705,300,49.8809,5293.44,3368.77,12.6985,1410,+57.13,False,False
2,1.9,256,8192,8192,705,510,30.1342,3652.48,3368.77,12.6985,1410,+8.42,False,False
2,1.9,256,8192,8192,705,705,22.6637,3025.76,3368.77,12.6985,1410,-10.18,False,False
2,1.9,256,8192,8192,705,900,18.1257,2655.90,3368.77,12.6985,1410,-21.16,False,False
2,1.9,256,8192,8192,705,1050,15.7076,2427.30,3368.77,12.6985,1410,-27.95,False,False
2,1.9,256,8192,8192,705,1200,13.8958,2330.11,3368.77,12.6985,1410,-30.83,False,False
2,1.9,256,8192,8192,705,1305,12.8927,2221.58,3368.77,12.6985,1410,-34.05,False,False
2,1.9,256,8192,8192,705,1410,11.9954,2165.80,3368.77,12.6985,1410,-35.71,False,False
2,1.9,256,8192,8192,900,300,49.8809,5393.58,3368.77,12.6985,1410,+60.10,False,False
2,1.9,256,8192,8192,900,510,30.1342,3714.24,3368.77,12.6985,1410,+10.25,False,False
2,1.9,256,8192,8192,900,705,22.6637,3073.01,3368.77,12.6985,1410,-8.78,False,False
2,1.9,256,8192,8192,900,900,18.1257,2694.33,3368.77,12.6985,1410,-20.02,False,False
2,1.9,256,8192,8192,900,1050,15.7076,2461.02,3368.77,12.6985,1410,-26.95,False,False
2,1.9,256,8192,8192,900,1200,13.8958,2360.32,3368.77,12.6985,1410,-29.94,False,False
2,1.9,256,8192,8192,900,1305,12.8927,2249.84,3368.77,12.6985,1410,-33.21,False,False
2,1.9,256,8192,8192,900,1410,11.9954,2192.31,3368.77,12.6985,1410,-34.92,False,False
2,1.9,256,8192,8192,1050,300,49.8809,5616.28,3368.77,12.6985,1410,+66.72,False,False
2,1.9,256,8192,8192,1050,510,30.1342,3856.48,3368.77,12.6985,1410,+14.48,False,False
2,1.9,256,8192,8192,1050,705,22.6637,3184.81,3368.77,12.6985,1410,-5.46,False,False
2,1.9,256,8192,8192,1050,900,18.1257,2787.64,3368.77,12.6985,1410,-17.25,False,False
2,1.9,256,8192,8192,1050,1050,15.7076,2544.49,3368.77,12.6985,1410,-24.47,False,False
2,1.9,256,8192,8192,1050,1200,13.8958,2436.40,3368.77,12.6985,1410,-27.68,False,False
2,1.9,256,8192,8192,1050,1305,12.8927,2321.83,3368.77,12.6985,1410,-31.08,False,False
2,1.9,256,8192,8192,1050,1410,11.9954,2260.65,3368.77,12.6985,1410,-32.89,False,False
2,1.9,256,8192,8192,1200,300,49.8809,6076.20,3368.77,12.6985,1410,+80.37,False,False
2,1.9,256,8192,8192,1200,510,30.1342,4235.94,3368.77,12.6985,1410,+25.74,False,False
2,1.9,256,8192,8192,1200,705,22.6637,3533.83,3368.77,12.6985,1410,+4.90,False,False
2,1.9,256,8192,8192,1200,900,18.1257,3118.17,3368.77,12.6985,1410,-7.44,False,False
2,1.9,256,8192,8192,1200,1050,15.7076,2865.16,3368.77,12.6985,1410,-14.95,False,False
2,1.9,256,8192,8192,1200,1200,13.8958,2749.69,3368.77,12.6985,1410,-18.38,False,False
2,1.9,256,8192,8192,1200,1305,12.8927,2631.04,3368.77,12.6985,1410,-21.90,False,False
2,1.9,256,8192,8192,1200,1410,11.9954,2566.20,3368.77,12.6985,1410,-23.82,False,False
2,1.9,512,1024,4096,300,300,99.6050,8214.72,3026.23,24.1115,1410,+171.45,False,False
2,1.9,512,1024,4096,300,510,60.1685,5058.42,3026.23,24.1115,1410,+67.15,False,False
2,1.9,512,1024,4096,300,705,45.2365,3856.37,3026.23,24.1115,1410,+27.43,False,False
2,1.9,512,1024,4096,300,900,36.1617,3152.48,3026.23,24.1115,1410,+4.17,False,False
2,1.9,512,1024,4096,300,1050,31.3095,2705.03,3026.23,24.1115,1410,-10.61,False,False
2,1.9,512,1024,4096,300,1200,27.7020,2512.85,3026.23,24.1115,1410,-16.96,False,False
2,1.9,512,1024,4096,300,1305,25.6584,2306.41,3026.23,24.1115,1410,-23.79,False,False
2,1.9,512,1024,4096,300,1410,23.9177,2216.84,3026.23,24.1115,1410,-26.75,True,False
2,1.9,512,1024,4096,510,300,99.6050,8332.97,3026.23,24.1115,1410,+175.36,False,False
2,1.9,512,1024,4096,510,510,60.1685,5128.82,3026.23,24.1115,1410,+69.48,False,False
2,1.9,512,1024,4096,510,705,45.2365,3908.66,3026.23,24.1115,1410,+29.16,False,False
2,1.9,512,1024,4096,510,900,36.1617,3193.76,3026.23,24.1115,1410,+5.54,False,False
2,1.9,512,1024,4096,510,1050,31.3095,2740.42,3026.23,24.1115,1410,-9.44,False,False
2,1.9,512,1024,4096,510,1200,27.7020,2543.87,3026.23,24.1115,1410,-15.94,False,False
2,1.9,512,1024,4096,510,1305,25.6584,2334.95,3026.23,24.1115,1410,-22.84,False,False
2,1.9,512,1024,4096,510,1410,23.9177,2243.27,3026.23,24.1115,1410,-25.87,False,True
2,1.9,512,1024,4096,705,300,99.6050,8505.51,3026.23,24.1115,1410,+181.06,False,False
2,1.9,512,1024,4096,705,510,60.1685,5232.70,3026.23,24.1115,1410,+72.91,False,False
2,1.9,512,1024,4096,705,705,45.2365,3986.54,3026.23,24.1115,1410,+31.73,False,False
2,1.9,512,1024,4096,705,900,36.1617,3255.84,3026.23,24.1115,1410,+7.59,False,False
2,1.9,512,1024,4096,705,1050,31.3095,2794.05,3026.23,24.1115,1410,-7.67,False,False
2,1.9,512,1024,4096,705,1200,27.7020,2591.22,3026.23,24.1115,1410,-14.37,False,False
2,1.9,512,1024,4096,705,1305,25.6584,2378.74,3026.23,24.1115,1410,-21.40,False,False
2,1.9,512,1024,4096,705,1410,23.9177,2284.02,3026.23,24.1115,1410,-24.53,False,False
2,1.9,512,1024,4096,900,300,99.6050,8698.77,3026.23,24.1115,1410,+187.45,False,False
2,1.9,512,1024,4096,900,510,60.1685,5349.32,3026.23,24.1115,1410,+76.76,False,False
2,1.9,512,1024,4096,900,705,45.2365,4074.14,3026.23,24.1115,1410,+34.63,False,False
2,1.9,512,1024,4096,900,900,36.1617,3325.80,3026.23,24.1115,1410,+9.90,False,False
2,1.9,512,1024,4096,900,1050,31.3095,2854.59,3026.23,24.1115,1410,-5.67,False,False
2,1.9,512,1024,4096,900,1200,27.7020,2644.75,3026.23,24.1115,1410,-12.61,False,False
2,1.9,512,1024,4096,900,1305,25.6584,2428.29,3026.23,24.1115,1410,-19.76,False,False
2,1.9,512,1024,4096,900,1410,23.9177,2330.20,3026.23,24.1115,1410,-23.00,False,False
2,1.9,512,1024,4096,1050,300,99.6050,9104.50,3026.23,24.1115,1410,+200.85,False,False
2,1.9,512,1024,4096,1050,510,60.1685,5594.37,3026.23,24.1115,1410,+84.86,False,False
2,1.9,512,1024,4096,1050,705,45.2365,4258.35,3026.23,24.1115,1410,+40.71,False,False
2,1.9,512,1024,4096,1050,900,36.1617,3473.03,3026.23,24.1115,1410,+14.76,False,False
2,1.9,512,1024,4096,1050,1050,31.3095,2982.04,3026.23,24.1115,1410,-1.46,False,False
2,1.9,512,1024,4096,1050,1200,27.7020,2757.50,3026.23,24.1115,1410,-8.88,False,False
2,1.9,512,1024,4096,1050,1305,25.6584,2532.72,3026.23,24.1115,1410,-16.31,False,False
2,1.9,512,1024,4096,1050,1410,23.9177,2427.53,3026.23,24.1115,1410,-19.78,False,False
2,1.9,512,1024,4096,1200,300,99.6050,9517.77,3026.23,24.1115,1410,+214.51,False,False
2,1.9,512,1024,4096,1200,510,60.1685,5846.95,3026.23,24.1115,1410,+93.21,False,False
2,1.9,512,1024,4096,1200,705,45.2365,4450.09,3026.23,24.1115,1410,+47.05,False,False
2,1.9,512,1024,4096,1200,900,36.1617,3627.79,3026.23,24.1115,1410,+19.88,False,False
2,1.9,512,1024,4096,1200,1050,31.3095,3117.03,3026.23,24.1115,1410,+3.00,False,False
2,1.9,512,1024,4096,1200,1200,27.7020,2877.80,3026.23,24.1115,1410,-4.91,False,False
2,1.9,512,1024,4096,1200,1305,25.6584,2644.69,3026.23,24.1115,1410,-12.61,False,False
2,1.9,512,1024,4096,1200,1410,23.9177,2532.41,3026.23,24.1115,1410,-16.32,False,False
2,1.9,512,1024,4096,1305,300,99.6050,10290.99,3026.23,24.1115,1410,+240.06,False,False
2,1.9,512,1024,4096,1305,510,60.1685,6316.07,3026.23,24.1115,1410,+108.71,False,False
2,1.9,512,1024,4096,1305,705,45.2365,4804.07,3026.23,24.1115,1410,+58.75,False,False
2,1.9,512,1024,4096,1305,900,36.1617,3911.80,3026.23,24.1115,1410,+29.26,False,False
2,1.9,512,1024,4096,1305,1050,31.3095,3363.63,3026.23,24.1115,1410,+11.15,False,False
2,1.9,512,1024,4096,1305,1200,27.7020,3096.57,3026.23,24.1115,1410,+2.32,False,False
2,1.9,512,1024,4096,1305,1305,25.6584,2847.71,3026.23,24.1115,1410,-5.90,False,False
2,1.9,512,1024,4096,1305,1410,23.9177,2722.00,3026.23,24.1115,1410,-10.05,False,False
2,1.9,512,1024,4096,1410,300,99.6050,11072.96,3026.23,24.1115,1410,+265.90,False,False
2,1.9,512,1024,4096,1410,510,60.1685,6793.95,3026.23,24.1115,1410,+124.50,False,False
2,1.9,512,1024,4096,1410,705,45.2365,5166.80,3026.23,24.1115,1410,+70.73,False,False
2,1.9,512,1024,4096,1410,900,36.1617,4204.56,3026.23,24.1115,1410,+38.94,False,False
2,1.9,512,1024,4096,1410,1050,31.3095,3618.97,3026.23,24.1115,1410,+19.59,False,False
2,1.9,512,1024,4096,1410,1200,27.7020,3324.10,3026.23,24.1115,1410,+9.84,False,False
2,1.9,512,1024,4096,1410,1305,25.6584,3059.47,3026.23,24.1115,1410,+1.10,False,False
2,1.9,512,1024,4096,1410,1410,23.9177,2920.35,3026.23,24.1115,1410,-3.50,False,False
2,1.9,512,1024,8192,300,300,99.6050,8320.88,3176.11,24.0943,1410,+161.98,False,False
2,1.9,512,1024,8192,300,510,60.1685,5164.58,3176.11,24.0943,1410,+62.61,False,False
2,1.9,512,1024,8192,300,705,45.2365,3962.54,3176.11,24.0943,1410,+24.76,False,False
2,1.9,512,1024,8192,300,900,36.1617,3258.64,3176.11,24.0943,1410,+2.60,False,False
2,1.9,512,1024,8192,300,1050,31.3095,2811.19,3176.11,24.0943,1410,-11.49,False,False
2,1.9,512,1024,8192,300,1200,27.7020,2619.02,3176.11,24.0943,1410,-17.54,False,False
2,1.9,512,1024,8192,300,1305,25.6584,2412.57,3176.11,24.0943,1410,-24.04,False,False
2,1.9,512,1024,8192,300,1410,23.9177,2323.00,3176.11,24.0943,1410,-26.86,True,False
2,1.9,512,1024,8192,510,300,99.6050,8435.33,3176.11,24.0943,1410,+165.59,False,False
2,1.9,512,1024,8192,510,510,60.1685,5231.19,3176.11,24.0943,1410,+64.70,False,False
2,1.9,512,1024,8192,510,705,45.2365,4011.02,3176.11,24.0943,1410,+26.29,False,False
2,1.9,512,1024,8192,510,900,36.1617,3296.12,3176.11,24.0943,1410,+3.78,False,False
2,1.9,512,1024,8192,510,1050,31.3095,2842.78,3176.11,24.0943,1410,-10.49,False,False
2,1.9,512,1024,8192,510,1200,27.7020,2646.23,3176.11,24.0943,1410,-16.68,False,False
2,1.9,512,1024,8192,510,1305,25.6584,2437.31,3176.11,24.0943,1410,-23.26,False,False
2,1.9,512,1024,8192,510,1410,23.9177,2345.63,3176.11,24.0943,1410,-26.15,False,True
2,1.9,512,1024,8192,705,300,99.6050,8606.80,3176.11,24.0943,1410,+170.99,False,False
2,1.9,512,1024,8192,705,510,60.1685,5334.00,3176.11,24.0943,1410,+67.94,False,False
2,1.9,512,1024,8192,705,705,45.2365,4087.84,3176.11,24.0943,1410,+28.71,False,False
2,1.9,512,1024,8192,705,900,36.1617,3357.13,3176.11,24.0943,1410,+5.70,False,False
2,1.9,512,1024,8192,705,1050,31.3095,2895.34,3176.11,24.0943,1410,-8.84,False,False
2,1.9,512,1024,8192,705,1200,27.7020,2692.52,3176.11,24.0943,1410,-15.23,False,False
2,1.9,512,1024,8192,705,1305,25.6584,2480.03,3176.11,24.0943,1410,-21.92,False,False
2,1.9,512,1024,8192,705,1410,23.9177,2385.32,3176.11,24.0943,1410,-24.90,False,False
2,1.9,512,1024,8192,900,300,99.6050,8800.66,3176.11,24.0943,1410,+177.09,False,False
2,1.9,512,1024,8192,900,510,60.1685,5451.22,3176.11,24.0943,1410,+71.63,False,False
2,1.9,512,1024,8192,900,705,45.2365,4176.04,3176.11,24.0943,1410,+31.48,False,False
2,1.9,512,1024,8192,900,900,36.1617,3427.70,3176.11,24.0943,1410,+7.92,False,False
2,1.9,512,1024,8192,900,1050,31.3095,2956.48,3176.11,24.0943,1410,-6.91,False,False
2,1.9,512,1024,8192,900,1200,27.7020,2746.64,3176.11,24.0943,1410,-13.52,False,False
2,1.9,512,1024,8192,900,1305,25.6584,2530.19,3176.11,24.0943,1410,-20.34,False,False
2,1.9,512,1024,8192,900,1410,23.9177,2432.10,3176.11,24.0943,1410,-23.43,False,False
2,1.9,512,1024,8192,1050,300,99.6050,9207.73,3176.11,24.0943,1410,+189.91,False,False
2,1.9,512,1024,8192,1050,510,60.1685,5697.59,3176.11,24.0943,1410,+79.39,False,False
2,1.9,512,1024,8192,1050,705,45.2365,4361.57,3176.11,24.0943,1410,+37.32,False,False
2,1.9,512,1024,8192,1050,900,36.1617,3576.26,3176.11,24.0943,1410,+12.60,False,False
2,1.9,512,1024,8192,1050,1050,31.3095,3085.27,3176.11,24.0943,1410,-2.86,False,False
2,1.9,512,1024,8192,1050,1200,27.7020,2860.73,3176.11,24.0943,1410,-9.93,False,False
2,1.9,512,1024,8192,1050,1305,25.6584,2635.95,3176.11,24.0943,1410,-17.01,False,False
2,1.9,512,1024,8192,1050,1410,23.9177,2530.76,3176.11,24.0943,1410,-20.32,False,False
2,1.9,512,1024,8192,1200,300,99.6050,9645.29,3176.11,24.0943,1410,+203.68,False,False
2,1.9,512,1024,8192,1200,510,60.1685,5974.47,3176.11,24.0943,1410,+88.11,False,False
2,1.9,512,1024,8192,1200,705,45.2365,4577.60,3176.11,24.0943,1410,+44.13,False,False
2,1.9,512,1024,8192,1200,900,36.1617,3755.31,3176.11,24.0943,1410,+18.24,False,False
2,1.9,512,1024,8192,1200,1050,31.3095,3244.55,3176.11,24.0943,1410,+2.16,False,False
2,1.9,512,1024,8192,1200,1200,27.7020,3005.31,3176.11,24.0943,1410,-5.38,False,False
2,1.9,512,1024,8192,1200,1305,25.6584,2772.21,3176.11,24.0943,1410,-12.72,False,False
2,1.9,512,1024,8192,1200,1410,23.9177,2659.93,3176.11,24.0943,1410,-16.25,False,False
2,1.9,512,2048,4096,300,300,99.6050,8248.37,3087.24,24.0495,1410,+167.18,False,False
2,1.9,512,2048,4096,300,510,60.1685,5092.07,3087.24,24.0495,1410,+64.94,False,False
2,1.9,512,2048,4096,300,705,45.2365,3890.02,3087.24,24.0495,1410,+26.00,False,False
2,1.9,512,2048,4096,300,900,36.1617,3186.13,3087.24,24.0495,1410,+3.20,False,False
2,1.9,512,2048,4096,300,1050,31.3095,2738.67,3087.24,24.0495,1410,-11.29,False,False
2,1.9,512,2048,4096,300,1200,27.7020,2546.50,3087.24,24.0495,1410,-17.52,False,False
2,1.9,512,2048,4096,300,1305,25.6584,2340.06,3087.24,24.0495,1410,-24.20,False,False
2,1.9,512,2048,4096,300,1410,23.9177,2250.49,3087.24,24.0495,1410,-27.10,True,False
2,1.9,512,2048,4096,510,300,99.6050,8365.48,3087.24,24.0495,1410,+170.97,False,False
2,1.9,512,2048,4096,510,510,60.1685,5161.34,3087.24,24.0495,1410,+67.18,False,False
2,1.9,512,2048,4096,510,705,45.2365,3941.18,3087.24,24.0495,1410,+27.66,False,False
2,1.9,512,2048,4096,510,900,36.1617,3226.28,3087.24,24.0495,1410,+4.50,False,False
2,1.9,512,2048,4096,510,1050,31.3095,2772.94,3087.24,24.0495,1410,-10.18,False,False
2,1.9,512,2048,4096,510,1200,27.7020,2576.39,3087.24,24.0495,1410,-16.55,False,False
2,1.9,512,2048,4096,510,1305,25.6584,2367.46,3087.24,24.0495,1410,-23.31,False,False
2,1.9,512,2048,4096,510,1410,23.9177,2275.78,3087.24,24.0495,1410,-26.28,False,True
2,1.9,512,2048,4096,705,300,99.6050,8537.78,3087.24,24.0495,1410,+176.55,False,False
2,1.9,512,2048,4096,705,510,60.1685,5264.97,3087.24,24.0495,1410,+70.54,False,False
2,1.9,512,2048,4096,705,705,45.2365,4018.81,3087.24,24.0495,1410,+30.18,False,False
2,1.9,512,2048,4096,705,900,36.1617,3288.11,3087.24,24.0495,1410,+6.51,False,False
2,1.9,512,2048,4096,705,1050,31.3095,2826.32,3087.24,24.0495,1410,-8.45,False,False
2,1.9,512,2048,4096,705,1200,27.7020,2623.49,3087.24,24.0495,1410,-15.02,False,False
2,1.9,512,2048,4096,705,1305,25.6584,2411.01,3087.24,24.0495,1410,-21.90,False,False
2,1.9,512,2048,4096,705,1410,23.9177,2316.29,3087.24,24.0495,1410,-24.97,False,False
2,1.9,512,2048,4096,900,300,99.6050,8731.29,3087.24,24.0495,1410,+182.82,False,False
2,1.9,512,2048,4096,900,510,60.1685,5381.85,3087.24,24.0495,1410,+74.33,False,False
2,1.9,512,2048,4096,900,705,45.2365,4106.67,3087.24,24.0495,1410,+33.02,False,False
2,1.9,512,2048,4096,900,900,36.1617,3358.33,3087.24,24.0495,1410,+8.78,False,False
2,1.9,512,2048,4096,900,1050,31.3095,2887.11,3087.24,24.0495,1410,-6.48,False,False
2,1.9,512,2048,4096,900,1200,27.7020,2677.27,3087.24,24.0495,1410,-13.28,False,False
2,1.9,512,2048,4096,900,1305,25.6584,2460.82,3087.24,24.0495,1410,-20.29,False,False
2,1.9,512,2048,4096,900,1410,23.9177,2362.73,3087.24,24.0495,1410,-23.47,False,False
2,1.9,512,2048,4096,1050,300,99.6050,9137.60,3087.24,24.0495,1410,+195.98,False,False
2,1.9,512,2048,4096,1050,510,60.1685,5627.47,3087.24,24.0495,1410,+82.28,False,False
2,1.9,512,2048,4096,1050,705,45.2365,4291.45,3087.24,24.0495,1410,+39.01,False,False
2,1.9,512,2048,4096,1050,900,36.1617,3506.13,3087.24,24.0495,1410,+13.57,False,False
2,1.9,512,2048,4096,1050,1050,31.3095,3015.14,3087.24,24.0495,1410,-2.34,False,False
2,1.9,512,2048,4096,1050,1200,27.7020,2790.61,3087.24,24.0495,1410,-9.61,False,False
2,1.9,512,2048,4096,1050,1305,25.6584,2565.83,3087.24,24.0495,1410,-16.89,False,False
2,1.9,512,2048,4096,1050,1410,23.9177,2460.64,3087.24,24.0495,1410,-20.30,False,False
2,1.9,512,2048,4096,1200,300,99.6050,9559.06,3087.24,24.0495,1410,+209.63,False,False
2,1.9,512,2048,4096,1200,510,60.1685,5888.24,3087.24,24.0495,1410,+90.73,False,False
2,1.9,512,2048,4096,1200,705,45.2365,4491.38,3087.24,24.0495,1410,+45.48,False,False
2,1.9,512,2048,4096,1200,900,36.1617,3669.08,3087.24,24.0495,1410,+18.85,False,False
2,1.9,512,2048,4096,1200,1050,31.3095,3158.32,3087.24,24.0495,1410,+2.30,False,False
2,1.9,512,2048,4096,1200,1200,27.7020,2919.09,3087.24,24.0495,1410,-5.45,False,False
2,1.9,512,2048,4096,1200,1305,25.6584,2685.98,3087.24,24.0495,1410,-13.00,False,False
2,1.9,512,2048,4096,1200,1410,23.9177,2573.70,3087.24,24.0495,1410,-16.63,False,False
2,1.9,512,2048,4096,1305,300,99.6050,10339.33,3087.24,24.0495,1410,+234.91,False,False
2,1.9,512,2048,4096,1305,510,60.1685,6364.41,3087.24,24.0495,1410,+106.15,False,False
2,1.9,512,2048,4096,1305,705,45.2365,4852.41,3087.24,24.0495,1410,+57.18,False,False
2,1.9,512,2048,4096,1305,900,36.1617,3960.14,3087.24,24.0495,1410,+28.27,False,False
2,1.9,512,2048,4096,1305,1050,31.3095,3411.97,3087.24,24.0495,1410,+10.52,False,False
2,1.9,512,2048,4096,1305,1200,27.7020,3144.91,3087.24,24.0495,1410,+1.87,False,False
2,1.9,512,2048,4096,1305,1305,25.6584,2896.05,3087.24,24.0495,1410,-6.19,False,False
2,1.9,512,2048,4096,1305,1410,23.9177,2770.34,3087.24,24.0495,1410,-10.26,False,False
2,1.9,512,2048,8192,300,300,99.6050,8447.86,3376.82,24.1615,1410,+150.17,False,False
2,1.9,512,2048,8192,300,510,60.1685,5291.56,3376.82,24.1615,1410,+56.70,False,False
2,1.9,512,2048,8192,300,705,45.2365,4089.51,3376.82,24.1615,1410,+21.11,False,False
2,1.9,512,2048,8192,300,900,36.1617,3385.62,3376.82,24.1615,1410,+0.26,False,False
2,1.9,512,2048,8192,300,1050,31.3095,2938.17,3376.82,24.1615,1410,-12.99,False,False
2,1.9,512,2048,8192,300,1200,27.7020,2745.99,3376.82,24.1615,1410,-18.68,False,False
2,1.9,512,2048,8192,300,1305,25.6584,2539.55,3376.82,24.1615,1410,-24.79,False,False
2,1.9,512,2048,8192,300,1410,23.9177,2449.98,3376.82,24.1615,1410,-27.45,True,False
2,1.9,512,2048,8192,510,300,99.6050,8558.17,3376.82,24.1615,1410,+153.44,False,False
2,1.9,512,2048,8192,510,510,60.1685,5354.03,3376.82,24.1615,1410,+58.55,False,False
2,1.9,512,2048,8192,510,705,45.2365,4133.86,3376.82,24.1615,1410,+22.42,False,False
2,1.9,512,2048,8192,510,900,36.1617,3418.96,3376.82,24.1615,1410,+1.25,False,False
2,1.9,512,2048,8192,510,1050,31.3095,2965.62,3376.82,24.1615,1410,-12.18,False,False
2,1.9,512,2048,8192,510,1200,27.7020,2769.07,3376.82,24.1615,1410,-18.00,False,False
2,1.9,512,2048,8192,510,1305,25.6584,2560.15,3376.82,24.1615,1410,-24.18,False,False
2,1.9,512,2048,8192,510,1410,23.9177,2468.47,3376.82,24.1615,1410,-26.90,False,True
2,1.9,512,2048,8192,705,300,99.6050,8728.51,3376.82,24.1615,1410,+158.48,False,False
2,1.9,512,2048,8192,705,510,60.1685,5455.70,3376.82,24.1615,1410,+61.56,False,False
2,1.9,512,2048,8192,705,705,45.2365,4209.54,3376.82,24.1615,1410,+24.66,False,False
2,1.9,512,2048,8192,705,900,36.1617,3478.84,3376.82,24.1615,1410,+3.02,False,False
2,1.9,512,2048,8192,705,1050,31.3095,3017.05,3376.82,24.1615,1410,-10.65,False,False
2,1.9,512,2048,8192,705,1200,27.7020,2814.22,3376.82,24.1615,1410,-16.66,False,False
2,1.9,512,2048,8192,705,1305,25.6584,2601.74,3376.82,24.1615,1410,-22.95,False,False
2,1.9,512,2048,8192,705,1410,23.9177,2507.03,3376.82,24.1615,1410,-25.76,False,False
2,1.9,512,2048,8192,900,300,99.6050,8923.61,3376.82,24.1615,1410,+164.26,False,False
2,1.9,512,2048,8192,900,510,60.1685,5574.16,3376.82,24.1615,1410,+65.07,False,False
2,1.9,512,2048,8192,900,705,45.2365,4298.99,3376.82,24.1615,1410,+27.31,False,False
2,1.9,512,2048,8192,900,900,36.1617,3550.65,3376.82,24.1615,1410,+5.15,False,False
2,1.9,512,2048,8192,900,1050,31.3095,3079.43,3376.82,24.1615,1410,-8.81,False,False
2,1.9,512,2048,8192,900,1200,27.7020,2869.59,3376.82,24.1615,1410,-15.02,False,False
2,1.9,512,2048,8192,900,1305,25.6584,2653.14,3376.82,24.1615,1410,-21.43,False,False
2,1.9,512,2048,8192,900,1410,23.9177,2555.04,3376.82,24.1615,1410,-24.34,False,False
2,1.9,512,2048,8192,1050,300,99.6050,9331.84,3376.82,24.1615,1410,+176.35,False,False
2,1.9,512,2048,8192,1050,510,60.1685,5821.71,3376.82,24.1615,1410,+72.40,False,False
2,1.9,512,2048,8192,1050,705,45.2365,4485.69,3376.82,24.1615,1410,+32.84,False,False
2,1.9,512,2048,8192,1050,900,36.1617,3700.37,3376.82,24.1615,1410,+9.58,False,False
2,1.9,512,2048,8192,1050,1050,31.3095,3209.38,3376.82,24.1615,1410,-4.96,False,False
2,1.9,512,2048,8192,1050,1200,27.7020,2984.84,3376.82,24.1615,1410,-11.61,False,False
2,1.9,512,2048,8192,1050,1305,25.6584,2760.07,3376.82,24.1615,1410,-18.26,False,False
2,1.9,512,2048,8192,1050,1410,23.9177,2654.88,3376.82,24.1615,1410,-21.38,False,False
2,1.9,512,2048,8192,1200,300,99.6050,9801.50,3376.82,24.1615,1410,+190.26,False,False
2,1.9,512,2048,8192,1200,510,60.1685,6130.68,3376.82,24.1615,1410,+81.55,False,False
2,1.9,512,2048,8192,1200,705,45.2365,4733.82,3376.82,24.1615,1410,+40.19,False,False
2,1.9,512,2048,8192,1200,900,36.1617,3911.53,3376.82,24.1615,1410,+15.83,False,False
2,1.9,512,2048,8192,1200,1050,31.3095,3400.77,3376.82,24.1615,1410,+0.71,False,False
2,1.9,512,2048,8192,1200,1200,27.7020,3161.53,3376.82,24.1615,1410,-6.38,False,False
2,1.9,512,2048,8192,1200,1305,25.6584,2928.42,3376.82,24.1615,1410,-13.28,False,False
2,1.9,512,2048,8192,1200,1410,23.9177,2816.14,3376.82,24.1615,1410,-16.60,False,False
2,1.9,512,4096,4096,300,300,99.6050,8315.91,3175.70,24.1095,1410,+161.86,False,False
2,1.9,512,4096,4096,300,510,60.1685,5159.61,3175.70,24.1095,1410,+62.47,False,False
2,1.9,512,4096,4096,300,705,45.2365,3957.57,3175.70,24.1095,1410,+24.62,False,False
2,1.9,512,4096,4096,300,900,36.1617,3253.67,3175.70,24.1095,1410,+2.46,False,False
2,1.9,512,4096,4096,300,1050,31.3095,2806.22,3175.70,24.1095,1410,-11.63,False,False
2,1.9,512,4096,4096,300,1200,27.7020,2614.05,3175.70,24.1095,1410,-17.69,False,False
2,1.9,512,4096,4096,300,1305,25.6584,2407.60,3175.70,24.1095,1410,-24.19,False,False
2,1.9,512,4096,4096,300,1410,23.9177,2318.03,3175.70,24.1095,1410,-27.01,True,False
2,1.9,512,4096,4096,510,300,99.6050,8430.70,3175.70,24.1095,1410,+165.48,False,False
2,1.9,512,4096,4096,510,510,60.1685,5226.55,3175.70,24.1095,1410,+64.58,False,False
2,1.9,512,4096,4096,510,705,45.2365,4006.39,3175.70,24.1095,1410,+26.16,False,False
2,1.9,512,4096,4096,510,900,36.1617,3291.49,3175.70,24.1095,1410,+3.65,False,False
2,1.9,512,4096,4096,510,1050,31.3095,2838.15,3175.70,24.1095,1410,-10.63,False,False
2,1.9,512,4096,4096,510,1200,27.7020,2641.60,3175.70,24.1095,1410,-16.82,False,False
2,1.9,512,4096,4096,510,1305,25.6584,2432.68,3175.70,24.1095,1410,-23.40,False,False
2,1.9,512,4096,4096,510,1410,23.9177,2341.00,3175.70,24.1095,1410,-26.28,False,True
2,1.9,512,4096,4096,705,300,99.6050,8602.65,3175.70,24.1095,1410,+170.89,False,False
2,1.9,512,4096,4096,705,510,60.1685,5329.84,3175.70,24.1095,1410,+67.83,False,False
2,1.9,512,4096,4096,705,705,45.2365,4083.68,3175.70,24.1095,1410,+28.59,False,False
2,1.9,512,4096,4096,705,900,36.1617,3352.98,3175.70,24.1095,1410,+5.58,False,False
2,1.9,512,4096,4096,705,1050,31.3095,2891.19,3175.70,24.1095,1410,-8.96,False,False
2,1.9,512,4096,4096,705,1200,27.7020,2688.36,3175.70,24.1095,1410,-15.35,False,False
2,1.9,512,4096,4096,705,1305,25.6584,2475.88,3175.70,24.1095,1410,-22.04,False,False
2,1.9,512,4096,4096,705,1410,23.9177,2381.17,3175.70,24.1095,1410,-25.02,False,False
2,1.9,512,4096,4096,900,300,99.6050,8796.70,3175.70,24.1095,1410,+177.00,False,False
2,1.9,512,4096,4096,900,510,60.1685,5447.26,3175.70,24.1095,1410,+71.53,False,False
2,1.9,512,4096,4096,900,705,45.2365,4172.08,3175.70,24.1095,1410,+31.38,False,False
2,1.9,512,4096,4096,900,900,36.1617,3423.74,3175.70,24.1095,1410,+7.81,False,False
2,1.9,512,4096,4096,900,1050,31.3095,2952.52,3175.70,24.1095,1410,-7.03,False,False
2,1.9,512,4096,4096,900,1200,27.7020,2742.68,3175.70,24.1095,1410,-13.64,False,False
2,1.9,512,4096,4096,900,1305,25.6584,2526.23,3175.70,24.1095,1410,-20.45,False,False
2,1.9,512,4096,4096,900,1410,23.9177,2428.13,3175.70,24.1095,1410,-23.54,False,False
2,1.9,512,4096,4096,1050,300,99.6050,9203.58,3175.70,24.1095,1410,+189.81,False,False
2,1.9,512,4096,4096,1050,510,60.1685,5693.45,3175.70,24.1095,1410,+79.28,False,False
2,1.9,512,4096,4096,1050,705,45.2365,4357.43,3175.70,24.1095,1410,+37.21,False,False
2,1.9,512,4096,4096,1050,900,36.1617,3572.12,3175.70,24.1095,1410,+12.48,False,False
2,1.9,512,4096,4096,1050,1050,31.3095,3081.13,3175.70,24.1095,1410,-2.98,False,False
2,1.9,512,4096,4096,1050,1200,27.7020,2856.59,3175.70,24.1095,1410,-10.05,False,False
2,1.9,512,4096,4096,1050,1305,25.6584,2631.81,3175.70,24.1095,1410,-17.13,False,False
2,1.9,512,4096,4096,1050,1410,23.9177,2526.62,3175.70,24.1095,1410,-20.44,False,False
2,1.9,512,4096,4096,1200,300,99.6050,9642.16,3175.70,24.1095,1410,+203.62,False,False
2,1.9,512,4096,4096,1200,510,60.1685,5971.34,3175.70,24.1095,1410,+88.03,False,False
2,1.9,512,4096,4096,1200,705,45.2365,4574.48,3175.70,24.1095,1410,+44.05,False,False
2,1.9,512,4096,4096,1200,900,36.1617,3752.19,3175.70,24.1095,1410,+18.15,False,False
2,1.9,512,4096,4096,1200,1050,31.3095,3241.43,3175.70,24.1095,1410,+2.07,False,False
2,1.9,512,4096,4096,1200,1200,27.7020,3002.19,3175.70,24.1095,1410,-5.46,False,False
2,1.9,512,4096,4096,1200,1305,25.6584,2769.08,3175.70,24.1095,1410,-12.80,False,False
2,1.9,512,4096,4096,1200,1410,23.9177,2656.80,3175.70,24.1095,1410,-16.34,False,False
2,1.9,512,8192,8192,300,300,99.6050,9258.47,4707.30,24.6249,1410,+96.68,False,False
2,1.9,512,8192,8192,300,510,60.1685,6102.17,4707.30,24.6249,1410,+29.63,False,False
2,1.9,512,8192,8192,300,705,45.2365,4900.12,4707.30,24.6249,1410,+4.10,False,False
2,1.9,512,8192,8192,300,900,36.1617,4196.23,4707.30,24.6249,1410,-10.86,False,False
2,1.9,512,8192,8192,300,1050,31.3095,3748.78,4707.30,24.6249,1410,-20.36,False,False
2,1.9,512,8192,8192,300,1200,27.7020,3556.60,4707.30,24.6249,1410,-24.44,False,False
2,1.9,512,8192,8192,300,1305,25.6584,3350.16,4707.30,24.6249,1410,-28.83,False,False
2,1.9,512,8192,8192,300,1410,23.9177,3260.59,4707.30,24.6249,1410,-30.73,False,False
2,1.9,512,8192,8192,510,300,99.6050,9340.38,4707.30,24.6249,1410,+98.42,False,False
2,1.9,512,8192,8192,510,510,60.1685,6136.24,4707.30,24.6249,1410,+30.36,False,False
2,1.9,512,8192,8192,510,705,45.2365,4916.08,4707.30,24.6249,1410,+4.44,False,False
2,1.9,512,8192,8192,510,900,36.1617,4201.17,4707.30,24.6249,1410,-10.75,False,False
2,1.9,512,8192,8192,510,1050,31.3095,3747.83,4707.30,24.6249,1410,-20.38,False,False
2,1.9,512,8192,8192,510,1200,27.7020,3551.28,4707.30,24.6249,1410,-24.56,False,False
2,1.9,512,8192,8192,510,1305,25.6584,3342.36,4707.30,24.6249,1410,-29.00,False,False
2,1.9,512,8192,8192,510,1410,23.9177,3250.68,4707.30,24.6249,1410,-30.94,True,True
2,1.9,512,8192,8192,705,300,99.6050,9506.72,4707.30,24.6249,1410,+101.96,False,False
2,1.9,512,8192,8192,705,510,60.1685,6233.91,4707.30,24.6249,1410,+32.43,False,False
2,1.9,512,8192,8192,705,705,45.2365,4987.75,4707.30,24.6249,1410,+5.96,False,False
2,1.9,512,8192,8192,705,900,36.1617,4257.05,4707.30,24.6249,1410,-9.56,False,False
2,1.9,512,8192,8192,705,1050,31.3095,3795.26,4707.30,24.6249,1410,-19.37,False,False
2,1.9,512,8192,8192,705,1200,27.7020,3592.43,4707.30,24.6249,1410,-23.68,False,False
2,1.9,512,8192,8192,705,1305,25.6584,3379.95,4707.30,24.6249,1410,-28.20,False,False
2,1.9,512,8192,8192,705,1410,23.9177,3285.24,4707.30,24.6249,1410,-30.21,False,False
2,1.9,512,8192,8192,900,300,99.6050,9703.49,4707.30,24.6249,1410,+106.14,False,False
2,1.9,512,8192,8192,900,510,60.1685,6354.04,4707.30,24.6249,1410,+34.98,False,False
2,1.9,512,8192,8192,900,705,45.2365,5078.86,4707.30,24.6249,1410,+7.89,False,False
2,1.9,512,8192,8192,900,900,36.1617,4330.52,4707.30,24.6249,1410,-8.00,False,False
2,1.9,512,8192,8192,900,1050,31.3095,3859.31,4707.30,24.6249,1410,-18.01,False,False
2,1.9,512,8192,8192,900,1200,27.7020,3649.47,4707.30,24.6249,1410,-22.47,False,False
2,1.9,512,8192,8192,900,1305,25.6584,3433.01,4707.30,24.6249,1410,-27.07,False,False
2,1.9,512,8192,8192,900,1410,23.9177,3334.92,4707.30,24.6249,1410,-29.15,False,False
2,1.9,512,8192,8192,1050,300,99.6050,10128.80,4707.30,24.6249,1410,+115.17,False,False
2,1.9,512,8192,8192,1050,510,60.1685,6618.66,4707.30,24.6249,1410,+40.60,False,False
2,1.9,512,8192,8192,1050,705,45.2365,5282.64,4707.30,24.6249,1410,+12.22,False,False
2,1.9,512,8192,8192,1050,900,36.1617,4497.33,4707.30,24.6249,1410,-4.46,False,False
2,1.9,512,8192,8192,1050,1050,31.3095,4006.34,4707.30,24.6249,1410,-14.89,False,False
2,1.9,512,8192,8192,1050,1200,27.7020,3781.80,4707.30,24.6249,1410,-19.66,False,False
2,1.9,512,8192,8192,1050,1305,25.6584,3557.02,4707.30,24.6249,1410,-24.44,False,False
2,1.9,512,8192,8192,1050,1410,23.9177,3451.83,4707.30,24.6249,1410,-26.67,False,False
2,1.9,512,8192,8192,1200,300,99.6050,10791.32,4707.30,24.6249,1410,+129.25,False,False
2,1.9,512,8192,8192,1200,510,60.1685,7120.50,4707.30,24.6249,1410,+51.27,False,False
2,1.9,512,8192,8192,1200,705,45.2365,5723.64,4707.30,24.6249,1410,+21.59,False,False
2,1.9,512,8192,8192,1200,900,36.1617,4901.35,4707.30,24.6249,1410,+4.12,False,False
2,1.9,512,8192,8192,1200,1050,31.3095,4390.59,4707.30,24.6249,1410,-6.73,False,False
2,1.9,512,8192,8192,1200,1200,27.7020,4151.35,4707.30,24.6249,1410,-11.81,False,False
2,1.9,512,8192,8192,1200,1305,25.6584,3918.24,4707.30,24.6249,1410,-16.76,False,False
2,1.9,512,8192,8192,1200,1410,23.9177,3805.96,4707.30,24.6249,1410,-19.15,False,False
4,3.7,64,1024,4096,300,300,6.3528,577.82,287.25,1.7505,1410,+101.16,False,False
4,3.7,64,1024,4096,300,510,3.8852,376.35,287.25,1.7505,1410,+31.02,False,False
4,3.7,64,1024,4096,300,705,2.9546,300.70,287.25,1.7505,1410,+4.68,False,False
4,3.7,64,1024,4096,300,900,2.3857,256.19,287.25,1.7505,1410,-10.81,False,False
4,3.7,64,1024,4096,300,1050,2.0847,224.75,287.25,1.7505,1410,-21.76,False,False
4,3.7,64,1024,4096,300,1200,1.8631,218.11,287.25,1.7505,1410,-24.07,False,False
4,3.7,64,1024,4096,300,1305,1.7362,201.33,287.25,1.7505,1410,-29.91,False,False
4,3.7,64,1024,4096,300,1410,1.6287,206.23,287.25,1.7505,1410,-28.21,False,False
4,3.7,64,1024,4096,510,300,6.3528,582.79,287.25,1.7505,1410,+102.89,False,False
4,3.7,64,1024,4096,510,510,3.8852,378.39,287.25,1.7505,1410,+31.73,False,False
4,3.7,64,1024,4096,510,705,2.9546,301.63,287.25,1.7505,1410,+5.01,False,False
4,3.7,64,1024,4096,510,900,2.3857,256.44,287.25,1.7505,1410,-10.73,False,False
4,3.7,64,1024,4096,510,1050,2.0847,224.64,287.25,1.7505,1410,-21.80,False,False
4,3.7,64,1024,4096,510,1200,1.8631,217.74,287.25,1.7505,1410,-24.20,False,False
4,3.7,64,1024,4096,510,1305,1.7362,200.81,287.25,1.7505,1410,-30.09,True,False
4,3.7,64,1024,4096,510,1410,1.6287,205.58,287.25,1.7505,1410,-28.43,False,True
4,3.7,64,1024,4096,705,300,6.3528,592.76,287.25,1.7505,1410,+106.36,False,False
4,3.7,64,1024,4096,705,510,3.8852,384.14,287.25,1.7505,1410,+33.73,False,False
4,3.7,64,1024,4096,705,705,2.9546,305.79,287.25,1.7505,1410,+6.45,False,False
4,3.7,64,1024,4096,705,900,2.3857,259.63,287.25,1.7505,1410,-9.62,False,False
4,3.7,64,1024,4096,705,1050,2.0847,227.32,287.25,1.7505,1410,-20.86,False,False
4,3.7,64,1024,4096,705,1200,1.8631,220.03,287.25,1.7505,1410,-23.40,False,False
4,3.7,64,1024,4096,705,1305,1.7362,202.89,287.25,1.7505,1410,-29.37,False,False
4,3.7,64,1024,4096,705,1410,1.6287,207.47,287.25,1.7505,1410,-27.77,False,False
4,3.7,64,1024,4096,900,300,6.3528,604.57,287.25,1.7505,1410,+110.47,False,False
4,3.7,64,1024,4096,900,510,3.8852,391.24,287.25,1.7505,1410,+36.20,False,False
4,3.7,64,1024,4096,900,705,2.9546,311.12,287.25,1.7505,1410,+8.31,False,False
4,3.7,64,1024,4096,900,900,2.3857,263.87,287.25,1.7505,1410,-8.14,False,False
4,3.7,64,1024,4096,900,1050,2.0847,230.99,287.25,1.7505,1410,-19.59,False,False
4,3.7,64,1024,4096,900,1200,1.8631,223.28,287.25,1.7505,1410,-22.27,False,False
4,3.7,64,1024,4096,900,1305,1.7362,205.89,287.25,1.7505,1410,-28.32,False,False
4,3.7,64,1024,4096,900,1410,1.6287,210.27,287.25,1.7505,1410,-26.80,False,False
4,3.7,64,1024,4096,1050,300,6.3528,629.84,287.25,1.7505,1410,+119.27,False,False
4,3.7,64,1024,4096,1050,510,3.8852,406.66,287.25,1.7505,1410,+41.57,False,False
4,3.7,64,1024,4096,1050,705,2.9546,322.81,287.25,1.7505,1410,+12.38,False,False
4,3.7,64,1024,4096,1050,900,2.3857,273.29,287.25,1.7505,1410,-4.86,False,False
4,3.7,64,1024,4096,1050,1050,2.0847,239.20,287.25,1.7505,1410,-16.73,False,False
4,3.7,64,1024,4096,1050,1200,1.8631,230.61,287.25,1.7505,1410,-19.72,False,False
4,3.7,64,1024,4096,1050,1305,1.7362,212.71,287.25,1.7505,1410,-25.95,False,False
4,3.7,64,1024,4096,1050,1410,1.6287,216.66,287.25,1.7505,1410,-24.57,False,False
4,3.7,64,1024,4096,1200,300,6.3528,662.66,287.25,1.7505,1410,+130.69,False,False
4,3.7,64,1024,4096,1200,510,3.8852,429.61,287.25,1.7505,1410,+49.56,False,False
4,3.7,64,1024,4096,1200,705,2.9546,342.04,287.25,1.7505,1410,+19.07,False,False
4,3.7,64,1024,4096,1200,900,2.3857,290.24,287.25,1.7505,1410,+1.04,False,False
4,3.7,64,1024,4096,1200,1050,2.0847,254.95,287.25,1.7505,1410,-11.24,False,False
4,3.7,64,1024,4096,1200,1200,1.8631,245.47,287.25,1.7505,1410,-14.54,False,False
4,3.7,64,1024,4096,1200,1305,1.7362,227.07,287.25,1.7505,1410,-20.95,False,False
4,3.7,64,1024,4096,1200,1410,1.6287,230.59,287.25,1.7505,1410,-19.72,False,False
4,3.7,64,1024,4096,1305,300,6.3528,715.89,287.25,1.7505,1410,+149.22,False,False
4,3.7,64,1024,4096,1305,510,3.8852,464.17,287.25,1.7505,1410,+61.59,False,False
4,3.7,64,1024,4096,1305,705,2.9546,369.56,287.25,1.7505,1410,+28.65,False,False
4,3.7,64,1024,4096,1305,900,2.3857,313.46,287.25,1.7505,1410,+9.12,False,False
4,3.7,64,1024,4096,1305,1050,2.0847,275.89,287.25,1.7505,1410,-3.95,False,False
4,3.7,64,1024,4096,1305,1200,1.8631,264.74,287.25,1.7505,1410,-7.84,False,False
4,3.7,64,1024,4096,1305,1305,1.7362,245.37,287.25,1.7505,1410,-14.58,False,False
4,3.7,64,1024,4096,1305,1410,1.6287,248.08,287.25,1.7505,1410,-13.64,False,False
4,3.7,64,1024,4096,1410,300,6.3528,777.86,287.25,1.7505,1410,+170.80,False,False
4,3.7,64,1024,4096,1410,510,3.8852,507.47,287.25,1.7505,1410,+76.67,False,False
4,3.7,64,1024,4096,1410,705,2.9546,405.83,287.25,1.7505,1410,+41.28,False,False
4,3.7,64,1024,4096,1410,900,2.3857,345.42,287.25,1.7505,1410,+20.25,False,False
4,3.7,64,1024,4096,1410,1050,2.0847,305.58,287.25,1.7505,1410,+6.38,False,False
4,3.7,64,1024,4096,1410,1200,1.8631,292.75,287.25,1.7505,1410,+1.91,False,False
4,3.7,64,1024,4096,1410,1305,1.7362,272.42,287.25,1.7505,1410,-5.16,False,False
4,3.7,64,1024,4096,1410,1410,1.6287,274.32,287.25,1.7505,1410,-4.50,False,False
4,3.7,64,1024,8192,300,300,6.3528,683.98,477.90,1.7777,1410,+43.12,False,False
4,3.7,64,1024,8192,300,510,3.8852,482.52,477.90,1.7777,1410,+0.97,False,False
4,3.7,64,1024,8192,300,705,2.9546,406.86,477.90,1.7777,1410,-14.87,False,False
4,3.7,64,1024,8192,300,900,2.4633,366.74,477.90,1.7777,1410,-23.26,False,False
4,3.7,64,1024,8192,300,1050,2.4633,352.38,477.90,1.7777,1410,-26.27,False,False
4,3.7,64,1024,8192,300,1200,2.4633,358.40,477.90,1.7777,1410,-25.01,False,False
4,3.7,64,1024,8192,300,1305,2.4633,349.04,477.90,1.7777,1410,-26.96,False,False
4,3.7,64,1024,8192,300,1410,2.4633,360.33,477.90,1.7777,1410,-24.60,False,False
4,3.7,64,1024,8192,510,300,6.3528,685.15,477.90,1.7777,1410,+43.37,False,False
4,3.7,64,1024,8192,510,510,3.8852,480.75,477.90,1.7777,1410,+0.60,False,False
4,3.7,64,1024,8192,510,705,2.9546,403.99,477.90,1.7777,1410,-15.47,False,False
4,3.7,64,1024,8192,510,900,2.3857,358.80,477.90,1.7777,1410,-24.92,False,False
4,3.7,64,1024,8192,510,1050,2.0847,327.00,477.90,1.7777,1410,-31.58,False,False
4,3.7,64,1024,8192,510,1200,1.8631,320.10,477.90,1.7777,1410,-33.02,False,False
4,3.7,64,1024,8192,510,1305,1.7362,303.17,477.90,1.7777,1410,-36.56,True,False
4,3.7,64,1024,8192,510,1410,1.6287,307.94,477.90,1.7777,1410,-35.56,False,True
4,3.7,64,1024,8192,705,300,6.3528,694.06,477.90,1.7777,1410,+45.23,False,False
4,3.7,64,1024,8192,705,510,3.8852,485.44,477.90,1.7777,1410,+1.58,False,False
4,3.7,64,1024,8192,705,705,2.9546,407.09,477.90,1.7777,1410,-14.82,False,False
4,3.7,64,1024,8192,705,900,2.3857,360.92,477.90,1.7777,1410,-24.48,False,False
4,3.7,64,1024,8192,705,1050,2.0847,328.61,477.90,1.7777,1410,-31.24,False,False
4,3.7,64,1024,8192,705,1200,1.8631,321.33,477.90,1.7777,1410,-32.76,False,False
4,3.7,64,1024,8192,705,1305,1.7362,304.18,477.90,1.7777,1410,-36.35,False,False
4,3.7,64,1024,8192,705,1410,1.6287,308.77,477.90,1.7777,1410,-35.39,False,False
4,3.7,64,1024,8192,900,300,6.3528,706.46,477.90,1.7777,1410,+47.83,False,False
4,3.7,64,1024,8192,900,510,3.8852,493.14,477.90,1.7777,1410,+3.19,False,False
4,3.7,64,1024,8192,900,705,2.9546,413.02,477.90,1.7777,1410,-13.58,False,False
4,3.7,64,1024,8192,900,900,2.3857,365.77,477.90,1.7777,1410,-23.46,False,False
4,3.7,64,1024,8192,900,1050,2.0847,332.88,477.90,1.7777,1410,-30.35,False,False
4,3.7,64,1024,8192,900,1200,1.8631,325.18,477.90,1.7777,1410,-31.96,False,False
4,3.7,64,1024,8192,900,1305,1.7362,307.79,477.90,1.7777,1410,-35.60,False,False
4,3.7,64,1024,8192,900,1410,1.6287,312.17,477.90,1.7777,1410,-34.68,False,False
4,3.7,64,1024,8192,1050,300,6.3528,733.07,477.90,1.7777,1410,+53.39,False,False
4,3.7,64,1024,8192,1050,510,3.8852,509.88,477.90,1.7777,1410,+6.69,False,False
4,3.7,64,1024,8192,1050,705,2.9546,426.04,477.90,1.7777,1410,-10.85,False,False
4,3.7,64,1024,8192,1050,900,2.3857,376.51,477.90,1.7777,1410,-21.22,False,False
4,3.7,64,1024,8192,1050,1050,2.0847,342.43,477.90,1.7777,1410,-28.35,False,False
4,3.7,64,1024,8192,1050,1200,1.8631,333.83,477.90,1.7777,1410,-30.15,False,False
4,3.7,64,1024,8192,1050,1305,1.7362,315.94,477.90,1.7777,1410,-33.89,False,False
4,3.7,64,1024,8192,1050,1410,1.6287,319.89,477.90,1.7777,1410,-33.06,False,False
4,3.7,64,1024,8192,1200,300,6.3528,790.18,477.90,1.7777,1410,+65.34,False,False
4,3.7,64,1024,8192,1200,510,3.8852,557.12,477.90,1.7777,1410,+16.58,False,False
4,3.7,64,1024,8192,1200,705,2.9546,469.56,477.90,1.7777,1410,-1.75,False,False
4,3.7,64,1024,8192,1200,900,2.3857,417.76,477.90,1.7777,1410,-12.58,False,False
4,3.7,64,1024,8192,1200,1050,2.0847,382.47,477.90,1.7777,1410,-19.97,False,False
4,3.7,64,1024,8192,1200,1200,1.8631,372.99,477.90,1.7777,1410,-21.95,False,False
4,3.7,64,1024,8192,1200,1305,1.7362,354.59,477.90,1.7777,1410,-25.80,False,False
4,3.7,64,1024,8192,1200,1410,1.6287,358.11,477.90,1.7777,1410,-25.07,False,False
4,3.7,64,2048,4096,300,300,6.3528,611.47,348.23,1.7454,1410,+75.59,False,False
4,3.7,64,2048,4096,300,510,3.8852,410.00,348.23,1.7454,1410,+17.74,False,False
4,3.7,64,2048,4096,300,705,2.9546,334.35,348.23,1.7454,1410,-3.99,False,False
4,3.7,64,2048,4096,300,900,2.3857,289.84,348.23,1.7454,1410,-16.77,False,False
4,3.7,64,2048,4096,300,1050,2.0847,258.40,348.23,1.7454,1410,-25.80,False,False
4,3.7,64,2048,4096,300,1200,1.8631,251.76,348.23,1.7454,1410,-27.70,False,False
4,3.7,64,2048,4096,300,1305,1.7362,234.98,348.23,1.7454,1410,-32.52,False,False
4,3.7,64,2048,4096,300,1410,1.6287,239.88,348.23,1.7454,1410,-31.12,False,False
4,3.7,64,2048,4096,510,300,6.3528,615.31,348.23,1.7454,1410,+76.69,False,False
4,3.7,64,2048,4096,510,510,3.8852,410.91,348.23,1.7454,1410,+18.00,False,False
4,3.7,64,2048,4096,510,705,2.9546,334.15,348.23,1.7454,1410,-4.05,False,False
4,3.7,64,2048,4096,510,900,2.3857,288.95,348.23,1.7454,1410,-17.02,False,False
4,3.7,64,2048,4096,510,1050,2.0847,257.16,348.23,1.7454,1410,-26.15,False,False
4,3.7,64,2048,4096,510,1200,1.8631,250.25,348.23,1.7454,1410,-28.14,False,False
4,3.7,64,2048,4096,510,1305,1.7362,233.32,348.23,1.7454,1410,-33.00,True,False
4,3.7,64,2048,4096,510,1410,1.6287,238.09,348.23,1.7454,1410,-31.63,False,True
4,3.7,64,2048,4096,705,300,6.3528,625.03,348.23,1.7454,1410,+79.49,False,False
4,3.7,64,2048,4096,705,510,3.8852,416.41,348.23,1.7454,1410,+19.58,False,False
4,3.7,64,2048,4096,705,705,2.9546,338.06,348.23,1.7454,1410,-2.92,False,False
4,3.7,64,2048,4096,705,900,2.3857,291.90,348.23,1.7454,1410,-16.18,False,False
4,3.7,64,2048,4096,705,1050,2.0847,259.59,348.23,1.7454,1410,-25.46,False,False
4,3.7,64,2048,4096,705,1200,1.8631,252.30,348.23,1.7454,1410,-27.55,False,False
4,3.7,64,2048,4096,705,1305,1.7362,235.16,348.23,1.7454,1410,-32.47,False,False
4,3.7,64,2048,4096,705,1410,1.6287,239.74,348.23,1.7454,1410,-31.15,False,False
4,3.7,64,2048,4096,900,300,6.3528,637.09,348.23,1.7454,1410,+82.95,False,False
4,3.7,64,2048,4096,900,510,3.8852,423.77,348.23,1.7454,1410,+21.69,False,False
4,3.7,64,2048,4096,900,705,2.9546,343.65,348.23,1.7454,1410,-1.32,False,False
4,3.7,64,2048,4096,900,900,2.3857,296.40,348.23,1.7454,1410,-14.89,False,False
4,3.7,64,2048,4096,900,1050,2.0847,263.51,348.23,1.7454,1410,-24.33,False,False
4,3.7,64,2048,4096,900,1200,1.8631,255.81,348.23,1.7454,1410,-26.54,False,False
4,3.7,64,2048,4096,900,1305,1.7362,238.42,348.23,1.7454,1410,-31.53,False,False
4,3.7,64,2048,4096,900,1410,1.6287,242.80,348.23,1.7454,1410,-30.28,False,False
4,3.7,64,2048,4096,1050,300,6.3528,662.95,348.23,1.7454,1410,+90.37,False,False
4,3.7,64,2048,4096,1050,510,3.8852,439.76,348.23,1.7454,1410,+26.28,False,False
4,3.7,64,2048,4096,1050,705,2.9546,355.91,348.23,1.7454,1410,+2.21,False,False
4,3.7,64,2048,4096,1050,900,2.3857,306.39,348.23,1.7454,1410,-12.02,False,False
4,3.7,64,2048,4096,1050,1050,2.0847,272.30,348.23,1.7454,1410,-21.80,False,False
4,3.7,64,2048,4096,1050,1200,1.8631,263.71,348.23,1.7454,1410,-24.27,False,False
4,3.7,64,2048,4096,1050,1305,1.7362,245.82,348.23,1.7454,1410,-29.41,False,False
4,3.7,64,2048,4096,1050,1410,1.6287,249.77,348.23,1.7454,1410,-28.28,False,False
4,3.7,64,2048,4096,1200,300,6.3528,703.95,348.23,1.7454,1410,+102.15,False,False
4,3.7,64,2048,4096,1200,510,3.8852,470.90,348.23,1.7454,1410,+35.22,False,False
4,3.7,64,2048,4096,1200,705,2.9546,383.33,348.23,1.7454,1410,+10.08,False,False
4,3.7,64,2048,4096,1200,900,2.3857,331.53,348.23,1.7454,1410,-4.80,False,False
4,3.7,64,2048,4096,1200,1050,2.0847,296.24,348.23,1.7454,1410,-14.93,False,False
4,3.7,64,2048,4096,1200,1200,1.8631,286.76,348.23,1.7454,1410,-17.65,False,False
4,3.7,64,2048,4096,1200,1305,1.7362,268.36,348.23,1.7454,1410,-22.94,False,False
4,3.7,64,2048,4096,1200,1410,1.6287,271.88,348.23,1.7454,1410,-21.92,False,False
4,3.7,64,2048,4096,1305,300,6.3528,764.23,348.23,1.7454,1410,+119.46,False,False
4,3.7,64,2048,4096,1305,510,3.8852,512.51,348.23,1.7454,1410,+47.17,False,False
4,3.7,64,2048,4096,1305,705,2.9546,417.90,348.23,1.7454,1410,+20.01,False,False
4,3.7,64,2048,4096,1305,900,2.3857,361.80,348.23,1.7454,1410,+3.90,False,False
4,3.7,64,2048,4096,1305,1050,2.0847,324.23,348.23,1.7454,1410,-6.89,False,False
4,3.7,64,2048,4096,1305,1200,1.8631,313.08,348.23,1.7454,1410,-10.10,False,False
4,3.7,64,2048,4096,1305,1305,1.7362,293.71,348.23,1.7454,1410,-15.66,False,False
4,3.7,64,2048,4096,1305,1410,1.6287,296.42,348.23,1.7454,1410,-14.88,False,False
4,3.7,64,2048,8192,300,300,6.3528,810.96,714.32,1.8513,1380,+13.53,False,False
4,3.7,64,2048,8192,300,510,4.6675,653.63,714.32,1.8513,1380,-8.50,False,False
4,3.7,64,2048,8192,300,705,4.6675,630.58,714.32,1.8513,1380,-11.72,False,False
4,3.7,64,2048,8192,300,900,4.6675,618.37,714.32,1.8513,1380,-13.43,False,False
4,3.7,64,2048,8192,300,1050,4.6675,604.34,714.32,1.8513,1380,-15.40,False,False
4,3.7,64,2048,8192,300,1200,4.6675,610.70,714.32,1.8513,1380,-14.51,False,False
4,3.7,64,2048,8192,300,1305,4.6675,601.99,714.32,1.8513,1380,-15.73,False,False
4,3.7,64,2048,8192,300,1410,4.6675,613.92,714.32,1.8513,1380,-14.06,False,False
4,3.7,64,2048,8192,510,300,6.3528,807.99,714.32,1.8513,1380,+13.11,False,False
4,3.7,64,2048,8192,510,510,3.8852,603.59,714.32,1.8513,1380,-15.50,False,False
4,3.7,64,2048,8192,510,705,2.9546,526.83,714.32,1.8513,1380,-26.25,False,False
4,3.7,64,2048,8192,510,900,2.7647,503.53,714.32,1.8513,1380,-29.51,False,False
4,3.7,64,2048,8192,510,1050,2.7647,489.21,714.32,1.8513,1380,-31.51,False,False
4,3.7,64,2048,8192,510,1200,2.7647,495.28,714.32,1.8513,1380,-30.67,False,False
4,3.7,64,2048,8192,510,1305,2.7647,486.01,714.32,1.8513,1380,-31.96,False,False
4,3.7,64,2048,8192,510,1410,2.7647,497.39,714.32,1.8513,1380,-30.37,False,True
4,3.7,64,2048,8192,705,300,6.3528,815.76,714.32,1.8513,1380,+14.20,False,False
4,3.7,64,2048,8192,705,510,3.8852,607.14,714.32,1.8513,1380,-15.00,False,False
4,3.7,64,2048,8192,705,705,2.9546,528.79,714.32,1.8513,1380,-25.97,False,False
4,3.7,64,2048,8192,705,900,2.3857,482.63,714.32,1.8513,1380,-32.44,False,False
4,3.7,64,2048,8192,705,1050,2.0847,450.32,714.32,1.8513,1380,-36.96,False,False
4,3.7,64,2048,8192,705,1200,2.0110,451.87,714.32,1.8513,1380,-36.74,False,False
4,3.7,64,2048,8192,705,1305,2.0110,442.39,714.32,1.8513,1380,-38.07,False,False
4,3.7,64,2048,8192,705,1410,2.0110,453.55,714.32,1.8513,1380,-36.51,False,False
4,3.7,64,2048,8192,900,300,6.3528,829.41,714.32,1.8513,1380,+16.11,False,False
4,3.7,64,2048,8192,900,510,3.8852,616.09,714.32,1.8513,1380,-13.75,False,False
4,3.7,64,2048,8192,900,705,2.9546,535.96,714.32,1.8513,1380,-24.97,False,False
4,3.7,64,2048,8192,900,900,2.3857,488.71,714.32,1.8513,1380,-31.58,False,False
4,3.7,64,2048,8192,900,1050,2.0847,455.83,714.32,1.8513,1380,-36.19,False,False
4,3.7,64,2048,8192,900,1200,1.8631,448.12,714.32,1.8513,1380,-37.27,False,False
4,3.7,64,2048,8192,900,1305,1.7362,430.73,714.32,1.8513,1380,-39.70,True,False
4,3.7,64,2048,8192,900,1410,1.6287,435.12,714.32,1.8513,1380,-39.09,False,False
4,3.7,64,2048,8192,1050,300,6.3528,857.19,714.32,1.8513,1380,+20.00,False,False
4,3.7,64,2048,8192,1050,510,3.8852,634.00,714.32,1.8513,1380,-11.24,False,False
4,3.7,64,2048,8192,1050,705,2.9546,550.15,714.32,1.8513,1380,-22.98,False,False
4,3.7,64,2048,8192,1050,900,2.3857,500.63,714.32,1.8513,1380,-29.92,False,False
4,3.7,64,2048,8192,1050,1050,2.0847,466.54,714.32,1.8513,1380,-34.69,False,False
4,3.7,64,2048,8192,1050,1200,1.8631,457.95,714.32,1.8513,1380,-35.89,False,False
4,3.7,64,2048,8192,1050,1305,1.7362,440.06,714.32,1.8513,1380,-38.40,False,False
4,3.7,64,2048,8192,1050,1410,1.6287,444.01,714.32,1.8513,1380,-37.84,False,False
4,3.7,64,2048,8192,1200,300,6.3528,946.39,714.32,1.8513,1380,+32.49,False,False
4,3.7,64,2048,8192,1200,510,3.8852,713.34,714.32,1.8513,1380,-0.14,False,False
4,3.7,64,2048,8192,1200,705,2.9546,625.78,714.32,1.8513,1380,-12.40,False,False
4,3.7,64,2048,8192,1200,900,2.3857,573.98,714.32,1.8513,1380,-19.65,False,False
4,3.7,64,2048,8192,1200,1050,2.0847,538.69,714.32,1.8513,1380,-24.59,False,False
4,3.7,64,2048,8192,1200,1200,1.8631,529.21,714.32,1.8513,1380,-25.91,False,False
4,3.7,64,2048,8192,1200,1305,1.7362,510.81,714.32,1.8513,1380,-28.49,False,False
4,3.7,64,2048,8192,1200,1410,1.6287,514.33,714.32,1.8513,1380,-28.00,False,False
4,3.7,64,4096,4096,300,300,6.3528,679.01,482.67,1.7714,1410,+40.68,False,False
4,3.7,64,4096,4096,300,510,3.8852,477.55,482.67,1.7714,1410,-1.06,False,False
4,3.7,64,4096,4096,300,705,2.9546,401.89,482.67,1.7714,1410,-16.74,False,False
4,3.7,64,4096,4096,300,900,2.4177,359.19,482.67,1.7714,1410,-25.58,False,False
4,3.7,64,4096,4096,300,1050,2.4177,344.82,482.67,1.7714,1410,-28.56,False,False
4,3.7,64,4096,4096,300,1200,2.4177,350.83,482.67,1.7714,1410,-27.31,False,False
4,3.7,64,4096,4096,300,1305,2.4177,341.47,482.67,1.7714,1410,-29.26,False,False
4,3.7,64,4096,4096,300,1410,2.4177,352.74,482.67,1.7714,1410,-26.92,False,False
4,3.7,64,4096,4096,510,300,6.3528,680.52,482.67,1.7714,1410,+40.99,False,False
4,3.7,64,4096,4096,510,510,3.8852,476.12,482.67,1.7714,1410,-1.36,False,False
4,3.7,64,4096,4096,510,705,2.9546,399.36,482.67,1.7714,1410,-17.26,False,False
4,3.7,64,4096,4096,510,900,2.3857,354.17,482.67,1.7714,1410,-26.62,False,False
4,3.7,64,4096,4096,510,1050,2.0847,322.37,482.67,1.7714,1410,-33.21,False,False
4,3.7,64,4096,4096,510,1200,1.8631,315.47,482.67,1.7714,1410,-34.64,False,False
4,3.7,64,4096,4096,510,1305,1.7362,298.54,482.67,1.7714,1410,-38.15,True,False
4,3.7,64,4096,4096,510,1410,1.6287,303.31,482.67,1.7714,1410,-37.16,False,True
4,3.7,64,4096,4096,705,300,6.3528,689.90,482.67,1.7714,1410,+42.93,False,False
4,3.7,64,4096,4096,705,510,3.8852,481.29,482.67,1.7714,1410,-0.29,False,False
4,3.7,64,4096,4096,705,705,2.9546,402.94,482.67,1.7714,1410,-16.52,False,False
4,3.7,64,4096,4096,705,900,2.3857,356.77,482.67,1.7714,1410,-26.08,False,False
4,3.7,64,4096,4096,705,1050,2.0847,324.46,482.67,1.7714,1410,-32.78,False,False
4,3.7,64,4096,4096,705,1200,1.8631,317.18,482.67,1.7714,1410,-34.29,False,False
4,3.7,64,4096,4096,705,1305,1.7362,300.03,482.67,1.7714,1410,-37.84,False,False
4,3.7,64,4096,4096,705,1410,1.6287,304.62,482.67,1.7714,1410,-36.89,False,False
4,3.7,64,4096,4096,900,300,6.3528,702.50,482.67,1.7714,1410,+45.54,False,False
4,3.7,64,4096,4096,900,510,3.8852,489.18,482.67,1.7714,1410,+1.35,False,False
4,3.7,64,4096,4096,900,705,2.9546,409.05,482.67,1.7714,1410,-15.25,False,False
4,3.7,64,4096,4096,900,900,2.3857,361.81,482.67,1.7714,1410,-25.04,False,False
4,3.7,64,4096,4096,900,1050,2.0847,328.92,482.67,1.7714,1410,-31.85,False,False
4,3.7,64,4096,4096,900,1200,1.8631,321.21,482.67,1.7714,1410,-33.45,False,False
4,3.7,64,4096,4096,900,1305,1.7362,303.83,482.67,1.7714,1410,-37.05,False,False
4,3.7,64,4096,4096,900,1410,1.6287,308.21,482.67,1.7714,1410,-36.15,False,False
4,3.7,64,4096,4096,1050,300,6.3528,728.93,482.67,1.7714,1410,+51.02,False,False
4,3.7,64,4096,4096,1050,510,3.8852,505.74,482.67,1.7714,1410,+4.78,False,False
4,3.7,64,4096,4096,1050,705,2.9546,421.90,482.67,1.7714,1410,-12.59,False,False
4,3.7,64,4096,4096,1050,900,2.3857,372.37,482.67,1.7714,1410,-22.85,False,False
4,3.7,64,4096,4096,1050,1050,2.0847,338.29,482.67,1.7714,1410,-29.91,False,False
4,3.7,64,4096,4096,1050,1200,1.8631,329.69,482.67,1.7714,1410,-31.69,False,False
4,3.7,64,4096,4096,1050,1305,1.7362,311.80,482.67,1.7714,1410,-35.40,False,False
4,3.7,64,4096,4096,1050,1410,1.6287,315.75,482.67,1.7714,1410,-34.58,False,False
4,3.7,64,4096,4096,1200,300,6.3528,787.05,482.67,1.7714,1410,+63.06,False,False
4,3.7,64,4096,4096,1200,510,3.8852,554.00,482.67,1.7714,1410,+14.78,False,False
4,3.7,64,4096,4096,1200,705,2.9546,466.43,482.67,1.7714,1410,-3.36,False,False
4,3.7,64,4096,4096,1200,900,2.3857,414.63,482.67,1.7714,1410,-14.10,False,False
4,3.7,64,4096,4096,1200,1050,2.0847,379.34,482.67,1.7714,1410,-21.41,False,False
4,3.7,64,4096,4096,1200,1200,1.8631,369.87,482.67,1.7714,1410,-23.37,False,False
4,3.7,64,4096,4096,1200,1305,1.7362,351.46,482.67,1.7714,1410,-27.18,False,False
4,3.7,64,4096,4096,1200,1410,1.6287,354.98,482.67,1.7714,1410,-26.45,False,False
4,3.7,64,8192,8192,300,300,17.9194,2273.53,1880.92,4.7135,1170,+20.87,False,False
4,3.7,64,8192,8192,300,510,17.7895,2204.47,1880.92,4.7135,1170,+17.20,False,False
4,3.7,64,8192,8192,300,705,17.7405,2179.52,1880.92,4.7135,1170,+15.88,False,False
4,3.7,64,8192,8192,300,900,17.7106,2166.58,1880.92,4.7135,1170,+15.19,False,False
4,3.7,64,8192,8192,300,1050,17.6948,2153.66,1880.92,4.7135,1170,+14.50,False,False
4,3.7,64,8192,8192,300,1200,17.6831,2161.36,1880.92,4.7135,1170,+14.91,False,False
4,3.7,64,8192,8192,300,1305,17.6764,2156.05,1880.92,4.7135,1170,+14.63,False,False
4,3.7,64,8192,8192,300,1410,17.6707,2171.44,1880.92,4.7135,1170,+15.45,False,False
4,3.7,64,8192,8192,510,300,10.7021,1840.54,1880.92,4.7135,1170,-2.15,False,False
4,3.7,64,8192,8192,510,510,10.5722,1770.99,1880.92,4.7135,1170,-5.84,False,False
4,3.7,64,8192,8192,510,705,10.5233,1745.51,1880.92,4.7135,1170,-7.20,False,False
4,3.7,64,8192,8192,510,900,10.4933,1732.00,1880.92,4.7135,1170,-7.92,False,False
4,3.7,64,8192,8192,510,1050,10.4775,1717.95,1880.92,4.7135,1170,-8.66,False,False
4,3.7,64,8192,8192,510,1200,10.4658,1724.52,1880.92,4.7135,1170,-8.31,False,False
4,3.7,64,8192,8192,510,1305,10.4591,1717.11,1880.92,4.7135,1170,-8.71,False,False
4,3.7,64,8192,8192,510,1410,10.4535,1730.39,1880.92,4.7135,1170,-8.00,False,True
4,3.7,64,8192,8192,705,300,7.8493,1682.66,1880.92,4.7135,1170,-10.54,False,False
4,3.7,64,8192,8192,705,510,7.7194,1612.76,1880.92,4.7135,1170,-14.26,False,False
4,3.7,64,8192,8192,705,705,7.6704,1587.01,1880.92,4.7135,1170,-15.63,False,False
4,3.7,64,8192,8192,705,900,7.6405,1573.24,1880.92,4.7135,1170,-16.36,False,False
4,3.7,64,8192,8192,705,1050,7.6247,1558.73,1880.92,4.7135,1170,-17.13,False,False
4,3.7,64,8192,8192,705,1200,7.6130,1564.84,1880.92,4.7135,1170,-16.80,False,False
4,3.7,64,8192,8192,705,1305,7.6063,1556.59,1880.92,4.7135,1170,-17.24,False,False
4,3.7,64,8192,8192,705,1410,7.6007,1569.03,1880.92,4.7135,1170,-16.58,False,False
4,3.7,64,8192,8192,900,300,6.3528,1609.28,1880.92,4.7135,1170,-14.44,False,False
4,3.7,64,8192,8192,900,510,6.1012,1531.62,1880.92,4.7135,1170,-18.57,False,False
4,3.7,64,8192,8192,900,705,6.0523,1505.67,1880.92,4.7135,1170,-19.95,False,False
4,3.7,64,8192,8192,900,900,6.0223,1491.72,1880.92,4.7135,1170,-20.69,False,False
4,3.7,64,8192,8192,900,1050,6.0065,1476.93,1880.92,4.7135,1170,-21.48,False,False
4,3.7,64,8192,8192,900,1200,5.9948,1482.77,1880.92,4.7135,1170,-21.17,False,False
4,3.7,64,8192,8192,900,1305,5.9881,1474.03,1880.92,4.7135,1170,-21.63,False,False
4,3.7,64,8192,8192,900,1410,5.9825,1486.00,1880.92,4.7135,1170,-21.00,False,False
4,3.7,64,8192,8192,1050,300,6.3528,1654.14,1880.92,4.7135,1170,-12.06,False,False
4,3.7,64,8192,8192,1050,510,5.2777,1521.77,1880.92,4.7135,1170,-19.09,False,False
4,3.7,64,8192,8192,1050,705,5.2288,1495.57,1880.92,4.7135,1170,-20.49,False,False
4,3.7,64,8192,8192,1050,900,5.1988,1481.44,1880.92,4.7135,1170,-21.24,False,False
4,3.7,64,8192,8192,1050,1050,5.1830,1466.46,1880.92,4.7135,1170,-22.04,False,False
4,3.7,64,8192,8192,1050,1200,5.1713,1472.13,1880.92,4.7135,1170,-21.73,False,False
4,3.7,64,8192,8192,1050,1305,5.1646,1463.12,1880.92,4.7135,1170,-22.21,True,False
4,3.7,64,8192,8192,1050,1410,5.1590,1474.82,1880.92,4.7135,1170,-21.59,False,False
4,3.7,64,8192,8192,1200,300,6.3528,1936.21,1880.92,4.7135,1170,+2.94,False,False
4,3.7,64,8192,8192,1200,510,4.6534,1756.33,1880.92,4.7135,1170,-6.62,False,False
4,3.7,64,8192,8192,1200,705,4.6044,1729.89,1880.92,4.7135,1170,-8.03,False,False
4,3.7,64,8192,8192,1200,900,4.5744,1715.59,1880.92,4.7135,1170,-8.79,False,False
4,3.7,64,8192,8192,1200,1050,4.5586,1700.45,1880.92,4.7135,1170,-9.59,False,False
4,3.7,64,8192,8192,1200,1200,4.5469,1705.98,1880.92,4.7135,1170,-9.30,False,False
4,3.7,64,8192,8192,1200,1305,4.5403,1696.77,1880.92,4.7135,1170,-9.79,False,False
4,3.7,64,8192,8192,1200,1410,4.5346,1708.26,1880.92,4.7135,1170,-9.18,False,False
4,3.7,128,1024,4096,300,300,12.5676,1100.11,484.92,3.3630,1410,+126.87,False,False
4,3.7,128,1024,4096,300,510,7.6629,705.12,484.92,3.3630,1410,+45.41,False,False
4,3.7,128,1024,4096,300,705,5.8320,557.15,484.92,3.3630,1410,+14.90,False,False
4,3.7,128,1024,4096,300,900,4.6902,470.00,484.92,3.3630,1410,-3.08,False,False
4,3.7,128,1024,4096,300,1050,4.1045,408.04,484.92,3.3630,1410,-15.85,False,False
4,3.7,128,1024,4096,300,1200,3.6562,399.82,484.92,3.3630,1410,-17.55,False,False
4,3.7,128,1024,4096,300,1305,3.4065,365.33,484.92,3.3630,1410,-24.66,True,False
4,3.7,128,1024,4096,300,1410,3.1832,370.06,484.92,3.3630,1410,-23.69,False,False
4,3.7,128,1024,4096,510,300,12.5676,1112.48,484.92,3.3630,1410,+129.42,False,False
4,3.7,128,1024,4096,510,510,7.6629,711.66,484.92,3.3630,1410,+46.76,False,False
4,3.7,128,1024,4096,510,705,5.8320,561.51,484.92,3.3630,1410,+15.79,False,False
4,3.7,128,1024,4096,510,900,4.6902,472.99,484.92,3.3630,1410,-2.46,False,False
4,3.7,128,1024,4096,510,1050,4.1045,410.33,484.92,3.3630,1410,-15.38,False,False
4,3.7,128,1024,4096,510,1200,3.6562,401.58,484.92,3.3630,1410,-17.19,False,False
4,3.7,128,1024,4096,510,1305,3.4065,366.79,484.92,3.3630,1410,-24.36,False,False
4,3.7,128,1024,4096,510,1410,3.1832,371.26,484.92,3.3630,1410,-23.44,False,True
4,3.7,128,1024,4096,705,300,12.5676,1133.07,484.92,3.3630,1410,+133.66,False,False
4,3.7,128,1024,4096,705,510,7.6629,723.86,484.92,3.3630,1410,+49.28,False,False
4,3.7,128,1024,4096,705,705,5.8320,570.58,484.92,3.3630,1410,+17.67,False,False
4,3.7,128,1024,4096,705,900,4.6902,480.12,484.92,3.3630,1410,-0.99,False,False
4,3.7,128,1024,4096,705,1050,4.1045,416.46,484.92,3.3630,1410,-14.12,False,False
4,3.7,128,1024,4096,705,1200,3.6562,406.94,484.92,3.3630,1410,-16.08,False,False
4,3.7,128,1024,4096,705,1305,3.4065,371.73,484.92,3.3630,1410,-23.34,False,False
4,3.7,128,1024,4096,705,1410,3.1832,375.81,484.92,3.3630,1410,-22.50,False,False
4,3.7,128,1024,4096,900,300,12.5676,1156.72,484.92,3.3630,1410,+138.54,False,False
4,3.7,128,1024,4096,900,510,7.6629,738.17,484.92,3.3630,1410,+52.23,False,False
4,3.7,128,1024,4096,900,705,5.8320,581.40,484.92,3.3630,1410,+19.90,False,False
4,3.7,128,1024,4096,900,900,4.6902,488.75,484.92,3.3630,1410,+0.79,False,False
4,3.7,128,1024,4096,900,1050,4.1045,423.98,484.92,3.3630,1410,-12.57,False,False
4,3.7,128,1024,4096,900,1200,3.6562,413.60,484.92,3.3630,1410,-14.71,False,False
4,3.7,128,1024,4096,900,1305,3.4065,377.92,484.92,3.3630,1410,-22.07,False,False
4,3.7,128,1024,4096,900,1410,3.1832,381.58,484.92,3.3630,1410,-21.31,False,False
4,3.7,128,1024,4096,1050,300,12.5676,1206.85,484.92,3.3630,1410,+148.88,False,False
4,3.7,128,1024,4096,1050,510,7.6629,768.68,484.92,3.3630,1410,+58.52,False,False
4,3.7,128,1024,4096,1050,705,5.8320,604.59,484.92,3.3630,1410,+24.68,False,False
4,3.7,128,1024,4096,1050,900,4.6902,507.39,484.92,3.3630,1410,+4.63,False,False
4,3.7,128,1024,4096,1050,1050,4.1045,440.27,484.92,3.3630,1410,-9.21,False,False
4,3.7,128,1024,4096,1050,1200,3.6562,428.10,484.92,3.3630,1410,-11.72,False,False
4,3.7,128,1024,4096,1050,1305,3.4065,391.41,484.92,3.3630,1410,-19.28,False,False
4,3.7,128,1024,4096,1050,1410,3.1832,394.18,484.92,3.3630,1410,-18.71,False,False
4,3.7,128,1024,4096,1200,300,12.5676,1264.51,484.92,3.3630,1410,+160.77,False,False
4,3.7,128,1024,4096,1200,510,7.6629,806.73,484.92,3.3630,1410,+66.37,False,False
4,3.7,128,1024,4096,1200,705,5.8320,635.33,484.92,3.3630,1410,+31.02,False,False
4,3.7,128,1024,4096,1200,900,4.6902,533.55,484.92,3.3630,1410,+10.03,False,False
4,3.7,128,1024,4096,1200,1050,4.1045,464.10,484.92,3.3630,1410,-4.29,False,False
4,3.7,128,1024,4096,1200,1200,3.6562,450.14,484.92,3.3630,1410,-7.17,False,False
4,3.7,128,1024,4096,1200,1305,3.4065,412.45,484.92,3.3630,1410,-14.94,False,False
4,3.7,128,1024,4096,1200,1410,3.1832,414.33,484.92,3.3630,1410,-14.56,False,False
4,3.7,128,1024,4096,1305,300,12.5676,1364.75,484.92,3.3630,1410,+181.44,False,False
4,3.7,128,1024,4096,1305,510,7.6629,869.87,484.92,3.3630,1410,+79.39,False,False
4,3.7,128,1024,4096,1305,705,5.8320,684.61,484.92,3.3630,1410,+41.18,False,False
4,3.7,128,1024,4096,1305,900,4.6902,574.20,484.92,3.3630,1410,+18.41,False,False
4,3.7,128,1024,4096,1305,1050,4.1045,500.31,484.92,3.3630,1410,+3.18,False,False
4,3.7,128,1024,4096,1305,1200,3.6562,482.96,484.92,3.3630,1410,-0.40,False,False
4,3.7,128,1024,4096,1305,1305,3.4065,443.39,484.92,3.3630,1410,-8.56,False,False
4,3.7,128,1024,4096,1305,1410,3.1832,443.58,484.92,3.3630,1410,-8.53,False,False
4,3.7,128,1024,4096,1410,300,12.5676,1473.75,484.92,3.3630,1410,+203.92,False,False
4,3.7,128,1024,4096,1410,510,7.6629,941.76,484.92,3.3630,1410,+94.21,False,False
4,3.7,128,1024,4096,1410,705,5.8320,742.65,484.92,3.3630,1410,+53.15,False,False
4,3.7,128,1024,4096,1410,900,4.6902,623.60,484.92,3.3630,1410,+28.60,False,False
4,3.7,128,1024,4096,1410,1050,4.1045,545.28,484.92,3.3630,1410,+12.45,False,False
4,3.7,128,1024,4096,1410,1200,3.6562,524.54,484.92,3.3630,1410,+8.17,False,False
4,3.7,128,1024,4096,1410,1305,3.4065,483.08,484.92,3.3630,1410,-0.38,False,False
4,3.7,128,1024,4096,1410,1410,3.1832,481.57,484.92,3.3630,1410,-0.69,False,False
4,3.7,128,1024,8192,300,300,12.5676,1206.28,652.80,3.3417,1410,+84.78,False,False
4,3.7,128,1024,8192,300,510,7.6629,811.29,652.80,3.3417,1410,+24.28,False,False
4,3.7,128,1024,8192,300,705,5.8320,663.32,652.80,3.3417,1410,+1.61,False,False
4,3.7,128,1024,8192,300,900,4.6902,576.16,652.80,3.3417,1410,-11.74,False,False
4,3.7,128,1024,8192,300,1050,4.1045,514.20,652.80,3.3417,1410,-21.23,False,False
4,3.7,128,1024,8192,300,1200,3.6562,505.98,652.80,3.3417,1410,-22.49,False,False
4,3.7,128,1024,8192,300,1305,3.4065,471.49,652.80,3.3417,1410,-27.77,False,False
4,3.7,128,1024,8192,300,1410,3.1832,476.22,652.80,3.3417,1410,-27.05,False,False
4,3.7,128,1024,8192,510,300,12.5676,1214.85,652.80,3.3417,1410,+86.10,False,False
4,3.7,128,1024,8192,510,510,7.6629,814.02,652.80,3.3417,1410,+24.70,False,False
4,3.7,128,1024,8192,510,705,5.8320,663.87,652.80,3.3417,1410,+1.70,False,False
4,3.7,128,1024,8192,510,900,4.6902,575.35,652.80,3.3417,1410,-11.86,False,False
4,3.7,128,1024,8192,510,1050,4.1045,512.70,652.80,3.3417,1410,-21.46,False,False
4,3.7,128,1024,8192,510,1200,3.6562,503.94,652.80,3.3417,1410,-22.80,False,False
4,3.7,128,1024,8192,510,1305,3.4065,469.16,652.80,3.3417,1410,-28.13,True,False
4,3.7,128,1024,8192,510,1410,3.1832,473.62,652.80,3.3417,1410,-27.45,False,True
4,3.7,128,1024,8192,705,300,12.5676,1234.36,652.80,3.3417,1410,+89.09,False,False
4,3.7,128,1024,8192,705,510,7.6629,825.16,652.80,3.3417,1410,+26.40,False,False
4,3.7,128,1024,8192,705,705,5.8320,671.88,652.80,3.3417,1410,+2.92,False,False
4,3.7,128,1024,8192,705,900,4.6902,581.42,652.80,3.3417,1410,-10.94,False,False
4,3.7,128,1024,8192,705,1050,4.1045,517.76,652.80,3.3417,1410,-20.69,False,False
4,3.7,128,1024,8192,705,1200,3.6562,508.24,652.80,3.3417,1410,-22.15,False,False
4,3.7,128,1024,8192,705,1305,3.4065,473.02,652.80,3.3417,1410,-27.54,False,False
4,3.7,128,1024,8192,705,1410,3.1832,477.11,652.80,3.3417,1410,-26.91,False,False
4,3.7,128,1024,8192,900,300,12.5676,1258.62,652.80,3.3417,1410,+92.80,False,False
4,3.7,128,1024,8192,900,510,7.6629,840.06,652.80,3.3417,1410,+28.69,False,False
4,3.7,128,1024,8192,900,705,5.8320,683.29,652.80,3.3417,1410,+4.67,False,False
4,3.7,128,1024,8192,900,900,4.6902,590.65,652.80,3.3417,1410,-9.52,False,False
4,3.7,128,1024,8192,900,1050,4.1045,525.88,652.80,3.3417,1410,-19.44,False,False
4,3.7,128,1024,8192,900,1200,3.6562,515.50,652.80,3.3417,1410,-21.03,False,False
4,3.7,128,1024,8192,900,1305,3.4065,479.81,652.80,3.3417,1410,-26.50,False,False
4,3.7,128,1024,8192,900,1410,3.1832,483.47,652.80,3.3417,1410,-25.94,False,False
4,3.7,128,1024,8192,1050,300,12.5676,1310.07,652.80,3.3417,1410,+100.68,False,False
4,3.7,128,1024,8192,1050,510,7.6629,871.91,652.80,3.3417,1410,+33.56,False,False
4,3.7,128,1024,8192,1050,705,5.8320,707.82,652.80,3.3417,1410,+8.43,False,False
4,3.7,128,1024,8192,1050,900,4.6902,610.61,652.80,3.3417,1410,-6.46,False,False
4,3.7,128,1024,8192,1050,1050,4.1045,543.49,652.80,3.3417,1410,-16.74,False,False
4,3.7,128,1024,8192,1050,1200,3.6562,531.33,652.80,3.3417,1410,-18.61,False,False
4,3.7,128,1024,8192,1050,1305,3.4065,494.64,652.80,3.3417,1410,-24.23,False,False
4,3.7,128,1024,8192,1050,1410,3.1832,497.41,652.80,3.3417,1410,-23.80,False,False
4,3.7,128,1024,8192,1200,300,12.5676,1392.02,652.80,3.3417,1410,+113.24,False,False
4,3.7,128,1024,8192,1200,510,7.6629,934.25,652.80,3.3417,1410,+43.11,False,False
4,3.7,128,1024,8192,1200,705,5.8320,762.84,652.80,3.3417,1410,+16.86,False,False
4,3.7,128,1024,8192,1200,900,4.6902,661.07,652.80,3.3417,1410,+1.27,False,False
4,3.7,128,1024,8192,1200,1050,4.1045,591.61,652.80,3.3417,1410,-9.37,False,False
4,3.7,128,1024,8192,1200,1200,3.6562,577.65,652.80,3.3417,1410,-11.51,False,False
4,3.7,128,1024,8192,1200,1305,3.4065,539.97,652.80,3.3417,1410,-17.28,False,False
4,3.7,128,1024,8192,1200,1410,3.1832,541.84,652.80,3.3417,1410,-17.00,False,False
4,3.7,128,2048,4096,300,300,12.5676,1133.76,536.93,3.3109,1410,+111.16,False,False
4,3.7,128,2048,4096,300,510,7.6629,738.77,536.93,3.3109,1410,+37.59,False,False
4,3.7,128,2048,4096,300,705,5.8320,590.80,536.93,3.3109,1410,+10.03,False,False
4,3.7,128,2048,4096,300,900,4.6902,503.65,536.93,3.3109,1410,-6.20,False,False
4,3.7,128,2048,4096,300,1050,4.1045,441.69,536.93,3.3109,1410,-17.74,False,False
4,3.7,128,2048,4096,300,1200,3.6562,433.47,536.93,3.3109,1410,-19.27,False,False
4,3.7,128,2048,4096,300,1305,3.4065,398.98,536.93,3.3109,1410,-25.69,True,False
4,3.7,128,2048,4096,300,1410,3.1832,403.71,536.93,3.3109,1410,-24.81,False,False
4,3.7,128,2048,4096,510,300,12.5676,1145.00,536.93,3.3109,1410,+113.25,False,False
4,3.7,128,2048,4096,510,510,7.6629,744.17,536.93,3.3109,1410,+38.60,False,False
4,3.7,128,2048,4096,510,705,5.8320,594.02,536.93,3.3109,1410,+10.63,False,False
4,3.7,128,2048,4096,510,900,4.6902,505.51,536.93,3.3109,1410,-5.85,False,False
4,3.7,128,2048,4096,510,1050,4.1045,442.85,536.93,3.3109,1410,-17.52,False,False
4,3.7,128,2048,4096,510,1200,3.6562,434.10,536.93,3.3109,1410,-19.15,False,False
4,3.7,128,2048,4096,510,1305,3.4065,399.31,536.93,3.3109,1410,-25.63,False,False
4,3.7,128,2048,4096,510,1410,3.1832,403.78,536.93,3.3109,1410,-24.80,False,True
4,3.7,128,2048,4096,705,300,12.5676,1165.34,536.93,3.3109,1410,+117.04,False,False
4,3.7,128,2048,4096,705,510,7.6629,756.13,536.93,3.3109,1410,+40.83,False,False
4,3.7,128,2048,4096,705,705,5.8320,602.85,536.93,3.3109,1410,+12.28,False,False
4,3.7,128,2048,4096,705,900,4.6902,512.39,536.93,3.3109,1410,-4.57,False,False
4,3.7,128,2048,4096,705,1050,4.1045,448.73,536.93,3.3109,1410,-16.43,False,False
4,3.7,128,2048,4096,705,1200,3.6562,439.21,536.93,3.3109,1410,-18.20,False,False
4,3.7,128,2048,4096,705,1305,3.4065,404.00,536.93,3.3109,1410,-24.76,False,False
4,3.7,128,2048,4096,705,1410,3.1832,408.08,536.93,3.3109,1410,-24.00,False,False
4,3.7,128,2048,4096,900,300,12.5676,1189.25,536.93,3.3109,1410,+121.49,False,False
4,3.7,128,2048,4096,900,510,7.6629,770.69,536.93,3.3109,1410,+43.54,False,False
4,3.7,128,2048,4096,900,705,5.8320,613.92,536.93,3.3109,1410,+14.34,False,False
4,3.7,128,2048,4096,900,900,4.6902,521.28,536.93,3.3109,1410,-2.91,False,False
4,3.7,128,2048,4096,900,1050,4.1045,456.51,536.93,3.3109,1410,-14.98,False,False
4,3.7,128,2048,4096,900,1200,3.6562,446.13,536.93,3.3109,1410,-16.91,False,False
4,3.7,128,2048,4096,900,1305,3.4065,410.44,536.93,3.3109,1410,-23.56,False,False
4,3.7,128,2048,4096,900,1410,3.1832,414.10,536.93,3.3109,1410,-22.88,False,False
4,3.7,128,2048,4096,1050,300,12.5676,1239.95,536.93,3.3109,1410,+130.93,False,False
4,3.7,128,2048,4096,1050,510,7.6629,801.78,536.93,3.3109,1410,+49.33,False,False
4,3.7,128,2048,4096,1050,705,5.8320,637.70,536.93,3.3109,1410,+18.77,False,False
4,3.7,128,2048,4096,1050,900,4.6902,540.49,536.93,3.3109,1410,+0.66,False,False
4,3.7,128,2048,4096,1050,1050,4.1045,473.37,536.93,3.3109,1410,-11.84,False,False
4,3.7,128,2048,4096,1050,1200,3.6562,461.21,536.93,3.3109,1410,-14.10,False,False
4,3.7,128,2048,4096,1050,1305,3.4065,424.52,536.93,3.3109,1410,-20.94,False,False
4,3.7,128,2048,4096,1050,1410,3.1832,427.29,536.93,3.3109,1410,-20.42,False,False
4,3.7,128,2048,4096,1200,300,12.5676,1305.80,536.93,3.3109,1410,+143.20,False,False
4,3.7,128,2048,4096,1200,510,7.6629,848.02,536.93,3.3109,1410,+57.94,False,False
4,3.7,128,2048,4096,1200,705,5.8320,676.62,536.93,3.3109,1410,+26.02,False,False
4,3.7,128,2048,4096,1200,900,4.6902,574.84,536.93,3.3109,1410,+7.06,False,False
4,3.7,128,2048,4096,1200,1050,4.1045,505.39,536.93,3.3109,1410,-5.87,False,False
4,3.7,128,2048,4096,1200,1200,3.6562,491.43,536.93,3.3109,1410,-8.47,False,False
4,3.7,128,2048,4096,1200,1305,3.4065,453.74,536.93,3.3109,1410,-15.49,False,False
4,3.7,128,2048,4096,1200,1410,3.1832,455.62,536.93,3.3109,1410,-15.14,False,False
4,3.7,128,2048,4096,1305,300,12.5676,1413.09,536.93,3.3109,1410,+163.18,False,False
4,3.7,128,2048,4096,1305,510,7.6629,918.21,536.93,3.3109,1410,+71.01,False,False
4,3.7,128,2048,4096,1305,705,5.8320,732.95,536.93,3.3109,1410,+36.51,False,False
4,3.7,128,2048,4096,1305,900,4.6902,622.54,536.93,3.3109,1410,+15.95,False,False
4,3.7,128,2048,4096,1305,1050,4.1045,548.65,536.93,3.3109,1410,+2.18,False,False
4,3.7,128,2048,4096,1305,1200,3.6562,531.30,536.93,3.3109,1410,-1.05,False,False
4,3.7,128,2048,4096,1305,1305,3.4065,491.73,536.93,3.3109,1410,-8.42,False,False
4,3.7,128,2048,4096,1305,1410,3.1832,491.92,536.93,3.3109,1410,-8.38,False,False
4,3.7,128,2048,8192,300,300,12.5676,1333.26,895.17,3.4067,1410,+48.94,False,False
4,3.7,128,2048,8192,300,510,7.6629,938.27,895.17,3.4067,1410,+4.81,False,False
4,3.7,128,2048,8192,300,705,5.8320,790.29,895.17,3.4067,1410,-11.72,False,False
4,3.7,128,2048,8192,300,900,4.6902,703.14,895.17,3.4067,1410,-21.45,False,False
4,3.7,128,2048,8192,300,1050,4.6675,673.10,895.17,3.4067,1410,-24.81,False,False
4,3.7,128,2048,8192,300,1200,4.6675,690.46,895.17,3.4067,1410,-22.87,False,False
4,3.7,128,2048,8192,300,1305,4.6675,670.53,895.17,3.4067,1410,-25.09,False,False
4,3.7,128,2048,8192,300,1410,4.6675,688.46,895.17,3.4067,1410,-23.09,False,False
4,3.7,128,2048,8192,510,300,12.5676,1337.69,895.17,3.4067,1410,+49.43,False,False
4,3.7,128,2048,8192,510,510,7.6629,936.86,895.17,3.4067,1410,+4.66,False,False
4,3.7,128,2048,8192,510,705,5.8320,786.71,895.17,3.4067,1410,-12.12,False,False
4,3.7,128,2048,8192,510,900,4.6902,698.19,895.17,3.4067,1410,-22.00,False,False
4,3.7,128,2048,8192,510,1050,4.1045,635.53,895.17,3.4067,1410,-29.00,False,False
4,3.7,128,2048,8192,510,1200,3.6562,626.78,895.17,3.4067,1410,-29.98,False,False
4,3.7,128,2048,8192,510,1305,3.4065,591.99,895.17,3.4067,1410,-33.87,True,False
4,3.7,128,2048,8192,510,1410,3.1832,596.46,895.17,3.4067,1410,-33.37,False,True
4,3.7,128,2048,8192,705,300,12.5676,1356.07,895.17,3.4067,1410,+51.49,False,False
4,3.7,128,2048,8192,705,510,7.6629,946.86,895.17,3.4067,1410,+5.77,False,False
4,3.7,128,2048,8192,705,705,5.8320,793.59,895.17,3.4067,1410,-11.35,False,False
4,3.7,128,2048,8192,705,900,4.6902,703.12,895.17,3.4067,1410,-21.45,False,False
4,3.7,128,2048,8192,705,1050,4.1045,639.46,895.17,3.4067,1410,-28.57,False,False
4,3.7,128,2048,8192,705,1200,3.6562,629.94,895.17,3.4067,1410,-29.63,False,False
4,3.7,128,2048,8192,705,1305,3.4065,594.73,895.17,3.4067,1410,-33.56,False,False
4,3.7,128,2048,8192,705,1410,3.1832,598.82,895.17,3.4067,1410,-33.11,False,False
4,3.7,128,2048,8192,900,300,12.5676,1381.57,895.17,3.4067,1410,+54.34,False,False
4,3.7,128,2048,8192,900,510,7.6629,963.01,895.17,3.4067,1410,+7.58,False,False
4,3.7,128,2048,8192,900,705,5.8320,806.24,895.17,3.4067,1410,-9.93,False,False
4,3.7,128,2048,8192,900,900,4.6902,713.60,895.17,3.4067,1410,-20.28,False,False
4,3.7,128,2048,8192,900,1050,4.1045,648.82,895.17,3.4067,1410,-27.52,False,False
4,3.7,128,2048,8192,900,1200,3.6562,638.45,895.17,3.4067,1410,-28.68,False,False
4,3.7,128,2048,8192,900,1305,3.4065,602.76,895.17,3.4067,1410,-32.67,False,False
4,3.7,128,2048,8192,900,1410,3.1832,606.42,895.17,3.4067,1410,-32.26,False,False
4,3.7,128,2048,8192,1050,300,12.5676,1434.19,895.17,3.4067,1410,+60.21,False,False
4,3.7,128,2048,8192,1050,510,7.6629,996.02,895.17,3.4067,1410,+11.27,False,False
4,3.7,128,2048,8192,1050,705,5.8320,831.94,895.17,3.4067,1410,-7.06,False,False
4,3.7,128,2048,8192,1050,900,4.6902,734.73,895.17,3.4067,1410,-17.92,False,False
4,3.7,128,2048,8192,1050,1050,4.1045,667.61,895.17,3.4067,1410,-25.42,False,False
4,3.7,128,2048,8192,1050,1200,3.6562,655.44,895.17,3.4067,1410,-26.78,False,False
4,3.7,128,2048,8192,1050,1305,3.4065,618.76,895.17,3.4067,1410,-30.88,False,False
4,3.7,128,2048,8192,1050,1410,3.1832,621.53,895.17,3.4067,1410,-30.57,False,False
4,3.7,128,2048,8192,1200,300,12.5676,1548.24,895.17,3.4067,1410,+72.95,False,False
4,3.7,128,2048,8192,1200,510,7.6629,1090.47,895.17,3.4067,1410,+21.82,False,False
4,3.7,128,2048,8192,1200,705,5.8320,919.06,895.17,3.4067,1410,+2.67,False,False
4,3.7,128,2048,8192,1200,900,4.6902,817.29,895.17,3.4067,1410,-8.70,False,False
4,3.7,128,2048,8192,1200,1050,4.1045,747.83,895.17,3.4067,1410,-16.46,False,False
4,3.7,128,2048,8192,1200,1200,3.6562,733.87,895.17,3.4067,1410,-18.02,False,False
4,3.7,128,2048,8192,1200,1305,3.4065,696.19,895.17,3.4067,1410,-22.23,False,False
4,3.7,128,2048,8192,1200,1410,3.1832,698.06,895.17,3.4067,1410,-22.02,False,False
4,3.7,128,4096,4096,300,300,12.5676,1201.31,666.30,3.3327,1410,+80.29,False,False
4,3.7,128,4096,4096,300,510,7.6629,806.32,666.30,3.3327,1410,+21.01,False,False
4,3.7,128,4096,4096,300,705,5.8320,658.35,666.30,3.3327,1410,-1.19,False,False
4,3.7,128,4096,4096,300,900,4.6902,571.19,666.30,3.3327,1410,-14.27,False,False
4,3.7,128,4096,4096,300,1050,4.1045,509.23,666.30,3.3327,1410,-23.57,False,False
4,3.7,128,4096,4096,300,1200,3.6562,501.01,666.30,3.3327,1410,-24.81,False,False
4,3.7,128,4096,4096,300,1305,3.4065,466.52,666.30,3.3327,1410,-29.98,False,False
4,3.7,128,4096,4096,300,1410,3.1832,471.25,666.30,3.3327,1410,-29.27,False,False
4,3.7,128,4096,4096,510,300,12.5676,1210.21,666.30,3.3327,1410,+81.63,False,False
4,3.7,128,4096,4096,510,510,7.6629,809.39,666.30,3.3327,1410,+21.47,False,False
4,3.7,128,4096,4096,510,705,5.8320,659.24,666.30,3.3327,1410,-1.06,False,False
4,3.7,128,4096,4096,510,900,4.6902,570.72,666.30,3.3327,1410,-14.34,False,False
4,3.7,128,4096,4096,510,1050,4.1045,508.06,666.30,3.3327,1410,-23.75,False,False
4,3.7,128,4096,4096,510,1200,3.6562,499.31,666.30,3.3327,1410,-25.06,False,False
4,3.7,128,4096,4096,510,1305,3.4065,464.52,666.30,3.3327,1410,-30.28,True,False
4,3.7,128,4096,4096,510,1410,3.1832,468.99,666.30,3.3327,1410,-29.61,False,True
4,3.7,128,4096,4096,705,300,12.5676,1230.21,666.30,3.3327,1410,+84.63,False,False
4,3.7,128,4096,4096,705,510,7.6629,821.01,666.30,3.3327,1410,+23.22,False,False
4,3.7,128,4096,4096,705,705,5.8320,667.73,666.30,3.3327,1410,+0.21,False,False
4,3.7,128,4096,4096,705,900,4.6902,577.26,666.30,3.3327,1410,-13.36,False,False
4,3.7,128,4096,4096,705,1050,4.1045,513.60,666.30,3.3327,1410,-22.92,False,False
4,3.7,128,4096,4096,705,1200,3.6562,504.08,666.30,3.3327,1410,-24.35,False,False
4,3.7,128,4096,4096,705,1305,3.4065,468.87,666.30,3.3327,1410,-29.63,False,False
4,3.7,128,4096,4096,705,1410,3.1832,472.96,666.30,3.3327,1410,-29.02,False,False
4,3.7,128,4096,4096,900,300,12.5676,1254.66,666.30,3.3327,1410,+88.30,False,False
4,3.7,128,4096,4096,900,510,7.6629,836.10,666.30,3.3327,1410,+25.48,False,False
4,3.7,128,4096,4096,900,705,5.8320,679.33,666.30,3.3327,1410,+1.96,False,False
4,3.7,128,4096,4096,900,900,4.6902,586.69,666.30,3.3327,1410,-11.95,False,False
4,3.7,128,4096,4096,900,1050,4.1045,521.91,666.30,3.3327,1410,-21.67,False,False
4,3.7,128,4096,4096,900,1200,3.6562,511.54,666.30,3.3327,1410,-23.23,False,False
4,3.7,128,4096,4096,900,1305,3.4065,475.85,666.30,3.3327,1410,-28.58,False,False
4,3.7,128,4096,4096,900,1410,3.1832,479.51,666.30,3.3327,1410,-28.03,False,False
4,3.7,128,4096,4096,1050,300,12.5676,1305.93,666.30,3.3327,1410,+96.00,False,False
4,3.7,128,4096,4096,1050,510,7.6629,867.77,666.30,3.3327,1410,+30.24,False,False
4,3.7,128,4096,4096,1050,705,5.8320,703.68,666.30,3.3327,1410,+5.61,False,False
4,3.7,128,4096,4096,1050,900,4.6902,606.47,666.30,3.3327,1410,-8.98,False,False
4,3.7,128,4096,4096,1050,1050,4.1045,539.35,666.30,3.3327,1410,-19.05,False,False
4,3.7,128,4096,4096,1050,1200,3.6562,527.19,666.30,3.3327,1410,-20.88,False,False
4,3.7,128,4096,4096,1050,1305,3.4065,490.50,666.30,3.3327,1410,-26.38,False,False
4,3.7,128,4096,4096,1050,1410,3.1832,493.27,666.30,3.3327,1410,-25.97,False,False
4,3.7,128,4096,4096,1200,300,12.5676,1388.90,666.30,3.3327,1410,+108.45,False,False
4,3.7,128,4096,4096,1200,510,7.6629,931.12,666.30,3.3327,1410,+39.75,False,False
4,3.7,128,4096,4096,1200,705,5.8320,759.72,666.30,3.3327,1410,+14.02,False,False
4,3.7,128,4096,4096,1200,900,4.6902,657.95,666.30,3.3327,1410,-1.25,False,False
4,3.7,128,4096,4096,1200,1050,4.1045,588.49,666.30,3.3327,1410,-11.68,False,False
4,3.7,128,4096,4096,1200,1200,3.6562,574.53,666.30,3.3327,1410,-13.77,False,False
4,3.7,128,4096,4096,1200,1305,3.4065,536.84,666.30,3.3327,1410,-19.43,False,False
4,3.7,128,4096,4096,1200,1410,3.1832,538.72,666.30,3.3327,1410,-19.15,False,False
4,3.7,128,8192,8192,300,300,18.2465,2463.96,1929.65,4.8356,1170,+27.69,False,False
4,3.7,128,8192,8192,300,510,17.9883,2331.35,1929.65,4.8356,1170,+20.82,False,False
4,3.7,128,8192,8192,300,705,17.8920,2282.02,1929.65,4.8356,1170,+18.26,False,False
4,3.7,128,8192,8192,300,900,17.8319,2256.92,1929.65,4.8356,1170,+16.96,False,False
4,3.7,128,8192,8192,300,1050,17.8011,2228.44,1929.65,4.8356,1170,+15.48,False,False
4,3.7,128,8192,8192,300,1200,17.7775,2246.48,1929.65,4.8356,1170,+16.42,False,False
4,3.7,128,8192,8192,300,1305,17.7643,2229.62,1929.65,4.8356,1170,+15.55,False,False
4,3.7,128,8192,8192,300,1410,17.7526,2250.68,1929.65,4.8356,1170,+16.64,False,False
4,3.7,128,8192,8192,510,300,12.5676,2119.90,1929.65,4.8356,1170,+9.86,False,False
4,3.7,128,8192,8192,510,510,10.7711,1898.11,1929.65,4.8356,1170,-1.63,False,False
4,3.7,128,8192,8192,510,705,10.6747,1848.19,1929.65,4.8356,1170,-4.22,False,False
4,3.7,128,8192,8192,510,900,10.6146,1822.49,1929.65,4.8356,1170,-5.55,False,False
4,3.7,128,8192,8192,510,1050,10.5838,1792.86,1929.65,4.8356,1170,-7.09,False,False
4,3.7,128,8192,8192,510,1200,10.5602,1809.76,1929.65,4.8356,1170,-6.21,False,False
4,3.7,128,8192,8192,510,1305,10.5471,1790.78,1929.65,4.8356,1170,-7.20,False,False
4,3.7,128,8192,8192,510,1410,10.5353,1809.73,1929.65,4.8356,1170,-6.21,False,True
4,3.7,128,8192,8192,705,300,12.5676,2134.28,1929.65,4.8356,1170,+10.60,False,False
4,3.7,128,8192,8192,705,510,7.9105,1739.76,1929.65,4.8356,1170,-9.84,False,False
4,3.7,128,8192,8192,705,705,7.8219,1689.95,1929.65,4.8356,1170,-12.42,False,False
4,3.7,128,8192,8192,705,900,7.7618,1663.94,1929.65,4.8356,1170,-13.77,False,False
4,3.7,128,8192,8192,705,1050,7.7310,1633.82,1929.65,4.8356,1170,-15.33,False,False
4,3.7,128,8192,8192,705,1200,7.7074,1650.24,1929.65,4.8356,1170,-14.48,False,False
4,3.7,128,8192,8192,705,1305,7.6942,1630.41,1929.65,4.8356,1170,-15.51,False,False
4,3.7,128,8192,8192,705,1410,7.6825,1648.51,1929.65,4.8356,1170,-14.57,False,False
4,3.7,128,8192,8192,900,300,12.5676,2161.44,1929.65,4.8356,1170,+12.01,False,False
4,3.7,128,8192,8192,900,510,7.6629,1742.88,1929.65,4.8356,1170,-9.68,False,False
4,3.7,128,8192,8192,900,705,6.2037,1608.89,1929.65,4.8356,1170,-16.62,False,False
4,3.7,128,8192,8192,900,900,6.1436,1582.65,1929.65,4.8356,1170,-17.98,False,False
4,3.7,128,8192,8192,900,1050,6.1128,1552.23,1929.65,4.8356,1170,-19.56,False,False
4,3.7,128,8192,8192,900,1200,6.0892,1568.35,1929.65,4.8356,1170,-18.72,False,False
4,3.7,128,8192,8192,900,1305,6.0760,1548.02,1929.65,4.8356,1170,-19.78,False,False
4,3.7,128,8192,8192,900,1410,6.0643,1565.63,1929.65,4.8356,1170,-18.86,False,False
4,3.7,128,8192,8192,1050,300,12.5676,2231.14,1929.65,4.8356,1170,+15.62,False,False
4,3.7,128,8192,8192,1050,510,7.6629,1792.98,1929.65,4.8356,1170,-7.08,False,False
4,3.7,128,8192,8192,1050,705,5.8320,1628.89,1929.65,4.8356,1170,-15.59,False,False
4,3.7,128,8192,8192,1050,900,5.3201,1572.85,1929.65,4.8356,1170,-18.49,False,False
4,3.7,128,8192,8192,1050,1050,5.2893,1542.18,1929.65,4.8356,1170,-20.08,False,False
4,3.7,128,8192,8192,1050,1200,5.2657,1558.08,1929.65,4.8356,1170,-19.26,False,False
4,3.7,128,8192,8192,1050,1305,5.2526,1537.46,1929.65,4.8356,1170,-20.32,True,False
4,3.7,128,8192,8192,1050,1410,5.2408,1554.78,1929.65,4.8356,1170,-19.43,False,False
4,3.7,128,8192,8192,1200,300,12.5676,2538.06,1929.65,4.8356,1170,+31.53,False,False
4,3.7,128,8192,8192,1200,510,7.6629,2080.29,1929.65,4.8356,1170,+7.81,False,False
4,3.7,128,8192,8192,1200,705,5.8320,1908.88,1929.65,4.8356,1170,-1.08,False,False
4,3.7,128,8192,8192,1200,900,4.6902,1807.11,1929.65,4.8356,1170,-6.35,False,False
4,3.7,128,8192,8192,1200,1050,4.6649,1776.60,1929.65,4.8356,1170,-7.93,False,False
4,3.7,128,8192,8192,1200,1200,4.6413,1792.31,1929.65,4.8356,1170,-7.12,False,False
4,3.7,128,8192,8192,1200,1305,4.6282,1771.46,1929.65,4.8356,1170,-8.20,False,False
4,3.7,128,8192,8192,1200,1410,4.6164,1788.55,1929.65,4.8356,1170,-7.31,False,False
4,3.7,256,1024,4096,300,300,25.0214,2141.45,901.38,6.4936,1410,+137.57,False,False
4,3.7,256,1024,4096,300,510,15.2321,1356.34,901.38,6.4936,1410,+50.47,False,False
4,3.7,256,1024,4096,300,705,11.6080,1062.80,901.38,6.4936,1410,+17.91,False,False
4,3.7,256,1024,4096,300,900,9.3114,883.95,901.38,6.4936,1410,-1.93,False,False
4,3.7,256,1024,4096,300,1050,8.1303,766.03,901.38,6.4936,1410,-15.02,False,False
4,3.7,256,1024,4096,300,1200,7.2375,741.13,901.38,6.4936,1410,-17.78,False,False
4,3.7,256,1024,4096,300,1305,6.7275,683.54,901.38,6.4936,1410,-24.17,False,False
4,3.7,256,1024,4096,300,1410,6.2983,667.78,901.38,6.4936,1410,-25.92,True,False
4,3.7,256,1024,4096,510,300,25.0214,2168.64,901.38,6.4936,1410,+140.59,False,False
4,3.7,256,1024,4096,510,510,15.2321,1371.88,901.38,6.4936,1410,+52.20,False,False
4,3.7,256,1024,4096,510,705,11.6080,1074.03,901.38,6.4936,1410,+19.15,False,False
4,3.7,256,1024,4096,510,900,9.3114,892.44,901.38,6.4936,1410,-0.99,False,False
4,3.7,256,1024,4096,510,1050,8.1303,773.12,901.38,6.4936,1410,-14.23,False,False
4,3.7,256,1024,4096,510,1200,7.2375,747.15,901.38,6.4936,1410,-17.11,False,False
4,3.7,256,1024,4096,510,1305,6.7275,688.96,901.38,6.4936,1410,-23.57,False,False
4,3.7,256,1024,4096,510,1410,6.2983,672.69,901.38,6.4936,1410,-25.37,False,True
4,3.7,256,1024,4096,705,300,25.0214,2210.50,901.38,6.4936,1410,+145.23,False,False
4,3.7,256,1024,4096,705,510,15.2321,1397.01,901.38,6.4936,1410,+54.99,False,False
4,3.7,256,1024,4096,705,705,11.6080,1092.98,901.38,6.4936,1410,+21.26,False,False
4,3.7,256,1024,4096,705,900,9.3114,907.46,901.38,6.4936,1410,+0.67,False,False
4,3.7,256,1024,4096,705,1050,8.1303,786.12,901.38,6.4936,1410,-12.79,False,False
4,3.7,256,1024,4096,705,1200,7.2375,758.63,901.38,6.4936,1410,-15.84,False,False
4,3.7,256,1024,4096,705,1305,6.7275,699.57,901.38,6.4936,1410,-22.39,False,False
4,3.7,256,1024,4096,705,1410,6.2983,682.56,901.38,6.4936,1410,-24.28,False,False
4,3.7,256,1024,4096,900,300,25.0214,2257.90,901.38,6.4936,1410,+150.49,False,False
4,3.7,256,1024,4096,900,510,15.2321,1425.75,901.38,6.4936,1410,+58.17,False,False
4,3.7,256,1024,4096,900,705,11.6080,1114.80,901.38,6.4936,1410,+23.68,False,False
4,3.7,256,1024,4096,900,900,9.3114,924.91,901.38,6.4936,1410,+2.61,False,False
4,3.7,256,1024,4096,900,1050,8.1303,801.32,901.38,6.4936,1410,-11.10,False,False
4,3.7,256,1024,4096,900,1200,7.2375,772.13,901.38,6.4936,1410,-14.34,False,False
4,3.7,256,1024,4096,900,1305,6.7275,712.09,901.38,6.4936,1410,-21.00,False,False
4,3.7,256,1024,4096,900,1410,6.2983,694.26,901.38,6.4936,1410,-22.98,False,False
4,3.7,256,1024,4096,1050,300,25.0214,2357.81,901.38,6.4936,1410,+161.58,False,False
4,3.7,256,1024,4096,1050,510,15.2321,1486.52,901.38,6.4936,1410,+64.92,False,False
4,3.7,256,1024,4096,1050,705,11.6080,1161.09,901.38,6.4936,1410,+28.81,False,False
4,3.7,256,1024,4096,1050,900,9.3114,962.02,901.38,6.4936,1410,+6.73,False,False
4,3.7,256,1024,4096,1050,1050,8.1303,833.70,901.38,6.4936,1410,-7.51,False,False
4,3.7,256,1024,4096,1050,1200,7.2375,800.94,901.38,6.4936,1410,-11.14,False,False
4,3.7,256,1024,4096,1050,1305,6.7275,738.87,901.38,6.4936,1410,-18.03,False,False
4,3.7,256,1024,4096,1050,1410,6.2983,719.32,901.38,6.4936,1410,-20.20,False,False
4,3.7,256,1024,4096,1200,300,25.0214,2465.26,901.38,6.4936,1410,+173.50,False,False
4,3.7,256,1024,4096,1200,510,15.2321,1554.84,901.38,6.4936,1410,+72.49,False,False
4,3.7,256,1024,4096,1200,705,11.6080,1214.91,901.38,6.4936,1410,+34.78,False,False
4,3.7,256,1024,4096,1200,900,9.3114,1006.66,901.38,6.4936,1410,+11.68,False,False
4,3.7,256,1024,4096,1200,1050,8.1303,873.63,901.38,6.4936,1410,-3.08,False,False
4,3.7,256,1024,4096,1200,1200,7.2375,837.29,901.38,6.4936,1410,-7.11,False,False
4,3.7,256,1024,4096,1200,1305,6.7275,773.18,901.38,6.4936,1410,-14.22,False,False
4,3.7,256,1024,4096,1200,1410,6.2983,751.92,901.38,6.4936,1410,-16.58,False,False
4,3.7,256,1024,4096,1305,300,25.0214,2659.72,901.38,6.4936,1410,+195.07,False,False
4,3.7,256,1024,4096,1305,510,15.2321,1675.24,901.38,6.4936,1410,+85.85,False,False
4,3.7,256,1024,4096,1305,705,11.6080,1307.90,901.38,6.4936,1410,+45.10,False,False
4,3.7,256,1024,4096,1305,900,9.3114,1082.27,901.38,6.4936,1410,+20.07,False,False
4,3.7,256,1024,4096,1305,1050,8.1303,940.30,901.38,6.4936,1410,+4.32,False,False
4,3.7,256,1024,4096,1305,1200,7.2375,897.22,901.38,6.4936,1410,-0.46,False,False
4,3.7,256,1024,4096,1305,1305,6.7275,829.24,901.38,6.4936,1410,-8.00,False,False
4,3.7,256,1024,4096,1305,1410,6.2983,804.74,901.38,6.4936,1410,-10.72,False,False
4,3.7,256,1024,4096,1410,300,25.0214,2862.93,901.38,6.4936,1410,+217.62,False,False
4,3.7,256,1024,4096,1410,510,15.2321,1804.39,901.38,6.4936,1410,+100.18,False,False
4,3.7,256,1024,4096,1410,705,11.6080,1409.63,901.38,6.4936,1410,+56.39,False,False
4,3.7,256,1024,4096,1410,900,9.3114,1166.63,901.38,6.4936,1410,+29.43,False,False
4,3.7,256,1024,4096,1410,1050,8.1303,1015.73,901.38,6.4936,1410,+12.69,False,False
4,3.7,256,1024,4096,1410,1200,7.2375,965.89,901.38,6.4936,1410,+7.16,False,False
4,3.7,256,1024,4096,1410,1305,6.7275,894.05,901.38,6.4936,1410,-0.81,False,False
4,3.7,256,1024,4096,1410,1410,6.2983,866.30,901.38,6.4936,1410,-3.89,False,False
4,3.7,256,1024,8192,300,300,25.0214,2247.61,1064.79,6.4611,1410,+111.08,False,False
4,3.7,256,1024,8192,300,510,15.2321,1462.50,1064.79,6.4611,1410,+37.35,False,False
4,3.7,256,1024,8192,300,705,11.6080,1168.97,1064.79,6.4611,1410,+9.78,False,False
4,3.7,256,1024,8192,300,900,9.3114,990.11,1064.79,6.4611,1410,-7.01,False,False
4,3.7,256,1024,8192,300,1050,8.1303,872.19,1064.79,6.4611,1410,-18.09,False,False
4,3.7,256,1024,8192,300,1200,7.2375,847.29,1064.79,6.4611,1410,-20.43,False,False
4,3.7,256,1024,8192,300,1305,6.7275,789.71,1064.79,6.4611,1410,-25.83,False,False
4,3.7,256,1024,8192,300,1410,6.2983,773.94,1064.79,6.4611,1410,-27.32,True,False
4,3.7,256,1024,8192,510,300,25.0214,2271.00,1064.79,6.4611,1410,+113.28,False,False
4,3.7,256,1024,8192,510,510,15.2321,1474.24,1064.79,6.4611,1410,+38.45,False,False
4,3.7,256,1024,8192,510,705,11.6080,1176.39,1064.79,6.4611,1410,+10.48,False,False
4,3.7,256,1024,8192,510,900,9.3114,994.81,1064.79,6.4611,1410,-6.57,False,False
4,3.7,256,1024,8192,510,1050,8.1303,875.48,1064.79,6.4611,1410,-17.78,False,False
4,3.7,256,1024,8192,510,1200,7.2375,849.52,1064.79,6.4611,1410,-20.22,False,False
4,3.7,256,1024,8192,510,1305,6.7275,791.32,1064.79,6.4611,1410,-25.68,False,False
4,3.7,256,1024,8192,510,1410,6.2983,775.05,1064.79,6.4611,1410,-27.21,False,True
4,3.7,256,1024,8192,705,300,25.0214,2311.79,1064.79,6.4611,1410,+117.11,False,False
4,3.7,256,1024,8192,705,510,15.2321,1498.31,1064.79,6.4611,1410,+40.71,False,False
4,3.7,256,1024,8192,705,705,11.6080,1194.27,1064.79,6.4611,1410,+12.16,False,False
4,3.7,256,1024,8192,705,900,9.3114,1008.76,1064.79,6.4611,1410,-5.26,False,False
4,3.7,256,1024,8192,705,1050,8.1303,887.42,1064.79,6.4611,1410,-16.66,False,False
4,3.7,256,1024,8192,705,1200,7.2375,859.93,1064.79,6.4611,1410,-19.24,False,False
4,3.7,256,1024,8192,705,1305,6.7275,800.87,1064.79,6.4611,1410,-24.79,False,False
4,3.7,256,1024,8192,705,1410,6.2983,783.86,1064.79,6.4611,1410,-26.38,False,False
4,3.7,256,1024,8192,900,300,25.0214,2359.80,1064.79,6.4611,1410,+121.62,False,False
4,3.7,256,1024,8192,900,510,15.2321,1527.65,1064.79,6.4611,1410,+43.47,False,False
4,3.7,256,1024,8192,900,705,11.6080,1216.70,1064.79,6.4611,1410,+14.27,False,False
4,3.7,256,1024,8192,900,900,9.3114,1026.81,1064.79,6.4611,1410,-3.57,False,False
4,3.7,256,1024,8192,900,1050,8.1303,903.22,1064.79,6.4611,1410,-15.17,False,False
4,3.7,256,1024,8192,900,1200,7.2375,874.02,1064.79,6.4611,1410,-17.92,False,False
4,3.7,256,1024,8192,900,1305,6.7275,813.99,1064.79,6.4611,1410,-23.55,False,False
4,3.7,256,1024,8192,900,1410,6.2983,796.16,1064.79,6.4611,1410,-25.23,False,False
4,3.7,256,1024,8192,1050,300,25.0214,2461.03,1064.79,6.4611,1410,+131.13,False,False
4,3.7,256,1024,8192,1050,510,15.2321,1589.75,1064.79,6.4611,1410,+49.30,False,False
4,3.7,256,1024,8192,1050,705,11.6080,1264.32,1064.79,6.4611,1410,+18.74,False,False
4,3.7,256,1024,8192,1050,900,9.3114,1065.24,1064.79,6.4611,1410,+0.04,False,False
4,3.7,256,1024,8192,1050,1050,8.1303,936.93,1064.79,6.4611,1410,-12.01,False,False
4,3.7,256,1024,8192,1050,1200,7.2375,904.17,1064.79,6.4611,1410,-15.09,False,False
4,3.7,256,1024,8192,1050,1305,6.7275,842.09,1064.79,6.4611,1410,-20.92,False,False
4,3.7,256,1024,8192,1050,1410,6.2983,822.55,1064.79,6.4611,1410,-22.75,False,False
4,3.7,256,1024,8192,1200,300,25.0214,2592.77,1064.79,6.4611,1410,+143.50,False,False
4,3.7,256,1024,8192,1200,510,15.2321,1682.35,1064.79,6.4611,1410,+58.00,False,False
4,3.7,256,1024,8192,1200,705,11.6080,1342.43,1064.79,6.4611,1410,+26.07,False,False
4,3.7,256,1024,8192,1200,900,9.3114,1134.18,1064.79,6.4611,1410,+6.52,False,False
4,3.7,256,1024,8192,1200,1050,8.1303,1001.14,1064.79,6.4611,1410,-5.98,False,False
4,3.7,256,1024,8192,1200,1200,7.2375,964.81,1064.79,6.4611,1410,-9.39,False,False
4,3.7,256,1024,8192,1200,1305,6.7275,900.70,1064.79,6.4611,1410,-15.41,False,False
4,3.7,256,1024,8192,1200,1410,6.2983,879.44,1064.79,6.4611,1410,-17.41,False,False
4,3.7,256,2048,4096,300,300,25.0214,2175.10,959.85,6.4329,1410,+126.61,False,False
4,3.7,256,2048,4096,300,510,15.2321,1389.99,959.85,6.4329,1410,+44.81,False,False
4,3.7,256,2048,4096,300,705,11.6080,1096.45,959.85,6.4329,1410,+14.23,False,False
4,3.7,256,2048,4096,300,900,9.3114,917.60,959.85,6.4329,1410,-4.40,False,False
4,3.7,256,2048,4096,300,1050,8.1303,799.68,959.85,6.4329,1410,-16.69,False,False
4,3.7,256,2048,4096,300,1200,7.2375,774.78,959.85,6.4329,1410,-19.28,False,False
4,3.7,256,2048,4096,300,1305,6.7275,717.19,959.85,6.4329,1410,-25.28,False,False
4,3.7,256,2048,4096,300,1410,6.2983,701.43,959.85,6.4329,1410,-26.92,True,False
4,3.7,256,2048,4096,510,300,25.0214,2201.16,959.85,6.4329,1410,+129.32,False,False
4,3.7,256,2048,4096,510,510,15.2321,1404.39,959.85,6.4329,1410,+46.31,False,False
4,3.7,256,2048,4096,510,705,11.6080,1106.55,959.85,6.4329,1410,+15.28,False,False
4,3.7,256,2048,4096,510,900,9.3114,924.96,959.85,6.4329,1410,-3.64,False,False
4,3.7,256,2048,4096,510,1050,8.1303,805.64,959.85,6.4329,1410,-16.07,False,False
4,3.7,256,2048,4096,510,1200,7.2375,779.67,959.85,6.4329,1410,-18.77,False,False
4,3.7,256,2048,4096,510,1305,6.7275,721.48,959.85,6.4329,1410,-24.83,False,False
4,3.7,256,2048,4096,510,1410,6.2983,705.20,959.85,6.4329,1410,-26.53,False,True
4,3.7,256,2048,4096,705,300,25.0214,2242.77,959.85,6.4329,1410,+133.66,False,False
4,3.7,256,2048,4096,705,510,15.2321,1429.28,959.85,6.4329,1410,+48.91,False,False
4,3.7,256,2048,4096,705,705,11.6080,1125.25,959.85,6.4329,1410,+17.23,False,False
4,3.7,256,2048,4096,705,900,9.3114,939.73,959.85,6.4329,1410,-2.10,False,False
4,3.7,256,2048,4096,705,1050,8.1303,818.39,959.85,6.4329,1410,-14.74,False,False
4,3.7,256,2048,4096,705,1200,7.2375,790.90,959.85,6.4329,1410,-17.60,False,False
4,3.7,256,2048,4096,705,1305,6.7275,731.84,959.85,6.4329,1410,-23.76,False,False
4,3.7,256,2048,4096,705,1410,6.2983,714.83,959.85,6.4329,1410,-25.53,False,False
4,3.7,256,2048,4096,900,300,25.0214,2290.43,959.85,6.4329,1410,+138.62,False,False
4,3.7,256,2048,4096,900,510,15.2321,1458.28,959.85,6.4329,1410,+51.93,False,False
4,3.7,256,2048,4096,900,705,11.6080,1147.33,959.85,6.4329,1410,+19.53,False,False
4,3.7,256,2048,4096,900,900,9.3114,957.44,959.85,6.4329,1410,-0.25,False,False
4,3.7,256,2048,4096,900,1050,8.1303,833.85,959.85,6.4329,1410,-13.13,False,False
4,3.7,256,2048,4096,900,1200,7.2375,804.65,959.85,6.4329,1410,-16.17,False,False
4,3.7,256,2048,4096,900,1305,6.7275,744.62,959.85,6.4329,1410,-22.42,False,False
4,3.7,256,2048,4096,900,1410,6.2983,726.79,959.85,6.4329,1410,-24.28,False,False
4,3.7,256,2048,4096,1050,300,25.0214,2390.91,959.85,6.4329,1410,+149.09,False,False
4,3.7,256,2048,4096,1050,510,15.2321,1519.63,959.85,6.4329,1410,+58.32,False,False
4,3.7,256,2048,4096,1050,705,11.6080,1194.19,959.85,6.4329,1410,+24.41,False,False
4,3.7,256,2048,4096,1050,900,9.3114,995.12,959.85,6.4329,1410,+3.67,False,False
4,3.7,256,2048,4096,1050,1050,8.1303,866.81,959.85,6.4329,1410,-9.69,False,False
4,3.7,256,2048,4096,1050,1200,7.2375,834.04,959.85,6.4329,1410,-13.11,False,False
4,3.7,256,2048,4096,1050,1305,6.7275,771.97,959.85,6.4329,1410,-19.57,False,False
4,3.7,256,2048,4096,1050,1410,6.2983,752.43,959.85,6.4329,1410,-21.61,False,False
4,3.7,256,2048,4096,1200,300,25.0214,2506.55,959.85,6.4329,1410,+161.14,False,False
4,3.7,256,2048,4096,1200,510,15.2321,1596.13,959.85,6.4329,1410,+66.29,False,False
4,3.7,256,2048,4096,1200,705,11.6080,1256.20,959.85,6.4329,1410,+30.87,False,False
4,3.7,256,2048,4096,1200,900,9.3114,1047.95,959.85,6.4329,1410,+9.18,False,False
4,3.7,256,2048,4096,1200,1050,8.1303,914.91,959.85,6.4329,1410,-4.68,False,False
4,3.7,256,2048,4096,1200,1200,7.2375,878.58,959.85,6.4329,1410,-8.47,False,False
4,3.7,256,2048,4096,1200,1305,6.7275,814.47,959.85,6.4329,1410,-15.15,False,False
4,3.7,256,2048,4096,1200,1410,6.2983,793.21,959.85,6.4329,1410,-17.36,False,False
4,3.7,256,2048,4096,1305,300,25.0214,2708.06,959.85,6.4329,1410,+182.13,False,False
4,3.7,256,2048,4096,1305,510,15.2321,1723.58,959.85,6.4329,1410,+79.57,False,False
4,3.7,256,2048,4096,1305,705,11.6080,1356.24,959.85,6.4329,1410,+41.30,False,False
4,3.7,256,2048,4096,1305,900,9.3114,1130.61,959.85,6.4329,1410,+17.79,False,False
4,3.7,256,2048,4096,1305,1050,8.1303,988.64,959.85,6.4329,1410,+3.00,False,False
4,3.7,256,2048,4096,1305,1200,7.2375,945.56,959.85,6.4329,1410,-1.49,False,False
4,3.7,256,2048,4096,1305,1305,6.7275,877.58,959.85,6.4329,1410,-8.57,False,False
4,3.7,256,2048,4096,1305,1410,6.2983,853.08,959.85,6.4329,1410,-11.12,False,False
4,3.7,256,2048,8192,300,300,25.0214,2374.59,1311.86,6.5276,1410,+81.01,False,False
4,3.7,256,2048,8192,300,510,15.2321,1589.48,1311.86,6.5276,1410,+21.16,False,False
4,3.7,256,2048,8192,300,705,11.6080,1295.95,1311.86,6.5276,1410,-1.21,False,False
4,3.7,256,2048,8192,300,900,9.3114,1117.09,1311.86,6.5276,1410,-14.85,False,False
4,3.7,256,2048,8192,300,1050,8.1303,999.17,1311.86,6.5276,1410,-23.84,False,False
4,3.7,256,2048,8192,300,1200,7.2375,974.27,1311.86,6.5276,1410,-25.73,False,False
4,3.7,256,2048,8192,300,1305,6.7275,916.68,1311.86,6.5276,1410,-30.12,False,False
4,3.7,256,2048,8192,300,1410,6.2983,900.92,1311.86,6.5276,1410,-31.32,False,False
4,3.7,256,2048,8192,510,300,25.0214,2393.84,1311.86,6.5276,1410,+82.48,False,False
4,3.7,256,2048,8192,510,510,15.2321,1597.08,1311.86,6.5276,1410,+21.74,False,False
4,3.7,256,2048,8192,510,705,11.6080,1299.23,1311.86,6.5276,1410,-0.96,False,False
4,3.7,256,2048,8192,510,900,9.3114,1117.64,1311.86,6.5276,1410,-14.80,False,False
4,3.7,256,2048,8192,510,1050,8.1303,998.32,1311.86,6.5276,1410,-23.90,False,False
4,3.7,256,2048,8192,510,1200,7.2375,972.36,1311.86,6.5276,1410,-25.88,False,False
4,3.7,256,2048,8192,510,1305,6.7275,914.16,1311.86,6.5276,1410,-30.32,False,False
4,3.7,256,2048,8192,510,1410,6.2983,897.89,1311.86,6.5276,1410,-31.56,True,True
4,3.7,256,2048,8192,705,300,25.0214,2433.50,1311.86,6.5276,1410,+85.50,False,False
4,3.7,256,2048,8192,705,510,15.2321,1620.01,1311.86,6.5276,1410,+23.49,False,False
4,3.7,256,2048,8192,705,705,11.6080,1315.98,1311.86,6.5276,1410,+0.31,False,False
4,3.7,256,2048,8192,705,900,9.3114,1130.47,1311.86,6.5276,1410,-13.83,False,False
4,3.7,256,2048,8192,705,1050,8.1303,1009.13,1311.86,6.5276,1410,-23.08,False,False
4,3.7,256,2048,8192,705,1200,7.2375,981.64,1311.86,6.5276,1410,-25.17,False,False
4,3.7,256,2048,8192,705,1305,6.7275,922.57,1311.86,6.5276,1410,-29.67,False,False
4,3.7,256,2048,8192,705,1410,6.2983,905.56,1311.86,6.5276,1410,-30.97,False,False
4,3.7,256,2048,8192,900,300,25.0214,2482.74,1311.86,6.5276,1410,+89.25,False,False
4,3.7,256,2048,8192,900,510,15.2321,1650.59,1311.86,6.5276,1410,+25.82,False,False
4,3.7,256,2048,8192,900,705,11.6080,1339.65,1311.86,6.5276,1410,+2.12,False,False
4,3.7,256,2048,8192,900,900,9.3114,1149.75,1311.86,6.5276,1410,-12.36,False,False
4,3.7,256,2048,8192,900,1050,8.1303,1026.16,1311.86,6.5276,1410,-21.78,False,False
4,3.7,256,2048,8192,900,1200,7.2375,996.97,1311.86,6.5276,1410,-24.00,False,False
4,3.7,256,2048,8192,900,1305,6.7275,936.93,1311.86,6.5276,1410,-28.58,False,False
4,3.7,256,2048,8192,900,1410,6.2983,919.11,1311.86,6.5276,1410,-29.94,False,False
4,3.7,256,2048,8192,1050,300,25.0214,2585.15,1311.86,6.5276,1410,+97.06,False,False
4,3.7,256,2048,8192,1050,510,15.2321,1713.87,1311.86,6.5276,1410,+30.64,False,False
4,3.7,256,2048,8192,1050,705,11.6080,1388.43,1311.86,6.5276,1410,+5.84,False,False
4,3.7,256,2048,8192,1050,900,9.3114,1189.36,1311.86,6.5276,1410,-9.34,False,False
4,3.7,256,2048,8192,1050,1050,8.1303,1061.05,1311.86,6.5276,1410,-19.12,False,False
4,3.7,256,2048,8192,1050,1200,7.2375,1028.28,1311.86,6.5276,1410,-21.62,False,False
4,3.7,256,2048,8192,1050,1305,6.7275,966.21,1311.86,6.5276,1410,-26.35,False,False
4,3.7,256,2048,8192,1050,1410,6.2983,946.67,1311.86,6.5276,1410,-27.84,False,False
4,3.7,256,2048,8192,1200,300,25.0214,2748.99,1311.86,6.5276,1410,+109.55,False,False
4,3.7,256,2048,8192,1200,510,15.2321,1838.57,1311.86,6.5276,1410,+40.15,False,False
4,3.7,256,2048,8192,1200,705,11.6080,1498.65,1311.86,6.5276,1410,+14.24,False,False
4,3.7,256,2048,8192,1200,900,9.3114,1290.39,1311.86,6.5276,1410,-1.64,False,False
4,3.7,256,2048,8192,1200,1050,8.1303,1157.36,1311.86,6.5276,1410,-11.78,False,False
4,3.7,256,2048,8192,1200,1200,7.2375,1121.03,1311.86,6.5276,1410,-14.55,False,False
4,3.7,256,2048,8192,1200,1305,6.7275,1056.91,1311.86,6.5276,1410,-19.43,False,False
4,3.7,256,2048,8192,1200,1410,6.2983,1035.65,1311.86,6.5276,1410,-21.05,False,False
4,3.7,256,4096,4096,300,300,25.0214,2242.64,1071.89,6.4386,1410,+109.22,False,False
4,3.7,256,4096,4096,300,510,15.2321,1457.53,1071.89,6.4386,1410,+35.98,False,False
4,3.7,256,4096,4096,300,705,11.6080,1164.00,1071.89,6.4386,1410,+8.59,False,False
4,3.7,256,4096,4096,300,900,9.3114,985.14,1071.89,6.4386,1410,-8.09,False,False
4,3.7,256,4096,4096,300,1050,8.1303,867.22,1071.89,6.4386,1410,-19.09,False,False
4,3.7,256,4096,4096,300,1200,7.2375,842.32,1071.89,6.4386,1410,-21.42,False,False
4,3.7,256,4096,4096,300,1305,6.7275,784.74,1071.89,6.4386,1410,-26.79,False,False
4,3.7,256,4096,4096,300,1410,6.2983,768.97,1071.89,6.4386,1410,-28.26,True,False
4,3.7,256,4096,4096,510,300,25.0214,2266.37,1071.89,6.4386,1410,+111.44,False,False
4,3.7,256,4096,4096,510,510,15.2321,1469.61,1071.89,6.4386,1410,+37.10,False,False
4,3.7,256,4096,4096,510,705,11.6080,1171.76,1071.89,6.4386,1410,+9.32,False,False
4,3.7,256,4096,4096,510,900,9.3114,990.17,1071.89,6.4386,1410,-7.62,False,False
4,3.7,256,4096,4096,510,1050,8.1303,870.85,1071.89,6.4386,1410,-18.76,False,False
4,3.7,256,4096,4096,510,1200,7.2375,844.88,1071.89,6.4386,1410,-21.18,False,False
4,3.7,256,4096,4096,510,1305,6.7275,786.69,1071.89,6.4386,1410,-26.61,False,False
4,3.7,256,4096,4096,510,1410,6.2983,770.42,1071.89,6.4386,1410,-28.13,False,True
4,3.7,256,4096,4096,705,300,25.0214,2307.64,1071.89,6.4386,1410,+115.29,False,False
4,3.7,256,4096,4096,705,510,15.2321,1494.16,1071.89,6.4386,1410,+39.39,False,False
4,3.7,256,4096,4096,705,705,11.6080,1190.12,1071.89,6.4386,1410,+11.03,False,False
4,3.7,256,4096,4096,705,900,9.3114,1004.61,1071.89,6.4386,1410,-6.28,False,False
4,3.7,256,4096,4096,705,1050,8.1303,883.27,1071.89,6.4386,1410,-17.60,False,False
4,3.7,256,4096,4096,705,1200,7.2375,855.78,1071.89,6.4386,1410,-20.16,False,False
4,3.7,256,4096,4096,705,1305,6.7275,796.71,1071.89,6.4386,1410,-25.67,False,False
4,3.7,256,4096,4096,705,1410,6.2983,779.70,1071.89,6.4386,1410,-27.26,False,False
4,3.7,256,4096,4096,900,300,25.0214,2355.83,1071.89,6.4386,1410,+119.78,False,False
4,3.7,256,4096,4096,900,510,15.2321,1523.68,1071.89,6.4386,1410,+42.15,False,False
4,3.7,256,4096,4096,900,705,11.6080,1212.74,1071.89,6.4386,1410,+13.14,False,False
4,3.7,256,4096,4096,900,900,9.3114,1022.85,1071.89,6.4386,1410,-4.58,False,False
4,3.7,256,4096,4096,900,1050,8.1303,899.26,1071.89,6.4386,1410,-16.11,False,False
4,3.7,256,4096,4096,900,1200,7.2375,870.06,1071.89,6.4386,1410,-18.83,False,False
4,3.7,256,4096,4096,900,1305,6.7275,810.03,1071.89,6.4386,1410,-24.43,False,False
4,3.7,256,4096,4096,900,1410,6.2983,792.20,1071.89,6.4386,1410,-26.09,False,False
4,3.7,256,4096,4096,1050,300,25.0214,2456.89,1071.89,6.4386,1410,+129.21,False,False
4,3.7,256,4096,4096,1050,510,15.2321,1585.61,1071.89,6.4386,1410,+47.93,False,False
4,3.7,256,4096,4096,1050,705,11.6080,1260.17,1071.89,6.4386,1410,+17.57,False,False
4,3.7,256,4096,4096,1050,900,9.3114,1061.10,1071.89,6.4386,1410,-1.01,False,False
4,3.7,256,4096,4096,1050,1050,8.1303,932.79,1071.89,6.4386,1410,-12.98,False,False
4,3.7,256,4096,4096,1050,1200,7.2375,900.03,1071.89,6.4386,1410,-16.03,False,False
4,3.7,256,4096,4096,1050,1305,6.7275,837.95,1071.89,6.4386,1410,-21.83,False,False
4,3.7,256,4096,4096,1050,1410,6.2983,818.41,1071.89,6.4386,1410,-23.65,False,False
4,3.7,256,4096,4096,1200,300,25.0214,2589.65,1071.89,6.4386,1410,+141.60,False,False
4,3.7,256,4096,4096,1200,510,15.2321,1679.23,1071.89,6.4386,1410,+56.66,False,False
4,3.7,256,4096,4096,1200,705,11.6080,1339.30,1071.89,6.4386,1410,+24.95,False,False
4,3.7,256,4096,4096,1200,900,9.3114,1131.05,1071.89,6.4386,1410,+5.52,False,False
4,3.7,256,4096,4096,1200,1050,8.1303,998.02,1071.89,6.4386,1410,-6.89,False,False
4,3.7,256,4096,4096,1200,1200,7.2375,961.68,1071.89,6.4386,1410,-10.28,False,False
4,3.7,256,4096,4096,1200,1305,6.7275,897.57,1071.89,6.4386,1410,-16.26,False,False
4,3.7,256,4096,4096,1200,1410,6.2983,876.31,1071.89,6.4386,1410,-18.25,False,False
4,3.7,256,8192,8192,300,300,25.0214,3185.20,2715.81,7.0075,1365,+17.28,False,False
4,3.7,256,8192,8192,300,510,18.3867,2578.04,2715.81,7.0075,1365,-5.07,False,False
4,3.7,256,8192,8192,300,705,18.1960,2478.63,2715.81,7.0075,1365,-8.73,False,False
4,3.7,256,8192,8192,300,900,18.0751,2423.29,2715.81,7.0075,1365,-10.77,False,False
4,3.7,256,8192,8192,300,1050,18.0129,2370.17,2715.81,7.0075,1365,-12.73,False,False
4,3.7,256,8192,8192,300,1200,17.9660,2394.88,2715.81,7.0075,1365,-11.82,False,False
4,3.7,256,8192,8192,300,1305,17.9391,2368.03,2715.81,7.0075,1365,-12.81,False,False
4,3.7,256,8192,8192,300,1410,17.9165,2378.88,2715.81,7.0075,1365,-12.41,False,False
4,3.7,256,8192,8192,510,300,25.0214,3176.05,2715.81,7.0075,1365,+16.95,False,False
4,3.7,256,8192,8192,510,510,15.2321,2379.29,2715.81,7.0075,1365,-12.39,False,False
4,3.7,256,8192,8192,510,705,11.6080,2081.45,2715.81,7.0075,1365,-23.36,False,False
4,3.7,256,8192,8192,510,900,10.8578,1989.15,2715.81,7.0075,1365,-26.76,False,False
4,3.7,256,8192,8192,510,1050,10.7957,1934.85,2715.81,7.0075,1365,-28.76,False,False
4,3.7,256,8192,8192,510,1200,10.7487,1958.38,2715.81,7.0075,1365,-27.89,False,False
4,3.7,256,8192,8192,510,1305,10.7218,1929.40,2715.81,7.0075,1365,-28.96,False,False
4,3.7,256,8192,8192,510,1410,10.6992,1938.13,2715.81,7.0075,1365,-28.64,False,True
4,3.7,256,8192,8192,705,300,25.0214,3211.71,2715.81,7.0075,1365,+18.26,False,False
4,3.7,256,8192,8192,705,510,15.2321,2398.23,2715.81,7.0075,1365,-11.69,False,False
4,3.7,256,8192,8192,705,705,11.6080,2094.19,2715.81,7.0075,1365,-22.89,False,False
4,3.7,256,8192,8192,705,900,9.3114,1908.68,2715.81,7.0075,1365,-29.72,False,False
4,3.7,256,8192,8192,705,1050,8.1303,1787.34,2715.81,7.0075,1365,-34.19,False,False
4,3.7,256,8192,8192,705,1200,7.8959,1799.18,2715.81,7.0075,1365,-33.75,False,False
4,3.7,256,8192,8192,705,1305,7.8690,1769.33,2715.81,7.0075,1365,-34.85,False,False
4,3.7,256,8192,8192,705,1410,7.8464,1777.19,2715.81,7.0075,1365,-34.56,False,False
4,3.7,256,8192,8192,900,300,25.0214,3262.62,2715.81,7.0075,1365,+20.13,False,False
4,3.7,256,8192,8192,900,510,15.2321,2430.47,2715.81,7.0075,1365,-10.51,False,False
4,3.7,256,8192,8192,900,705,11.6080,2119.52,2715.81,7.0075,1365,-21.96,False,False
4,3.7,256,8192,8192,900,900,9.3114,1929.63,2715.81,7.0075,1365,-28.95,False,False
4,3.7,256,8192,8192,900,1050,8.1303,1806.04,2715.81,7.0075,1365,-33.50,False,False
4,3.7,256,8192,8192,900,1200,7.2375,1776.85,2715.81,7.0075,1365,-34.57,False,False
4,3.7,256,8192,8192,900,1305,6.7275,1716.81,2715.81,7.0075,1365,-36.78,False,False
4,3.7,256,8192,8192,900,1410,6.2983,1698.98,2715.81,7.0075,1365,-37.44,True,False
4,3.7,256,8192,8192,1050,300,25.0214,3382.11,2715.81,7.0075,1365,+24.53,False,False
4,3.7,256,8192,8192,1050,510,15.2321,2510.82,2715.81,7.0075,1365,-7.55,False,False
4,3.7,256,8192,8192,1050,705,11.6080,2185.39,2715.81,7.0075,1365,-19.53,False,False
4,3.7,256,8192,8192,1050,900,9.3114,1986.31,2715.81,7.0075,1365,-26.86,False,False
4,3.7,256,8192,8192,1050,1050,8.1303,1858.00,2715.81,7.0075,1365,-31.59,False,False
4,3.7,256,8192,8192,1050,1200,7.2375,1825.24,2715.81,7.0075,1365,-32.79,False,False
4,3.7,256,8192,8192,1050,1305,6.7275,1763.16,2715.81,7.0075,1365,-35.08,False,False
4,3.7,256,8192,8192,1050,1410,6.2983,1743.62,2715.81,7.0075,1365,-35.80,False,False
4,3.7,256,8192,8192,1200,300,25.0214,3738.81,2715.81,7.0075,1365,+37.67,False,False
4,3.7,256,8192,8192,1200,510,15.2321,2828.39,2715.81,7.0075,1365,+4.15,False,False
4,3.7,256,8192,8192,1200,705,11.6080,2488.47,2715.81,7.0075,1365,-8.37,False,False
4,3.7,256,8192,8192,1200,900,9.3114,2280.21,2715.81,7.0075,1365,-16.04,False,False
4,3.7,256,8192,8192,1200,1050,8.1303,2147.18,2715.81,7.0075,1365,-20.94,False,False
4,3.7,256,8192,8192,1200,1200,7.2375,2110.85,2715.81,7.0075,1365,-22.28,False,False
4,3.7,256,8192,8192,1200,1305,6.7275,2046.73,2715.81,7.0075,1365,-24.64,False,False
4,3.7,256,8192,8192,1200,1410,6.2983,2025.47,2715.81,7.0075,1365,-25.42,False,False
4,3.7,512,1024,4096,300,300,49.8946,4214.32,1746.67,12.8479,1410,+141.28,False,False
4,3.7,512,1024,4096,300,510,30.3453,2650.87,1746.67,12.8479,1410,+51.77,False,False
4,3.7,512,1024,4096,300,705,23.1150,2071.61,1746.67,12.8479,1410,+18.60,False,False
4,3.7,512,1024,4096,300,900,18.5315,1717.20,1746.67,12.8479,1410,-1.69,False,False
4,3.7,512,1024,4096,300,1050,16.1552,1472.69,1746.67,12.8479,1410,-15.69,False,False
4,3.7,512,1024,4096,300,1200,14.3885,1424.76,1746.67,12.8479,1410,-18.43,False,False
4,3.7,512,1024,4096,300,1305,13.3549,1316.40,1746.67,12.8479,1410,-24.63,False,False
4,3.7,512,1024,4096,300,1410,12.5084,1290.22,1746.67,12.8479,1410,-26.13,True,False
4,3.7,512,1024,4096,510,300,49.8946,4271.12,1746.67,12.8479,1410,+144.53,False,False
4,3.7,512,1024,4096,510,510,30.3453,2684.40,1746.67,12.8479,1410,+53.69,False,False
4,3.7,512,1024,4096,510,705,23.1150,2096.54,1746.67,12.8479,1410,+20.03,False,False
4,3.7,512,1024,4096,510,900,18.5315,1736.66,1746.67,12.8479,1410,-0.57,False,False
4,3.7,512,1024,4096,510,1050,16.1552,1489.33,1746.67,12.8479,1410,-14.73,False,False
4,3.7,512,1024,4096,510,1200,14.3885,1439.30,1746.67,12.8479,1410,-17.60,False,False
4,3.7,512,1024,4096,510,1305,13.3549,1329.71,1746.67,12.8479,1410,-23.87,False,False
4,3.7,512,1024,4096,510,1410,12.5084,1302.52,1746.67,12.8479,1410,-25.43,False,True
4,3.7,512,1024,4096,705,300,49.8946,4355.47,1746.67,12.8479,1410,+149.36,False,False
4,3.7,512,1024,4096,705,510,30.3453,2735.35,1746.67,12.8479,1410,+56.60,False,False
4,3.7,512,1024,4096,705,705,23.1150,2135.14,1746.67,12.8479,1410,+22.24,False,False
4,3.7,512,1024,4096,705,900,18.5315,1767.44,1746.67,12.8479,1410,+1.19,False,False
4,3.7,512,1024,4096,705,1050,16.1552,1516.04,1746.67,12.8479,1410,-13.20,False,False
4,3.7,512,1024,4096,705,1200,14.3885,1462.99,1746.67,12.8479,1410,-16.24,False,False
4,3.7,512,1024,4096,705,1305,13.3549,1351.64,1746.67,12.8479,1410,-22.62,False,False
4,3.7,512,1024,4096,705,1410,12.5084,1323.01,1746.67,12.8479,1410,-24.26,False,False
4,3.7,512,1024,4096,900,300,49.8946,4450.30,1746.67,12.8479,1410,+154.79,False,False
4,3.7,512,1024,4096,900,510,30.3453,2792.91,1746.67,12.8479,1410,+59.90,False,False
4,3.7,512,1024,4096,900,705,23.1150,2178.90,1746.67,12.8479,1410,+24.75,False,False
4,3.7,512,1024,4096,900,900,18.5315,1802.46,1746.67,12.8479,1410,+3.19,False,False
4,3.7,512,1024,4096,900,1050,16.1552,1546.53,1746.67,12.8479,1410,-11.46,False,False
4,3.7,512,1024,4096,900,1200,14.3885,1490.12,1746.67,12.8479,1410,-14.69,False,False
4,3.7,512,1024,4096,900,1305,13.3549,1376.79,1746.67,12.8479,1410,-21.18,False,False
4,3.7,512,1024,4096,900,1410,12.5084,1346.55,1746.67,12.8479,1410,-22.91,False,False
4,3.7,512,1024,4096,1050,300,49.8946,4649.64,1746.67,12.8479,1410,+166.20,False,False
4,3.7,512,1024,4096,1050,510,30.3453,2914.10,1746.67,12.8479,1410,+66.84,False,False
4,3.7,512,1024,4096,1050,705,23.1150,2271.19,1746.67,12.8479,1410,+30.03,False,False
4,3.7,512,1024,4096,1050,900,18.5315,1876.43,1746.67,12.8479,1410,+7.43,False,False
4,3.7,512,1024,4096,1050,1050,16.1552,1611.00,1746.67,12.8479,1410,-7.77,False,False
4,3.7,512,1024,4096,1050,1200,14.3885,1547.52,1746.67,12.8479,1410,-11.40,False,False
4,3.7,512,1024,4096,1050,1305,13.3549,1430.06,1746.67,12.8479,1410,-18.13,False,False
4,3.7,512,1024,4096,1050,1410,12.5084,1396.44,1746.67,12.8479,1410,-20.05,False,False
4,3.7,512,1024,4096,1200,300,49.8946,4856.53,1746.67,12.8479,1410,+178.05,False,False
4,3.7,512,1024,4096,1200,510,30.3453,3042.83,1746.67,12.8479,1410,+74.21,False,False
4,3.7,512,1024,4096,1200,705,23.1150,2371.02,1746.67,12.8479,1410,+35.75,False,False
4,3.7,512,1024,4096,1200,900,18.5315,1957.93,1746.67,12.8479,1410,+12.10,False,False
4,3.7,512,1024,4096,1200,1050,16.1552,1683.00,1746.67,12.8479,1410,-3.64,False,False
4,3.7,512,1024,4096,1200,1200,14.3885,1612.46,1746.67,12.8479,1410,-7.68,False,False
4,3.7,512,1024,4096,1200,1305,13.3549,1490.87,1746.67,12.8479,1410,-14.64,False,False
4,3.7,512,1024,4096,1200,1410,12.5084,1453.86,1746.67,12.8479,1410,-16.76,False,False
4,3.7,512,1024,4096,1305,300,49.8946,5239.17,1746.67,12.8479,1410,+199.95,False,False
4,3.7,512,1024,4096,1305,510,30.3453,3277.57,1746.67,12.8479,1410,+87.65,False,False
4,3.7,512,1024,4096,1305,705,23.1150,2551.06,1746.67,12.8479,1410,+46.05,False,False
4,3.7,512,1024,4096,1305,900,18.5315,2103.30,1746.67,12.8479,1410,+20.42,False,False
4,3.7,512,1024,4096,1305,1050,16.1552,1810.39,1746.67,12.8479,1410,+3.65,False,False
4,3.7,512,1024,4096,1305,1200,14.3885,1726.48,1746.67,12.8479,1410,-1.16,False,False
4,3.7,512,1024,4096,1305,1305,13.3549,1597.08,1746.67,12.8479,1410,-8.56,False,False
4,3.7,512,1024,4096,1305,1410,12.5084,1553.66,1746.67,12.8479,1410,-11.05,False,False
4,3.7,512,1024,4096,1410,300,49.8946,5630.56,1746.67,12.8479,1410,+222.36,False,False
4,3.7,512,1024,4096,1410,510,30.3453,3521.07,1746.67,12.8479,1410,+101.59,False,False
4,3.7,512,1024,4096,1410,705,23.1150,2739.85,1746.67,12.8479,1410,+56.86,False,False
4,3.7,512,1024,4096,1410,900,18.5315,2257.41,1746.67,12.8479,1410,+29.24,False,False
4,3.7,512,1024,4096,1410,1050,16.1552,1946.53,1746.67,12.8479,1410,+11.44,False,False
4,3.7,512,1024,4096,1410,1200,14.3885,1849.25,1746.67,12.8479,1410,+5.87,False,False
4,3.7,512,1024,4096,1410,1305,13.3549,1712.03,1746.67,12.8479,1410,-1.98,False,False
4,3.7,512,1024,4096,1410,1410,12.5084,1662.21,1746.67,12.8479,1410,-4.84,False,False
4,3.7,512,1024,8192,300,300,49.8946,4320.49,1880.40,12.6806,1410,+129.76,False,False
4,3.7,512,1024,8192,300,510,30.3453,2757.03,1880.40,12.6806,1410,+46.62,False,False
4,3.7,512,1024,8192,300,705,23.1150,2177.77,1880.40,12.6806,1410,+15.81,False,False
4,3.7,512,1024,8192,300,900,18.5315,1823.36,1880.40,12.6806,1410,-3.03,False,False
4,3.7,512,1024,8192,300,1050,16.1552,1578.85,1880.40,12.6806,1410,-16.04,False,False
4,3.7,512,1024,8192,300,1200,14.3885,1530.92,1880.40,12.6806,1410,-18.59,False,False
4,3.7,512,1024,8192,300,1305,13.3549,1422.56,1880.40,12.6806,1410,-24.35,False,False
4,3.7,512,1024,8192,300,1410,12.5084,1396.39,1880.40,12.6806,1410,-25.74,True,False
4,3.7,512,1024,8192,510,300,49.8946,4373.48,1880.40,12.6806,1410,+132.58,False,False
4,3.7,512,1024,8192,510,510,30.3453,2786.76,1880.40,12.6806,1410,+48.20,False,False
4,3.7,512,1024,8192,510,705,23.1150,2198.90,1880.40,12.6806,1410,+16.94,False,False
4,3.7,512,1024,8192,510,900,18.5315,1839.03,1880.40,12.6806,1410,-2.20,False,False
4,3.7,512,1024,8192,510,1050,16.1552,1591.69,1880.40,12.6806,1410,-15.35,False,False
4,3.7,512,1024,8192,510,1200,14.3885,1541.66,1880.40,12.6806,1410,-18.01,False,False
4,3.7,512,1024,8192,510,1305,13.3549,1432.07,1880.40,12.6806,1410,-23.84,False,False
4,3.7,512,1024,8192,510,1410,12.5084,1404.89,1880.40,12.6806,1410,-25.29,False,True
4,3.7,512,1024,8192,705,300,49.8946,4456.77,1880.40,12.6806,1410,+137.01,False,False
4,3.7,512,1024,8192,705,510,30.3453,2836.65,1880.40,12.6806,1410,+50.85,False,False
4,3.7,512,1024,8192,705,705,23.1150,2236.44,1880.40,12.6806,1410,+18.93,False,False
4,3.7,512,1024,8192,705,900,18.5315,1868.73,1880.40,12.6806,1410,-0.62,False,False
4,3.7,512,1024,8192,705,1050,16.1552,1617.33,1880.40,12.6806,1410,-13.99,False,False
4,3.7,512,1024,8192,705,1200,14.3885,1564.29,1880.40,12.6806,1410,-16.81,False,False
4,3.7,512,1024,8192,705,1305,13.3549,1452.93,1880.40,12.6806,1410,-22.73,False,False
4,3.7,512,1024,8192,705,1410,12.5084,1424.30,1880.40,12.6806,1410,-24.26,False,False
4,3.7,512,1024,8192,900,300,49.8946,4552.19,1880.40,12.6806,1410,+142.09,False,False
4,3.7,512,1024,8192,900,510,30.3453,2894.80,1880.40,12.6806,1410,+53.95,False,False
4,3.7,512,1024,8192,900,705,23.1150,2280.80,1880.40,12.6806,1410,+21.29,False,False
4,3.7,512,1024,8192,900,900,18.5315,1904.36,1880.40,12.6806,1410,+1.27,False,False
4,3.7,512,1024,8192,900,1050,16.1552,1648.43,1880.40,12.6806,1410,-12.34,False,False
4,3.7,512,1024,8192,900,1200,14.3885,1592.01,1880.40,12.6806,1410,-15.34,False,False
4,3.7,512,1024,8192,900,1305,13.3549,1478.69,1880.40,12.6806,1410,-21.36,False,False
4,3.7,512,1024,8192,900,1410,12.5084,1448.45,1880.40,12.6806,1410,-22.97,False,False
4,3.7,512,1024,8192,1050,300,49.8946,4752.87,1880.40,12.6806,1410,+152.76,False,False
4,3.7,512,1024,8192,1050,510,30.3453,3017.33,1880.40,12.6806,1410,+60.46,False,False
4,3.7,512,1024,8192,1050,705,23.1150,2374.42,1880.40,12.6806,1410,+26.27,False,False
4,3.7,512,1024,8192,1050,900,18.5315,1979.65,1880.40,12.6806,1410,+5.28,False,False
4,3.7,512,1024,8192,1050,1050,16.1552,1714.23,1880.40,12.6806,1410,-8.84,False,False
4,3.7,512,1024,8192,1050,1200,14.3885,1650.75,1880.40,12.6806,1410,-12.21,False,False
4,3.7,512,1024,8192,1050,1305,13.3549,1533.29,1880.40,12.6806,1410,-18.46,False,False
4,3.7,512,1024,8192,1050,1410,12.5084,1499.66,1880.40,12.6806,1410,-20.25,False,False
4,3.7,512,1024,8192,1200,300,49.8946,4984.04,1880.40,12.6806,1410,+165.05,False,False
4,3.7,512,1024,8192,1200,510,30.3453,3170.35,1880.40,12.6806,1410,+68.60,False,False
4,3.7,512,1024,8192,1200,705,23.1150,2498.54,1880.40,12.6806,1410,+32.87,False,False
4,3.7,512,1024,8192,1200,900,18.5315,2085.45,1880.40,12.6806,1410,+10.90,False,False
4,3.7,512,1024,8192,1200,1050,16.1552,1810.52,1880.40,12.6806,1410,-3.72,False,False
4,3.7,512,1024,8192,1200,1200,14.3885,1739.98,1880.40,12.6806,1410,-7.47,False,False
4,3.7,512,1024,8192,1200,1305,13.3549,1618.39,1880.40,12.6806,1410,-13.93,False,False
4,3.7,512,1024,8192,1200,1410,12.5084,1581.38,1880.40,12.6806,1410,-15.90,False,False
4,3.7,512,2048,4096,300,300,49.8946,4247.97,1765.18,12.6310,1410,+140.65,False,False
4,3.7,512,2048,4096,300,510,30.3453,2684.52,1765.18,12.6310,1410,+52.08,False,False
4,3.7,512,2048,4096,300,705,23.1150,2105.26,1765.18,12.6310,1410,+19.27,False,False
4,3.7,512,2048,4096,300,900,18.5315,1750.85,1765.18,12.6310,1410,-0.81,False,False
4,3.7,512,2048,4096,300,1050,16.1552,1506.34,1765.18,12.6310,1410,-14.66,False,False
4,3.7,512,2048,4096,300,1200,14.3885,1458.41,1765.18,12.6310,1410,-17.38,False,False
4,3.7,512,2048,4096,300,1305,13.3549,1350.05,1765.18,12.6310,1410,-23.52,False,False
4,3.7,512,2048,4096,300,1410,12.5084,1323.87,1765.18,12.6310,1410,-25.00,True,False
4,3.7,512,2048,4096,510,300,49.8946,4303.64,1765.18,12.6310,1410,+143.81,False,False
4,3.7,512,2048,4096,510,510,30.3453,2716.92,1765.18,12.6310,1410,+53.92,False,False
4,3.7,512,2048,4096,510,705,23.1150,2129.05,1765.18,12.6310,1410,+20.61,False,False
4,3.7,512,2048,4096,510,900,18.5315,1769.18,1765.18,12.6310,1410,+0.23,False,False
4,3.7,512,2048,4096,510,1050,16.1552,1521.84,1765.18,12.6310,1410,-13.79,False,False
4,3.7,512,2048,4096,510,1200,14.3885,1471.81,1765.18,12.6310,1410,-16.62,False,False
4,3.7,512,2048,4096,510,1305,13.3549,1362.23,1765.18,12.6310,1410,-22.83,False,False
4,3.7,512,2048,4096,510,1410,12.5084,1335.04,1765.18,12.6310,1410,-24.37,False,True
4,3.7,512,2048,4096,705,300,49.8946,4387.74,1765.18,12.6310,1410,+148.57,False,False
4,3.7,512,2048,4096,705,510,30.3453,2767.62,1765.18,12.6310,1410,+56.79,False,False
4,3.7,512,2048,4096,705,705,23.1150,2167.41,1765.18,12.6310,1410,+22.79,False,False
4,3.7,512,2048,4096,705,900,18.5315,1799.71,1765.18,12.6310,1410,+1.96,False,False
4,3.7,512,2048,4096,705,1050,16.1552,1548.31,1765.18,12.6310,1410,-12.29,False,False
4,3.7,512,2048,4096,705,1200,14.3885,1495.26,1765.18,12.6310,1410,-15.29,False,False
4,3.7,512,2048,4096,705,1305,13.3549,1383.91,1765.18,12.6310,1410,-21.60,False,False
4,3.7,512,2048,4096,705,1410,12.5084,1355.28,1765.18,12.6310,1410,-23.22,False,False
4,3.7,512,2048,4096,900,300,49.8946,4482.82,1765.18,12.6310,1410,+153.96,False,False
4,3.7,512,2048,4096,900,510,30.3453,2825.43,1765.18,12.6310,1410,+60.06,False,False
4,3.7,512,2048,4096,900,705,23.1150,2211.43,1765.18,12.6310,1410,+25.28,False,False
4,3.7,512,2048,4096,900,900,18.5315,1834.99,1765.18,12.6310,1410,+3.95,False,False
4,3.7,512,2048,4096,900,1050,16.1552,1579.06,1765.18,12.6310,1410,-10.54,False,False
4,3.7,512,2048,4096,900,1200,14.3885,1522.64,1765.18,12.6310,1410,-13.74,False,False
4,3.7,512,2048,4096,900,1305,13.3549,1409.32,1765.18,12.6310,1410,-20.16,False,False
4,3.7,512,2048,4096,900,1410,12.5084,1379.08,1765.18,12.6310,1410,-21.87,False,False
4,3.7,512,2048,4096,1050,300,49.8946,4682.75,1765.18,12.6310,1410,+165.28,False,False
4,3.7,512,2048,4096,1050,510,30.3453,2947.20,1765.18,12.6310,1410,+66.96,False,False
4,3.7,512,2048,4096,1050,705,23.1150,2304.30,1765.18,12.6310,1410,+30.54,False,False
4,3.7,512,2048,4096,1050,900,18.5315,1909.53,1765.18,12.6310,1410,+8.18,False,False
4,3.7,512,2048,4096,1050,1050,16.1552,1644.10,1765.18,12.6310,1410,-6.86,False,False
4,3.7,512,2048,4096,1050,1200,14.3885,1580.62,1765.18,12.6310,1410,-10.46,False,False
4,3.7,512,2048,4096,1050,1305,13.3549,1463.17,1765.18,12.6310,1410,-17.11,False,False
4,3.7,512,2048,4096,1050,1410,12.5084,1429.54,1765.18,12.6310,1410,-19.01,False,False
4,3.7,512,2048,4096,1200,300,49.8946,4897.82,1765.18,12.6310,1410,+177.47,False,False
4,3.7,512,2048,4096,1200,510,30.3453,3084.12,1765.18,12.6310,1410,+74.72,False,False
4,3.7,512,2048,4096,1200,705,23.1150,2412.31,1765.18,12.6310,1410,+36.66,False,False
4,3.7,512,2048,4096,1200,900,18.5315,1999.22,1765.18,12.6310,1410,+13.26,False,False
4,3.7,512,2048,4096,1200,1050,16.1552,1724.29,1765.18,12.6310,1410,-2.32,False,False
4,3.7,512,2048,4096,1200,1200,14.3885,1653.75,1765.18,12.6310,1410,-6.31,False,False
4,3.7,512,2048,4096,1200,1305,13.3549,1532.16,1765.18,12.6310,1410,-13.20,False,False
4,3.7,512,2048,4096,1200,1410,12.5084,1495.15,1765.18,12.6310,1410,-15.30,False,False
4,3.7,512,2048,4096,1305,300,49.8946,5287.51,1765.18,12.6310,1410,+199.54,False,False
4,3.7,512,2048,4096,1305,510,30.3453,3325.91,1765.18,12.6310,1410,+88.42,False,False
4,3.7,512,2048,4096,1305,705,23.1150,2599.40,1765.18,12.6310,1410,+47.26,False,False
4,3.7,512,2048,4096,1305,900,18.5315,2151.64,1765.18,12.6310,1410,+21.89,False,False
4,3.7,512,2048,4096,1305,1050,16.1552,1858.73,1765.18,12.6310,1410,+5.30,False,False
4,3.7,512,2048,4096,1305,1200,14.3885,1774.82,1765.18,12.6310,1410,+0.55,False,False
4,3.7,512,2048,4096,1305,1305,13.3549,1645.42,1765.18,12.6310,1410,-6.78,False,False
4,3.7,512,2048,4096,1305,1410,12.5084,1602.00,1765.18,12.6310,1410,-9.24,False,False
4,3.7,512,2048,8192,300,300,49.8946,4447.47,2112.69,12.7485,1410,+110.51,False,False
4,3.7,512,2048,8192,300,510,30.3453,2884.01,2112.69,12.7485,1410,+36.51,False,False
4,3.7,512,2048,8192,300,705,23.1150,2304.75,2112.69,12.7485,1410,+9.09,False,False
4,3.7,512,2048,8192,300,900,18.5315,1950.34,2112.69,12.7485,1410,-7.68,False,False
4,3.7,512,2048,8192,300,1050,16.1552,1705.83,2112.69,12.7485,1410,-19.26,False,False
4,3.7,512,2048,8192,300,1200,14.3885,1657.90,2112.69,12.7485,1410,-21.53,False,False
4,3.7,512,2048,8192,300,1305,13.3549,1549.54,2112.69,12.7485,1410,-26.66,False,False
4,3.7,512,2048,8192,300,1410,12.5084,1523.37,2112.69,12.7485,1410,-27.89,True,False
4,3.7,512,2048,8192,510,300,49.8946,4496.32,2112.69,12.7485,1410,+112.82,False,False
4,3.7,512,2048,8192,510,510,30.3453,2909.60,2112.69,12.7485,1410,+37.72,False,False
4,3.7,512,2048,8192,510,705,23.1150,2321.74,2112.69,12.7485,1410,+9.89,False,False
4,3.7,512,2048,8192,510,900,18.5315,1961.87,2112.69,12.7485,1410,-7.14,False,False
4,3.7,512,2048,8192,510,1050,16.1552,1714.53,2112.69,12.7485,1410,-18.85,False,False
4,3.7,512,2048,8192,510,1200,14.3885,1664.50,2112.69,12.7485,1410,-21.21,False,False
4,3.7,512,2048,8192,510,1305,13.3549,1554.91,2112.69,12.7485,1410,-26.40,False,False
4,3.7,512,2048,8192,510,1410,12.5084,1527.73,2112.69,12.7485,1410,-27.69,False,True
4,3.7,512,2048,8192,705,300,49.8946,4578.47,2112.69,12.7485,1410,+116.71,False,False
4,3.7,512,2048,8192,705,510,30.3453,2958.36,2112.69,12.7485,1410,+40.03,False,False
4,3.7,512,2048,8192,705,705,23.1150,2358.14,2112.69,12.7485,1410,+11.62,False,False
4,3.7,512,2048,8192,705,900,18.5315,1990.44,2112.69,12.7485,1410,-5.79,False,False
4,3.7,512,2048,8192,705,1050,16.1552,1739.04,2112.69,12.7485,1410,-17.69,False,False
4,3.7,512,2048,8192,705,1200,14.3885,1685.99,2112.69,12.7485,1410,-20.20,False,False
4,3.7,512,2048,8192,705,1305,13.3549,1574.64,2112.69,12.7485,1410,-25.47,False,False
4,3.7,512,2048,8192,705,1410,12.5084,1546.01,2112.69,12.7485,1410,-26.82,False,False
4,3.7,512,2048,8192,900,300,49.8946,4675.14,2112.69,12.7485,1410,+121.29,False,False
4,3.7,512,2048,8192,900,510,30.3453,3017.75,2112.69,12.7485,1410,+42.84,False,False
4,3.7,512,2048,8192,900,705,23.1150,2403.75,2112.69,12.7485,1410,+13.78,False,False
4,3.7,512,2048,8192,900,900,18.5315,2027.31,2112.69,12.7485,1410,-4.04,False,False
4,3.7,512,2048,8192,900,1050,16.1552,1771.38,2112.69,12.7485,1410,-16.16,False,False
4,3.7,512,2048,8192,900,1200,14.3885,1714.96,2112.69,12.7485,1410,-18.83,False,False
4,3.7,512,2048,8192,900,1305,13.3549,1601.64,2112.69,12.7485,1410,-24.19,False,False
4,3.7,512,2048,8192,900,1410,12.5084,1571.39,2112.69,12.7485,1410,-25.62,False,False
4,3.7,512,2048,8192,1050,300,49.8946,4876.99,2112.69,12.7485,1410,+130.84,False,False
4,3.7,512,2048,8192,1050,510,30.3453,3141.44,2112.69,12.7485,1410,+48.69,False,False
4,3.7,512,2048,8192,1050,705,23.1150,2498.54,2112.69,12.7485,1410,+18.26,False,False
4,3.7,512,2048,8192,1050,900,18.5315,2103.77,2112.69,12.7485,1410,-0.42,False,False
4,3.7,512,2048,8192,1050,1050,16.1552,1838.34,2112.69,12.7485,1410,-12.99,False,False
4,3.7,512,2048,8192,1050,1200,14.3885,1774.86,2112.69,12.7485,1410,-15.99,False,False
4,3.7,512,2048,8192,1050,1305,13.3549,1657.41,2112.69,12.7485,1410,-21.55,False,False
4,3.7,512,2048,8192,1050,1410,12.5084,1623.78,2112.69,12.7485,1410,-23.14,False,False
4,3.7,512,2048,8192,1200,300,49.8946,5140.26,2112.69,12.7485,1410,+143.30,False,False
4,3.7,512,2048,8192,1200,510,30.3453,3326.56,2112.69,12.7485,1410,+57.46,False,False
4,3.7,512,2048,8192,1200,705,23.1150,2654.75,2112.69,12.7485,1410,+25.66,False,False
4,3.7,512,2048,8192,1200,900,18.5315,2241.66,2112.69,12.7485,1410,+6.10,False,False
4,3.7,512,2048,8192,1200,1050,16.1552,1966.74,2112.69,12.7485,1410,-6.91,False,False
4,3.7,512,2048,8192,1200,1200,14.3885,1896.19,2112.69,12.7485,1410,-10.25,False,False
4,3.7,512,2048,8192,1200,1305,13.3549,1774.61,2112.69,12.7485,1410,-16.00,False,False
4,3.7,512,2048,8192,1200,1410,12.5084,1737.59,2112.69,12.7485,1410,-17.75,False,False
4,3.7,512,4096,4096,300,300,49.8946,4315.52,1892.87,12.6571,1410,+127.99,False,False
4,3.7,512,4096,4096,300,510,30.3453,2752.06,1892.87,12.6571,1410,+45.39,False,False
4,3.7,512,4096,4096,300,705,23.1150,2172.80,1892.87,12.6571,1410,+14.79,False,False
4,3.7,512,4096,4096,300,900,18.5315,1818.39,1892.87,12.6571,1410,-3.94,False,False
4,3.7,512,4096,4096,300,1050,16.1552,1573.88,1892.87,12.6571,1410,-16.85,False,False
4,3.7,512,4096,4096,300,1200,14.3885,1525.95,1892.87,12.6571,1410,-19.38,False,False
4,3.7,512,4096,4096,300,1305,13.3549,1417.59,1892.87,12.6571,1410,-25.11,False,False
4,3.7,512,4096,4096,300,1410,12.5084,1391.42,1892.87,12.6571,1410,-26.49,True,False
4,3.7,512,4096,4096,510,300,49.8946,4368.85,1892.87,12.6571,1410,+130.81,False,False
4,3.7,512,4096,4096,510,510,30.3453,2782.13,1892.87,12.6571,1410,+46.98,False,False
4,3.7,512,4096,4096,510,705,23.1150,2194.27,1892.87,12.6571,1410,+15.92,False,False
4,3.7,512,4096,4096,510,900,18.5315,1834.39,1892.87,12.6571,1410,-3.09,False,False
4,3.7,512,4096,4096,510,1050,16.1552,1587.06,1892.87,12.6571,1410,-16.16,False,False
4,3.7,512,4096,4096,510,1200,14.3885,1537.03,1892.87,12.6571,1410,-18.80,False,False
4,3.7,512,4096,4096,510,1305,13.3549,1427.44,1892.87,12.6571,1410,-24.59,False,False
4,3.7,512,4096,4096,510,1410,12.5084,1400.25,1892.87,12.6571,1410,-26.02,False,True
4,3.7,512,4096,4096,705,300,49.8946,4452.61,1892.87,12.6571,1410,+135.23,False,False
4,3.7,512,4096,4096,705,510,30.3453,2832.50,1892.87,12.6571,1410,+49.64,False,False
4,3.7,512,4096,4096,705,705,23.1150,2232.28,1892.87,12.6571,1410,+17.93,False,False
4,3.7,512,4096,4096,705,900,18.5315,1864.58,1892.87,12.6571,1410,-1.49,False,False
4,3.7,512,4096,4096,705,1050,16.1552,1613.18,1892.87,12.6571,1410,-14.78,False,False
4,3.7,512,4096,4096,705,1200,14.3885,1560.13,1892.87,12.6571,1410,-17.58,False,False
4,3.7,512,4096,4096,705,1305,13.3549,1448.78,1892.87,12.6571,1410,-23.46,False,False
4,3.7,512,4096,4096,705,1410,12.5084,1420.15,1892.87,12.6571,1410,-24.97,False,False
4,3.7,512,4096,4096,900,300,49.8946,4548.23,1892.87,12.6571,1410,+140.28,False,False
4,3.7,512,4096,4096,900,510,30.3453,2890.84,1892.87,12.6571,1410,+52.72,False,False
4,3.7,512,4096,4096,900,705,23.1150,2276.84,1892.87,12.6571,1410,+20.28,False,False
4,3.7,512,4096,4096,900,900,18.5315,1900.40,1892.87,12.6571,1410,+0.40,False,False
4,3.7,512,4096,4096,900,1050,16.1552,1644.47,1892.87,12.6571,1410,-13.12,False,False
4,3.7,512,4096,4096,900,1200,14.3885,1588.05,1892.87,12.6571,1410,-16.10,False,False
4,3.7,512,4096,4096,900,1305,13.3549,1474.73,1892.87,12.6571,1410,-22.09,False,False
4,3.7,512,4096,4096,900,1410,12.5084,1444.49,1892.87,12.6571,1410,-23.69,False,False
4,3.7,512,4096,4096,1050,300,49.8946,4748.73,1892.87,12.6571,1410,+150.87,False,False
4,3.7,512,4096,4096,1050,510,30.3453,3013.19,1892.87,12.6571,1410,+59.19,False,False
4,3.7,512,4096,4096,1050,705,23.1150,2370.28,1892.87,12.6571,1410,+25.22,False,False
4,3.7,512,4096,4096,1050,900,18.5315,1975.51,1892.87,12.6571,1410,+4.37,False,False
4,3.7,512,4096,4096,1050,1050,16.1552,1710.09,1892.87,12.6571,1410,-9.66,False,False
4,3.7,512,4096,4096,1050,1200,14.3885,1646.61,1892.87,12.6571,1410,-13.01,False,False
4,3.7,512,4096,4096,1050,1305,13.3549,1529.15,1892.87,12.6571,1410,-19.22,False,False
4,3.7,512,4096,4096,1050,1410,12.5084,1495.52,1892.87,12.6571,1410,-20.99,False,False
4,3.7,512,4096,4096,1200,300,49.8946,4980.92,1892.87,12.6571,1410,+163.14,False,False
4,3.7,512,4096,4096,1200,510,30.3453,3167.22,1892.87,12.6571,1410,+67.32,False,False
4,3.7,512,4096,4096,1200,705,23.1150,2495.41,1892.87,12.6571,1410,+31.83,False,False
4,3.7,512,4096,4096,1200,900,18.5315,2082.32,1892.87,12.6571,1410,+10.01,False,False
4,3.7,512,4096,4096,1200,1050,16.1552,1807.39,1892.87,12.6571,1410,-4.52,False,False
4,3.7,512,4096,4096,1200,1200,14.3885,1736.85,1892.87,12.6571,1410,-8.24,False,False
4,3.7,512,4096,4096,1200,1305,13.3549,1615.26,1892.87,12.6571,1410,-14.67,False,False
4,3.7,512,4096,4096,1200,1410,12.5084,1578.25,1892.87,12.6571,1410,-16.62,False,False
4,3.7,512,8192,8192,300,300,49.8946,5258.08,3494.99,13.1346,1410,+50.45,False,False
4,3.7,512,8192,8192,300,510,30.3453,3694.62,3494.99,13.1346,1410,+5.71,False,False
4,3.7,512,8192,8192,300,705,23.1150,3115.36,3494.99,13.1346,1410,-10.86,False,False
4,3.7,512,8192,8192,300,900,18.5315,2760.95,3494.99,13.1346,1410,-21.00,False,False
4,3.7,512,8192,8192,300,1050,18.4353,2645.73,3494.99,13.1346,1410,-24.30,False,False
4,3.7,512,8192,8192,300,1200,18.3423,2693.32,3494.99,13.1346,1410,-22.94,False,False
4,3.7,512,8192,8192,300,1305,18.2879,2642.07,3494.99,13.1346,1410,-24.40,False,False
4,3.7,512,8192,8192,300,1410,18.2434,2663.39,3494.99,13.1346,1410,-23.79,False,False
4,3.7,512,8192,8192,510,300,49.8946,5278.54,3494.99,13.1346,1410,+51.03,False,False
4,3.7,512,8192,8192,510,510,30.3453,3691.81,3494.99,13.1346,1410,+5.63,False,False
4,3.7,512,8192,8192,510,705,23.1150,3103.95,3494.99,13.1346,1410,-11.19,False,False
4,3.7,512,8192,8192,510,900,18.5315,2744.08,3494.99,13.1346,1410,-21.49,False,False
4,3.7,512,8192,8192,510,1050,16.1552,2496.74,3494.99,13.1346,1410,-28.56,False,False
4,3.7,512,8192,8192,510,1200,14.3885,2446.71,3494.99,13.1346,1410,-29.99,False,False
4,3.7,512,8192,8192,510,1305,13.3549,2337.12,3494.99,13.1346,1410,-33.13,False,False
4,3.7,512,8192,8192,510,1410,12.5084,2309.94,3494.99,13.1346,1410,-33.91,True,True
4,3.7,512,8192,8192,705,300,49.8946,5356.68,3494.99,13.1346,1410,+53.27,False,False
4,3.7,512,8192,8192,705,510,30.3453,3736.57,3494.99,13.1346,1410,+6.91,False,False
4,3.7,512,8192,8192,705,705,23.1150,3136.35,3494.99,13.1346,1410,-10.26,False,False
4,3.7,512,8192,8192,705,900,18.5315,2768.65,3494.99,13.1346,1410,-20.78,False,False
4,3.7,512,8192,8192,705,1050,16.1552,2517.25,3494.99,13.1346,1410,-27.98,False,False
4,3.7,512,8192,8192,705,1200,14.3885,2464.20,3494.99,13.1346,1410,-29.49,False,False
4,3.7,512,8192,8192,705,1305,13.3549,2352.85,3494.99,13.1346,1410,-32.68,False,False
4,3.7,512,8192,8192,705,1410,12.5084,2324.22,3494.99,13.1346,1410,-33.50,False,False
4,3.7,512,8192,8192,900,300,49.8946,5455.02,3494.99,13.1346,1410,+56.08,False,False
4,3.7,512,8192,8192,900,510,30.3453,3797.63,3494.99,13.1346,1410,+8.66,False,False
4,3.7,512,8192,8192,900,705,23.1150,3183.62,3494.99,13.1346,1410,-8.91,False,False
4,3.7,512,8192,8192,900,900,18.5315,2807.18,3494.99,13.1346,1410,-19.68,False,False
4,3.7,512,8192,8192,900,1050,16.1552,2551.25,3494.99,13.1346,1410,-27.00,False,False
4,3.7,512,8192,8192,900,1200,14.3885,2494.84,3494.99,13.1346,1410,-28.62,False,False
4,3.7,512,8192,8192,900,1305,13.3549,2381.51,3494.99,13.1346,1410,-31.86,False,False
4,3.7,512,8192,8192,900,1410,12.5084,2351.27,3494.99,13.1346,1410,-32.72,False,False
4,3.7,512,8192,8192,1050,300,49.8946,5673.94,3494.99,13.1346,1410,+62.35,False,False
4,3.7,512,8192,8192,1050,510,30.3453,3938.40,3494.99,13.1346,1410,+12.69,False,False
4,3.7,512,8192,8192,1050,705,23.1150,3295.49,3494.99,13.1346,1410,-5.71,False,False
4,3.7,512,8192,8192,1050,900,18.5315,2900.72,3494.99,13.1346,1410,-17.00,False,False
4,3.7,512,8192,8192,1050,1050,16.1552,2635.30,3494.99,13.1346,1410,-24.60,False,False
4,3.7,512,8192,8192,1050,1200,14.3885,2571.82,3494.99,13.1346,1410,-26.41,False,False
4,3.7,512,8192,8192,1050,1305,13.3549,2454.36,3494.99,13.1346,1410,-29.77,False,False
4,3.7,512,8192,8192,1050,1410,12.5084,2420.73,3494.99,13.1346,1410,-30.74,False,False
4,3.7,512,8192,8192,1200,300,49.8946,6130.08,3494.99,13.1346,1410,+75.40,False,False
4,3.7,512,8192,8192,1200,510,30.3453,4316.38,3494.99,13.1346,1410,+23.50,False,False
4,3.7,512,8192,8192,1200,705,23.1150,3644.57,3494.99,13.1346,1410,+4.28,False,False
4,3.7,512,8192,8192,1200,900,18.5315,3231.48,3494.99,13.1346,1410,-7.54,False,False
4,3.7,512,8192,8192,1200,1050,16.1552,2956.56,3494.99,13.1346,1410,-15.41,False,False
4,3.7,512,8192,8192,1200,1200,14.3885,2886.01,3494.99,13.1346,1410,-17.42,False,False
4,3.7,512,8192,8192,1200,1305,13.3549,2764.43,3494.99,13.1346,1410,-20.90,False,False
4,3.7,512,8192,8192,1200,1410,12.5084,2727.41,3494.99,13.1346,1410,-21.96,False,False
8,7.4,64,1024,4096,300,300,3.2662,331.19,207.84,1.0253,1410,+59.35,False,False
8,7.4,64,1024,4096,300,510,2.0751,232.47,207.84,1.0253,1410,+11.85,False,False
8,7.4,64,1024,4096,300,705,1.6249,194.85,207.84,1.0253,1410,-6.25,False,False
8,7.4,64,1024,4096,300,900,1.3316,170.88,207.84,1.0253,1410,-17.79,False,False
8,7.4,64,1024,4096,300,1050,1.1732,154.99,207.84,1.0253,1410,-25.43,False,False
8,7.4,64,1024,4096,300,1200,1.0566,152.29,207.84,1.0253,1410,-26.73,False,False
8,7.4,64,1024,4096,300,1305,0.9921,145.00,207.84,1.0253,1410,-30.24,False,False
8,7.4,64,1024,4096,300,1410,0.9921,150.91,207.84,1.0253,1410,-27.39,False,False
8,7.4,64,1024,4096,510,300,3.2662,332.34,207.84,1.0253,1410,+59.90,False,False
8,7.4,64,1024,4096,510,510,2.0751,232.26,207.84,1.0253,1410,+11.75,False,False
8,7.4,64,1024,4096,510,705,1.6249,194.12,207.84,1.0253,1410,-6.60,False,False
8,7.4,64,1024,4096,510,900,1.3316,169.81,207.84,1.0253,1410,-18.30,False,False
8,7.4,64,1024,4096,510,1050,1.1732,153.74,207.84,1.0253,1410,-26.03,False,False
8,7.4,64,1024,4096,510,1200,1.0566,150.92,207.84,1.0253,1410,-27.39,False,False
8,7.4,64,1024,4096,510,1305,0.9896,143.40,207.84,1.0253,1410,-31.00,True,False
8,7.4,64,1024,4096,510,1410,0.9331,145.94,207.84,1.0253,1410,-29.78,False,False
8,7.4,64,1024,4096,705,300,3.2662,336.82,207.84,1.0253,1410,+62.05,False,False
8,7.4,64,1024,4096,705,510,2.0751,234.78,207.84,1.0253,1410,+12.96,False,False
8,7.4,64,1024,4096,705,705,1.6249,195.90,207.84,1.0253,1410,-5.75,False,False
8,7.4,64,1024,4096,705,900,1.3316,171.12,207.84,1.0253,1410,-17.67,False,False
8,7.4,64,1024,4096,705,1050,1.1732,154.78,207.84,1.0253,1410,-25.53,False,False
8,7.4,64,1024,4096,705,1200,1.0566,151.77,207.84,1.0253,1410,-26.98,False,False
8,7.4,64,1024,4096,705,1305,0.9896,144.14,207.84,1.0253,1410,-30.65,False,True
8,7.4,64,1024,4096,705,1410,0.9331,146.59,207.84,1.0253,1410,-29.47,False,False
8,7.4,64,1024,4096,900,300,3.2662,342.50,207.84,1.0253,1410,+64.79,False,False
8,7.4,64,1024,4096,900,510,2.0751,238.28,207.84,1.0253,1410,+14.64,False,False
8,7.4,64,1024,4096,900,705,1.6249,198.57,207.84,1.0253,1410,-4.46,False,False
8,7.4,64,1024,4096,900,900,1.3316,173.25,207.84,1.0253,1410,-16.64,False,False
8,7.4,64,1024,4096,900,1050,1.1732,156.63,207.84,1.0253,1410,-24.64,False,False
8,7.4,64,1024,4096,900,1200,1.0566,153.40,207.84,1.0253,1410,-26.20,False,False
8,7.4,64,1024,4096,900,1305,0.9896,145.65,207.84,1.0253,1410,-29.92,False,False
8,7.4,64,1024,4096,900,1410,0.9331,147.99,207.84,1.0253,1410,-28.80,False,False
8,7.4,64,1024,4096,1050,300,3.2662,354.94,207.84,1.0253,1410,+70.77,False,False
8,7.4,64,1024,4096,1050,510,2.0751,246.14,207.84,1.0253,1410,+18.42,False,False
8,7.4,64,1024,4096,1050,705,1.6249,204.70,207.84,1.0253,1410,-1.51,False,False
8,7.4,64,1024,4096,1050,900,1.3316,178.25,207.84,1.0253,1410,-14.24,False,False
8,7.4,64,1024,4096,1050,1050,1.1732,161.02,207.84,1.0253,1410,-22.53,False,False
8,7.4,64,1024,4096,1050,1200,1.0566,157.34,207.84,1.0253,1410,-24.30,False,False
8,7.4,64,1024,4096,1050,1305,0.9896,149.34,207.84,1.0253,1410,-28.15,False,False
8,7.4,64,1024,4096,1050,1410,0.9331,151.46,207.84,1.0253,1410,-27.13,False,False
8,7.4,64,1024,4096,1200,300,3.2662,374.91,207.84,1.0253,1410,+80.38,False,False
8,7.4,64,1024,4096,1200,510,2.0751,261.53,207.84,1.0253,1410,+25.83,False,False
8,7.4,64,1024,4096,1200,705,1.6249,218.36,207.84,1.0253,1410,+5.06,False,False
8,7.4,64,1024,4096,1200,900,1.3316,190.79,207.84,1.0253,1410,-8.21,False,False
8,7.4,64,1024,4096,1200,1050,1.1732,172.95,207.84,1.0253,1410,-16.79,False,False
8,7.4,64,1024,4096,1200,1200,1.0566,168.82,207.84,1.0253,1410,-18.78,False,False
8,7.4,64,1024,4096,1200,1305,0.9896,160.56,207.84,1.0253,1410,-22.75,False,False
8,7.4,64,1024,4096,1200,1410,0.9331,162.46,207.84,1.0253,1410,-21.83,False,False
8,7.4,64,1024,4096,1305,300,3.2662,403.84,207.84,1.0253,1410,+94.30,False,False
8,7.4,64,1024,4096,1305,510,2.0751,281.79,207.84,1.0253,1410,+35.58,False,False
8,7.4,64,1024,4096,1305,705,1.6249,235.35,207.84,1.0253,1410,+13.23,False,False
8,7.4,64,1024,4096,1305,900,1.3316,205.64,207.84,1.0253,1410,-1.06,False,False
8,7.4,64,1024,4096,1305,1050,1.1732,186.65,207.84,1.0253,1410,-10.20,False,False
8,7.4,64,1024,4096,1305,1200,1.0566,181.67,207.84,1.0253,1410,-12.59,False,False
8,7.4,64,1024,4096,1305,1305,0.9896,172.92,207.84,1.0253,1410,-16.80,False,False
8,7.4,64,1024,4096,1305,1410,0.9331,174.42,207.84,1.0253,1410,-16.08,False,False
8,7.4,64,1024,4096,1410,300,3.2662,441.51,207.84,1.0253,1410,+112.42,False,False
8,7.4,64,1024,4096,1410,510,2.0751,310.80,207.84,1.0253,1410,+49.54,False,False
8,7.4,64,1024,4096,1410,705,1.6249,261.09,207.84,1.0253,1410,+25.62,False,False
8,7.4,64,1024,4096,1410,900,1.3316,229.24,207.84,1.0253,1410,+10.29,False,False
8,7.4,64,1024,4096,1410,1050,1.1732,209.10,207.84,1.0253,1410,+0.60,False,False
8,7.4,64,1024,4096,1410,1200,1.0566,203.27,207.84,1.0253,1410,-2.20,False,False
8,7.4,64,1024,4096,1410,1305,0.9896,194.04,207.84,1.0253,1410,-6.64,False,False
8,7.4,64,1024,4096,1410,1410,0.9331,195.12,207.84,1.0253,1410,-6.12,False,False
8,7.4,64,1024,8192,300,300,3.2662,437.35,394.72,1.0367,1395,+10.80,False,False
8,7.4,64,1024,8192,300,510,2.8784,383.98,394.72,1.0367,1395,-2.72,False,False
8,7.4,64,1024,8192,300,705,2.7883,366.84,394.72,1.0367,1395,-7.06,False,False
8,7.4,64,1024,8192,300,900,2.7297,356.36,394.72,1.0367,1395,-9.72,False,False
8,7.4,64,1024,8192,300,1050,2.6980,348.13,394.72,1.0367,1395,-11.80,False,False
8,7.4,64,1024,8192,300,1200,2.6747,351.25,394.72,1.0367,1395,-11.01,False,False
8,7.4,64,1024,8192,300,1305,2.6613,347.86,394.72,1.0367,1395,-11.87,False,False
8,7.4,64,1024,8192,300,1410,2.6500,354.08,394.72,1.0367,1395,-10.30,False,False
8,7.4,64,1024,8192,510,300,3.2662,434.70,394.72,1.0367,1395,+10.13,False,False
8,7.4,64,1024,8192,510,510,2.0751,334.62,394.72,1.0367,1395,-15.23,False,False
8,7.4,64,1024,8192,510,705,1.7664,304.65,394.72,1.0367,1395,-22.82,False,False
8,7.4,64,1024,8192,510,900,1.7383,295.72,394.72,1.0367,1395,-25.08,False,False
8,7.4,64,1024,8192,510,1050,1.7067,287.14,394.72,1.0367,1395,-27.25,False,False
8,7.4,64,1024,8192,510,1200,1.6833,289.94,394.72,1.0367,1395,-26.55,False,False
8,7.4,64,1024,8192,510,1305,1.6699,285.96,394.72,1.0367,1395,-27.55,False,False
8,7.4,64,1024,8192,510,1410,1.6586,291.58,394.72,1.0367,1395,-26.13,False,False
8,7.4,64,1024,8192,705,300,3.2662,438.12,394.72,1.0367,1395,+10.99,False,False
8,7.4,64,1024,8192,705,510,2.0751,336.08,394.72,1.0367,1395,-14.86,False,False
8,7.4,64,1024,8192,705,705,1.6249,297.20,394.72,1.0367,1395,-24.71,False,False
8,7.4,64,1024,8192,705,900,1.3316,272.41,394.72,1.0367,1395,-30.99,False,False
8,7.4,64,1024,8192,705,1050,1.2964,263.45,394.72,1.0367,1395,-33.26,False,False
8,7.4,64,1024,8192,705,1200,1.2916,267.20,394.72,1.0367,1395,-32.31,False,False
8,7.4,64,1024,8192,705,1305,1.2782,262.96,394.72,1.0367,1395,-33.38,False,True
8,7.4,64,1024,8192,705,1410,1.2669,268.35,394.72,1.0367,1395,-32.02,False,False
8,7.4,64,1024,8192,900,300,3.2662,444.40,394.72,1.0367,1395,+12.59,False,False
8,7.4,64,1024,8192,900,510,2.0751,340.18,394.72,1.0367,1395,-13.82,False,False
8,7.4,64,1024,8192,900,705,1.6249,300.47,394.72,1.0367,1395,-23.88,False,False
8,7.4,64,1024,8192,900,900,1.3316,275.15,394.72,1.0367,1395,-30.29,False,False
8,7.4,64,1024,8192,900,1050,1.1732,258.53,394.72,1.0367,1395,-34.50,False,False
8,7.4,64,1024,8192,900,1200,1.0566,255.29,394.72,1.0367,1395,-35.32,False,False
8,7.4,64,1024,8192,900,1305,1.0276,249.93,394.72,1.0367,1395,-36.68,True,False
8,7.4,64,1024,8192,900,1410,1.0276,255.85,394.72,1.0367,1395,-35.18,False,False
8,7.4,64,1024,8192,1050,300,3.2662,458.16,394.72,1.0367,1395,+16.07,False,False
8,7.4,64,1024,8192,1050,510,2.0751,349.36,394.72,1.0367,1395,-11.49,False,False
8,7.4,64,1024,8192,1050,705,1.6249,307.93,394.72,1.0367,1395,-21.99,False,False
8,7.4,64,1024,8192,1050,900,1.3316,281.48,394.72,1.0367,1395,-28.69,False,False
8,7.4,64,1024,8192,1050,1050,1.1732,264.25,394.72,1.0367,1395,-33.05,False,False
8,7.4,64,1024,8192,1050,1200,1.0566,260.57,394.72,1.0367,1395,-33.99,False,False
8,7.4,64,1024,8192,1050,1305,0.9896,252.56,394.72,1.0367,1395,-36.01,False,False
8,7.4,64,1024,8192,1050,1410,0.9331,254.69,394.72,1.0367,1395,-35.48,False,False
8,7.4,64,1024,8192,1200,300,3.2662,502.43,394.72,1.0367,1395,+27.29,False,False
8,7.4,64,1024,8192,1200,510,2.0751,389.05,394.72,1.0367,1395,-1.44,False,False
8,7.4,64,1024,8192,1200,705,1.6249,345.88,394.72,1.0367,1395,-12.37,False,False
8,7.4,64,1024,8192,1200,900,1.3316,318.30,394.72,1.0367,1395,-19.36,False,False
8,7.4,64,1024,8192,1200,1050,1.1732,300.47,394.72,1.0367,1395,-23.88,False,False
8,7.4,64,1024,8192,1200,1200,1.0566,296.34,394.72,1.0367,1395,-24.92,False,False
8,7.4,64,1024,8192,1200,1305,0.9896,288.08,394.72,1.0367,1395,-27.02,False,False
8,7.4,64,1024,8192,1200,1410,0.9331,289.98,394.72,1.0367,1395,-26.53,False,False
8,7.4,64,2048,4096,300,300,3.2662,364.84,266.80,1.0028,1410,+36.75,False,False
8,7.4,64,2048,4096,300,510,2.0751,266.12,266.80,1.0028,1410,-0.25,False,False
8,7.4,64,2048,4096,300,705,1.6249,228.50,266.80,1.0028,1410,-14.36,False,False
8,7.4,64,2048,4096,300,900,1.4655,212.13,266.80,1.0028,1410,-20.49,False,False
8,7.4,64,2048,4096,300,1050,1.4655,205.31,266.80,1.0028,1410,-23.05,False,False
8,7.4,64,2048,4096,300,1200,1.4655,209.40,266.80,1.0028,1410,-21.52,False,False
8,7.4,64,2048,4096,300,1305,1.4655,206.08,266.80,1.0028,1410,-22.76,False,False
8,7.4,64,2048,4096,300,1410,1.4655,212.26,266.80,1.0028,1410,-20.44,False,False
8,7.4,64,2048,4096,510,300,3.2662,364.86,266.80,1.0028,1410,+36.75,False,False
8,7.4,64,2048,4096,510,510,2.0751,264.77,266.80,1.0028,1410,-0.76,False,False
8,7.4,64,2048,4096,510,705,1.6249,226.63,266.80,1.0028,1410,-15.05,False,False
8,7.4,64,2048,4096,510,900,1.3316,202.33,266.80,1.0028,1410,-24.16,False,False
8,7.4,64,2048,4096,510,1050,1.1732,186.26,266.80,1.0028,1410,-30.19,False,False
8,7.4,64,2048,4096,510,1200,1.0566,183.43,266.80,1.0028,1410,-31.25,False,False
8,7.4,64,2048,4096,510,1305,0.9896,175.92,266.80,1.0028,1410,-34.06,True,False
8,7.4,64,2048,4096,510,1410,0.9331,178.46,266.80,1.0028,1410,-33.11,False,False
8,7.4,64,2048,4096,705,300,3.2662,369.09,266.80,1.0028,1410,+38.34,False,False
8,7.4,64,2048,4096,705,510,2.0751,267.05,266.80,1.0028,1410,+0.09,False,False
8,7.4,64,2048,4096,705,705,1.6249,228.17,266.80,1.0028,1410,-14.48,False,False
8,7.4,64,2048,4096,705,900,1.3316,203.39,266.80,1.0028,1410,-23.77,False,False
8,7.4,64,2048,4096,705,1050,1.1732,187.05,266.80,1.0028,1410,-29.89,False,False
8,7.4,64,2048,4096,705,1200,1.0566,184.03,266.80,1.0028,1410,-31.02,False,False
8,7.4,64,2048,4096,705,1305,0.9896,176.41,266.80,1.0028,1410,-33.88,False,True
8,7.4,64,2048,4096,705,1410,0.9331,178.86,266.80,1.0028,1410,-32.96,False,False
8,7.4,64,2048,4096,900,300,3.2662,375.03,266.80,1.0028,1410,+40.57,False,False
8,7.4,64,2048,4096,900,510,2.0751,270.81,266.80,1.0028,1410,+1.50,False,False
8,7.4,64,2048,4096,900,705,1.6249,231.10,266.80,1.0028,1410,-13.38,False,False
8,7.4,64,2048,4096,900,900,1.3316,205.78,266.80,1.0028,1410,-22.87,False,False
8,7.4,64,2048,4096,900,1050,1.1732,189.16,266.80,1.0028,1410,-29.10,False,False
8,7.4,64,2048,4096,900,1200,1.0566,185.92,266.80,1.0028,1410,-30.31,False,False
8,7.4,64,2048,4096,900,1305,0.9896,178.18,266.80,1.0028,1410,-33.22,False,False
8,7.4,64,2048,4096,900,1410,0.9331,180.52,266.80,1.0028,1410,-32.34,False,False
8,7.4,64,2048,4096,1050,300,3.2662,388.04,266.80,1.0028,1410,+45.44,False,False
8,7.4,64,2048,4096,1050,510,2.0751,279.24,266.80,1.0028,1410,+4.66,False,False
8,7.4,64,2048,4096,1050,705,1.6249,237.80,266.80,1.0028,1410,-10.87,False,False
8,7.4,64,2048,4096,1050,900,1.3316,211.35,266.80,1.0028,1410,-20.78,False,False
8,7.4,64,2048,4096,1050,1050,1.1732,194.12,266.80,1.0028,1410,-27.24,False,False
8,7.4,64,2048,4096,1050,1200,1.0566,190.44,266.80,1.0028,1410,-28.62,False,False
8,7.4,64,2048,4096,1050,1305,0.9896,182.44,266.80,1.0028,1410,-31.62,False,False
8,7.4,64,2048,4096,1050,1410,0.9331,184.56,266.80,1.0028,1410,-30.82,False,False
8,7.4,64,2048,4096,1200,300,3.2662,416.20,266.80,1.0028,1410,+56.00,False,False
8,7.4,64,2048,4096,1200,510,2.0751,302.82,266.80,1.0028,1410,+13.50,False,False
8,7.4,64,2048,4096,1200,705,1.6249,259.65,266.80,1.0028,1410,-2.68,False,False
8,7.4,64,2048,4096,1200,900,1.3316,232.08,266.80,1.0028,1410,-13.01,False,False
8,7.4,64,2048,4096,1200,1050,1.1732,214.24,266.80,1.0028,1410,-19.70,False,False
8,7.4,64,2048,4096,1200,1200,1.0566,210.11,266.80,1.0028,1410,-21.25,False,False
8,7.4,64,2048,4096,1200,1305,0.9896,201.85,266.80,1.0028,1410,-24.34,False,False
8,7.4,64,2048,4096,1200,1410,0.9331,203.75,266.80,1.0028,1410,-23.63,False,False
8,7.4,64,2048,4096,1305,300,3.2662,452.18,266.80,1.0028,1410,+69.48,False,False
8,7.4,64,2048,4096,1305,510,2.0751,330.13,266.80,1.0028,1410,+23.74,False,False
8,7.4,64,2048,4096,1305,705,1.6249,283.69,266.80,1.0028,1410,+6.33,False,False
8,7.4,64,2048,4096,1305,900,1.3316,253.98,266.80,1.0028,1410,-4.81,False,False
8,7.4,64,2048,4096,1305,1050,1.1732,234.99,266.80,1.0028,1410,-11.92,False,False
8,7.4,64,2048,4096,1305,1200,1.0566,230.01,266.80,1.0028,1410,-13.79,False,False
8,7.4,64,2048,4096,1305,1305,0.9896,221.26,266.80,1.0028,1410,-17.07,False,False
8,7.4,64,2048,4096,1305,1410,0.9331,222.76,266.80,1.0028,1410,-16.51,False,False
8,7.4,64,2048,8192,300,300,5.3207,680.14,583.19,1.4570,1275,+16.62,False,False
8,7.4,64,2048,8192,300,510,5.0825,635.40,583.19,1.4570,1275,+8.95,False,False
8,7.4,64,2048,8192,300,705,4.9925,618.55,583.19,1.4570,1275,+6.06,False,False
8,7.4,64,2048,8192,300,900,4.9338,608.40,583.19,1.4570,1275,+4.32,False,False
8,7.4,64,2048,8192,300,1050,4.9021,600.84,583.19,1.4570,1275,+3.03,False,False
8,7.4,64,2048,8192,300,1200,4.8788,604.64,583.19,1.4570,1275,+3.68,False,False
8,7.4,64,2048,8192,300,1305,4.8654,602.53,583.19,1.4570,1275,+3.32,False,False
8,7.4,64,2048,8192,300,1410,4.8541,610.04,583.19,1.4570,1275,+4.60,False,False
8,7.4,64,2048,8192,510,300,3.3177,560.50,583.19,1.4570,1275,-3.89,False,False
8,7.4,64,2048,8192,510,510,3.1797,521.09,583.19,1.4570,1275,-10.65,False,False
8,7.4,64,2048,8192,510,705,3.0897,503.89,583.19,1.4570,1275,-13.60,False,False
8,7.4,64,2048,8192,510,900,3.0310,493.38,583.19,1.4570,1275,-15.40,False,False
8,7.4,64,2048,8192,510,1050,2.9994,485.20,583.19,1.4570,1275,-16.80,False,False
8,7.4,64,2048,8192,510,1200,2.9760,488.40,583.19,1.4570,1275,-16.25,False,False
8,7.4,64,2048,8192,510,1305,2.9627,485.17,583.19,1.4570,1275,-16.81,False,False
8,7.4,64,2048,8192,510,1410,2.9514,491.55,583.19,1.4570,1275,-15.71,False,False
8,7.4,64,2048,8192,705,300,3.2662,559.82,583.19,1.4570,1275,-4.01,False,False
8,7.4,64,2048,8192,705,510,2.4132,477.82,583.19,1.4570,1275,-18.07,False,False
8,7.4,64,2048,8192,705,705,2.3360,461.12,583.19,1.4570,1275,-20.93,False,False
8,7.4,64,2048,8192,705,900,2.2773,450.41,583.19,1.4570,1275,-22.77,False,False
8,7.4,64,2048,8192,705,1050,2.2457,441.95,583.19,1.4570,1275,-24.22,False,False
8,7.4,64,2048,8192,705,1200,2.2223,444.87,583.19,1.4570,1275,-23.72,False,False
8,7.4,64,2048,8192,705,1305,2.2089,441.18,583.19,1.4570,1275,-24.35,False,True
8,7.4,64,2048,8192,705,1410,2.1976,447.10,583.19,1.4570,1275,-23.33,False,False
8,7.4,64,2048,8192,900,300,3.2662,567.34,583.19,1.4570,1275,-2.72,False,False
8,7.4,64,2048,8192,900,510,2.0751,463.12,583.19,1.4570,1275,-20.59,False,False
8,7.4,64,2048,8192,900,705,1.9003,440.27,583.19,1.4570,1275,-24.51,False,False
8,7.4,64,2048,8192,900,900,1.8499,429.90,583.19,1.4570,1275,-26.28,False,False
8,7.4,64,2048,8192,900,1050,1.8183,421.25,583.19,1.4570,1275,-27.77,False,False
8,7.4,64,2048,8192,900,1200,1.7949,424.00,583.19,1.4570,1275,-27.30,False,False
8,7.4,64,2048,8192,900,1305,1.7815,420.03,583.19,1.4570,1275,-27.98,False,False
8,7.4,64,2048,8192,900,1410,1.7702,425.69,583.19,1.4570,1275,-27.01,False,False
8,7.4,64,2048,8192,1050,300,3.2662,582.28,583.19,1.4570,1275,-0.16,False,False
8,7.4,64,2048,8192,1050,510,2.0751,473.48,583.19,1.4570,1275,-18.81,False,False
8,7.4,64,2048,8192,1050,705,1.6381,432.90,583.19,1.4570,1275,-25.77,False,False
8,7.4,64,2048,8192,1050,900,1.6314,425.14,583.19,1.4570,1275,-27.10,False,False
8,7.4,64,2048,8192,1050,1050,1.5997,416.30,583.19,1.4570,1275,-28.62,False,False
8,7.4,64,2048,8192,1050,1200,1.5764,418.89,583.19,1.4570,1275,-28.17,False,False
8,7.4,64,2048,8192,1050,1305,1.5630,414.75,583.19,1.4570,1275,-28.88,True,False
8,7.4,64,2048,8192,1050,1410,1.5517,420.23,583.19,1.4570,1275,-27.94,False,False
8,7.4,64,2048,8192,1200,300,3.2662,658.64,583.19,1.4570,1275,+12.94,False,False
8,7.4,64,2048,8192,1200,510,2.0751,545.27,583.19,1.4570,1275,-6.50,False,False
8,7.4,64,2048,8192,1200,705,1.6249,502.10,583.19,1.4570,1275,-13.90,False,False
8,7.4,64,2048,8192,1200,900,1.4400,482.01,583.19,1.4570,1275,-17.35,False,False
8,7.4,64,2048,8192,1200,1050,1.4347,474.81,583.19,1.4570,1275,-18.58,False,False
8,7.4,64,2048,8192,1200,1200,1.4114,477.27,583.19,1.4570,1275,-18.16,False,False
8,7.4,64,2048,8192,1200,1305,1.3980,472.97,583.19,1.4570,1275,-18.90,False,False
8,7.4,64,2048,8192,1200,1410,1.3867,478.32,583.19,1.4570,1275,-17.98,False,False
8,7.4,64,4096,4096,300,300,3.2662,432.38,396.25,1.0314,1380,+9.12,False,False
8,7.4,64,4096,4096,300,510,2.8327,376.44,396.25,1.0314,1380,-5.00,False,False
8,7.4,64,4096,4096,300,705,2.7427,359.29,396.25,1.0314,1380,-9.33,False,False
8,7.4,64,4096,4096,300,900,2.6840,348.80,396.25,1.0314,1380,-11.97,False,False
8,7.4,64,4096,4096,300,1050,2.6524,340.55,396.25,1.0314,1380,-14.06,False,False
8,7.4,64,4096,4096,300,1200,2.6290,343.67,396.25,1.0314,1380,-13.27,False,False
8,7.4,64,4096,4096,300,1305,2.6156,340.25,396.25,1.0314,1380,-14.13,False,False
8,7.4,64,4096,4096,300,1410,2.6043,346.44,396.25,1.0314,1380,-12.57,False,False
8,7.4,64,4096,4096,510,300,3.2662,430.07,396.25,1.0314,1380,+8.53,False,False
8,7.4,64,4096,4096,510,510,2.0751,329.99,396.25,1.0314,1380,-16.72,False,False
8,7.4,64,4096,4096,510,705,1.7296,297.89,396.25,1.0314,1380,-24.82,False,False
8,7.4,64,4096,4096,510,900,1.7077,289.31,396.25,1.0314,1380,-26.99,False,False
8,7.4,64,4096,4096,510,1050,1.6760,280.73,396.25,1.0314,1380,-29.15,False,False
8,7.4,64,4096,4096,510,1200,1.6527,283.51,396.25,1.0314,1380,-28.45,False,False
8,7.4,64,4096,4096,510,1305,1.6393,279.51,396.25,1.0314,1380,-29.46,False,False
8,7.4,64,4096,4096,510,1410,1.6280,285.12,396.25,1.0314,1380,-28.04,False,False
8,7.4,64,4096,4096,705,300,3.2662,433.96,396.25,1.0314,1380,+9.52,False,False
8,7.4,64,4096,4096,705,510,2.0751,331.93,396.25,1.0314,1380,-16.23,False,False
8,7.4,64,4096,4096,705,705,1.6249,293.04,396.25,1.0314,1380,-26.05,False,False
8,7.4,64,4096,4096,705,900,1.3316,268.26,396.25,1.0314,1380,-32.30,False,False
8,7.4,64,4096,4096,705,1050,1.2642,257.37,396.25,1.0314,1380,-35.05,False,False
8,7.4,64,4096,4096,705,1200,1.2642,261.40,396.25,1.0314,1380,-34.03,False,False
8,7.4,64,4096,4096,705,1305,1.2514,257.18,396.25,1.0314,1380,-35.10,False,True
8,7.4,64,4096,4096,705,1410,1.2401,262.55,396.25,1.0314,1380,-33.74,False,False
8,7.4,64,4096,4096,900,300,3.2662,440.44,396.25,1.0314,1380,+11.15,False,False
8,7.4,64,4096,4096,900,510,2.0751,336.21,396.25,1.0314,1380,-15.15,False,False
8,7.4,64,4096,4096,900,705,1.6249,296.51,396.25,1.0314,1380,-25.17,False,False
8,7.4,64,4096,4096,900,900,1.3316,271.19,396.25,1.0314,1380,-31.56,False,False
8,7.4,64,4096,4096,900,1050,1.1732,254.56,396.25,1.0314,1380,-35.76,False,False
8,7.4,64,4096,4096,900,1200,1.0566,251.33,396.25,1.0314,1380,-36.57,False,False
8,7.4,64,4096,4096,900,1305,0.9992,244.19,396.25,1.0314,1380,-38.38,True,False
8,7.4,64,4096,4096,900,1410,0.9992,250.10,396.25,1.0314,1380,-36.88,False,False
8,7.4,64,4096,4096,1050,300,3.2662,454.02,396.25,1.0314,1380,+14.58,False,False
8,7.4,64,4096,4096,1050,510,2.0751,345.22,396.25,1.0314,1380,-12.88,False,False
8,7.4,64,4096,4096,1050,705,1.6249,303.79,396.25,1.0314,1380,-23.34,False,False
8,7.4,64,4096,4096,1050,900,1.3316,277.34,396.25,1.0314,1380,-30.01,False,False
8,7.4,64,4096,4096,1050,1050,1.1732,260.11,396.25,1.0314,1380,-34.36,False,False
8,7.4,64,4096,4096,1050,1200,1.0566,256.42,396.25,1.0314,1380,-35.29,False,False
8,7.4,64,4096,4096,1050,1305,0.9896,248.42,396.25,1.0314,1380,-37.31,False,False
8,7.4,64,4096,4096,1050,1410,0.9331,250.54,396.25,1.0314,1380,-36.77,False,False
8,7.4,64,4096,4096,1200,300,3.2662,499.30,396.25,1.0314,1380,+26.01,False,False
8,7.4,64,4096,4096,1200,510,2.0751,385.92,396.25,1.0314,1380,-2.61,False,False
8,7.4,64,4096,4096,1200,705,1.6249,342.76,396.25,1.0314,1380,-13.50,False,False
8,7.4,64,4096,4096,1200,900,1.3316,315.18,396.25,1.0314,1380,-20.46,False,False
8,7.4,64,4096,4096,1200,1050,1.1732,297.34,396.25,1.0314,1380,-24.96,False,False
8,7.4,64,4096,4096,1200,1200,1.0566,293.21,396.25,1.0314,1380,-26.00,False,False
8,7.4,64,4096,4096,1200,1305,0.9896,284.95,396.25,1.0314,1380,-28.09,False,False
8,7.4,64,4096,4096,1200,1410,0.9331,286.86,396.25,1.0314,1380,-27.61,False,False
8,7.4,64,8192,8192,300,300,17.9288,2201.42,1882.71,4.7291,1215,+16.93,False,False
8,7.4,64,8192,8192,300,510,17.8035,2164.21,1882.71,4.7291,1215,+14.95,False,False
8,7.4,64,8192,8192,300,705,17.7561,2151.44,1882.71,4.7291,1215,+14.27,False,False
8,7.4,64,8192,8192,300,900,17.7252,2144.73,1882.71,4.7291,1215,+13.92,False,False
8,7.4,64,8192,8192,300,1050,17.7085,2141.96,1882.71,4.7291,1215,+13.77,False,False
8,7.4,64,8192,8192,300,1200,17.6962,2150.34,1882.71,4.7291,1215,+14.22,False,False
8,7.4,64,8192,8192,300,1305,17.6892,2156.06,1882.71,4.7291,1215,+14.52,False,False
8,7.4,64,8192,8192,300,1410,17.6833,2171.34,1882.71,4.7291,1215,+15.33,False,False
8,7.4,64,8192,8192,510,300,10.7116,1767.94,1882.71,4.7291,1215,-6.10,False,False
8,7.4,64,8192,8192,510,510,10.5862,1729.93,1882.71,4.7291,1215,-8.11,False,False
8,7.4,64,8192,8192,510,705,10.5388,1716.16,1882.71,4.7291,1215,-8.85,False,False
8,7.4,64,8192,8192,510,900,10.5079,1708.36,1882.71,4.7291,1215,-9.26,False,False
8,7.4,64,8192,8192,510,1050,10.4913,1703.35,1882.71,4.7291,1215,-9.53,False,False
8,7.4,64,8192,8192,510,1200,10.4790,1709.49,1882.71,4.7291,1215,-9.20,False,False
8,7.4,64,8192,8192,510,1305,10.4719,1711.00,1882.71,4.7291,1215,-9.12,False,False
8,7.4,64,8192,8192,510,1410,10.4660,1722.07,1882.71,4.7291,1215,-8.53,False,False
8,7.4,64,8192,8192,705,300,7.8587,1609.70,1882.71,4.7291,1215,-14.50,False,False
8,7.4,64,8192,8192,705,510,7.7334,1571.22,1882.71,4.7291,1215,-16.54,False,False
8,7.4,64,8192,8192,705,705,7.6860,1557.00,1882.71,4.7291,1215,-17.30,False,False
8,7.4,64,8192,8192,705,900,7.6551,1548.72,1882.71,4.7291,1215,-17.74,False,False
8,7.4,64,8192,8192,705,1050,7.6384,1542.81,1882.71,4.7291,1215,-18.05,False,False
8,7.4,64,8192,8192,705,1200,7.6262,1548.06,1882.71,4.7291,1215,-17.77,False,False
8,7.4,64,8192,8192,705,1305,7.6191,1547.90,1882.71,4.7291,1215,-17.78,False,True
8,7.4,64,8192,8192,705,1410,7.6132,1557.30,1882.71,4.7291,1215,-17.28,False,False
8,7.4,64,8192,8192,900,300,6.2406,1528.62,1882.71,4.7291,1215,-18.81,False,False
8,7.4,64,8192,8192,900,510,6.1152,1489.76,1882.71,4.7291,1215,-20.87,False,False
8,7.4,64,8192,8192,900,705,6.0678,1475.24,1882.71,4.7291,1215,-21.64,False,False
8,7.4,64,8192,8192,900,900,6.0369,1466.67,1882.71,4.7291,1215,-22.10,False,False
8,7.4,64,8192,8192,900,1050,6.0202,1460.23,1882.71,4.7291,1215,-22.44,False,False
8,7.4,64,8192,8192,900,1200,6.0080,1464.96,1882.71,4.7291,1215,-22.19,False,False
8,7.4,64,8192,8192,900,1305,6.0009,1463.84,1882.71,4.7291,1215,-22.25,False,False
8,7.4,64,8192,8192,900,1410,5.9950,1472.29,1882.71,4.7291,1215,-21.80,False,False
8,7.4,64,8192,8192,1050,300,5.4171,1518.68,1882.71,4.7291,1215,-19.34,False,False
8,7.4,64,8192,8192,1050,510,5.2917,1479.26,1882.71,4.7291,1215,-21.43,False,False
8,7.4,64,8192,8192,1050,705,5.2443,1464.45,1882.71,4.7291,1215,-22.22,False,False
8,7.4,64,8192,8192,1050,900,5.2134,1455.65,1882.71,4.7291,1215,-22.68,False,False
8,7.4,64,8192,8192,1050,1050,5.1968,1448.89,1882.71,4.7291,1215,-23.04,True,False
8,7.4,64,8192,8192,1050,1200,5.1845,1453.31,1882.71,4.7291,1215,-22.81,False,False
8,7.4,64,8192,8192,1050,1305,5.1774,1451.69,1882.71,4.7291,1215,-22.89,False,False
8,7.4,64,8192,8192,1050,1410,5.1715,1459.64,1882.71,4.7291,1215,-22.47,False,False
8,7.4,64,8192,8192,1200,300,4.7927,1753.30,1882.71,4.7291,1215,-6.87,False,False
8,7.4,64,8192,8192,1200,510,4.6673,1713.34,1882.71,4.7291,1215,-9.00,False,False
8,7.4,64,8192,8192,1200,705,4.6199,1698.27,1882.71,4.7291,1215,-9.80,False,False
8,7.4,64,8192,8192,1200,900,4.5890,1689.25,1882.71,4.7291,1215,-10.28,False,False
8,7.4,64,8192,8192,1200,1050,4.5724,1682.24,1882.71,4.7291,1215,-10.65,False,False
8,7.4,64,8192,8192,1200,1200,4.5601,1686.42,1882.71,4.7291,1215,-10.43,False,False
8,7.4,64,8192,8192,1200,1305,4.5530,1684.41,1882.71,4.7291,1215,-10.53,False,False
8,7.4,64,8192,8192,1200,1410,4.5471,1691.97,1882.71,4.7291,1215,-10.13,False,False
8,7.4,128,1024,4096,300,300,6.3935,609.73,327.91,1.8842,1410,+85.95,False,False
8,7.4,128,1024,4096,300,510,4.0379,414.39,327.91,1.8842,1410,+26.37,False,False
8,7.4,128,1024,4096,300,705,3.1430,340.08,327.91,1.8842,1410,+3.71,False,False
8,7.4,128,1024,4096,300,900,2.5690,295.62,327.91,1.8842,1410,-9.85,False,False
8,7.4,128,1024,4096,300,1050,2.2504,264.22,327.91,1.8842,1410,-19.42,False,False
8,7.4,128,1024,4096,300,1200,2.0218,259.34,327.91,1.8842,1410,-20.91,False,False
8,7.4,128,1024,4096,300,1305,1.8917,245.10,327.91,1.8842,1410,-25.25,False,False
8,7.4,128,1024,4096,300,1410,1.7871,244.85,327.91,1.8842,1410,-25.33,False,False
8,7.4,128,1024,4096,510,300,6.3935,614.45,327.91,1.8842,1410,+87.39,False,False
8,7.4,128,1024,4096,510,510,4.0379,416.42,327.91,1.8842,1410,+26.99,False,False
8,7.4,128,1024,4096,510,705,3.1430,341.09,327.91,1.8842,1410,+4.02,False,False
8,7.4,128,1024,4096,510,900,2.5690,295.97,327.91,1.8842,1410,-9.74,False,False
8,7.4,128,1024,4096,510,1050,2.2504,264.20,327.91,1.8842,1410,-19.43,False,False
8,7.4,128,1024,4096,510,1200,2.0218,259.06,327.91,1.8842,1410,-20.99,False,False
8,7.4,128,1024,4096,510,1305,1.8917,244.67,327.91,1.8842,1410,-25.38,False,False
8,7.4,128,1024,4096,510,1410,1.7871,244.31,327.91,1.8842,1410,-25.49,True,False
8,7.4,128,1024,4096,705,300,6.3935,624.07,327.91,1.8842,1410,+90.32,False,False
8,7.4,128,1024,4096,705,510,4.0379,422.17,327.91,1.8842,1410,+28.75,False,False
8,7.4,128,1024,4096,705,705,3.1430,345.36,327.91,1.8842,1410,+5.32,False,False
8,7.4,128,1024,4096,705,900,2.5690,299.30,327.91,1.8842,1410,-8.72,False,False
8,7.4,128,1024,4096,705,1050,2.2504,267.01,327.91,1.8842,1410,-18.57,False,False
8,7.4,128,1024,4096,705,1200,2.0218,261.50,327.91,1.8842,1410,-20.25,False,False
8,7.4,128,1024,4096,705,1305,1.8917,246.90,327.91,1.8842,1410,-24.70,False,True
8,7.4,128,1024,4096,705,1410,1.7871,246.36,327.91,1.8842,1410,-24.87,False,False
8,7.4,128,1024,4096,900,300,6.3935,635.49,327.91,1.8842,1410,+93.80,False,False
8,7.4,128,1024,4096,900,510,4.0379,429.26,327.91,1.8842,1410,+30.91,False,False
8,7.4,128,1024,4096,900,705,3.1430,350.82,327.91,1.8842,1410,+6.99,False,False
8,7.4,128,1024,4096,900,900,2.5690,303.71,327.91,1.8842,1410,-7.38,False,False
8,7.4,128,1024,4096,900,1050,2.2504,270.83,327.91,1.8842,1410,-17.41,False,False
8,7.4,128,1024,4096,900,1200,2.0218,264.90,327.91,1.8842,1410,-19.21,False,False
8,7.4,128,1024,4096,900,1305,1.8917,250.06,327.91,1.8842,1410,-23.74,False,False
8,7.4,128,1024,4096,900,1410,1.7871,249.33,327.91,1.8842,1410,-23.96,False,False
8,7.4,128,1024,4096,1050,300,6.3935,659.94,327.91,1.8842,1410,+101.26,False,False
8,7.4,128,1024,4096,1050,510,4.0379,444.66,327.91,1.8842,1410,+35.61,False,False
8,7.4,128,1024,4096,1050,705,3.1430,362.78,327.91,1.8842,1410,+10.64,False,False
8,7.4,128,1024,4096,1050,900,2.5690,313.46,327.91,1.8842,1410,-4.40,False,False
8,7.4,128,1024,4096,1050,1050,2.2504,279.36,327.91,1.8842,1410,-14.80,False,False
8,7.4,128,1024,4096,1050,1200,2.0218,272.55,327.91,1.8842,1410,-16.88,False,False
8,7.4,128,1024,4096,1050,1305,1.8917,257.21,327.91,1.8842,1410,-21.56,False,False
8,7.4,128,1024,4096,1050,1410,1.7871,256.08,327.91,1.8842,1410,-21.90,False,False
8,7.4,128,1024,4096,1200,300,6.3935,691.94,327.91,1.8842,1410,+111.02,False,False
8,7.4,128,1024,4096,1200,510,4.0379,467.61,327.91,1.8842,1410,+42.60,False,False
8,7.4,128,1024,4096,1200,705,3.1430,382.28,327.91,1.8842,1410,+16.58,False,False
8,7.4,128,1024,4096,1200,900,2.5690,330.76,327.91,1.8842,1410,+0.87,False,False
8,7.4,128,1024,4096,1200,1050,2.2504,295.43,327.91,1.8842,1410,-9.90,False,False
8,7.4,128,1024,4096,1200,1200,2.0218,287.74,327.91,1.8842,1410,-12.25,False,False
8,7.4,128,1024,4096,1200,1305,1.8917,271.90,327.91,1.8842,1410,-17.08,False,False
8,7.4,128,1024,4096,1200,1410,1.7871,270.37,327.91,1.8842,1410,-17.55,False,False
8,7.4,128,1024,4096,1305,300,6.3935,743.61,327.91,1.8842,1410,+126.78,False,False
8,7.4,128,1024,4096,1305,510,4.0379,502.14,327.91,1.8842,1410,+53.14,False,False
8,7.4,128,1024,4096,1305,705,3.1430,410.31,327.91,1.8842,1410,+25.13,False,False
8,7.4,128,1024,4096,1305,900,2.5690,354.61,327.91,1.8842,1410,+8.14,False,False
8,7.4,128,1024,4096,1305,1050,2.2504,316.97,327.91,1.8842,1410,-3.33,False,False
8,7.4,128,1024,4096,1305,1200,2.0218,307.62,327.91,1.8842,1410,-6.19,False,False
8,7.4,128,1024,4096,1305,1305,1.8917,290.83,327.91,1.8842,1410,-11.31,False,False
8,7.4,128,1024,4096,1305,1410,1.7871,288.54,327.91,1.8842,1410,-12.01,False,False
8,7.4,128,1024,4096,1410,300,6.3935,804.04,327.91,1.8842,1410,+145.20,False,False
8,7.4,128,1024,4096,1410,510,4.0379,545.43,327.91,1.8842,1410,+66.34,False,False
8,7.4,128,1024,4096,1410,705,3.1430,447.09,327.91,1.8842,1410,+36.35,False,False
8,7.4,128,1024,4096,1410,900,2.5690,387.21,327.91,1.8842,1410,+18.09,False,False
8,7.4,128,1024,4096,1410,1050,2.2504,347.26,327.91,1.8842,1410,+5.90,False,False
8,7.4,128,1024,4096,1410,1200,2.0218,336.24,327.91,1.8842,1410,+2.54,False,False
8,7.4,128,1024,4096,1410,1305,1.8917,318.50,327.91,1.8842,1410,-2.87,False,False
8,7.4,128,1024,4096,1410,1410,1.7871,315.45,327.91,1.8842,1410,-3.80,False,False
8,7.4,128,1024,8192,300,300,6.3935,715.89,509.83,1.8944,1410,+40.42,False,False
8,7.4,128,1024,8192,300,510,4.0379,520.55,509.83,1.8944,1410,+2.10,False,False
8,7.4,128,1024,8192,300,705,3.1430,446.24,509.83,1.8944,1410,-12.47,False,False
8,7.4,128,1024,8192,300,900,2.9560,423.73,509.83,1.8944,1410,-16.89,False,False
8,7.4,128,1024,8192,300,1050,2.9134,408.20,509.83,1.8944,1410,-19.93,False,False
8,7.4,128,1024,8192,300,1200,2.8677,414.01,509.83,1.8944,1410,-18.79,False,False
8,7.4,128,1024,8192,300,1305,2.8417,406.29,509.83,1.8944,1410,-20.31,False,False
8,7.4,128,1024,8192,300,1410,2.8208,411.50,509.83,1.8944,1410,-19.29,False,False
8,7.4,128,1024,8192,510,300,6.3935,716.82,509.83,1.8944,1410,+40.60,False,False
8,7.4,128,1024,8192,510,510,4.0379,518.78,509.83,1.8944,1410,+1.76,False,False
8,7.4,128,1024,8192,510,705,3.1430,443.45,509.83,1.8944,1410,-13.02,False,False
8,7.4,128,1024,8192,510,900,2.5690,398.33,509.83,1.8944,1410,-21.87,False,False
8,7.4,128,1024,8192,510,1050,2.2504,366.57,509.83,1.8944,1410,-28.10,False,False
8,7.4,128,1024,8192,510,1200,2.0218,361.43,509.83,1.8944,1410,-29.11,False,False
8,7.4,128,1024,8192,510,1305,1.8917,347.04,509.83,1.8944,1410,-31.93,False,False
8,7.4,128,1024,8192,510,1410,1.7871,346.67,509.83,1.8944,1410,-32.00,True,False
8,7.4,128,1024,8192,705,300,6.3935,725.37,509.83,1.8944,1410,+42.28,False,False
8,7.4,128,1024,8192,705,510,4.0379,523.46,509.83,1.8944,1410,+2.67,False,False
8,7.4,128,1024,8192,705,705,3.1430,446.66,509.83,1.8944,1410,-12.39,False,False
8,7.4,128,1024,8192,705,900,2.5690,400.60,509.83,1.8944,1410,-21.42,False,False
8,7.4,128,1024,8192,705,1050,2.2504,368.31,509.83,1.8944,1410,-27.76,False,False
8,7.4,128,1024,8192,705,1200,2.0218,362.80,509.83,1.8944,1410,-28.84,False,False
8,7.4,128,1024,8192,705,1305,1.8917,348.19,509.83,1.8944,1410,-31.70,False,True
8,7.4,128,1024,8192,705,1410,1.7871,347.66,509.83,1.8944,1410,-31.81,False,False
8,7.4,128,1024,8192,900,300,6.3935,737.38,509.83,1.8944,1410,+44.63,False,False
8,7.4,128,1024,8192,900,510,4.0379,531.16,509.83,1.8944,1410,+4.18,False,False
8,7.4,128,1024,8192,900,705,3.1430,452.72,509.83,1.8944,1410,-11.20,False,False
8,7.4,128,1024,8192,900,900,2.5690,405.60,509.83,1.8944,1410,-20.44,False,False
8,7.4,128,1024,8192,900,1050,2.2504,372.73,509.83,1.8944,1410,-26.89,False,False
8,7.4,128,1024,8192,900,1200,2.0218,366.80,509.83,1.8944,1410,-28.06,False,False
8,7.4,128,1024,8192,900,1305,1.8917,351.96,509.83,1.8944,1410,-30.97,False,False
8,7.4,128,1024,8192,900,1410,1.7871,351.23,509.83,1.8944,1410,-31.11,False,False
8,7.4,128,1024,8192,1050,300,6.3935,763.17,509.83,1.8944,1410,+49.69,False,False
8,7.4,128,1024,8192,1050,510,4.0379,547.89,509.83,1.8944,1410,+7.47,False,False
8,7.4,128,1024,8192,1050,705,3.1430,466.01,509.83,1.8944,1410,-8.60,False,False
8,7.4,128,1024,8192,1050,900,2.5690,416.69,509.83,1.8944,1410,-18.27,False,False
8,7.4,128,1024,8192,1050,1050,2.2504,382.59,509.83,1.8944,1410,-24.96,False,False
8,7.4,128,1024,8192,1050,1200,2.0218,375.78,509.83,1.8944,1410,-26.29,False,False
8,7.4,128,1024,8192,1050,1305,1.8917,360.44,509.83,1.8944,1410,-29.30,False,False
8,7.4,128,1024,8192,1050,1410,1.7871,359.31,509.83,1.8944,1410,-29.52,False,False
8,7.4,128,1024,8192,1200,300,6.3935,819.45,509.83,1.8944,1410,+60.73,False,False
8,7.4,128,1024,8192,1200,510,4.0379,595.12,509.83,1.8944,1410,+16.73,False,False
8,7.4,128,1024,8192,1200,705,3.1430,509.80,509.83,1.8944,1410,-0.01,False,False
8,7.4,128,1024,8192,1200,900,2.5690,458.27,509.83,1.8944,1410,-10.11,False,False
8,7.4,128,1024,8192,1200,1050,2.2504,422.95,509.83,1.8944,1410,-17.04,False,False
8,7.4,128,1024,8192,1200,1200,2.0218,415.26,509.83,1.8944,1410,-18.55,False,False
8,7.4,128,1024,8192,1200,1305,1.8917,399.42,509.83,1.8944,1410,-21.66,False,False
8,7.4,128,1024,8192,1200,1410,1.7871,397.89,509.83,1.8944,1410,-21.96,False,False
8,7.4,128,2048,4096,300,300,6.3935,643.38,387.19,1.8662,1410,+66.16,False,False
8,7.4,128,2048,4096,300,510,4.0379,448.04,387.19,1.8662,1410,+15.71,False,False
8,7.4,128,2048,4096,300,705,3.1430,373.73,387.19,1.8662,1410,-3.48,False,False
8,7.4,128,2048,4096,300,900,2.5690,329.27,387.19,1.8662,1410,-14.96,False,False
8,7.4,128,2048,4096,300,1050,2.2504,297.87,387.19,1.8662,1410,-23.07,False,False
8,7.4,128,2048,4096,300,1200,2.0218,292.99,387.19,1.8662,1410,-24.33,False,False
8,7.4,128,2048,4096,300,1305,1.8917,278.75,387.19,1.8662,1410,-28.01,False,False
8,7.4,128,2048,4096,300,1410,1.7871,278.50,387.19,1.8662,1410,-28.07,False,False
8,7.4,128,2048,4096,510,300,6.3935,646.97,387.19,1.8662,1410,+67.09,False,False
8,7.4,128,2048,4096,510,510,4.0379,448.94,387.19,1.8662,1410,+15.95,False,False
8,7.4,128,2048,4096,510,705,3.1430,373.60,387.19,1.8662,1410,-3.51,False,False
8,7.4,128,2048,4096,510,900,2.5690,328.48,387.19,1.8662,1410,-15.16,False,False
8,7.4,128,2048,4096,510,1050,2.2504,296.72,387.19,1.8662,1410,-23.37,False,False
8,7.4,128,2048,4096,510,1200,2.0218,291.58,387.19,1.8662,1410,-24.69,False,False
8,7.4,128,2048,4096,510,1305,1.8917,277.19,387.19,1.8662,1410,-28.41,False,False
8,7.4,128,2048,4096,510,1410,1.7871,276.83,387.19,1.8662,1410,-28.50,True,False
8,7.4,128,2048,4096,705,300,6.3935,656.34,387.19,1.8662,1410,+69.51,False,False
8,7.4,128,2048,4096,705,510,4.0379,454.44,387.19,1.8662,1410,+17.37,False,False
8,7.4,128,2048,4096,705,705,3.1430,377.63,387.19,1.8662,1410,-2.47,False,False
8,7.4,128,2048,4096,705,900,2.5690,331.57,387.19,1.8662,1410,-14.36,False,False
8,7.4,128,2048,4096,705,1050,2.2504,299.28,387.19,1.8662,1410,-22.70,False,False
8,7.4,128,2048,4096,705,1200,2.0218,293.77,387.19,1.8662,1410,-24.13,False,False
8,7.4,128,2048,4096,705,1305,1.8917,279.17,387.19,1.8662,1410,-27.90,False,True
8,7.4,128,2048,4096,705,1410,1.7871,278.63,387.19,1.8662,1410,-28.04,False,False
8,7.4,128,2048,4096,900,300,6.3935,668.01,387.19,1.8662,1410,+72.53,False,False
8,7.4,128,2048,4096,900,510,4.0379,461.79,387.19,1.8662,1410,+19.27,False,False
8,7.4,128,2048,4096,900,705,3.1430,383.35,387.19,1.8662,1410,-0.99,False,False
8,7.4,128,2048,4096,900,900,2.5690,336.23,387.19,1.8662,1410,-13.16,False,False
8,7.4,128,2048,4096,900,1050,2.2504,303.36,387.19,1.8662,1410,-21.65,False,False
8,7.4,128,2048,4096,900,1200,2.0218,297.43,387.19,1.8662,1410,-23.18,False,False
8,7.4,128,2048,4096,900,1305,1.8917,282.59,387.19,1.8662,1410,-27.02,False,False
8,7.4,128,2048,4096,900,1410,1.7871,281.86,387.19,1.8662,1410,-27.20,False,False
8,7.4,128,2048,4096,1050,300,6.3935,693.05,387.19,1.8662,1410,+78.99,False,False
8,7.4,128,2048,4096,1050,510,4.0379,477.77,387.19,1.8662,1410,+23.39,False,False
8,7.4,128,2048,4096,1050,705,3.1430,395.88,387.19,1.8662,1410,+2.25,False,False
8,7.4,128,2048,4096,1050,900,2.5690,346.57,387.19,1.8662,1410,-10.49,False,False
8,7.4,128,2048,4096,1050,1050,2.2504,312.47,387.19,1.8662,1410,-19.30,False,False
8,7.4,128,2048,4096,1050,1200,2.0218,305.65,387.19,1.8662,1410,-21.06,False,False
8,7.4,128,2048,4096,1050,1305,1.8917,290.31,387.19,1.8662,1410,-25.02,False,False
8,7.4,128,2048,4096,1050,1410,1.7871,289.19,387.19,1.8662,1410,-25.31,False,False
8,7.4,128,2048,4096,1200,300,6.3935,733.23,387.19,1.8662,1410,+89.37,False,False
8,7.4,128,2048,4096,1200,510,4.0379,508.89,387.19,1.8662,1410,+31.43,False,False
8,7.4,128,2048,4096,1200,705,3.1430,423.57,387.19,1.8662,1410,+9.40,False,False
8,7.4,128,2048,4096,1200,900,2.5690,372.05,387.19,1.8662,1410,-3.91,False,False
8,7.4,128,2048,4096,1200,1050,2.2504,336.72,387.19,1.8662,1410,-13.03,False,False
8,7.4,128,2048,4096,1200,1200,2.0218,329.03,387.19,1.8662,1410,-15.02,False,False
8,7.4,128,2048,4096,1200,1305,1.8917,313.19,387.19,1.8662,1410,-19.11,False,False
8,7.4,128,2048,4096,1200,1410,1.7871,311.66,387.19,1.8662,1410,-19.51,False,False
8,7.4,128,2048,4096,1305,300,6.3935,791.95,387.19,1.8662,1410,+104.54,False,False
8,7.4,128,2048,4096,1305,510,4.0379,550.48,387.19,1.8662,1410,+42.17,False,False
8,7.4,128,2048,4096,1305,705,3.1430,458.65,387.19,1.8662,1410,+18.46,False,False
8,7.4,128,2048,4096,1305,900,2.5690,402.95,387.19,1.8662,1410,+4.07,False,False
8,7.4,128,2048,4096,1305,1050,2.2504,365.31,387.19,1.8662,1410,-5.65,False,False
8,7.4,128,2048,4096,1305,1200,2.0218,355.96,387.19,1.8662,1410,-8.07,False,False
8,7.4,128,2048,4096,1305,1305,1.8917,339.17,387.19,1.8662,1410,-12.40,False,False
8,7.4,128,2048,4096,1305,1410,1.7871,336.88,387.19,1.8662,1410,-12.99,False,False
8,7.4,128,2048,8192,300,300,6.3935,842.87,747.32,1.9300,1395,+12.79,False,False
8,7.4,128,2048,8192,300,510,5.4751,728.66,747.32,1.9300,1395,-2.50,False,False
8,7.4,128,2048,8192,300,705,5.2961,695.06,747.32,1.9300,1395,-6.99,False,False
8,7.4,128,2048,8192,300,900,5.1813,676.97,747.32,1.9300,1395,-9.41,False,False
8,7.4,128,2048,8192,300,1050,5.1175,660.91,747.32,1.9300,1395,-11.56,False,False
8,7.4,128,2048,8192,300,1200,5.0718,667.40,747.32,1.9300,1395,-10.69,False,False
8,7.4,128,2048,8192,300,1305,5.0458,660.97,747.32,1.9300,1395,-11.55,False,False
8,7.4,128,2048,8192,300,1410,5.0249,667.45,747.32,1.9300,1395,-10.69,False,False
8,7.4,128,2048,8192,510,300,6.3935,839.66,747.32,1.9300,1395,+12.36,False,False
8,7.4,128,2048,8192,510,510,4.0379,641.62,747.32,1.9300,1395,-14.14,False,False
8,7.4,128,2048,8192,510,705,3.3177,576.37,747.32,1.9300,1395,-22.87,False,False
8,7.4,128,2048,8192,510,900,3.2785,562.24,747.32,1.9300,1395,-24.77,False,False
8,7.4,128,2048,8192,510,1050,3.2148,545.52,747.32,1.9300,1395,-27.00,False,False
8,7.4,128,2048,8192,510,1200,3.1691,551.38,747.32,1.9300,1395,-26.22,False,False
8,7.4,128,2048,8192,510,1305,3.1431,543.80,747.32,1.9300,1395,-27.23,False,False
8,7.4,128,2048,8192,510,1410,3.1222,549.16,747.32,1.9300,1395,-26.52,False,False
8,7.4,128,2048,8192,705,300,6.3935,847.07,747.32,1.9300,1395,+13.35,False,False
8,7.4,128,2048,8192,705,510,4.0379,645.17,747.32,1.9300,1395,-13.67,False,False
8,7.4,128,2048,8192,705,705,3.1430,568.37,747.32,1.9300,1395,-23.95,False,False
8,7.4,128,2048,8192,705,900,2.5690,522.30,747.32,1.9300,1395,-30.11,False,False
8,7.4,128,2048,8192,705,1050,2.4132,499.76,747.32,1.9300,1395,-33.13,False,False
8,7.4,128,2048,8192,705,1200,2.4132,508.04,747.32,1.9300,1395,-32.02,False,False
8,7.4,128,2048,8192,705,1305,2.3894,500.12,747.32,1.9300,1395,-33.08,False,True
8,7.4,128,2048,8192,705,1410,2.3684,505.00,747.32,1.9300,1395,-32.42,False,False
8,7.4,128,2048,8192,900,300,6.3935,860.33,747.32,1.9300,1395,+15.12,False,False
8,7.4,128,2048,8192,900,510,4.0379,654.11,747.32,1.9300,1395,-12.47,False,False
8,7.4,128,2048,8192,900,705,3.1430,575.66,747.32,1.9300,1395,-22.97,False,False
8,7.4,128,2048,8192,900,900,2.5690,528.55,747.32,1.9300,1395,-29.27,False,False
8,7.4,128,2048,8192,900,1050,2.2504,495.68,747.32,1.9300,1395,-33.67,False,False
8,7.4,128,2048,8192,900,1200,2.0218,489.74,747.32,1.9300,1395,-34.47,False,False
8,7.4,128,2048,8192,900,1305,1.9003,475.44,747.32,1.9300,1395,-36.38,True,False
8,7.4,128,2048,8192,900,1410,1.9003,481.32,747.32,1.9300,1395,-35.59,False,False
8,7.4,128,2048,8192,1050,300,6.3935,887.29,747.32,1.9300,1395,+18.73,False,False
8,7.4,128,2048,8192,1050,510,4.0379,672.01,747.32,1.9300,1395,-10.08,False,False
8,7.4,128,2048,8192,1050,705,3.1430,590.12,747.32,1.9300,1395,-21.03,False,False
8,7.4,128,2048,8192,1050,900,2.5690,540.81,747.32,1.9300,1395,-27.63,False,False
8,7.4,128,2048,8192,1050,1050,2.2504,506.71,747.32,1.9300,1395,-32.20,False,False
8,7.4,128,2048,8192,1050,1200,2.0218,499.89,747.32,1.9300,1395,-33.11,False,False
8,7.4,128,2048,8192,1050,1305,1.8917,484.55,747.32,1.9300,1395,-35.16,False,False
8,7.4,128,2048,8192,1050,1410,1.7871,483.42,747.32,1.9300,1395,-35.31,False,False
8,7.4,128,2048,8192,1200,300,6.3935,975.67,747.32,1.9300,1395,+30.56,False,False
8,7.4,128,2048,8192,1200,510,4.0379,751.34,747.32,1.9300,1395,+0.54,False,False
8,7.4,128,2048,8192,1200,705,3.1430,666.02,747.32,1.9300,1395,-10.88,False,False
8,7.4,128,2048,8192,1200,900,2.5690,614.49,747.32,1.9300,1395,-17.77,False,False
8,7.4,128,2048,8192,1200,1050,2.2504,579.17,747.32,1.9300,1395,-22.50,False,False
8,7.4,128,2048,8192,1200,1200,2.0218,571.48,747.32,1.9300,1395,-23.53,False,False
8,7.4,128,2048,8192,1200,1305,1.8917,555.64,747.32,1.9300,1395,-25.65,False,False
8,7.4,128,2048,8192,1200,1410,1.7871,554.10,747.32,1.9300,1395,-25.85,False,False
8,7.4,128,4096,4096,300,300,6.3935,710.92,521.41,1.8934,1410,+36.35,False,False
8,7.4,128,4096,4096,300,510,4.0379,515.58,521.41,1.8934,1410,-1.12,False,False
8,7.4,128,4096,4096,300,705,3.1430,441.27,521.41,1.8934,1410,-15.37,False,False
8,7.4,128,4096,4096,300,900,2.9013,415.66,521.41,1.8934,1410,-20.28,False,False
8,7.4,128,4096,4096,300,1050,2.8678,400.63,521.41,1.8934,1410,-23.16,False,False
8,7.4,128,4096,4096,300,1200,2.8221,406.43,521.41,1.8934,1410,-22.05,False,False
8,7.4,128,4096,4096,300,1305,2.7961,398.68,521.41,1.8934,1410,-23.54,False,False
8,7.4,128,4096,4096,300,1410,2.7751,403.86,521.41,1.8934,1410,-22.54,False,False
8,7.4,128,4096,4096,510,300,6.3935,712.18,521.41,1.8934,1410,+36.59,False,False
8,7.4,128,4096,4096,510,510,4.0379,514.15,521.41,1.8934,1410,-1.39,False,False
8,7.4,128,4096,4096,510,705,3.1430,438.82,521.41,1.8934,1410,-15.84,False,False
8,7.4,128,4096,4096,510,900,2.5690,393.70,521.41,1.8934,1410,-24.49,False,False
8,7.4,128,4096,4096,510,1050,2.2504,361.93,521.41,1.8934,1410,-30.59,False,False
8,7.4,128,4096,4096,510,1200,2.0218,356.79,521.41,1.8934,1410,-31.57,False,False
8,7.4,128,4096,4096,510,1305,1.8917,342.40,521.41,1.8934,1410,-34.33,False,False
8,7.4,128,4096,4096,510,1410,1.7871,342.04,521.41,1.8934,1410,-34.40,True,False
8,7.4,128,4096,4096,705,300,6.3935,721.21,521.41,1.8934,1410,+38.32,False,False
8,7.4,128,4096,4096,705,510,4.0379,519.31,521.41,1.8934,1410,-0.40,False,False
8,7.4,128,4096,4096,705,705,3.1430,442.51,521.41,1.8934,1410,-15.13,False,False
8,7.4,128,4096,4096,705,900,2.5690,396.45,521.41,1.8934,1410,-23.97,False,False
8,7.4,128,4096,4096,705,1050,2.2504,364.16,521.41,1.8934,1410,-30.16,False,False
8,7.4,128,4096,4096,705,1200,2.0218,358.64,521.41,1.8934,1410,-31.22,False,False
8,7.4,128,4096,4096,705,1305,1.8917,344.04,521.41,1.8934,1410,-34.02,False,True
8,7.4,128,4096,4096,705,1410,1.7871,343.51,521.41,1.8934,1410,-34.12,False,False
8,7.4,128,4096,4096,900,300,6.3935,733.42,521.41,1.8934,1410,+40.66,False,False
8,7.4,128,4096,4096,900,510,4.0379,527.20,521.41,1.8934,1410,+1.11,False,False
8,7.4,128,4096,4096,900,705,3.1430,448.75,521.41,1.8934,1410,-13.93,False,False
8,7.4,128,4096,4096,900,900,2.5690,401.64,521.41,1.8934,1410,-22.97,False,False
8,7.4,128,4096,4096,900,1050,2.2504,368.77,521.41,1.8934,1410,-29.27,False,False
8,7.4,128,4096,4096,900,1200,2.0218,362.83,521.41,1.8934,1410,-30.41,False,False
8,7.4,128,4096,4096,900,1305,1.8917,347.99,521.41,1.8934,1410,-33.26,False,False
8,7.4,128,4096,4096,900,1410,1.7871,347.27,521.41,1.8934,1410,-33.40,False,False
8,7.4,128,4096,4096,1050,300,6.3935,759.03,521.41,1.8934,1410,+45.57,False,False
8,7.4,128,4096,4096,1050,510,4.0379,543.75,521.41,1.8934,1410,+4.28,False,False
8,7.4,128,4096,4096,1050,705,3.1430,461.87,521.41,1.8934,1410,-11.42,False,False
8,7.4,128,4096,4096,1050,900,2.5690,412.55,521.41,1.8934,1410,-20.88,False,False
8,7.4,128,4096,4096,1050,1050,2.2504,378.45,521.41,1.8934,1410,-27.42,False,False
8,7.4,128,4096,4096,1050,1200,2.0218,371.64,521.41,1.8934,1410,-28.72,False,False
8,7.4,128,4096,4096,1050,1305,1.8917,356.30,521.41,1.8934,1410,-31.67,False,False
8,7.4,128,4096,4096,1050,1410,1.7871,355.17,521.41,1.8934,1410,-31.88,False,False
8,7.4,128,4096,4096,1200,300,6.3935,816.33,521.41,1.8934,1410,+56.56,False,False
8,7.4,128,4096,4096,1200,510,4.0379,592.00,521.41,1.8934,1410,+13.54,False,False
8,7.4,128,4096,4096,1200,705,3.1430,506.67,521.41,1.8934,1410,-2.83,False,False
8,7.4,128,4096,4096,1200,900,2.5690,455.15,521.41,1.8934,1410,-12.71,False,False
8,7.4,128,4096,4096,1200,1050,2.2504,419.82,521.41,1.8934,1410,-19.48,False,False
8,7.4,128,4096,4096,1200,1200,2.0218,412.13,521.41,1.8934,1410,-20.96,False,False
8,7.4,128,4096,4096,1200,1305,1.8917,396.29,521.41,1.8934,1410,-24.00,False,False
8,7.4,128,4096,4096,1200,1410,1.7871,394.76,521.41,1.8934,1410,-24.29,False,False
8,7.4,128,8192,8192,300,300,18.2580,2322.23,1955.09,4.8952,1230,+18.78,False,False
8,7.4,128,8192,8192,300,510,18.0101,2246.97,1955.09,4.8952,1230,+14.93,False,False
8,7.4,128,8192,8192,300,705,17.9159,2219.81,1955.09,4.8952,1230,+13.54,False,False
8,7.4,128,8192,8192,300,900,17.8555,2206.65,1955.09,4.8952,1230,+12.87,False,False
8,7.4,128,8192,8192,300,1050,17.8219,2196.21,1955.09,4.8952,1230,+12.33,False,False
8,7.4,128,8192,8192,300,1200,17.7979,2207.86,1955.09,4.8952,1230,+12.93,False,False
8,7.4,128,8192,8192,300,1305,17.7842,2209.54,1955.09,4.8952,1230,+13.01,False,False
8,7.4,128,8192,8192,300,1410,17.7731,2224.02,1955.09,4.8952,1230,+13.76,False,False
8,7.4,128,8192,8192,510,300,11.0408,1889.14,1955.09,4.8952,1230,-3.37,False,False
8,7.4,128,8192,8192,510,510,10.7928,1812.93,1955.09,4.8952,1230,-7.27,False,False
8,7.4,128,8192,8192,510,705,10.6986,1784.71,1955.09,4.8952,1230,-8.71,False,False
8,7.4,128,8192,8192,510,900,10.6382,1770.43,1955.09,4.8952,1230,-9.45,False,False
8,7.4,128,8192,8192,510,1050,10.6046,1757.73,1955.09,4.8952,1230,-10.09,False,False
8,7.4,128,8192,8192,510,1200,10.5806,1767.12,1955.09,4.8952,1230,-9.61,False,False
8,7.4,128,8192,8192,510,1305,10.5669,1764.59,1955.09,4.8952,1230,-9.74,False,False
8,7.4,128,8192,8192,510,1410,10.5559,1774.86,1955.09,4.8952,1230,-9.22,False,False
8,7.4,128,8192,8192,705,300,8.1879,1731.43,1955.09,4.8952,1230,-11.44,False,False
8,7.4,128,8192,8192,705,510,7.9400,1654.55,1955.09,4.8952,1230,-15.37,False,False
8,7.4,128,8192,8192,705,705,7.8458,1625.81,1955.09,4.8952,1230,-16.84,False,False
8,7.4,128,8192,8192,705,900,7.7854,1611.01,1955.09,4.8952,1230,-17.60,False,False
8,7.4,128,8192,8192,705,1050,7.7518,1597.38,1955.09,4.8952,1230,-18.30,False,False
8,7.4,128,8192,8192,705,1200,7.7278,1605.86,1955.09,4.8952,1230,-17.86,False,False
8,7.4,128,8192,8192,705,1305,7.7141,1601.64,1955.09,4.8952,1230,-18.08,False,True
8,7.4,128,8192,8192,705,1410,7.7031,1610.23,1955.09,4.8952,1230,-17.64,False,False
8,7.4,128,8192,8192,900,300,6.5175,1647.77,1955.09,4.8952,1230,-15.72,False,False
8,7.4,128,8192,8192,900,510,6.3218,1573.48,1955.09,4.8952,1230,-19.52,False,False
8,7.4,128,8192,8192,900,705,6.2276,1544.34,1955.09,4.8952,1230,-21.01,False,False
8,7.4,128,8192,8192,900,900,6.1672,1529.19,1955.09,4.8952,1230,-21.78,False,False
8,7.4,128,8192,8192,900,1050,6.1336,1515.01,1955.09,4.8952,1230,-22.51,False,False
8,7.4,128,8192,8192,900,1200,6.1096,1522.94,1955.09,4.8952,1230,-22.10,False,False
8,7.4,128,8192,8192,900,1305,6.0959,1517.76,1955.09,4.8952,1230,-22.37,False,False
8,7.4,128,8192,8192,900,1410,6.0849,1525.39,1955.09,4.8952,1230,-21.98,False,False
8,7.4,128,8192,8192,1050,300,6.3935,1684.24,1955.09,4.8952,1230,-13.85,False,False
8,7.4,128,8192,8192,1050,510,5.4983,1563.77,1955.09,4.8952,1230,-20.02,False,False
8,7.4,128,8192,8192,1050,705,5.4041,1534.17,1955.09,4.8952,1230,-21.53,False,False
8,7.4,128,8192,8192,1050,900,5.3437,1518.67,1955.09,4.8952,1230,-22.32,False,False
8,7.4,128,8192,8192,1050,1050,5.3101,1504.10,1955.09,4.8952,1230,-23.07,True,False
8,7.4,128,8192,8192,1050,1200,5.2861,1511.69,1955.09,4.8952,1230,-22.68,False,False
8,7.4,128,8192,8192,1050,1305,5.2724,1505.97,1955.09,4.8952,1230,-22.97,False,False
8,7.4,128,8192,8192,1050,1410,5.2614,1513.08,1955.09,4.8952,1230,-22.61,False,False
8,7.4,128,8192,8192,1200,300,6.3935,1965.49,1955.09,4.8952,1230,+0.53,False,False
8,7.4,128,8192,8192,1200,510,4.8739,1798.65,1955.09,4.8952,1230,-8.00,False,False
8,7.4,128,8192,8192,1200,705,4.7797,1768.60,1955.09,4.8952,1230,-9.54,False,False
8,7.4,128,8192,8192,1200,900,4.7193,1752.77,1955.09,4.8952,1230,-10.35,False,False
8,7.4,128,8192,8192,1200,1050,4.6858,1737.88,1955.09,4.8952,1230,-11.11,False,False
8,7.4,128,8192,8192,1200,1200,4.6617,1745.19,1955.09,4.8952,1230,-10.74,False,False
8,7.4,128,8192,8192,1200,1305,4.6480,1739.06,1955.09,4.8952,1230,-11.05,False,False
8,7.4,128,8192,8192,1200,1410,4.6370,1745.76,1955.09,4.8952,1230,-10.71,False,False
8,7.4,256,1024,4096,300,300,12.6718,1164.68,588.46,3.6530,1410,+97.92,False,False
8,7.4,256,1024,4096,300,510,8.0000,779.40,588.46,3.6530,1410,+32.45,False,False
8,7.4,256,1024,4096,300,705,6.2342,634.54,588.46,3.6530,1410,+7.83,False,False
8,7.4,256,1024,4096,300,900,5.0555,541.53,588.46,3.6530,1410,-7.98,False,False
8,7.4,256,1024,4096,300,1050,4.4407,482.69,588.46,3.6530,1410,-17.97,False,False
8,7.4,256,1024,4096,300,1200,3.9841,469.00,588.46,3.6530,1410,-20.30,False,False
8,7.4,256,1024,4096,300,1305,3.7271,444.81,588.46,3.6530,1410,-24.41,True,False
8,7.4,256,1024,4096,300,1410,3.5116,446.59,588.46,3.6530,1410,-24.11,False,False
8,7.4,256,1024,4096,510,300,12.6718,1176.59,588.46,3.6530,1410,+99.94,False,False
8,7.4,256,1024,4096,510,510,8.0000,785.96,588.46,3.6530,1410,+33.56,False,False
8,7.4,256,1024,4096,510,705,6.2342,639.08,588.46,3.6530,1410,+8.60,False,False
8,7.4,256,1024,4096,510,900,5.0555,544.72,588.46,3.6530,1410,-7.43,False,False
8,7.4,256,1024,4096,510,1050,4.4407,485.19,588.46,3.6530,1410,-17.55,False,False
8,7.4,256,1024,4096,510,1200,3.9841,470.97,588.46,3.6530,1410,-19.97,False,False
8,7.4,256,1024,4096,510,1305,3.7271,446.48,588.46,3.6530,1410,-24.13,False,False
8,7.4,256,1024,4096,510,1410,3.5116,448.02,588.46,3.6530,1410,-23.86,False,False
8,7.4,256,1024,4096,705,300,12.6718,1196.52,588.46,3.6530,1410,+103.33,False,False
8,7.4,256,1024,4096,705,510,8.0000,798.22,588.46,3.6530,1410,+35.65,False,False
8,7.4,256,1024,4096,705,705,6.2342,648.44,588.46,3.6530,1410,+10.19,False,False
8,7.4,256,1024,4096,705,900,5.0555,552.14,588.46,3.6530,1410,-6.17,False,False
8,7.4,256,1024,4096,705,1050,4.4407,491.60,588.46,3.6530,1410,-16.46,False,False
8,7.4,256,1024,4096,705,1200,3.9841,476.63,588.46,3.6530,1410,-19.00,False,False
8,7.4,256,1024,4096,705,1305,3.7271,451.72,588.46,3.6530,1410,-23.24,False,True
8,7.4,256,1024,4096,705,1410,3.5116,452.91,588.46,3.6530,1410,-23.04,False,False
8,7.4,256,1024,4096,900,300,12.6718,1219.44,588.46,3.6530,1410,+107.23,False,False
8,7.4,256,1024,4096,900,510,8.0000,812.58,588.46,3.6530,1410,+38.09,False,False
8,7.4,256,1024,4096,900,705,6.2342,659.56,588.46,3.6530,1410,+12.08,False,False
8,7.4,256,1024,4096,900,900,5.0555,561.10,588.46,3.6530,1410,-4.65,False,False
8,7.4,256,1024,4096,900,1050,4.4407,499.43,588.46,3.6530,1410,-15.13,False,False
8,7.4,256,1024,4096,900,1200,3.9841,483.63,588.46,3.6530,1410,-17.81,False,False
8,7.4,256,1024,4096,900,1305,3.7271,458.25,588.46,3.6530,1410,-22.13,False,False
8,7.4,256,1024,4096,900,1410,3.5116,459.04,588.46,3.6530,1410,-21.99,False,False
8,7.4,256,1024,4096,1050,300,12.6718,1268.03,588.46,3.6530,1410,+115.48,False,False
8,7.4,256,1024,4096,1050,510,8.0000,843.21,588.46,3.6530,1410,+43.29,False,False
8,7.4,256,1024,4096,1050,705,6.2342,683.40,588.46,3.6530,1410,+16.13,False,False
8,7.4,256,1024,4096,1050,900,5.0555,580.42,588.46,3.6530,1410,-1.37,False,False
8,7.4,256,1024,4096,1050,1050,4.4407,516.38,588.46,3.6530,1410,-12.25,False,False
8,7.4,256,1024,4096,1050,1200,3.9841,498.82,588.46,3.6530,1410,-15.23,False,False
8,7.4,256,1024,4096,1050,1305,3.7271,472.46,588.46,3.6530,1410,-19.71,False,False
8,7.4,256,1024,4096,1050,1410,3.5116,472.42,588.46,3.6530,1410,-19.72,False,False
8,7.4,256,1024,4096,1200,300,12.6718,1324.16,588.46,3.6530,1410,+125.02,False,False
8,7.4,256,1024,4096,1200,510,8.0000,881.38,588.46,3.6530,1410,+49.78,False,False
8,7.4,256,1024,4096,1200,705,6.2342,714.79,588.46,3.6530,1410,+21.47,False,False
8,7.4,256,1024,4096,1200,900,5.0555,607.27,588.46,3.6530,1410,+3.20,False,False
8,7.4,256,1024,4096,1200,1050,4.4407,540.87,588.46,3.6530,1410,-8.09,False,False
8,7.4,256,1024,4096,1200,1200,3.9841,521.56,588.46,3.6530,1410,-11.37,False,False
8,7.4,256,1024,4096,1200,1305,3.7271,494.20,588.46,3.6530,1410,-16.02,False,False
8,7.4,256,1024,4096,1200,1410,3.5116,493.33,588.46,3.6530,1410,-16.17,False,False
8,7.4,256,1024,4096,1305,300,12.6718,1421.51,588.46,3.6530,1410,+141.57,False,False
8,7.4,256,1024,4096,1305,510,8.0000,944.75,588.46,3.6530,1410,+60.55,False,False
8,7.4,256,1024,4096,1305,705,6.2342,765.30,588.46,3.6530,1410,+30.05,False,False
8,7.4,256,1024,4096,1305,900,5.0555,649.21,588.46,3.6530,1410,+10.32,False,False
8,7.4,256,1024,4096,1305,1050,4.4407,578.34,588.46,3.6530,1410,-1.72,False,False
8,7.4,256,1024,4096,1305,1200,3.9841,555.71,588.46,3.6530,1410,-5.57,False,False
8,7.4,256,1024,4096,1305,1305,3.7271,526.48,588.46,3.6530,1410,-10.53,False,False
8,7.4,256,1024,4096,1305,1410,3.5116,524.04,588.46,3.6530,1410,-10.95,False,False
8,7.4,256,1024,4096,1410,300,12.6718,1527.61,588.46,3.6530,1410,+159.59,False,False
8,7.4,256,1024,4096,1410,510,8.0000,1016.86,588.46,3.6530,1410,+72.80,False,False
8,7.4,256,1024,4096,1410,705,6.2342,824.57,588.46,3.6530,1410,+40.12,False,False
8,7.4,256,1024,4096,1410,900,5.0555,699.90,588.46,3.6530,1410,+18.94,False,False
8,7.4,256,1024,4096,1410,1050,4.4407,624.56,588.46,3.6530,1410,+6.13,False,False
8,7.4,256,1024,4096,1410,1200,3.9841,598.60,588.46,3.6530,1410,+1.72,False,False
8,7.4,256,1024,4096,1410,1305,3.7271,567.51,588.46,3.6530,1410,-3.56,False,False
8,7.4,256,1024,4096,1410,1410,3.5116,563.50,588.46,3.6530,1410,-4.24,False,False
8,7.4,256,1024,8192,300,300,12.6718,1270.84,762.31,3.6216,1410,+66.71,False,False
8,7.4,256,1024,8192,300,510,8.0000,885.56,762.31,3.6216,1410,+16.17,False,False
8,7.4,256,1024,8192,300,705,6.2342,740.70,762.31,3.6216,1410,-2.83,False,False
8,7.4,256,1024,8192,300,900,5.0555,647.69,762.31,3.6216,1410,-15.04,False,False
8,7.4,256,1024,8192,300,1050,4.4407,588.86,762.31,3.6216,1410,-22.75,False,False
8,7.4,256,1024,8192,300,1200,3.9841,575.16,762.31,3.6216,1410,-24.55,False,False
8,7.4,256,1024,8192,300,1305,3.7271,550.97,762.31,3.6216,1410,-27.72,False,False
8,7.4,256,1024,8192,300,1410,3.5116,552.75,762.31,3.6216,1410,-27.49,False,False
8,7.4,256,1024,8192,510,300,12.6718,1278.95,762.31,3.6216,1410,+67.77,False,False
8,7.4,256,1024,8192,510,510,8.0000,888.33,762.31,3.6216,1410,+16.53,False,False
8,7.4,256,1024,8192,510,705,6.2342,741.44,762.31,3.6216,1410,-2.74,False,False
8,7.4,256,1024,8192,510,900,5.0555,647.09,762.31,3.6216,1410,-15.11,False,False
8,7.4,256,1024,8192,510,1050,4.4407,587.55,762.31,3.6216,1410,-22.92,False,False
8,7.4,256,1024,8192,510,1200,3.9841,573.33,762.31,3.6216,1410,-24.79,False,False
8,7.4,256,1024,8192,510,1305,3.7271,548.85,762.31,3.6216,1410,-28.00,True,False
8,7.4,256,1024,8192,510,1410,3.5116,550.39,762.31,3.6216,1410,-27.80,False,False
8,7.4,256,1024,8192,705,300,12.6718,1297.82,762.31,3.6216,1410,+70.25,False,False
8,7.4,256,1024,8192,705,510,8.0000,899.52,762.31,3.6216,1410,+18.00,False,False
8,7.4,256,1024,8192,705,705,6.2342,749.73,762.31,3.6216,1410,-1.65,False,False
8,7.4,256,1024,8192,705,900,5.0555,653.44,762.31,3.6216,1410,-14.28,False,False
8,7.4,256,1024,8192,705,1050,4.4407,592.89,762.31,3.6216,1410,-22.22,False,False
8,7.4,256,1024,8192,705,1200,3.9841,577.93,762.31,3.6216,1410,-24.19,False,False
8,7.4,256,1024,8192,705,1305,3.7271,553.02,762.31,3.6216,1410,-27.45,False,True
8,7.4,256,1024,8192,705,1410,3.5116,554.20,762.31,3.6216,1410,-27.30,False,False
8,7.4,256,1024,8192,900,300,12.6718,1321.34,762.31,3.6216,1410,+73.33,False,False
8,7.4,256,1024,8192,900,510,8.0000,914.48,762.31,3.6216,1410,+19.96,False,False
8,7.4,256,1024,8192,900,705,6.2342,761.46,762.31,3.6216,1410,-0.11,False,False
8,7.4,256,1024,8192,900,900,5.0555,663.00,762.31,3.6216,1410,-13.03,False,False
8,7.4,256,1024,8192,900,1050,4.4407,601.33,762.31,3.6216,1410,-21.12,False,False
8,7.4,256,1024,8192,900,1200,3.9841,585.53,762.31,3.6216,1410,-23.19,False,False
8,7.4,256,1024,8192,900,1305,3.7271,560.14,762.31,3.6216,1410,-26.52,False,False
8,7.4,256,1024,8192,900,1410,3.5116,560.93,762.31,3.6216,1410,-26.42,False,False
8,7.4,256,1024,8192,1050,300,12.6718,1371.26,762.31,3.6216,1410,+79.88,False,False
8,7.4,256,1024,8192,1050,510,8.0000,946.44,762.31,3.6216,1410,+24.15,False,False
8,7.4,256,1024,8192,1050,705,6.2342,786.63,762.31,3.6216,1410,+3.19,False,False
8,7.4,256,1024,8192,1050,900,5.0555,683.64,762.31,3.6216,1410,-10.32,False,False
8,7.4,256,1024,8192,1050,1050,4.4407,619.61,762.31,3.6216,1410,-18.72,False,False
8,7.4,256,1024,8192,1050,1200,3.9841,602.05,762.31,3.6216,1410,-21.02,False,False
8,7.4,256,1024,8192,1050,1305,3.7271,575.68,762.31,3.6216,1410,-24.48,False,False
8,7.4,256,1024,8192,1050,1410,3.5116,575.64,762.31,3.6216,1410,-24.49,False,False
8,7.4,256,1024,8192,1200,300,12.6718,1451.68,762.31,3.6216,1410,+90.43,False,False
8,7.4,256,1024,8192,1200,510,8.0000,1008.90,762.31,3.6216,1410,+32.35,False,False
8,7.4,256,1024,8192,1200,705,6.2342,842.30,762.31,3.6216,1410,+10.49,False,False
8,7.4,256,1024,8192,1200,900,5.0555,734.79,762.31,3.6216,1410,-3.61,False,False
8,7.4,256,1024,8192,1200,1050,4.4407,668.39,762.31,3.6216,1410,-12.32,False,False
8,7.4,256,1024,8192,1200,1200,3.9841,649.08,762.31,3.6216,1410,-14.85,False,False
8,7.4,256,1024,8192,1200,1305,3.7271,621.72,762.31,3.6216,1410,-18.44,False,False
8,7.4,256,1024,8192,1200,1410,3.5116,620.85,762.31,3.6216,1410,-18.56,False,False
8,7.4,256,2048,4096,300,300,12.6718,1198.33,637.42,3.5883,1410,+88.00,False,False
8,7.4,256,2048,4096,300,510,8.0000,813.05,637.42,3.5883,1410,+27.55,False,False
8,7.4,256,2048,4096,300,705,6.2342,668.19,637.42,3.5883,1410,+4.83,False,False
8,7.4,256,2048,4096,300,900,5.0555,575.18,637.42,3.5883,1410,-9.77,False,False
8,7.4,256,2048,4096,300,1050,4.4407,516.34,637.42,3.5883,1410,-18.99,False,False
8,7.4,256,2048,4096,300,1200,3.9841,502.65,637.42,3.5883,1410,-21.14,False,False
8,7.4,256,2048,4096,300,1305,3.7271,478.46,637.42,3.5883,1410,-24.94,True,False
8,7.4,256,2048,4096,300,1410,3.5116,480.24,637.42,3.5883,1410,-24.66,False,False
8,7.4,256,2048,4096,510,300,12.6718,1209.11,637.42,3.5883,1410,+89.69,False,False
8,7.4,256,2048,4096,510,510,8.0000,818.48,637.42,3.5883,1410,+28.41,False,False
8,7.4,256,2048,4096,510,705,6.2342,671.60,637.42,3.5883,1410,+5.36,False,False
8,7.4,256,2048,4096,510,900,5.0555,577.24,637.42,3.5883,1410,-9.44,False,False
8,7.4,256,2048,4096,510,1050,4.4407,517.70,637.42,3.5883,1410,-18.78,False,False
8,7.4,256,2048,4096,510,1200,3.9841,503.49,637.42,3.5883,1410,-21.01,False,False
8,7.4,256,2048,4096,510,1305,3.7271,479.00,637.42,3.5883,1410,-24.85,False,False
8,7.4,256,2048,4096,510,1410,3.5116,480.54,637.42,3.5883,1410,-24.61,False,False
8,7.4,256,2048,4096,705,300,12.6718,1228.79,637.42,3.5883,1410,+92.78,False,False
8,7.4,256,2048,4096,705,510,8.0000,830.49,637.42,3.5883,1410,+30.29,False,False
8,7.4,256,2048,4096,705,705,6.2342,680.71,637.42,3.5883,1410,+6.79,False,False
8,7.4,256,2048,4096,705,900,5.0555,584.41,637.42,3.5883,1410,-8.32,False,False
8,7.4,256,2048,4096,705,1050,4.4407,523.87,637.42,3.5883,1410,-17.81,False,False
8,7.4,256,2048,4096,705,1200,3.9841,508.90,637.42,3.5883,1410,-20.16,False,False
8,7.4,256,2048,4096,705,1305,3.7271,483.99,637.42,3.5883,1410,-24.07,False,True
8,7.4,256,2048,4096,705,1410,3.5116,485.18,637.42,3.5883,1410,-23.88,False,False
8,7.4,256,2048,4096,900,300,12.6718,1251.97,637.42,3.5883,1410,+96.41,False,False
8,7.4,256,2048,4096,900,510,8.0000,845.11,637.42,3.5883,1410,+32.58,False,False
8,7.4,256,2048,4096,900,705,6.2342,692.09,637.42,3.5883,1410,+8.58,False,False
8,7.4,256,2048,4096,900,900,5.0555,593.63,637.42,3.5883,1410,-6.87,False,False
8,7.4,256,2048,4096,900,1050,4.4407,531.96,637.42,3.5883,1410,-16.55,False,False
8,7.4,256,2048,4096,900,1200,3.9841,516.16,637.42,3.5883,1410,-19.02,False,False
8,7.4,256,2048,4096,900,1305,3.7271,490.77,637.42,3.5883,1410,-23.01,False,False
8,7.4,256,2048,4096,900,1410,3.5116,491.56,637.42,3.5883,1410,-22.88,False,False
8,7.4,256,2048,4096,1050,300,12.6718,1301.14,637.42,3.5883,1410,+104.13,False,False
8,7.4,256,2048,4096,1050,510,8.0000,876.32,637.42,3.5883,1410,+37.48,False,False
8,7.4,256,2048,4096,1050,705,6.2342,716.51,637.42,3.5883,1410,+12.41,False,False
8,7.4,256,2048,4096,1050,900,5.0555,613.52,637.42,3.5883,1410,-3.75,False,False
8,7.4,256,2048,4096,1050,1050,4.4407,549.49,637.42,3.5883,1410,-13.80,False,False
8,7.4,256,2048,4096,1050,1200,3.9841,531.93,637.42,3.5883,1410,-16.55,False,False
8,7.4,256,2048,4096,1050,1305,3.7271,505.56,637.42,3.5883,1410,-20.69,False,False
8,7.4,256,2048,4096,1050,1410,3.5116,505.52,637.42,3.5883,1410,-20.69,False,False
8,7.4,256,2048,4096,1200,300,12.6718,1365.45,637.42,3.5883,1410,+114.22,False,False
8,7.4,256,2048,4096,1200,510,8.0000,922.67,637.42,3.5883,1410,+44.75,False,False
8,7.4,256,2048,4096,1200,705,6.2342,756.08,637.42,3.5883,1410,+18.62,False,False
8,7.4,256,2048,4096,1200,900,5.0555,648.56,637.42,3.5883,1410,+1.75,False,False
8,7.4,256,2048,4096,1200,1050,4.4407,582.16,637.42,3.5883,1410,-8.67,False,False
8,7.4,256,2048,4096,1200,1200,3.9841,562.85,637.42,3.5883,1410,-11.70,False,False
8,7.4,256,2048,4096,1200,1305,3.7271,535.49,637.42,3.5883,1410,-15.99,False,False
8,7.4,256,2048,4096,1200,1410,3.5116,534.62,637.42,3.5883,1410,-16.13,False,False
8,7.4,256,2048,4096,1305,300,12.6718,1469.85,637.42,3.5883,1410,+130.59,False,False
8,7.4,256,2048,4096,1305,510,8.0000,993.09,637.42,3.5883,1410,+55.80,False,False
8,7.4,256,2048,4096,1305,705,6.2342,813.64,637.42,3.5883,1410,+27.65,False,False
8,7.4,256,2048,4096,1305,900,5.0555,697.55,637.42,3.5883,1410,+9.43,False,False
8,7.4,256,2048,4096,1305,1050,4.4407,626.68,637.42,3.5883,1410,-1.68,False,False
8,7.4,256,2048,4096,1305,1200,3.9841,604.05,637.42,3.5883,1410,-5.24,False,False
8,7.4,256,2048,4096,1305,1305,3.7271,574.82,637.42,3.5883,1410,-9.82,False,False
8,7.4,256,2048,4096,1305,1410,3.5116,572.38,637.42,3.5883,1410,-10.20,False,False
8,7.4,256,2048,8192,300,300,12.6718,1397.82,998.12,3.6522,1410,+40.05,False,False
8,7.4,256,2048,8192,300,510,8.0000,1012.54,998.12,3.6522,1410,+1.44,False,False
8,7.4,256,2048,8192,300,705,6.2342,867.68,998.12,3.6522,1410,-13.07,False,False
8,7.4,256,2048,8192,300,900,5.6010,805.61,998.12,3.6522,1410,-19.29,False,False
8,7.4,256,2048,8192,300,1050,5.5556,779.43,998.12,3.6522,1410,-21.91,False,False
8,7.4,256,2048,8192,300,1200,5.4643,787.03,998.12,3.6522,1410,-21.15,False,False
8,7.4,256,2048,8192,300,1305,5.4129,775.61,998.12,3.6522,1410,-22.29,False,False
8,7.4,256,2048,8192,300,1410,5.3698,788.47,998.12,3.6522,1410,-21.00,False,False
8,7.4,256,2048,8192,510,300,12.6718,1401.79,998.12,3.6522,1410,+40.44,False,False
8,7.4,256,2048,8192,510,510,8.0000,1011.17,998.12,3.6522,1410,+1.31,False,False
8,7.4,256,2048,8192,510,705,6.2342,864.28,998.12,3.6522,1410,-13.41,False,False
8,7.4,256,2048,8192,510,900,5.0555,769.92,998.12,3.6522,1410,-22.86,False,False
8,7.4,256,2048,8192,510,1050,4.4407,710.39,998.12,3.6522,1410,-28.83,False,False
8,7.4,256,2048,8192,510,1200,3.9841,696.17,998.12,3.6522,1410,-30.25,False,False
8,7.4,256,2048,8192,510,1305,3.7271,671.69,998.12,3.6522,1410,-32.70,True,False
8,7.4,256,2048,8192,510,1410,3.5116,673.22,998.12,3.6522,1410,-32.55,False,False
8,7.4,256,2048,8192,705,300,12.6718,1419.52,998.12,3.6522,1410,+42.22,False,False
8,7.4,256,2048,8192,705,510,8.0000,1021.22,998.12,3.6522,1410,+2.31,False,False
8,7.4,256,2048,8192,705,705,6.2342,871.44,998.12,3.6522,1410,-12.69,False,False
8,7.4,256,2048,8192,705,900,5.0555,775.14,998.12,3.6522,1410,-22.34,False,False
8,7.4,256,2048,8192,705,1050,4.4407,714.60,998.12,3.6522,1410,-28.41,False,False
8,7.4,256,2048,8192,705,1200,3.9841,699.63,998.12,3.6522,1410,-29.90,False,False
8,7.4,256,2048,8192,705,1305,3.7271,674.72,998.12,3.6522,1410,-32.40,False,True
8,7.4,256,2048,8192,705,1410,3.5116,675.91,998.12,3.6522,1410,-32.28,False,False
8,7.4,256,2048,8192,900,300,12.6718,1444.29,998.12,3.6522,1410,+44.70,False,False
8,7.4,256,2048,8192,900,510,8.0000,1037.42,998.12,3.6522,1410,+3.94,False,False
8,7.4,256,2048,8192,900,705,6.2342,884.40,998.12,3.6522,1410,-11.39,False,False
8,7.4,256,2048,8192,900,900,5.0555,785.95,998.12,3.6522,1410,-21.26,False,False
8,7.4,256,2048,8192,900,1050,4.4407,724.27,998.12,3.6522,1410,-27.44,False,False
8,7.4,256,2048,8192,900,1200,3.9841,708.47,998.12,3.6522,1410,-29.02,False,False
8,7.4,256,2048,8192,900,1305,3.7271,683.09,998.12,3.6522,1410,-31.56,False,False
8,7.4,256,2048,8192,900,1410,3.5116,683.88,998.12,3.6522,1410,-31.48,False,False
8,7.4,256,2048,8192,1050,300,12.6718,1495.38,998.12,3.6522,1410,+49.82,False,False
8,7.4,256,2048,8192,1050,510,8.0000,1070.55,998.12,3.6522,1410,+7.26,False,False
8,7.4,256,2048,8192,1050,705,6.2342,910.75,998.12,3.6522,1410,-8.75,False,False
8,7.4,256,2048,8192,1050,900,5.0555,807.76,998.12,3.6522,1410,-19.07,False,False
8,7.4,256,2048,8192,1050,1050,4.4407,743.72,998.12,3.6522,1410,-25.49,False,False
8,7.4,256,2048,8192,1050,1200,3.9841,726.17,998.12,3.6522,1410,-27.25,False,False
8,7.4,256,2048,8192,1050,1305,3.7271,699.80,998.12,3.6522,1410,-29.89,False,False
8,7.4,256,2048,8192,1050,1410,3.5116,699.76,998.12,3.6522,1410,-29.89,False,False
8,7.4,256,2048,8192,1200,300,12.6718,1607.90,998.12,3.6522,1410,+61.09,False,False
8,7.4,256,2048,8192,1200,510,8.0000,1165.12,998.12,3.6522,1410,+16.73,False,False
8,7.4,256,2048,8192,1200,705,6.2342,998.52,998.12,3.6522,1410,+0.04,False,False
8,7.4,256,2048,8192,1200,900,5.0555,891.00,998.12,3.6522,1410,-10.73,False,False
8,7.4,256,2048,8192,1200,1050,4.4407,824.61,998.12,3.6522,1410,-17.38,False,False
8,7.4,256,2048,8192,1200,1200,3.9841,805.29,998.12,3.6522,1410,-19.32,False,False
8,7.4,256,2048,8192,1200,1305,3.7271,777.94,998.12,3.6522,1410,-22.06,False,False
8,7.4,256,2048,8192,1200,1410,3.5116,777.07,998.12,3.6522,1410,-22.15,False,False
8,7.4,256,4096,4096,300,300,12.6718,1265.87,768.54,3.6093,1410,+64.71,False,False
8,7.4,256,4096,4096,300,510,8.0000,880.59,768.54,3.6093,1410,+14.58,False,False
8,7.4,256,4096,4096,300,705,6.2342,735.73,768.54,3.6093,1410,-4.27,False,False
8,7.4,256,4096,4096,300,900,5.0555,642.72,768.54,3.6093,1410,-16.37,False,False
8,7.4,256,4096,4096,300,1050,4.4407,583.89,768.54,3.6093,1410,-24.03,False,False
8,7.4,256,4096,4096,300,1200,3.9841,570.19,768.54,3.6093,1410,-25.81,False,False
8,7.4,256,4096,4096,300,1305,3.7271,546.00,768.54,3.6093,1410,-28.96,False,False
8,7.4,256,4096,4096,300,1410,3.5116,547.78,768.54,3.6093,1410,-28.72,False,False
8,7.4,256,4096,4096,510,300,12.6718,1274.32,768.54,3.6093,1410,+65.81,False,False
8,7.4,256,4096,4096,510,510,8.0000,883.69,768.54,3.6093,1410,+14.98,False,False
8,7.4,256,4096,4096,510,705,6.2342,736.81,768.54,3.6093,1410,-4.13,False,False
8,7.4,256,4096,4096,510,900,5.0555,642.45,768.54,3.6093,1410,-16.41,False,False
8,7.4,256,4096,4096,510,1050,4.4407,582.92,768.54,3.6093,1410,-24.15,False,False
8,7.4,256,4096,4096,510,1200,3.9841,568.70,768.54,3.6093,1410,-26.00,False,False
8,7.4,256,4096,4096,510,1305,3.7271,544.21,768.54,3.6093,1410,-29.19,True,False
8,7.4,256,4096,4096,510,1410,3.5116,545.75,768.54,3.6093,1410,-28.99,False,False
8,7.4,256,4096,4096,705,300,12.6718,1293.66,768.54,3.6093,1410,+68.33,False,False
8,7.4,256,4096,4096,705,510,8.0000,895.36,768.54,3.6093,1410,+16.50,False,False
8,7.4,256,4096,4096,705,705,6.2342,745.58,768.54,3.6093,1410,-2.99,False,False
8,7.4,256,4096,4096,705,900,5.0555,649.29,768.54,3.6093,1410,-15.52,False,False
8,7.4,256,4096,4096,705,1050,4.4407,588.74,768.54,3.6093,1410,-23.39,False,False
8,7.4,256,4096,4096,705,1200,3.9841,573.78,768.54,3.6093,1410,-25.34,False,False
8,7.4,256,4096,4096,705,1305,3.7271,548.86,768.54,3.6093,1410,-28.58,False,True
8,7.4,256,4096,4096,705,1410,3.5116,550.05,768.54,3.6093,1410,-28.43,False,False
8,7.4,256,4096,4096,900,300,12.6718,1317.38,768.54,3.6093,1410,+71.41,False,False
8,7.4,256,4096,4096,900,510,8.0000,910.52,768.54,3.6093,1410,+18.47,False,False
8,7.4,256,4096,4096,900,705,6.2342,757.50,768.54,3.6093,1410,-1.44,False,False
8,7.4,256,4096,4096,900,900,5.0555,659.04,768.54,3.6093,1410,-14.25,False,False
8,7.4,256,4096,4096,900,1050,4.4407,597.37,768.54,3.6093,1410,-22.27,False,False
8,7.4,256,4096,4096,900,1200,3.9841,581.56,768.54,3.6093,1410,-24.33,False,False
8,7.4,256,4096,4096,900,1305,3.7271,556.18,768.54,3.6093,1410,-27.63,False,False
8,7.4,256,4096,4096,900,1410,3.5116,556.97,768.54,3.6093,1410,-27.53,False,False
8,7.4,256,4096,4096,1050,300,12.6718,1367.12,768.54,3.6093,1410,+77.89,False,False
8,7.4,256,4096,4096,1050,510,8.0000,942.30,768.54,3.6093,1410,+22.61,False,False
8,7.4,256,4096,4096,1050,705,6.2342,782.49,768.54,3.6093,1410,+1.82,False,False
8,7.4,256,4096,4096,1050,900,5.0555,679.50,768.54,3.6093,1410,-11.58,False,False
8,7.4,256,4096,4096,1050,1050,4.4407,615.47,768.54,3.6093,1410,-19.92,False,False
8,7.4,256,4096,4096,1050,1200,3.9841,597.91,768.54,3.6093,1410,-22.20,False,False
8,7.4,256,4096,4096,1050,1305,3.7271,571.54,768.54,3.6093,1410,-25.63,False,False
8,7.4,256,4096,4096,1050,1410,3.5116,571.50,768.54,3.6093,1410,-25.64,False,False
8,7.4,256,4096,4096,1200,300,12.6718,1448.55,768.54,3.6093,1410,+88.48,False,False
8,7.4,256,4096,4096,1200,510,8.0000,1005.77,768.54,3.6093,1410,+30.87,False,False
8,7.4,256,4096,4096,1200,705,6.2342,839.18,768.54,3.6093,1410,+9.19,False,False
8,7.4,256,4096,4096,1200,900,5.0555,731.66,768.54,3.6093,1410,-4.80,False,False
8,7.4,256,4096,4096,1200,1050,4.4407,665.26,768.54,3.6093,1410,-13.44,False,False
8,7.4,256,4096,4096,1200,1200,3.9841,645.95,768.54,3.6093,1410,-15.95,False,False
8,7.4,256,4096,4096,1200,1305,3.7271,618.59,768.54,3.6093,1410,-19.51,False,False
8,7.4,256,4096,4096,1200,1410,3.5116,617.72,768.54,3.6093,1410,-19.62,False,False
8,7.4,256,8192,8192,300,300,18.9189,2560.55,2029.36,5.0715,1200,+26.18,False,False
8,7.4,256,8192,8192,300,510,18.4271,2411.84,2029.36,5.0715,1200,+18.85,False,False
8,7.4,256,8192,8192,300,705,18.2413,2357.75,2029.36,5.0715,1200,+16.18,False,False
8,7.4,256,8192,8192,300,900,18.1172,2326.34,2029.36,5.0715,1200,+14.63,False,False
8,7.4,256,8192,8192,300,1050,18.0525,2302.90,2029.36,5.0715,1200,+13.48,False,False
8,7.4,256,8192,8192,300,1200,18.0044,2316.82,2029.36,5.0715,1200,+14.17,False,False
8,7.4,256,8192,8192,300,1305,17.9774,2314.11,2029.36,5.0715,1200,+14.03,False,False
8,7.4,256,8192,8192,300,1410,17.9547,2335.47,2029.36,5.0715,1200,+15.08,False,False
8,7.4,256,8192,8192,510,300,12.6718,2184.00,2029.36,5.0715,1200,+7.62,False,False
8,7.4,256,8192,8192,510,510,11.2099,1978.27,2029.36,5.0715,1200,-2.52,False,False
8,7.4,256,8192,8192,510,705,11.0240,1923.03,2029.36,5.0715,1200,-5.24,False,False
8,7.4,256,8192,8192,510,900,10.8999,1890.41,2029.36,5.0715,1200,-6.85,False,False
8,7.4,256,8192,8192,510,1050,10.8352,1864.68,2029.36,5.0715,1200,-8.11,False,False
8,7.4,256,8192,8192,510,1200,10.7871,1876.33,2029.36,5.0715,1200,-7.54,False,False
8,7.4,256,8192,8192,510,1305,10.7601,1869.38,2029.36,5.0715,1200,-7.88,False,False
8,7.4,256,8192,8192,510,1410,10.7374,1886.52,2029.36,5.0715,1200,-7.04,False,False
8,7.4,256,8192,8192,705,300,12.6718,2197.73,2029.36,5.0715,1200,+8.30,False,False
8,7.4,256,8192,8192,705,510,8.3060,1817.56,2029.36,5.0715,1200,-10.44,False,False
8,7.4,256,8192,8192,705,705,8.1712,1764.66,2029.36,5.0715,1200,-13.04,False,False
8,7.4,256,8192,8192,705,900,8.0471,1731.42,2029.36,5.0715,1200,-14.68,False,False
8,7.4,256,8192,8192,705,1050,7.9824,1704.71,2029.36,5.0715,1200,-16.00,False,False
8,7.4,256,8192,8192,705,1200,7.9343,1715.40,2029.36,5.0715,1200,-15.47,False,False
8,7.4,256,8192,8192,705,1305,7.9073,1706.75,2029.36,5.0715,1200,-15.90,False,True
8,7.4,256,8192,8192,705,1410,7.8846,1722.19,2029.36,5.0715,1200,-15.14,False,False
8,7.4,256,8192,8192,900,300,12.6718,2224.16,2029.36,5.0715,1200,+9.60,False,False
8,7.4,256,8192,8192,900,510,8.0000,1817.30,2029.36,5.0715,1200,-10.45,False,False
8,7.4,256,8192,8192,900,705,6.5175,1681.62,2029.36,5.0715,1200,-17.14,False,False
8,7.4,256,8192,8192,900,900,6.4289,1650.09,2029.36,5.0715,1200,-18.69,False,False
8,7.4,256,8192,8192,900,1050,6.3642,1622.76,2029.36,5.0715,1200,-20.04,False,False
8,7.4,256,8192,8192,900,1200,6.3161,1632.87,2029.36,5.0715,1200,-19.54,False,False
8,7.4,256,8192,8192,900,1305,6.2891,1623.22,2029.36,5.0715,1200,-20.01,False,False
8,7.4,256,8192,8192,900,1410,6.2664,1637.68,2029.36,5.0715,1200,-19.30,False,False
8,7.4,256,8192,8192,1050,300,12.6718,2292.33,2029.36,5.0715,1200,+12.96,False,False
8,7.4,256,8192,8192,1050,510,8.0000,1867.51,2029.36,5.0715,1200,-7.98,False,False
8,7.4,256,8192,8192,1050,705,6.2342,1707.70,2029.36,5.0715,1200,-15.85,False,False
8,7.4,256,8192,8192,1050,900,5.6054,1640.57,2029.36,5.0715,1200,-19.16,False,False
8,7.4,256,8192,8192,1050,1050,5.5407,1612.74,2029.36,5.0715,1200,-20.53,False,False
8,7.4,256,8192,8192,1050,1200,5.4926,1622.40,2029.36,5.0715,1200,-20.05,False,False
8,7.4,256,8192,8192,1050,1305,5.4656,1612.18,2029.36,5.0715,1200,-20.56,True,False
8,7.4,256,8192,8192,1050,1410,5.4429,1626.07,2029.36,5.0715,1200,-19.87,False,False
8,7.4,256,8192,8192,1200,300,12.6718,2597.72,2029.36,5.0715,1200,+28.01,False,False
8,7.4,256,8192,8192,1200,510,8.0000,2154.94,2029.36,5.0715,1200,+6.19,False,False
8,7.4,256,8192,8192,1200,705,6.2342,1988.34,2029.36,5.0715,1200,-2.02,False,False
8,7.4,256,8192,8192,1200,900,5.0555,1880.82,2029.36,5.0715,1200,-7.32,False,False
8,7.4,256,8192,8192,1200,1050,4.9163,1847.41,2029.36,5.0715,1200,-8.97,False,False
8,7.4,256,8192,8192,1200,1200,4.8683,1856.70,2029.36,5.0715,1200,-8.51,False,False
8,7.4,256,8192,8192,1200,1305,4.8412,1846.01,2029.36,5.0715,1200,-9.03,False,False
8,7.4,256,8192,8192,1200,1410,4.8185,1859.45,2029.36,5.0715,1200,-8.37,False,False
8,7.4,512,1024,4096,300,300,25.2209,2272.72,1096.01,7.1068,1410,+107.36,False,False
8,7.4,512,1024,4096,300,510,15.8763,1500.92,1096.01,7.1068,1410,+36.94,False,False
8,7.4,512,1024,4096,300,705,12.3326,1209.42,1096.01,7.1068,1410,+10.35,False,False
8,7.4,512,1024,4096,300,900,9.9895,1026.21,1096.01,7.1068,1410,-6.37,False,False
8,7.4,512,1024,4096,300,1050,8.7878,907.05,1096.01,7.1068,1410,-17.24,False,False
8,7.4,512,1024,4096,300,1200,7.8704,884.47,1096.01,7.1068,1410,-19.30,False,False
8,7.4,512,1024,4096,300,1305,7.3584,838.73,1096.01,7.1068,1410,-23.47,True,False
8,7.4,512,1024,4096,300,1410,6.9307,840.61,1096.01,7.1068,1410,-23.30,False,False
8,7.4,512,1024,4096,510,300,25.2209,2299.00,1096.01,7.1068,1410,+109.76,False,False
8,7.4,512,1024,4096,510,510,15.8763,1516.50,1096.01,7.1068,1410,+38.37,False,False
8,7.4,512,1024,4096,510,705,12.3326,1220.94,1096.01,7.1068,1410,+11.40,False,False
8,7.4,512,1024,4096,510,900,9.9895,1035.05,1096.01,7.1068,1410,-5.56,False,False
8,7.4,512,1024,4096,510,1050,8.7878,914.52,1096.01,7.1068,1410,-16.56,False,False
8,7.4,512,1024,4096,510,1200,7.8704,890.89,1096.01,7.1068,1410,-18.72,False,False
8,7.4,512,1024,4096,510,1305,7.3584,844.56,1096.01,7.1068,1410,-22.94,False,False
8,7.4,512,1024,4096,510,1410,6.9307,845.95,1096.01,7.1068,1410,-22.81,False,False
8,7.4,512,1024,4096,705,300,25.2209,2339.54,1096.01,7.1068,1410,+113.46,False,False
8,7.4,512,1024,4096,705,510,15.8763,1541.70,1096.01,7.1068,1410,+40.67,False,False
8,7.4,512,1024,4096,705,705,12.3326,1240.32,1096.01,7.1068,1410,+13.17,False,False
8,7.4,512,1024,4096,705,900,9.9895,1050.57,1096.01,7.1068,1410,-4.15,False,False
8,7.4,512,1024,4096,705,1050,8.7878,928.07,1096.01,7.1068,1410,-15.32,False,False
8,7.4,512,1024,4096,705,1200,7.8704,902.93,1096.01,7.1068,1410,-17.62,False,False
8,7.4,512,1024,4096,705,1305,7.3584,855.76,1096.01,7.1068,1410,-21.92,False,True
8,7.4,512,1024,4096,705,1410,6.9307,856.45,1096.01,7.1068,1410,-21.86,False,False
8,7.4,512,1024,4096,900,300,25.2209,2385.47,1096.01,7.1068,1410,+117.65,False,False
8,7.4,512,1024,4096,900,510,15.8763,1570.50,1096.01,7.1068,1410,+43.29,False,False
8,7.4,512,1024,4096,900,705,12.3326,1262.62,1096.01,7.1068,1410,+15.20,False,False
8,7.4,512,1024,4096,900,900,9.9895,1068.58,1096.01,7.1068,1410,-2.50,False,False
8,7.4,512,1024,4096,900,1050,8.7878,943.87,1096.01,7.1068,1410,-13.88,False,False
8,7.4,512,1024,4096,900,1200,7.8704,917.05,1096.01,7.1068,1410,-16.33,False,False
8,7.4,512,1024,4096,900,1305,7.3584,868.94,1096.01,7.1068,1410,-20.72,False,False
8,7.4,512,1024,4096,900,1410,6.9307,868.85,1096.01,7.1068,1410,-20.73,False,False
8,7.4,512,1024,4096,1050,300,25.2209,2482.30,1096.01,7.1068,1410,+126.49,False,False
8,7.4,512,1024,4096,1050,510,15.8763,1631.41,1096.01,7.1068,1410,+48.85,False,False
8,7.4,512,1024,4096,1050,705,12.3326,1309.91,1096.01,7.1068,1410,+19.52,False,False
8,7.4,512,1024,4096,1050,900,9.9895,1106.86,1096.01,7.1068,1410,+0.99,False,False
8,7.4,512,1024,4096,1050,1050,8.7878,977.53,1096.01,7.1068,1410,-10.81,False,False
8,7.4,512,1024,4096,1050,1200,7.8704,947.18,1096.01,7.1068,1410,-13.58,False,False
8,7.4,512,1024,4096,1050,1305,7.3584,897.11,1096.01,7.1068,1410,-18.15,False,False
8,7.4,512,1024,4096,1050,1410,6.9307,895.37,1096.01,7.1068,1410,-18.31,False,False
8,7.4,512,1024,4096,1200,300,25.2209,2586.67,1096.01,7.1068,1410,+136.01,False,False
8,7.4,512,1024,4096,1200,510,15.8763,1699.85,1096.01,7.1068,1410,+55.10,False,False
8,7.4,512,1024,4096,1200,705,12.3326,1364.73,1096.01,7.1068,1410,+24.52,False,False
8,7.4,512,1024,4096,1200,900,9.9895,1152.68,1096.01,7.1068,1410,+5.17,False,False
8,7.4,512,1024,4096,1200,1050,8.7878,1018.73,1096.01,7.1068,1410,-7.05,False,False
8,7.4,512,1024,4096,1200,1200,7.8704,984.86,1096.01,7.1068,1410,-10.14,False,False
8,7.4,512,1024,4096,1200,1305,7.3584,932.82,1096.01,7.1068,1410,-14.89,False,False
8,7.4,512,1024,4096,1200,1410,6.9307,929.44,1096.01,7.1068,1410,-15.20,False,False
8,7.4,512,1024,4096,1305,300,25.2209,2775.30,1096.01,7.1068,1410,+153.22,False,False
8,7.4,512,1024,4096,1305,510,15.8763,1820.51,1096.01,7.1068,1410,+66.10,False,False
8,7.4,512,1024,4096,1305,705,12.3326,1459.61,1096.01,7.1068,1410,+33.18,False,False
8,7.4,512,1024,4096,1305,900,9.9895,1230.52,1096.01,7.1068,1410,+12.27,False,False
8,7.4,512,1024,4096,1305,1050,8.7878,1087.83,1096.01,7.1068,1410,-0.75,False,False
8,7.4,512,1024,4096,1305,1200,7.8704,1047.28,1096.01,7.1068,1410,-4.45,False,False
8,7.4,512,1024,4096,1305,1305,7.3584,991.51,1096.01,7.1068,1410,-9.53,False,False
8,7.4,512,1024,4096,1305,1410,6.9307,985.02,1096.01,7.1068,1410,-10.13,False,False
8,7.4,512,1024,4096,1410,300,25.2209,2972.69,1096.01,7.1068,1410,+171.23,False,False
8,7.4,512,1024,4096,1410,510,15.8763,1949.92,1096.01,7.1068,1410,+77.91,False,False
8,7.4,512,1024,4096,1410,705,12.3326,1563.24,1096.01,7.1068,1410,+42.63,False,False
8,7.4,512,1024,4096,1410,900,9.9895,1317.10,1096.01,7.1068,1410,+20.17,False,False
8,7.4,512,1024,4096,1410,1050,8.7878,1165.67,1096.01,7.1068,1410,+6.36,False,False
8,7.4,512,1024,4096,1410,1200,7.8704,1118.44,1096.01,7.1068,1410,+2.05,False,False
8,7.4,512,1024,4096,1410,1305,7.3584,1058.95,1096.01,7.1068,1410,-3.38,False,False
8,7.4,512,1024,4096,1410,1410,6.9307,1049.35,1096.01,7.1068,1410,-4.26,False,False
8,7.4,512,1024,8192,300,300,25.2209,2378.88,1268.08,7.0386,1410,+87.60,False,False
8,7.4,512,1024,8192,300,510,15.8763,1607.08,1268.08,7.0386,1410,+26.73,False,False
8,7.4,512,1024,8192,300,705,12.3326,1315.58,1268.08,7.0386,1410,+3.75,False,False
8,7.4,512,1024,8192,300,900,9.9895,1132.37,1268.08,7.0386,1410,-10.70,False,False
8,7.4,512,1024,8192,300,1050,8.7878,1013.21,1268.08,7.0386,1410,-20.10,False,False
8,7.4,512,1024,8192,300,1200,7.8704,990.63,1268.08,7.0386,1410,-21.88,False,False
8,7.4,512,1024,8192,300,1305,7.3584,944.89,1268.08,7.0386,1410,-25.49,True,False
8,7.4,512,1024,8192,300,1410,6.9307,946.77,1268.08,7.0386,1410,-25.34,False,False
8,7.4,512,1024,8192,510,300,25.2209,2401.36,1268.08,7.0386,1410,+89.37,False,False
8,7.4,512,1024,8192,510,510,15.8763,1618.87,1268.08,7.0386,1410,+27.66,False,False
8,7.4,512,1024,8192,510,705,12.3326,1323.31,1268.08,7.0386,1410,+4.36,False,False
8,7.4,512,1024,8192,510,900,9.9895,1137.41,1268.08,7.0386,1410,-10.30,False,False
8,7.4,512,1024,8192,510,1050,8.7878,1016.88,1268.08,7.0386,1410,-19.81,False,False
8,7.4,512,1024,8192,510,1200,7.8704,993.25,1268.08,7.0386,1410,-21.67,False,False
8,7.4,512,1024,8192,510,1305,7.3584,946.92,1268.08,7.0386,1410,-25.33,False,False
8,7.4,512,1024,8192,510,1410,6.9307,948.32,1268.08,7.0386,1410,-25.22,False,False
8,7.4,512,1024,8192,705,300,25.2209,2440.84,1268.08,7.0386,1410,+92.48,False,False
8,7.4,512,1024,8192,705,510,15.8763,1642.99,1268.08,7.0386,1410,+29.57,False,False
8,7.4,512,1024,8192,705,705,12.3326,1341.61,1268.08,7.0386,1410,+5.80,False,False
8,7.4,512,1024,8192,705,900,9.9895,1151.87,1268.08,7.0386,1410,-9.16,False,False
8,7.4,512,1024,8192,705,1050,8.7878,1029.36,1268.08,7.0386,1410,-18.82,False,False
8,7.4,512,1024,8192,705,1200,7.8704,1004.22,1268.08,7.0386,1410,-20.81,False,False
8,7.4,512,1024,8192,705,1305,7.3584,957.06,1268.08,7.0386,1410,-24.53,False,True
8,7.4,512,1024,8192,705,1410,6.9307,957.75,1268.08,7.0386,1410,-24.47,False,False
8,7.4,512,1024,8192,900,300,25.2209,2487.37,1268.08,7.0386,1410,+96.15,False,False
8,7.4,512,1024,8192,900,510,15.8763,1672.39,1268.08,7.0386,1410,+31.88,False,False
8,7.4,512,1024,8192,900,705,12.3326,1364.52,1268.08,7.0386,1410,+7.60,False,False
8,7.4,512,1024,8192,900,900,9.9895,1170.48,1268.08,7.0386,1410,-7.70,False,False
8,7.4,512,1024,8192,900,1050,8.7878,1045.77,1268.08,7.0386,1410,-17.53,False,False
8,7.4,512,1024,8192,900,1200,7.8704,1018.95,1268.08,7.0386,1410,-19.65,False,False
8,7.4,512,1024,8192,900,1305,7.3584,970.84,1268.08,7.0386,1410,-23.44,False,False
8,7.4,512,1024,8192,900,1410,6.9307,970.75,1268.08,7.0386,1410,-23.45,False,False
8,7.4,512,1024,8192,1050,300,25.2209,2585.53,1268.08,7.0386,1410,+103.89,False,False
8,7.4,512,1024,8192,1050,510,15.8763,1734.63,1268.08,7.0386,1410,+36.79,False,False
8,7.4,512,1024,8192,1050,705,12.3326,1413.13,1268.08,7.0386,1410,+11.44,False,False
8,7.4,512,1024,8192,1050,900,9.9895,1210.09,1268.08,7.0386,1410,-4.57,False,False
8,7.4,512,1024,8192,1050,1050,8.7878,1080.76,1268.08,7.0386,1410,-14.77,False,False
8,7.4,512,1024,8192,1050,1200,7.8704,1050.41,1268.08,7.0386,1410,-17.17,False,False
8,7.4,512,1024,8192,1050,1305,7.3584,1000.34,1268.08,7.0386,1410,-21.11,False,False
8,7.4,512,1024,8192,1050,1410,6.9307,998.60,1268.08,7.0386,1410,-21.25,False,False
8,7.4,512,1024,8192,1200,300,25.2209,2714.18,1268.08,7.0386,1410,+114.04,False,False
8,7.4,512,1024,8192,1200,510,15.8763,1827.37,1268.08,7.0386,1410,+44.11,False,False
8,7.4,512,1024,8192,1200,705,12.3326,1492.25,1268.08,7.0386,1410,+17.68,False,False
8,7.4,512,1024,8192,1200,900,9.9895,1280.20,1268.08,7.0386,1410,+0.96,False,False
8,7.4,512,1024,8192,1200,1050,8.7878,1146.25,1268.08,7.0386,1410,-9.61,False,False
8,7.4,512,1024,8192,1200,1200,7.8704,1112.37,1268.08,7.0386,1410,-12.28,False,False
8,7.4,512,1024,8192,1200,1305,7.3584,1060.33,1268.08,7.0386,1410,-16.38,False,False
8,7.4,512,1024,8192,1200,1410,6.9307,1056.95,1268.08,7.0386,1410,-16.65,False,False
8,7.4,512,2048,4096,300,300,25.2209,2306.37,1141.89,7.0076,1410,+101.98,False,False
8,7.4,512,2048,4096,300,510,15.8763,1534.57,1141.89,7.0076,1410,+34.39,False,False
8,7.4,512,2048,4096,300,705,12.3326,1243.07,1141.89,7.0076,1410,+8.86,False,False
8,7.4,512,2048,4096,300,900,9.9895,1059.86,1141.89,7.0076,1410,-7.18,False,False
8,7.4,512,2048,4096,300,1050,8.7878,940.70,1141.89,7.0076,1410,-17.62,False,False
8,7.4,512,2048,4096,300,1200,7.8704,918.12,1141.89,7.0076,1410,-19.60,False,False
8,7.4,512,2048,4096,300,1305,7.3584,872.38,1141.89,7.0076,1410,-23.60,True,False
8,7.4,512,2048,4096,300,1410,6.9307,874.26,1141.89,7.0076,1410,-23.44,False,False
8,7.4,512,2048,4096,510,300,25.2209,2331.51,1141.89,7.0076,1410,+104.18,False,False
8,7.4,512,2048,4096,510,510,15.8763,1549.02,1141.89,7.0076,1410,+35.65,False,False
8,7.4,512,2048,4096,510,705,12.3326,1253.46,1141.89,7.0076,1410,+9.77,False,False
8,7.4,512,2048,4096,510,900,9.9895,1067.57,1141.89,7.0076,1410,-6.51,False,False
8,7.4,512,2048,4096,510,1050,8.7878,947.04,1141.89,7.0076,1410,-17.06,False,False
8,7.4,512,2048,4096,510,1200,7.8704,923.40,1141.89,7.0076,1410,-19.13,False,False
8,7.4,512,2048,4096,510,1305,7.3584,877.08,1141.89,7.0076,1410,-23.19,False,False
8,7.4,512,2048,4096,510,1410,6.9307,878.47,1141.89,7.0076,1410,-23.07,False,False
8,7.4,512,2048,4096,705,300,25.2209,2371.81,1141.89,7.0076,1410,+107.71,False,False
8,7.4,512,2048,4096,705,510,15.8763,1573.97,1141.89,7.0076,1410,+37.84,False,False
8,7.4,512,2048,4096,705,705,12.3326,1272.59,1141.89,7.0076,1410,+11.45,False,False
8,7.4,512,2048,4096,705,900,9.9895,1082.84,1141.89,7.0076,1410,-5.17,False,False
8,7.4,512,2048,4096,705,1050,8.7878,960.34,1141.89,7.0076,1410,-15.90,False,False
8,7.4,512,2048,4096,705,1200,7.8704,935.20,1141.89,7.0076,1410,-18.10,False,False
8,7.4,512,2048,4096,705,1305,7.3584,888.03,1141.89,7.0076,1410,-22.23,False,True
8,7.4,512,2048,4096,705,1410,6.9307,888.72,1141.89,7.0076,1410,-22.17,False,False
8,7.4,512,2048,4096,900,300,25.2209,2418.00,1141.89,7.0076,1410,+111.75,False,False
8,7.4,512,2048,4096,900,510,15.8763,1603.02,1141.89,7.0076,1410,+40.38,False,False
8,7.4,512,2048,4096,900,705,12.3326,1295.15,1141.89,7.0076,1410,+13.42,False,False
8,7.4,512,2048,4096,900,900,9.9895,1101.11,1141.89,7.0076,1410,-3.57,False,False
8,7.4,512,2048,4096,900,1050,8.7878,976.40,1141.89,7.0076,1410,-14.49,False,False
8,7.4,512,2048,4096,900,1200,7.8704,949.58,1141.89,7.0076,1410,-16.84,False,False
8,7.4,512,2048,4096,900,1305,7.3584,901.47,1141.89,7.0076,1410,-21.05,False,False
8,7.4,512,2048,4096,900,1410,6.9307,901.38,1141.89,7.0076,1410,-21.06,False,False
8,7.4,512,2048,4096,1050,300,25.2209,2515.40,1141.89,7.0076,1410,+120.28,False,False
8,7.4,512,2048,4096,1050,510,15.8763,1664.51,1141.89,7.0076,1410,+45.77,False,False
8,7.4,512,2048,4096,1050,705,12.3326,1343.01,1141.89,7.0076,1410,+17.61,False,False
8,7.4,512,2048,4096,1050,900,9.9895,1139.97,1141.89,7.0076,1410,-0.17,False,False
8,7.4,512,2048,4096,1050,1050,8.7878,1010.64,1141.89,7.0076,1410,-11.49,False,False
8,7.4,512,2048,4096,1050,1200,7.8704,980.29,1141.89,7.0076,1410,-14.15,False,False
8,7.4,512,2048,4096,1050,1305,7.3584,930.21,1141.89,7.0076,1410,-18.54,False,False
8,7.4,512,2048,4096,1050,1410,6.9307,928.48,1141.89,7.0076,1410,-18.69,False,False
8,7.4,512,2048,4096,1200,300,25.2209,2627.96,1141.89,7.0076,1410,+130.14,False,False
8,7.4,512,2048,4096,1200,510,15.8763,1741.14,1141.89,7.0076,1410,+52.48,False,False
8,7.4,512,2048,4096,1200,705,12.3326,1406.02,1141.89,7.0076,1410,+23.13,False,False
8,7.4,512,2048,4096,1200,900,9.9895,1193.97,1141.89,7.0076,1410,+4.56,False,False
8,7.4,512,2048,4096,1200,1050,8.7878,1060.02,1141.89,7.0076,1410,-7.17,False,False
8,7.4,512,2048,4096,1200,1200,7.8704,1026.15,1141.89,7.0076,1410,-10.14,False,False
8,7.4,512,2048,4096,1200,1305,7.3584,974.11,1141.89,7.0076,1410,-14.69,False,False
8,7.4,512,2048,4096,1200,1410,6.9307,970.72,1141.89,7.0076,1410,-14.99,False,False
8,7.4,512,2048,4096,1305,300,25.2209,2823.64,1141.89,7.0076,1410,+147.28,False,False
8,7.4,512,2048,4096,1305,510,15.8763,1868.85,1141.89,7.0076,1410,+63.66,False,False
8,7.4,512,2048,4096,1305,705,12.3326,1507.95,1141.89,7.0076,1410,+32.06,False,False
8,7.4,512,2048,4096,1305,900,9.9895,1278.86,1141.89,7.0076,1410,+11.99,False,False
8,7.4,512,2048,4096,1305,1050,8.7878,1136.17,1141.89,7.0076,1410,-0.50,False,False
8,7.4,512,2048,4096,1305,1200,7.8704,1095.62,1141.89,7.0076,1410,-4.05,False,False
8,7.4,512,2048,4096,1305,1305,7.3584,1039.85,1141.89,7.0076,1410,-8.94,False,False
8,7.4,512,2048,4096,1305,1410,6.9307,1033.36,1141.89,7.0076,1410,-9.50,False,False
8,7.4,512,2048,8192,300,300,25.2209,2505.86,1493.11,7.0690,1410,+67.83,False,False
8,7.4,512,2048,8192,300,510,15.8763,1734.06,1493.11,7.0690,1410,+16.14,False,False
8,7.4,512,2048,8192,300,705,12.3326,1442.56,1493.11,7.0690,1410,-3.39,False,False
8,7.4,512,2048,8192,300,900,9.9895,1259.35,1493.11,7.0690,1410,-15.66,False,False
8,7.4,512,2048,8192,300,1050,8.7878,1140.19,1493.11,7.0690,1410,-23.64,False,False
8,7.4,512,2048,8192,300,1200,7.8704,1117.61,1493.11,7.0690,1410,-25.15,False,False
8,7.4,512,2048,8192,300,1305,7.3584,1071.87,1493.11,7.0690,1410,-28.21,False,False
8,7.4,512,2048,8192,300,1410,6.9307,1073.75,1493.11,7.0690,1410,-28.09,False,False
8,7.4,512,2048,8192,510,300,25.2209,2524.20,1493.11,7.0690,1410,+69.06,False,False
8,7.4,512,2048,8192,510,510,15.8763,1741.71,1493.11,7.0690,1410,+16.65,False,False
8,7.4,512,2048,8192,510,705,12.3326,1446.15,1493.11,7.0690,1410,-3.15,False,False
8,7.4,512,2048,8192,510,900,9.9895,1260.25,1493.11,7.0690,1410,-15.60,False,False
8,7.4,512,2048,8192,510,1050,8.7878,1139.72,1493.11,7.0690,1410,-23.67,False,False
8,7.4,512,2048,8192,510,1200,7.8704,1116.09,1493.11,7.0690,1410,-25.25,False,False
8,7.4,512,2048,8192,510,1305,7.3584,1069.76,1493.11,7.0690,1410,-28.35,True,False
8,7.4,512,2048,8192,510,1410,6.9307,1071.15,1493.11,7.0690,1410,-28.26,False,False
8,7.4,512,2048,8192,705,300,25.2209,2562.54,1493.11,7.0690,1410,+71.62,False,False
8,7.4,512,2048,8192,705,510,15.8763,1764.70,1493.11,7.0690,1410,+18.19,False,False
8,7.4,512,2048,8192,705,705,12.3326,1463.32,1493.11,7.0690,1410,-2.00,False,False
8,7.4,512,2048,8192,705,900,9.9895,1273.58,1493.11,7.0690,1410,-14.70,False,False
8,7.4,512,2048,8192,705,1050,8.7878,1151.07,1493.11,7.0690,1410,-22.91,False,False
8,7.4,512,2048,8192,705,1200,7.8704,1125.93,1493.11,7.0690,1410,-24.59,False,False
8,7.4,512,2048,8192,705,1305,7.3584,1078.76,1493.11,7.0690,1410,-27.75,False,True
8,7.4,512,2048,8192,705,1410,6.9307,1079.45,1493.11,7.0690,1410,-27.70,False,False
8,7.4,512,2048,8192,900,300,25.2209,2610.31,1493.11,7.0690,1410,+74.82,False,False
8,7.4,512,2048,8192,900,510,15.8763,1795.34,1493.11,7.0690,1410,+20.24,False,False
8,7.4,512,2048,8192,900,705,12.3326,1487.46,1493.11,7.0690,1410,-0.38,False,False
8,7.4,512,2048,8192,900,900,9.9895,1293.43,1493.11,7.0690,1410,-13.37,False,False
8,7.4,512,2048,8192,900,1050,8.7878,1168.72,1493.11,7.0690,1410,-21.73,False,False
8,7.4,512,2048,8192,900,1200,7.8704,1141.89,1493.11,7.0690,1410,-23.52,False,False
8,7.4,512,2048,8192,900,1305,7.3584,1093.79,1493.11,7.0690,1410,-26.74,False,False
8,7.4,512,2048,8192,900,1410,6.9307,1093.69,1493.11,7.0690,1410,-26.75,False,False
8,7.4,512,2048,8192,1050,300,25.2209,2709.64,1493.11,7.0690,1410,+81.48,False,False
8,7.4,512,2048,8192,1050,510,15.8763,1858.75,1493.11,7.0690,1410,+24.49,False,False
8,7.4,512,2048,8192,1050,705,12.3326,1537.25,1493.11,7.0690,1410,+2.96,False,False
8,7.4,512,2048,8192,1050,900,9.9895,1334.21,1493.11,7.0690,1410,-10.64,False,False
8,7.4,512,2048,8192,1050,1050,8.7878,1204.88,1493.11,7.0690,1410,-19.30,False,False
8,7.4,512,2048,8192,1050,1200,7.8704,1174.53,1493.11,7.0690,1410,-21.34,False,False
8,7.4,512,2048,8192,1050,1305,7.3584,1124.45,1493.11,7.0690,1410,-24.69,False,False
8,7.4,512,2048,8192,1050,1410,6.9307,1122.72,1493.11,7.0690,1410,-24.81,False,False
8,7.4,512,2048,8192,1200,300,25.2209,2870.40,1493.11,7.0690,1410,+92.24,False,False
8,7.4,512,2048,8192,1200,510,15.8763,1983.59,1493.11,7.0690,1410,+32.85,False,False
8,7.4,512,2048,8192,1200,705,12.3326,1648.47,1493.11,7.0690,1410,+10.40,False,False
8,7.4,512,2048,8192,1200,900,9.9895,1436.41,1493.11,7.0690,1410,-3.80,False,False
8,7.4,512,2048,8192,1200,1050,8.7878,1302.47,1493.11,7.0690,1410,-12.77,False,False
8,7.4,512,2048,8192,1200,1200,7.8704,1268.59,1493.11,7.0690,1410,-15.04,False,False
8,7.4,512,2048,8192,1200,1305,7.3584,1216.55,1493.11,7.0690,1410,-18.52,False,False
8,7.4,512,2048,8192,1200,1410,6.9307,1213.17,1493.11,7.0690,1410,-18.75,False,False
8,7.4,512,4096,4096,300,300,25.2209,2373.91,1261.49,7.0254,1410,+88.18,False,False
8,7.4,512,4096,4096,300,510,15.8763,1602.11,1261.49,7.0254,1410,+27.00,False,False
8,7.4,512,4096,4096,300,705,12.3326,1310.61,1261.49,7.0254,1410,+3.89,False,False
8,7.4,512,4096,4096,300,900,9.9895,1127.40,1261.49,7.0254,1410,-10.63,False,False
8,7.4,512,4096,4096,300,1050,8.7878,1008.24,1261.49,7.0254,1410,-20.08,False,False
8,7.4,512,4096,4096,300,1200,7.8704,985.66,1261.49,7.0254,1410,-21.87,False,False
8,7.4,512,4096,4096,300,1305,7.3584,939.92,1261.49,7.0254,1410,-25.49,True,False
8,7.4,512,4096,4096,300,1410,6.9307,941.80,1261.49,7.0254,1410,-25.34,False,False
8,7.4,512,4096,4096,510,300,25.2209,2396.73,1261.49,7.0254,1410,+89.99,False,False
8,7.4,512,4096,4096,510,510,15.8763,1614.23,1261.49,7.0254,1410,+27.96,False,False
8,7.4,512,4096,4096,510,705,12.3326,1318.67,1261.49,7.0254,1410,+4.53,False,False
8,7.4,512,4096,4096,510,900,9.9895,1132.78,1261.49,7.0254,1410,-10.20,False,False
8,7.4,512,4096,4096,510,1050,8.7878,1012.25,1261.49,7.0254,1410,-19.76,False,False
8,7.4,512,4096,4096,510,1200,7.8704,988.62,1261.49,7.0254,1410,-21.63,False,False
8,7.4,512,4096,4096,510,1305,7.3584,942.29,1261.49,7.0254,1410,-25.30,False,False
8,7.4,512,4096,4096,510,1410,6.9307,943.68,1261.49,7.0254,1410,-25.19,False,False
8,7.4,512,4096,4096,705,300,25.2209,2436.68,1261.49,7.0254,1410,+93.16,False,False
8,7.4,512,4096,4096,705,510,15.8763,1638.84,1261.49,7.0254,1410,+29.91,False,False
8,7.4,512,4096,4096,705,705,12.3326,1337.46,1261.49,7.0254,1410,+6.02,False,False
8,7.4,512,4096,4096,705,900,9.9895,1147.72,1261.49,7.0254,1410,-9.02,False,False
8,7.4,512,4096,4096,705,1050,8.7878,1025.21,1261.49,7.0254,1410,-18.73,False,False
8,7.4,512,4096,4096,705,1200,7.8704,1000.07,1261.49,7.0254,1410,-20.72,False,False
8,7.4,512,4096,4096,705,1305,7.3584,952.90,1261.49,7.0254,1410,-24.46,False,True
8,7.4,512,4096,4096,705,1410,6.9307,953.60,1261.49,7.0254,1410,-24.41,False,False
8,7.4,512,4096,4096,900,300,25.2209,2483.41,1261.49,7.0254,1410,+96.86,False,False
8,7.4,512,4096,4096,900,510,15.8763,1668.43,1261.49,7.0254,1410,+32.26,False,False
8,7.4,512,4096,4096,900,705,12.3326,1360.55,1261.49,7.0254,1410,+7.85,False,False
8,7.4,512,4096,4096,900,900,9.9895,1166.52,1261.49,7.0254,1410,-7.53,False,False
8,7.4,512,4096,4096,900,1050,8.7878,1041.81,1261.49,7.0254,1410,-17.41,False,False
8,7.4,512,4096,4096,900,1200,7.8704,1014.99,1261.49,7.0254,1410,-19.54,False,False
8,7.4,512,4096,4096,900,1305,7.3584,966.88,1261.49,7.0254,1410,-23.35,False,False
8,7.4,512,4096,4096,900,1410,6.9307,966.79,1261.49,7.0254,1410,-23.36,False,False
8,7.4,512,4096,4096,1050,300,25.2209,2581.39,1261.49,7.0254,1410,+104.63,False,False
8,7.4,512,4096,4096,1050,510,15.8763,1730.49,1261.49,7.0254,1410,+37.18,False,False
8,7.4,512,4096,4096,1050,705,12.3326,1408.99,1261.49,7.0254,1410,+11.69,False,False
8,7.4,512,4096,4096,1050,900,9.9895,1205.95,1261.49,7.0254,1410,-4.40,False,False
8,7.4,512,4096,4096,1050,1050,8.7878,1076.62,1261.49,7.0254,1410,-14.65,False,False
8,7.4,512,4096,4096,1050,1200,7.8704,1046.27,1261.49,7.0254,1410,-17.06,False,False
8,7.4,512,4096,4096,1050,1305,7.3584,996.20,1261.49,7.0254,1410,-21.03,False,False
8,7.4,512,4096,4096,1050,1410,6.9307,994.46,1261.49,7.0254,1410,-21.17,False,False
8,7.4,512,4096,4096,1200,300,25.2209,2711.06,1261.49,7.0254,1410,+114.91,False,False
8,7.4,512,4096,4096,1200,510,15.8763,1824.24,1261.49,7.0254,1410,+44.61,False,False
8,7.4,512,4096,4096,1200,705,12.3326,1489.12,1261.49,7.0254,1410,+18.04,False,False
8,7.4,512,4096,4096,1200,900,9.9895,1277.07,1261.49,7.0254,1410,+1.24,False,False
8,7.4,512,4096,4096,1200,1050,8.7878,1143.12,1261.49,7.0254,1410,-9.38,False,False
8,7.4,512,4096,4096,1200,1200,7.8704,1109.25,1261.49,7.0254,1410,-12.07,False,False
8,7.4,512,4096,4096,1200,1305,7.3584,1057.21,1261.49,7.0254,1410,-16.19,False,False
8,7.4,512,4096,4096,1200,1410,6.9307,1053.83,1261.49,7.0254,1410,-16.46,False,False
8,7.4,512,8192,8192,300,300,25.2209,3316.47,2876.55,7.4117,1365,+15.29,False,False
8,7.4,512,8192,8192,300,510,19.2562,2735.50,2876.55,7.4117,1365,-4.90,False,False
8,7.4,512,8192,8192,300,705,18.8832,2623.86,2876.55,7.4117,1365,-8.78,False,False
8,7.4,512,8192,8192,300,900,18.6366,2560.55,2876.55,7.4117,1365,-10.99,False,False
8,7.4,512,8192,8192,300,1050,18.5101,2505.39,2876.55,7.4117,1365,-12.90,False,False
8,7.4,512,8192,8192,300,1200,18.4135,2532.87,2876.55,7.4117,1365,-11.95,False,False
8,7.4,512,8192,8192,300,1305,18.3596,2519.80,2876.55,7.4117,1365,-12.40,False,False
8,7.4,512,8192,8192,300,1410,18.3146,2550.48,2876.55,7.4117,1365,-11.34,False,False
8,7.4,512,8192,8192,510,300,25.2209,3306.41,2876.55,7.4117,1365,+14.94,False,False
8,7.4,512,8192,8192,510,510,15.8763,2523.92,2876.55,7.4117,1365,-12.26,False,False
8,7.4,512,8192,8192,510,705,12.3326,2228.36,2876.55,7.4117,1365,-22.53,False,False
8,7.4,512,8192,8192,510,900,11.4193,2125.22,2876.55,7.4117,1365,-26.12,False,False
8,7.4,512,8192,8192,510,1050,11.2928,2067.69,2876.55,7.4117,1365,-28.12,False,False
8,7.4,512,8192,8192,510,1200,11.1962,2092.84,2876.55,7.4117,1365,-27.24,False,False
8,7.4,512,8192,8192,510,1305,11.1423,2075.52,2876.55,7.4117,1365,-27.85,False,False
8,7.4,512,8192,8192,510,1410,11.0973,2101.94,2876.55,7.4117,1365,-26.93,False,False
8,7.4,512,8192,8192,705,300,25.2209,3340.75,2876.55,7.4117,1365,+16.14,False,False
8,7.4,512,8192,8192,705,510,15.8763,2542.91,2876.55,7.4117,1365,-11.60,False,False
8,7.4,512,8192,8192,705,705,12.3326,2241.53,2876.55,7.4117,1365,-22.08,False,False
8,7.4,512,8192,8192,705,900,9.9895,2051.79,2876.55,7.4117,1365,-28.67,False,False
8,7.4,512,8192,8192,705,1050,8.7878,1929.28,2876.55,7.4117,1365,-32.93,False,False
8,7.4,512,8192,8192,705,1200,8.3060,1930.34,2876.55,7.4117,1365,-32.89,False,False
8,7.4,512,8192,8192,705,1305,8.2895,1913.51,2876.55,7.4117,1365,-33.48,False,True
8,7.4,512,8192,8192,705,1410,8.2445,1938.20,2876.55,7.4117,1365,-32.62,False,False
8,7.4,512,8192,8192,900,300,25.2209,3390.19,2876.55,7.4117,1365,+17.86,False,False
8,7.4,512,8192,8192,900,510,15.8763,2575.22,2876.55,7.4117,1365,-10.48,False,False
8,7.4,512,8192,8192,900,705,12.3326,2267.34,2876.55,7.4117,1365,-21.18,False,False
8,7.4,512,8192,8192,900,900,9.9895,2073.30,2876.55,7.4117,1365,-27.92,False,False
8,7.4,512,8192,8192,900,1050,8.7878,1948.59,2876.55,7.4117,1365,-32.26,False,False
8,7.4,512,8192,8192,900,1200,7.8704,1921.77,2876.55,7.4117,1365,-33.19,False,False
8,7.4,512,8192,8192,900,1305,7.3584,1873.66,2876.55,7.4117,1365,-34.86,False,False
8,7.4,512,8192,8192,900,1410,6.9307,1873.57,2876.55,7.4117,1365,-34.87,True,False
8,7.4,512,8192,8192,1050,300,25.2209,3506.60,2876.55,7.4117,1365,+21.90,False,False
8,7.4,512,8192,8192,1050,510,15.8763,2655.70,2876.55,7.4117,1365,-7.68,False,False
8,7.4,512,8192,8192,1050,705,12.3326,2334.20,2876.55,7.4117,1365,-18.85,False,False
8,7.4,512,8192,8192,1050,900,9.9895,2131.16,2876.55,7.4117,1365,-25.91,False,False
8,7.4,512,8192,8192,1050,1050,8.7878,2001.83,2876.55,7.4117,1365,-30.41,False,False
8,7.4,512,8192,8192,1050,1200,7.8704,1971.48,2876.55,7.4117,1365,-31.46,False,False
8,7.4,512,8192,8192,1050,1305,7.3584,1921.41,2876.55,7.4117,1365,-33.20,False,False
8,7.4,512,8192,8192,1050,1410,6.9307,1919.67,2876.55,7.4117,1365,-33.26,False,False
8,7.4,512,8192,8192,1200,300,25.2209,3860.22,2876.55,7.4117,1365,+34.20,False,False
8,7.4,512,8192,8192,1200,510,15.8763,2973.41,2876.55,7.4117,1365,+3.37,False,False
8,7.4,512,8192,8192,1200,705,12.3326,2638.29,2876.55,7.4117,1365,-8.28,False,False
8,7.4,512,8192,8192,1200,900,9.9895,2426.23,2876.55,7.4117,1365,-15.65,False,False
8,7.4,512,8192,8192,1200,1050,8.7878,2292.29,2876.55,7.4117,1365,-20.31,False,False
8,7.4,512,8192,8192,1200,1200,7.8704,2258.41,2876.55,7.4117,1365,-21.49,False,False
8,7.4,512,8192,8192,1200,1305,7.3584,2206.37,2876.55,7.4117,1365,-23.30,False,False
8,7.4,512,8192,8192,1200,1410,6.9307,2202.99,2876.55,7.4117,1365,-23.42,False,False
12,11.1,64,1024,4096,300,300,2.3147,254.39,181.08,0.7992,1410,+40.49,False,False
12,11.1,64,1024,4096,300,510,1.5161,186.58,181.08,0.7992,1410,+3.04,False,False
12,11.1,64,1024,4096,300,705,1.2051,160.61,181.08,0.7992,1410,-11.30,False,False
12,11.1,64,1024,4096,300,900,0.9921,143.32,181.08,0.7992,1410,-20.85,False,False
12,11.1,64,1024,4096,300,1050,0.9921,138.02,181.08,0.7992,1410,-23.78,False,False
12,11.1,64,1024,4096,300,1200,0.9921,141.99,181.08,0.7992,1410,-21.59,False,False
12,11.1,64,1024,4096,300,1305,0.9921,139.94,181.08,0.7992,1410,-22.72,False,False
12,11.1,64,1024,4096,300,1410,0.9921,146.74,181.08,0.7992,1410,-18.96,False,False
12,11.1,64,1024,4096,510,300,2.3147,254.35,181.08,0.7992,1410,+40.46,False,False
12,11.1,64,1024,4096,510,510,1.5161,185.66,181.08,0.7992,1410,+2.53,False,False
12,11.1,64,1024,4096,510,705,1.2051,159.35,181.08,0.7992,1410,-12.00,False,False
12,11.1,64,1024,4096,510,900,0.9890,141.64,181.08,0.7992,1410,-21.78,False,False
12,11.1,64,1024,4096,510,1050,0.8720,129.50,181.08,0.7992,1410,-28.49,False,False
12,11.1,64,1024,4096,510,1200,0.7902,128.59,181.08,0.7992,1410,-28.99,False,False
12,11.1,64,1024,4096,510,1305,0.7465,123.75,181.08,0.7992,1410,-31.66,True,False
12,11.1,64,1024,4096,510,1410,0.7111,128.19,181.08,0.7992,1410,-29.21,False,False
12,11.1,64,1024,4096,705,300,2.3147,257.11,181.08,0.7992,1410,+41.99,False,False
12,11.1,64,1024,4096,705,510,1.5161,187.16,181.08,0.7992,1410,+3.36,False,False
12,11.1,64,1024,4096,705,705,1.2051,160.36,181.08,0.7992,1410,-11.44,False,False
12,11.1,64,1024,4096,705,900,0.9890,142.32,181.08,0.7992,1410,-21.41,False,False
12,11.1,64,1024,4096,705,1050,0.8720,129.99,181.08,0.7992,1410,-28.22,False,False
12,11.1,64,1024,4096,705,1200,0.7902,128.95,181.08,0.7992,1410,-28.79,False,False
12,11.1,64,1024,4096,705,1305,0.7465,124.04,181.08,0.7992,1410,-31.50,False,False
12,11.1,64,1024,4096,705,1410,0.7111,128.42,181.08,0.7992,1410,-29.08,False,False
12,11.1,64,1024,4096,900,300,2.3147,260.88,181.08,0.7992,1410,+44.07,False,False
12,11.1,64,1024,4096,900,510,1.5161,189.53,181.08,0.7992,1410,+4.66,False,False
12,11.1,64,1024,4096,900,705,1.2051,162.18,181.08,0.7992,1410,-10.44,False,False
12,11.1,64,1024,4096,900,900,0.9890,143.75,181.08,0.7992,1410,-20.62,False,False
12,11.1,64,1024,4096,900,1050,0.8720,131.21,181.08,0.7992,1410,-27.54,False,False
12,11.1,64,1024,4096,900,1200,0.7902,130.03,181.08,0.7992,1410,-28.19,False,False
12,11.1,64,1024,4096,900,1305,0.7465,125.05,181.08,0.7992,1410,-30.94,False,True
12,11.1,64,1024,4096,900,1410,0.7111,129.37,181.08,0.7992,1410,-28.56,False,False
12,11.1,64,1024,4096,1050,300,2.3147,269.30,181.08,0.7992,1410,+48.72,False,False
12,11.1,64,1024,4096,1050,510,1.5161,195.00,181.08,0.7992,1410,+7.69,False,False
12,11.1,64,1024,4096,1050,705,1.2051,166.50,181.08,0.7992,1410,-8.05,False,False
12,11.1,64,1024,4096,1050,900,0.9890,147.28,181.08,0.7992,1410,-18.67,False,False
12,11.1,64,1024,4096,1050,1050,0.8720,134.31,181.08,0.7992,1410,-25.83,False,False
12,11.1,64,1024,4096,1050,1200,0.7902,132.83,181.08,0.7992,1410,-26.65,False,False
12,11.1,64,1024,4096,1050,1305,0.7465,127.68,181.08,0.7992,1410,-29.49,False,False
12,11.1,64,1024,4096,1050,1410,0.7111,131.87,181.08,0.7992,1410,-27.17,False,False
12,11.1,64,1024,4096,1200,300,2.3147,285.26,181.08,0.7992,1410,+57.53,False,False
12,11.1,64,1024,4096,1200,510,1.5161,208.02,181.08,0.7992,1410,+14.88,False,False
12,11.1,64,1024,4096,1200,705,1.2051,178.37,181.08,0.7992,1410,-1.50,False,False
12,11.1,64,1024,4096,1200,900,0.9890,158.35,181.08,0.7992,1410,-12.55,False,False
12,11.1,64,1024,4096,1200,1050,0.8720,144.95,181.08,0.7992,1410,-19.95,False,False
12,11.1,64,1024,4096,1200,1200,0.7902,143.16,181.08,0.7992,1410,-20.94,False,False
12,11.1,64,1024,4096,1200,1305,0.7465,137.86,181.08,0.7992,1410,-23.87,False,False
12,11.1,64,1024,4096,1200,1410,0.7111,141.92,181.08,0.7992,1410,-21.63,False,False
12,11.1,64,1024,4096,1305,300,2.3147,306.59,181.08,0.7992,1410,+69.31,False,False
12,11.1,64,1024,4096,1305,510,1.5161,223.77,181.08,0.7992,1410,+23.58,False,False
12,11.1,64,1024,4096,1305,705,1.2051,191.95,181.08,0.7992,1410,+6.00,False,False
12,11.1,64,1024,4096,1305,900,0.9890,170.42,181.08,0.7992,1410,-5.89,False,False
12,11.1,64,1024,4096,1305,1050,0.8720,156.20,181.08,0.7992,1410,-13.74,False,False
12,11.1,64,1024,4096,1305,1200,0.7902,153.85,181.08,0.7992,1410,-15.04,False,False
12,11.1,64,1024,4096,1305,1305,0.7465,148.24,181.08,0.7992,1410,-18.14,False,False
12,11.1,64,1024,4096,1305,1410,0.7111,152.05,181.08,0.7992,1410,-16.03,False,False
12,11.1,64,1024,4096,1410,300,2.3147,336.67,181.08,0.7992,1410,+85.92,False,False
12,11.1,64,1024,4096,1410,510,1.5161,248.27,181.08,0.7992,1410,+37.11,False,False
12,11.1,64,1024,4096,1410,705,1.2051,214.28,181.08,0.7992,1410,+18.34,False,False
12,11.1,64,1024,4096,1410,900,0.9890,191.24,181.08,0.7992,1410,+5.61,False,False
12,11.1,64,1024,4096,1410,1050,0.8720,176.21,181.08,0.7992,1410,-2.69,False,False
12,11.1,64,1024,4096,1410,1200,0.7902,173.28,181.08,0.7992,1410,-4.31,False,False
12,11.1,64,1024,4096,1410,1305,0.7465,167.36,181.08,0.7992,1410,-7.57,False,False
12,11.1,64,1024,4096,1410,1410,0.7111,170.93,181.08,0.7992,1410,-5.61,False,False
12,11.1,64,1024,8192,300,300,2.9263,395.02,367.52,0.9293,1350,+7.48,False,False
12,11.1,64,1024,8192,300,510,2.7666,363.40,367.52,0.9293,1350,-1.12,False,False
12,11.1,64,1024,8192,300,705,2.7044,351.78,367.52,0.9293,1350,-4.28,False,False
12,11.1,64,1024,8192,300,900,2.6612,344.48,367.52,0.9293,1350,-6.27,False,False
12,11.1,64,1024,8192,300,1050,2.6377,338.61,367.52,0.9293,1350,-7.87,False,False
12,11.1,64,1024,8192,300,1200,2.6214,342.39,367.52,0.9293,1350,-6.84,False,False
12,11.1,64,1024,8192,300,1305,2.6126,341.25,367.52,0.9293,1350,-7.15,False,False
12,11.1,64,1024,8192,300,1410,2.6056,349.05,367.52,0.9293,1350,-5.03,False,False
12,11.1,64,1024,8192,510,300,2.3147,356.71,367.52,0.9293,1350,-2.94,False,False
12,11.1,64,1024,8192,510,510,1.7664,302.44,367.52,0.9293,1350,-17.71,False,False
12,11.1,64,1024,8192,510,705,1.7130,291.06,367.52,0.9293,1350,-20.80,False,False
12,11.1,64,1024,8192,510,900,1.6698,283.50,367.52,0.9293,1350,-22.86,False,False
12,11.1,64,1024,8192,510,1050,1.6464,277.15,367.52,0.9293,1350,-24.59,False,False
12,11.1,64,1024,8192,510,1200,1.6300,280.45,367.52,0.9293,1350,-23.69,False,False
12,11.1,64,1024,8192,510,1305,1.6213,278.44,367.52,0.9293,1350,-24.24,False,False
12,11.1,64,1024,8192,510,1410,1.6142,285.36,367.52,0.9293,1350,-22.36,False,False
12,11.1,64,1024,8192,705,300,2.3147,358.41,367.52,0.9293,1350,-2.48,False,False
12,11.1,64,1024,8192,705,510,1.5161,288.46,367.52,0.9293,1350,-21.51,False,False
12,11.1,64,1024,8192,705,705,1.2964,267.08,367.52,0.9293,1350,-27.33,False,False
12,11.1,64,1024,8192,705,900,1.2781,260.84,367.52,0.9293,1350,-29.03,False,False
12,11.1,64,1024,8192,705,1050,1.2547,254.27,367.52,0.9293,1350,-30.82,False,False
12,11.1,64,1024,8192,705,1200,1.2384,257.37,367.52,0.9293,1350,-29.97,False,False
12,11.1,64,1024,8192,705,1305,1.2296,254.99,367.52,0.9293,1350,-30.62,False,False
12,11.1,64,1024,8192,705,1410,1.2225,261.56,367.52,0.9293,1350,-28.83,False,False
12,11.1,64,1024,8192,900,300,2.3147,362.77,367.52,0.9293,1350,-1.29,False,False
12,11.1,64,1024,8192,900,510,1.5161,291.42,367.52,0.9293,1350,-20.71,False,False
12,11.1,64,1024,8192,900,705,1.2051,264.07,367.52,0.9293,1350,-28.15,False,False
12,11.1,64,1024,8192,900,900,1.0276,248.01,367.52,0.9293,1350,-32.52,False,False
12,11.1,64,1024,8192,900,1050,1.0276,242.73,367.52,0.9293,1350,-33.95,False,False
12,11.1,64,1024,8192,900,1200,1.0144,245.89,367.52,0.9293,1350,-33.09,False,False
12,11.1,64,1024,8192,900,1305,1.0057,243.31,367.52,0.9293,1350,-33.80,False,True
12,11.1,64,1024,8192,900,1410,0.9986,249.67,367.52,0.9293,1350,-32.07,False,False
12,11.1,64,1024,8192,1050,300,2.3147,372.53,367.52,0.9293,1350,+1.36,False,False
12,11.1,64,1024,8192,1050,510,1.5161,298.23,367.52,0.9293,1350,-18.85,False,False
12,11.1,64,1024,8192,1050,705,1.2051,269.73,367.52,0.9293,1350,-26.61,False,False
12,11.1,64,1024,8192,1050,900,0.9890,250.51,367.52,0.9293,1350,-31.84,False,False
12,11.1,64,1024,8192,1050,1050,0.8898,238.70,367.52,0.9293,1350,-35.05,True,False
12,11.1,64,1024,8192,1050,1200,0.8898,242.62,367.52,0.9293,1350,-33.98,False,False
12,11.1,64,1024,8192,1050,1305,0.8898,240.48,367.52,0.9293,1350,-34.57,False,False
12,11.1,64,1024,8192,1050,1410,0.8837,246.79,367.52,0.9293,1350,-32.85,False,False
12,11.1,64,1024,8192,1200,300,2.3147,412.78,367.52,0.9293,1350,+12.31,False,False
12,11.1,64,1024,8192,1200,510,1.5161,335.53,367.52,0.9293,1350,-8.70,False,False
12,11.1,64,1024,8192,1200,705,1.2051,305.89,367.52,0.9293,1350,-16.77,False,False
12,11.1,64,1024,8192,1200,900,0.9890,285.87,367.52,0.9293,1350,-22.22,False,False
12,11.1,64,1024,8192,1200,1050,0.8720,272.47,367.52,0.9293,1350,-25.86,False,False
12,11.1,64,1024,8192,1200,1200,0.7902,270.68,367.52,0.9293,1350,-26.35,False,False
12,11.1,64,1024,8192,1200,1305,0.7826,267.92,367.52,0.9293,1350,-27.10,False,False
12,11.1,64,1024,8192,1200,1410,0.7826,274.54,367.52,0.9293,1350,-25.30,False,False
12,11.1,64,2048,4096,300,300,2.3147,288.04,246.52,0.8008,1410,+16.84,False,False
12,11.1,64,2048,4096,300,510,1.5161,220.23,246.52,0.8008,1410,-10.66,False,False
12,11.1,64,2048,4096,300,705,1.4655,209.02,246.52,0.8008,1410,-15.21,False,False
12,11.1,64,2048,4096,300,900,1.4655,203.91,246.52,0.8008,1410,-17.28,False,False
12,11.1,64,2048,4096,300,1050,1.4655,198.83,246.52,0.8008,1410,-19.34,False,False
12,11.1,64,2048,4096,300,1200,1.4655,203.02,246.52,0.8008,1410,-17.65,False,False
12,11.1,64,2048,4096,300,1305,1.4655,201.38,246.52,0.8008,1410,-18.31,False,False
12,11.1,64,2048,4096,300,1410,1.4655,208.60,246.52,0.8008,1410,-15.38,False,False
12,11.1,64,2048,4096,510,300,2.3147,286.86,246.52,0.8008,1410,+16.37,False,False
12,11.1,64,2048,4096,510,510,1.5161,218.18,246.52,0.8008,1410,-11.50,False,False
12,11.1,64,2048,4096,510,705,1.2051,191.86,246.52,0.8008,1410,-22.17,False,False
12,11.1,64,2048,4096,510,900,0.9890,174.16,246.52,0.8008,1410,-29.35,False,False
12,11.1,64,2048,4096,510,1050,0.8786,162.40,246.52,0.8008,1410,-34.12,False,False
12,11.1,64,2048,4096,510,1200,0.8786,166.31,246.52,0.8008,1410,-32.54,False,False
12,11.1,64,2048,4096,510,1305,0.8786,164.16,246.52,0.8008,1410,-33.41,False,False
12,11.1,64,2048,4096,510,1410,0.8786,170.87,246.52,0.8008,1410,-30.69,False,False
12,11.1,64,2048,4096,705,300,2.3147,289.38,246.52,0.8008,1410,+17.39,False,False
12,11.1,64,2048,4096,705,510,1.5161,219.43,246.52,0.8008,1410,-10.99,False,False
12,11.1,64,2048,4096,705,705,1.2051,192.63,246.52,0.8008,1410,-21.86,False,False
12,11.1,64,2048,4096,705,900,0.9890,174.58,246.52,0.8008,1410,-29.18,False,False
12,11.1,64,2048,4096,705,1050,0.8720,162.25,246.52,0.8008,1410,-34.18,False,False
12,11.1,64,2048,4096,705,1200,0.7902,161.22,246.52,0.8008,1410,-34.60,False,False
12,11.1,64,2048,4096,705,1305,0.7465,156.31,246.52,0.8008,1410,-36.59,True,False
12,11.1,64,2048,4096,705,1410,0.7111,160.69,246.52,0.8008,1410,-34.81,False,False
12,11.1,64,2048,4096,900,300,2.3147,293.40,246.52,0.8008,1410,+19.02,False,False
12,11.1,64,2048,4096,900,510,1.5161,222.05,246.52,0.8008,1410,-9.92,False,False
12,11.1,64,2048,4096,900,705,1.2051,194.70,246.52,0.8008,1410,-21.02,False,False
12,11.1,64,2048,4096,900,900,0.9890,176.28,246.52,0.8008,1410,-28.49,False,False
12,11.1,64,2048,4096,900,1050,0.8720,163.74,246.52,0.8008,1410,-33.58,False,False
12,11.1,64,2048,4096,900,1200,0.7902,162.56,246.52,0.8008,1410,-34.06,False,False
12,11.1,64,2048,4096,900,1305,0.7465,157.57,246.52,0.8008,1410,-36.08,False,True
12,11.1,64,2048,4096,900,1410,0.7111,161.90,246.52,0.8008,1410,-34.33,False,False
12,11.1,64,2048,4096,1050,300,2.3147,302.40,246.52,0.8008,1410,+22.67,False,False
12,11.1,64,2048,4096,1050,510,1.5161,228.11,246.52,0.8008,1410,-7.47,False,False
12,11.1,64,2048,4096,1050,705,1.2051,199.61,246.52,0.8008,1410,-19.03,False,False
12,11.1,64,2048,4096,1050,900,0.9890,180.38,246.52,0.8008,1410,-26.83,False,False
12,11.1,64,2048,4096,1050,1050,0.8720,167.42,246.52,0.8008,1410,-32.09,False,False
12,11.1,64,2048,4096,1050,1200,0.7902,165.93,246.52,0.8008,1410,-32.69,False,False
12,11.1,64,2048,4096,1050,1305,0.7465,160.79,246.52,0.8008,1410,-34.78,False,False
12,11.1,64,2048,4096,1050,1410,0.7111,164.98,246.52,0.8008,1410,-33.08,False,False
12,11.1,64,2048,4096,1200,300,2.3147,326.55,246.52,0.8008,1410,+32.47,False,False
12,11.1,64,2048,4096,1200,510,1.5161,249.31,246.52,0.8008,1410,+1.13,False,False
12,11.1,64,2048,4096,1200,705,1.2051,219.66,246.52,0.8008,1410,-10.89,False,False
12,11.1,64,2048,4096,1200,900,0.9890,199.64,246.52,0.8008,1410,-19.02,False,False
12,11.1,64,2048,4096,1200,1050,0.8720,186.24,246.52,0.8008,1410,-24.45,False,False
12,11.1,64,2048,4096,1200,1200,0.7902,184.45,246.52,0.8008,1410,-25.18,False,False
12,11.1,64,2048,4096,1200,1305,0.7465,179.15,246.52,0.8008,1410,-27.33,False,False
12,11.1,64,2048,4096,1200,1410,0.7111,183.21,246.52,0.8008,1410,-25.68,False,False
12,11.1,64,2048,4096,1305,300,2.3147,354.93,246.52,0.8008,1410,+43.98,False,False
12,11.1,64,2048,4096,1305,510,1.5161,272.11,246.52,0.8008,1410,+10.38,False,False
12,11.1,64,2048,4096,1305,705,1.2051,240.29,246.52,0.8008,1410,-2.52,False,False
12,11.1,64,2048,4096,1305,900,0.9890,218.76,246.52,0.8008,1410,-11.26,False,False
12,11.1,64,2048,4096,1305,1050,0.8720,204.54,246.52,0.8008,1410,-17.03,False,False
12,11.1,64,2048,4096,1305,1200,0.7902,202.19,246.52,0.8008,1410,-17.98,False,False
12,11.1,64,2048,4096,1305,1305,0.7465,196.58,246.52,0.8008,1410,-20.26,False,False
12,11.1,64,2048,4096,1305,1410,0.7111,200.39,246.52,0.8008,1410,-18.71,False,False
12,11.1,64,2048,8192,300,300,5.1304,646.24,592.41,1.4790,1260,+9.09,False,False
12,11.1,64,2048,8192,300,510,4.9707,614.92,592.41,1.4790,1260,+3.80,False,False
12,11.1,64,2048,8192,300,705,4.9085,603.73,592.41,1.4790,1260,+1.91,False,False
12,11.1,64,2048,8192,300,900,4.8653,596.92,592.41,1.4790,1260,+0.76,False,False
12,11.1,64,2048,8192,300,1050,4.8419,592.07,592.41,1.4790,1260,-0.06,False,False
12,11.1,64,2048,8192,300,1200,4.8255,596.86,592.41,1.4790,1260,+0.75,False,False
12,11.1,64,2048,8192,300,1305,4.8168,597.65,592.41,1.4790,1260,+0.88,False,False
12,11.1,64,2048,8192,300,1410,4.8097,607.37,592.41,1.4790,1260,+2.52,False,False
12,11.1,64,2048,8192,510,300,3.2277,532.01,592.41,1.4790,1260,-10.20,False,False
12,11.1,64,2048,8192,510,510,3.0680,500.25,592.41,1.4790,1260,-15.56,False,False
12,11.1,64,2048,8192,510,705,3.0058,488.62,592.41,1.4790,1260,-17.52,False,False
12,11.1,64,2048,8192,510,900,2.9625,481.34,592.41,1.4790,1260,-18.75,False,False
12,11.1,64,2048,8192,510,1050,2.9391,475.58,592.41,1.4790,1260,-19.72,False,False
12,11.1,64,2048,8192,510,1200,2.9228,479.48,592.41,1.4790,1260,-19.06,False,False
12,11.1,64,2048,8192,510,1305,2.9140,478.60,592.41,1.4790,1260,-19.21,False,False
12,11.1,64,2048,8192,510,1410,2.9070,486.65,592.41,1.4790,1260,-17.85,False,False
12,11.1,64,2048,8192,705,300,2.4132,485.93,592.41,1.4790,1260,-17.97,False,False
12,11.1,64,2048,8192,705,510,2.3142,457.40,592.41,1.4790,1260,-22.79,False,False
12,11.1,64,2048,8192,705,705,2.2520,445.52,592.41,1.4790,1260,-24.79,False,False
12,11.1,64,2048,8192,705,900,2.2088,438.01,592.41,1.4790,1260,-26.06,False,False
12,11.1,64,2048,8192,705,1050,2.1854,431.87,592.41,1.4790,1260,-27.10,False,False
12,11.1,64,2048,8192,705,1200,2.1690,435.39,592.41,1.4790,1260,-26.50,False,False
12,11.1,64,2048,8192,705,1305,2.1603,433.84,592.41,1.4790,1260,-26.77,False,False
12,11.1,64,2048,8192,705,1410,2.1532,441.22,592.41,1.4790,1260,-25.52,False,False
12,11.1,64,2048,8192,900,300,2.3147,485.72,592.41,1.4790,1260,-18.01,False,False
12,11.1,64,2048,8192,900,510,1.8868,436.96,592.41,1.4790,1260,-26.24,False,False
12,11.1,64,2048,8192,900,705,1.8247,424.89,592.41,1.4790,1260,-28.28,False,False
12,11.1,64,2048,8192,900,900,1.7814,417.21,592.41,1.4790,1260,-29.57,False,False
12,11.1,64,2048,8192,900,1050,1.7580,410.83,592.41,1.4790,1260,-30.65,False,False
12,11.1,64,2048,8192,900,1200,1.7417,414.13,592.41,1.4790,1260,-30.09,False,False
12,11.1,64,2048,8192,900,1305,1.7329,412.18,592.41,1.4790,1260,-30.42,False,True
12,11.1,64,2048,8192,900,1410,1.7258,419.18,592.41,1.4790,1260,-29.24,False,False
12,11.1,64,2048,8192,1050,300,2.3147,496.64,592.41,1.4790,1260,-16.17,False,False
12,11.1,64,2048,8192,1050,510,1.6381,430.23,592.41,1.4790,1260,-27.38,False,False
12,11.1,64,2048,8192,1050,705,1.6061,419.84,592.41,1.4790,1260,-29.13,False,False
12,11.1,64,2048,8192,1050,900,1.5629,411.95,592.41,1.4790,1260,-30.46,False,False
12,11.1,64,2048,8192,1050,1050,1.5395,405.38,592.41,1.4790,1260,-31.57,True,False
12,11.1,64,2048,8192,1050,1200,1.5231,408.52,592.41,1.4790,1260,-31.04,False,False
12,11.1,64,2048,8192,1050,1305,1.5144,406.35,592.41,1.4790,1260,-31.41,False,False
12,11.1,64,2048,8192,1050,1410,1.5073,413.13,592.41,1.4790,1260,-30.26,False,False
12,11.1,64,2048,8192,1200,300,2.3147,568.99,592.41,1.4790,1260,-3.95,False,False
12,11.1,64,2048,8192,1200,510,1.5161,491.75,592.41,1.4790,1260,-16.99,False,False
12,11.1,64,2048,8192,1200,705,1.4400,478.20,592.41,1.4790,1260,-19.28,False,False
12,11.1,64,2048,8192,1200,900,1.3979,470.18,592.41,1.4790,1260,-20.63,False,False
12,11.1,64,2048,8192,1200,1050,1.3744,463.45,592.41,1.4790,1260,-21.77,False,False
12,11.1,64,2048,8192,1200,1200,1.3581,466.45,592.41,1.4790,1260,-21.26,False,False
12,11.1,64,2048,8192,1200,1305,1.3493,464.11,592.41,1.4790,1260,-21.66,False,False
12,11.1,64,2048,8192,1200,1410,1.3423,470.72,592.41,1.4790,1260,-20.54,False,False
12,11.1,64,4096,4096,300,300,2.8807,387.48,368.25,0.9266,1365,+5.22,False,False
12,11.1,64,4096,4096,300,510,2.7209,355.85,368.25,0.9266,1365,-3.37,False,False
12,11.1,64,4096,4096,300,705,2.6587,344.22,368.25,0.9266,1365,-6.53,False,False
12,11.1,64,4096,4096,300,900,2.6155,336.91,368.25,0.9266,1365,-8.51,False,False
12,11.1,64,4096,4096,300,1050,2.5921,331.02,368.25,0.9266,1365,-10.11,False,False
12,11.1,64,4096,4096,300,1200,2.5757,334.78,368.25,0.9266,1365,-9.09,False,False
12,11.1,64,4096,4096,300,1305,2.5670,333.60,368.25,0.9266,1365,-9.41,False,False
12,11.1,64,4096,4096,300,1410,2.5599,341.36,368.25,0.9266,1365,-7.30,False,False
12,11.1,64,4096,4096,510,300,2.3147,352.08,368.25,0.9266,1365,-4.39,False,False
12,11.1,64,4096,4096,510,510,1.7296,295.69,368.25,0.9266,1365,-19.71,False,False
12,11.1,64,4096,4096,510,705,1.6824,284.66,368.25,0.9266,1365,-22.70,False,False
12,11.1,64,4096,4096,510,900,1.6392,277.09,368.25,0.9266,1365,-24.76,False,False
12,11.1,64,4096,4096,510,1050,1.6157,270.72,368.25,0.9266,1365,-26.49,False,False
12,11.1,64,4096,4096,510,1200,1.5994,274.01,368.25,0.9266,1365,-25.59,False,False
12,11.1,64,4096,4096,510,1305,1.5906,271.97,368.25,0.9266,1365,-26.15,False,False
12,11.1,64,4096,4096,510,1410,1.5836,278.87,368.25,0.9266,1365,-24.27,False,False
12,11.1,64,4096,4096,705,300,2.3147,354.25,368.25,0.9266,1365,-3.80,False,False
12,11.1,64,4096,4096,705,510,1.5161,284.31,368.25,0.9266,1365,-22.80,False,False
12,11.1,64,4096,4096,705,705,1.2642,261.01,368.25,0.9266,1365,-29.12,False,False
12,11.1,64,4096,4096,705,900,1.2513,255.09,368.25,0.9266,1365,-30.73,False,False
12,11.1,64,4096,4096,705,1050,1.2279,248.51,368.25,0.9266,1365,-32.52,False,False
12,11.1,64,4096,4096,705,1200,1.2116,251.59,368.25,0.9266,1365,-31.68,False,False
12,11.1,64,4096,4096,705,1305,1.2028,249.20,368.25,0.9266,1365,-32.33,False,False
12,11.1,64,4096,4096,705,1410,1.1957,255.74,368.25,0.9266,1365,-30.55,False,False
12,11.1,64,4096,4096,900,300,2.3147,358.81,368.25,0.9266,1365,-2.56,False,False
12,11.1,64,4096,4096,900,510,1.5161,287.46,368.25,0.9266,1365,-21.94,False,False
12,11.1,64,4096,4096,900,705,1.2051,260.11,368.25,0.9266,1365,-29.37,False,False
12,11.1,64,4096,4096,900,900,0.9992,242.31,368.25,0.9266,1365,-34.20,False,False
12,11.1,64,4096,4096,900,1050,0.9992,237.01,368.25,0.9266,1365,-35.64,False,False
12,11.1,64,4096,4096,900,1200,0.9907,240.45,368.25,0.9266,1365,-34.70,False,False
12,11.1,64,4096,4096,900,1305,0.9820,237.85,368.25,0.9266,1365,-35.41,False,True
12,11.1,64,4096,4096,900,1410,0.9749,244.19,368.25,0.9266,1365,-33.69,False,False
12,11.1,64,4096,4096,1050,300,2.3147,368.39,368.25,0.9266,1365,+0.04,False,False
12,11.1,64,4096,4096,1050,510,1.5161,294.09,368.25,0.9266,1365,-20.14,False,False
12,11.1,64,4096,4096,1050,705,1.2051,265.59,368.25,0.9266,1365,-27.88,False,False
12,11.1,64,4096,4096,1050,900,0.9890,246.37,368.25,0.9266,1365,-33.10,False,False
12,11.1,64,4096,4096,1050,1050,0.8720,233.40,368.25,0.9266,1365,-36.62,True,False
12,11.1,64,4096,4096,1050,1200,0.8628,236.70,368.25,0.9266,1365,-35.72,False,False
12,11.1,64,4096,4096,1050,1305,0.8628,234.54,368.25,0.9266,1365,-36.31,False,False
12,11.1,64,4096,4096,1050,1410,0.8612,241.13,368.25,0.9266,1365,-34.52,False,False
12,11.1,64,4096,4096,1200,300,2.3147,409.65,368.25,0.9266,1365,+11.24,False,False
12,11.1,64,4096,4096,1200,510,1.5161,332.41,368.25,0.9266,1365,-9.73,False,False
12,11.1,64,4096,4096,1200,705,1.2051,302.76,368.25,0.9266,1365,-17.78,False,False
12,11.1,64,4096,4096,1200,900,0.9890,282.74,368.25,0.9266,1365,-23.22,False,False
12,11.1,64,4096,4096,1200,1050,0.8720,269.34,368.25,0.9266,1365,-26.86,False,False
12,11.1,64,4096,4096,1200,1200,0.7902,267.55,368.25,0.9266,1365,-27.35,False,False
12,11.1,64,4096,4096,1200,1305,0.7579,263.05,368.25,0.9266,1365,-28.57,False,False
12,11.1,64,4096,4096,1200,1410,0.7579,269.65,368.25,0.9266,1365,-26.78,False,False
12,11.1,64,8192,8192,300,300,17.9505,2179.47,1888.06,4.7426,1200,+15.43,False,False
12,11.1,64,8192,8192,300,510,17.8244,2151.81,1888.06,4.7426,1200,+13.97,False,False
12,11.1,64,8192,8192,300,705,17.7753,2143.90,1888.06,4.7426,1200,+13.55,False,False
12,11.1,64,8192,8192,300,900,17.7412,2140.43,1888.06,4.7426,1200,+13.37,False,False
12,11.1,64,8192,8192,300,1050,17.7227,2141.80,1888.06,4.7426,1200,+13.44,False,False
12,11.1,64,8192,8192,300,1200,17.7098,2152.74,1888.06,4.7426,1200,+14.02,False,False
12,11.1,64,8192,8192,300,1305,17.7029,2164.88,1888.06,4.7426,1200,+14.66,False,False
12,11.1,64,8192,8192,300,1410,17.6973,2185.93,1888.06,4.7426,1200,+15.78,False,False
12,11.1,64,8192,8192,510,300,10.7332,1745.53,1888.06,4.7426,1200,-7.55,False,False
12,11.1,64,8192,8192,510,510,10.6071,1716.73,1888.06,4.7426,1200,-9.07,False,False
12,11.1,64,8192,8192,510,705,10.5580,1707.35,1888.06,4.7426,1200,-9.57,False,False
12,11.1,64,8192,8192,510,900,10.5239,1702.26,1888.06,4.7426,1200,-9.84,False,False
12,11.1,64,8192,8192,510,1050,10.5054,1700.28,1888.06,4.7426,1200,-9.95,False,False
12,11.1,64,8192,8192,510,1200,10.4925,1707.87,1888.06,4.7426,1200,-9.54,False,False
12,11.1,64,8192,8192,510,1305,10.4856,1713.70,1888.06,4.7426,1200,-9.23,False,False
12,11.1,64,8192,8192,510,1410,10.4800,1728.45,1888.06,4.7426,1200,-8.45,False,False
12,11.1,64,8192,8192,705,300,7.8804,1586.93,1888.06,4.7426,1200,-15.95,False,False
12,11.1,64,8192,8192,705,510,7.7543,1557.55,1888.06,4.7426,1200,-17.51,False,False
12,11.1,64,8192,8192,705,705,7.7052,1547.52,1888.06,4.7426,1200,-18.04,False,False
12,11.1,64,8192,8192,705,900,7.6711,1541.75,1888.06,4.7426,1200,-18.34,False,False
12,11.1,64,8192,8192,705,1050,7.6526,1538.42,1888.06,4.7426,1200,-18.52,False,False
12,11.1,64,8192,8192,705,1200,7.6397,1544.68,1888.06,4.7426,1200,-18.19,False,False
12,11.1,64,8192,8192,705,1305,7.6328,1548.01,1888.06,4.7426,1200,-18.01,False,False
12,11.1,64,8192,8192,705,1410,7.6272,1560.26,1888.06,4.7426,1200,-17.36,False,False
12,11.1,64,8192,8192,900,300,6.2622,1505.61,1888.06,4.7426,1200,-20.26,False,False
12,11.1,64,8192,8192,900,510,6.1361,1475.78,1888.06,4.7426,1200,-21.84,False,False
12,11.1,64,8192,8192,900,705,6.0870,1465.36,1888.06,4.7426,1200,-22.39,False,False
12,11.1,64,8192,8192,900,900,6.0529,1459.17,1888.06,4.7426,1200,-22.72,False,False
12,11.1,64,8192,8192,900,1050,6.0344,1455.06,1888.06,4.7426,1200,-22.93,False,False
12,11.1,64,8192,8192,900,1200,6.0215,1460.55,1888.06,4.7426,1200,-22.64,False,False
12,11.1,64,8192,8192,900,1305,6.0146,1462.46,1888.06,4.7426,1200,-22.54,False,True
12,11.1,64,8192,8192,900,1410,6.0090,1473.29,1888.06,4.7426,1200,-21.97,False,False
12,11.1,64,8192,8192,1050,300,5.4387,1495.07,1888.06,4.7426,1200,-20.81,False,False
12,11.1,64,8192,8192,1050,510,5.3126,1464.66,1888.06,4.7426,1200,-22.43,False,False
12,11.1,64,8192,8192,1050,705,5.2635,1453.89,1888.06,4.7426,1200,-23.00,False,False
12,11.1,64,8192,8192,1050,900,5.2294,1447.40,1888.06,4.7426,1200,-23.34,False,False
12,11.1,64,8192,8192,1050,1050,5.2109,1442.84,1888.06,4.7426,1200,-23.58,True,False
12,11.1,64,8192,8192,1050,1200,5.1980,1447.90,1888.06,4.7426,1200,-23.31,False,False
12,11.1,64,8192,8192,1050,1305,5.1911,1449.07,1888.06,4.7426,1200,-23.25,False,False
12,11.1,64,8192,8192,1050,1410,5.1855,1459.16,1888.06,4.7426,1200,-22.72,False,False
12,11.1,64,8192,8192,1200,300,4.8144,1729.25,1888.06,4.7426,1200,-8.41,False,False
12,11.1,64,8192,8192,1200,510,4.6883,1698.29,1888.06,4.7426,1200,-10.05,False,False
12,11.1,64,8192,8192,1200,705,4.6392,1687.21,1888.06,4.7426,1200,-10.64,False,False
12,11.1,64,8192,8192,1200,900,4.6050,1680.45,1888.06,4.7426,1200,-11.00,False,False
12,11.1,64,8192,8192,1200,1050,4.5866,1675.54,1888.06,4.7426,1200,-11.26,False,False
12,11.1,64,8192,8192,1200,1200,4.5736,1680.27,1888.06,4.7426,1200,-11.01,False,False
12,11.1,64,8192,8192,1200,1305,4.5667,1680.86,1888.06,4.7426,1200,-10.97,False,False
12,11.1,64,8192,8192,1200,1410,4.5612,1690.38,1888.06,4.7426,1200,-10.47,False,False
12,11.1,128,1024,4096,300,300,4.5047,454.43,277.15,1.4333,1410,+63.97,False,False
12,11.1,128,1024,4096,300,510,2.9184,322.76,277.15,1.4333,1410,+16.46,False,False
12,11.1,128,1024,4096,300,705,2.3183,272.77,277.15,1.4333,1410,-1.58,False,False
12,11.1,128,1024,4096,300,900,1.8803,237.00,277.15,1.4333,1410,-14.49,False,False
12,11.1,128,1024,4096,300,1050,1.6514,215.95,277.15,1.4333,1410,-22.08,False,False
12,11.1,128,1024,4096,300,1200,1.4947,211.20,277.15,1.4333,1410,-23.80,False,False
12,11.1,128,1024,4096,300,1305,1.4104,206.18,277.15,1.4333,1410,-25.61,False,False
12,11.1,128,1024,4096,300,1410,1.3411,208.24,277.15,1.4333,1410,-24.86,False,False
12,11.1,128,1024,4096,510,300,4.5047,456.79,277.15,1.4333,1410,+64.82,False,False
12,11.1,128,1024,4096,510,510,2.9184,323.37,277.15,1.4333,1410,+16.68,False,False
12,11.1,128,1024,4096,510,705,2.3183,272.73,277.15,1.4333,1410,-1.59,False,False
12,11.1,128,1024,4096,510,900,1.8803,236.48,277.15,1.4333,1410,-14.68,False,False
12,11.1,128,1024,4096,510,1050,1.6514,215.17,277.15,1.4333,1410,-22.36,False,False
12,11.1,128,1024,4096,510,1200,1.4947,210.25,277.15,1.4333,1410,-24.14,False,False
12,11.1,128,1024,4096,510,1305,1.4104,205.14,277.15,1.4333,1410,-25.98,True,False
12,11.1,128,1024,4096,510,1410,1.3411,207.12,277.15,1.4333,1410,-25.27,False,False
12,11.1,128,1024,4096,705,300,4.5047,463.01,277.15,1.4333,1410,+67.06,False,False
12,11.1,128,1024,4096,705,510,2.9184,327.09,277.15,1.4333,1410,+18.02,False,False
12,11.1,128,1024,4096,705,705,2.3183,275.50,277.15,1.4333,1410,-0.59,False,False
12,11.1,128,1024,4096,705,900,1.8803,238.56,277.15,1.4333,1410,-13.93,False,False
12,11.1,128,1024,4096,705,1050,1.6514,216.89,277.15,1.4333,1410,-21.74,False,False
12,11.1,128,1024,4096,705,1200,1.4947,211.72,277.15,1.4333,1410,-23.61,False,False
12,11.1,128,1024,4096,705,1305,1.4104,206.48,277.15,1.4333,1410,-25.50,False,False
12,11.1,128,1024,4096,705,1410,1.3411,208.35,277.15,1.4333,1410,-24.82,False,False
12,11.1,128,1024,4096,900,300,4.5047,470.63,277.15,1.4333,1410,+69.81,False,False
12,11.1,128,1024,4096,900,510,2.9184,331.92,277.15,1.4333,1410,+19.76,False,False
12,11.1,128,1024,4096,900,705,2.3183,279.28,277.15,1.4333,1410,+0.77,False,False
12,11.1,128,1024,4096,900,900,1.8803,241.56,277.15,1.4333,1410,-12.84,False,False
12,11.1,128,1024,4096,900,1050,1.6514,219.49,277.15,1.4333,1410,-20.80,False,False
12,11.1,128,1024,4096,900,1200,1.4947,214.05,277.15,1.4333,1410,-22.77,False,False
12,11.1,128,1024,4096,900,1305,1.4104,208.65,277.15,1.4333,1410,-24.71,False,True
12,11.1,128,1024,4096,900,1410,1.3411,210.41,277.15,1.4333,1410,-24.08,False,False
12,11.1,128,1024,4096,1050,300,4.5047,487.14,277.15,1.4333,1410,+75.77,False,False
12,11.1,128,1024,4096,1050,510,2.9184,342.57,277.15,1.4333,1410,+23.60,False,False
12,11.1,128,1024,4096,1050,705,2.3183,287.71,277.15,1.4333,1410,+3.81,False,False
12,11.1,128,1024,4096,1050,900,1.8803,248.38,277.15,1.4333,1410,-10.38,False,False
12,11.1,128,1024,4096,1050,1050,1.6514,225.47,277.15,1.4333,1410,-18.65,False,False
12,11.1,128,1024,4096,1050,1200,1.4947,219.45,277.15,1.4333,1410,-20.82,False,False
12,11.1,128,1024,4096,1050,1305,1.4104,213.74,277.15,1.4333,1410,-22.88,False,False
12,11.1,128,1024,4096,1050,1410,1.3411,215.24,277.15,1.4333,1410,-22.34,False,False
12,11.1,128,1024,4096,1200,300,4.5047,511.18,277.15,1.4333,1410,+84.44,False,False
12,11.1,128,1024,4096,1200,510,2.9184,360.76,277.15,1.4333,1410,+30.17,False,False
12,11.1,128,1024,4096,1200,705,2.3183,303.69,277.15,1.4333,1410,+9.57,False,False
12,11.1,128,1024,4096,1200,900,1.8803,262.74,277.15,1.4333,1410,-5.20,False,False
12,11.1,128,1024,4096,1200,1050,1.6514,238.98,277.15,1.4333,1410,-13.77,False,False
12,11.1,128,1024,4096,1200,1200,1.4947,232.38,277.15,1.4333,1410,-16.15,False,False
12,11.1,128,1024,4096,1200,1305,1.4104,226.36,277.15,1.4333,1410,-18.32,False,False
12,11.1,128,1024,4096,1200,1410,1.3411,227.60,277.15,1.4333,1410,-17.88,False,False
12,11.1,128,1024,4096,1305,300,4.5047,547.80,277.15,1.4333,1410,+97.66,False,False
12,11.1,128,1024,4096,1305,510,2.9184,386.31,277.15,1.4333,1410,+39.38,False,False
12,11.1,128,1024,4096,1305,705,2.3183,325.04,277.15,1.4333,1410,+17.28,False,False
12,11.1,128,1024,4096,1305,900,1.8803,281.03,277.15,1.4333,1410,+1.40,False,False
12,11.1,128,1024,4096,1305,1050,1.6514,255.68,277.15,1.4333,1410,-7.75,False,False
12,11.1,128,1024,4096,1305,1200,1.4947,247.98,277.15,1.4333,1410,-10.52,False,False
12,11.1,128,1024,4096,1305,1305,1.4104,241.38,277.15,1.4333,1410,-12.91,False,False
12,11.1,128,1024,4096,1305,1410,1.3411,242.14,277.15,1.4333,1410,-12.63,False,False
12,11.1,128,1024,4096,1410,300,4.5047,593.18,277.15,1.4333,1410,+114.03,False,False
12,11.1,128,1024,4096,1410,510,2.9184,420.60,277.15,1.4333,1410,+51.76,False,False
12,11.1,128,1024,4096,1410,705,2.3183,355.15,277.15,1.4333,1410,+28.14,False,False
12,11.1,128,1024,4096,1410,900,1.8803,308.08,277.15,1.4333,1410,+11.16,False,False
12,11.1,128,1024,4096,1410,1050,1.6514,281.12,277.15,1.4333,1410,+1.43,False,False
12,11.1,128,1024,4096,1410,1200,1.4947,272.34,277.15,1.4333,1410,-1.74,False,False
12,11.1,128,1024,4096,1410,1305,1.4104,265.14,277.15,1.4333,1410,-4.33,False,False
12,11.1,128,1024,4096,1410,1410,1.3411,265.42,277.15,1.4333,1410,-4.23,False,False
12,11.1,128,1024,8192,300,300,4.5047,560.59,463.55,1.4526,1410,+20.93,False,False
12,11.1,128,1024,8192,300,510,2.9560,431.04,463.55,1.4526,1410,-7.01,False,False
12,11.1,128,1024,8192,300,705,2.9270,413.45,463.55,1.4526,1410,-10.81,False,False
12,11.1,128,1024,8192,300,900,2.8394,397.75,463.55,1.4526,1410,-14.19,False,False
12,11.1,128,1024,8192,300,1050,2.7936,387.65,463.55,1.4526,1410,-16.37,False,False
12,11.1,128,1024,8192,300,1200,2.7623,390.68,463.55,1.4526,1410,-15.72,False,False
12,11.1,128,1024,8192,300,1305,2.7454,390.72,463.55,1.4526,1410,-15.71,False,False
12,11.1,128,1024,8192,300,1410,2.7316,397.26,463.55,1.4526,1410,-14.30,False,False
12,11.1,128,1024,8192,510,300,4.5047,559.15,463.55,1.4526,1410,+20.62,False,False
12,11.1,128,1024,8192,510,510,2.9184,425.74,463.55,1.4526,1410,-8.16,False,False
12,11.1,128,1024,8192,510,705,2.3183,375.09,463.55,1.4526,1410,-19.08,False,False
12,11.1,128,1024,8192,510,900,1.8803,338.84,463.55,1.4526,1410,-26.90,False,False
12,11.1,128,1024,8192,510,1050,1.7664,324.26,463.55,1.4526,1410,-30.05,False,False
12,11.1,128,1024,8192,510,1200,1.7664,328.63,463.55,1.4526,1410,-29.11,False,False
12,11.1,128,1024,8192,510,1305,1.7541,328.06,463.55,1.4526,1410,-29.23,False,False
12,11.1,128,1024,8192,510,1410,1.7402,333.71,463.55,1.4526,1410,-28.01,False,False
12,11.1,128,1024,8192,705,300,4.5047,564.31,463.55,1.4526,1410,+21.74,False,False
12,11.1,128,1024,8192,705,510,2.9184,428.39,463.55,1.4526,1410,-7.59,False,False
12,11.1,128,1024,8192,705,705,2.3183,376.80,463.55,1.4526,1410,-18.71,False,False
12,11.1,128,1024,8192,705,900,1.8803,339.85,463.55,1.4526,1410,-26.68,False,False
12,11.1,128,1024,8192,705,1050,1.6514,318.19,463.55,1.4526,1410,-31.36,False,False
12,11.1,128,1024,8192,705,1200,1.4947,313.02,463.55,1.4526,1410,-32.47,False,False
12,11.1,128,1024,8192,705,1305,1.4104,307.77,463.55,1.4526,1410,-33.60,True,False
12,11.1,128,1024,8192,705,1410,1.3411,309.65,463.55,1.4526,1410,-33.20,False,False
12,11.1,128,1024,8192,900,300,4.5047,572.53,463.55,1.4526,1410,+23.51,False,False
12,11.1,128,1024,8192,900,510,2.9184,433.82,463.55,1.4526,1410,-6.41,False,False
12,11.1,128,1024,8192,900,705,2.3183,381.17,463.55,1.4526,1410,-17.77,False,False
12,11.1,128,1024,8192,900,900,1.8803,343.46,463.55,1.4526,1410,-25.91,False,False
12,11.1,128,1024,8192,900,1050,1.6514,321.39,463.55,1.4526,1410,-30.67,False,False
12,11.1,128,1024,8192,900,1200,1.4947,315.95,463.55,1.4526,1410,-31.84,False,False
12,11.1,128,1024,8192,900,1305,1.4104,310.55,463.55,1.4526,1410,-33.01,False,True
12,11.1,128,1024,8192,900,1410,1.3411,312.30,463.55,1.4526,1410,-32.63,False,False
12,11.1,128,1024,8192,1050,300,4.5047,590.36,463.55,1.4526,1410,+27.36,False,False
12,11.1,128,1024,8192,1050,510,2.9184,445.80,463.55,1.4526,1410,-3.83,False,False
12,11.1,128,1024,8192,1050,705,2.3183,390.94,463.55,1.4526,1410,-15.66,False,False
12,11.1,128,1024,8192,1050,900,1.8803,351.61,463.55,1.4526,1410,-24.15,False,False
12,11.1,128,1024,8192,1050,1050,1.6514,328.69,463.55,1.4526,1410,-29.09,False,False
12,11.1,128,1024,8192,1050,1200,1.4947,322.67,463.55,1.4526,1410,-30.39,False,False
12,11.1,128,1024,8192,1050,1305,1.4104,316.97,463.55,1.4526,1410,-31.62,False,False
12,11.1,128,1024,8192,1050,1410,1.3411,318.46,463.55,1.4526,1410,-31.30,False,False
12,11.1,128,1024,8192,1200,300,4.5047,638.70,463.55,1.4526,1410,+37.78,False,False
12,11.1,128,1024,8192,1200,510,2.9184,488.28,463.55,1.4526,1410,+5.33,False,False
12,11.1,128,1024,8192,1200,705,2.3183,431.20,463.55,1.4526,1410,-6.98,False,False
12,11.1,128,1024,8192,1200,900,1.8803,390.25,463.55,1.4526,1410,-15.81,False,False
12,11.1,128,1024,8192,1200,1050,1.6514,366.50,463.55,1.4526,1410,-20.94,False,False
12,11.1,128,1024,8192,1200,1200,1.4947,359.90,463.55,1.4526,1410,-22.36,False,False
12,11.1,128,1024,8192,1200,1305,1.4104,353.88,463.55,1.4526,1410,-23.66,False,False
12,11.1,128,1024,8192,1200,1410,1.3411,355.12,463.55,1.4526,1410,-23.39,False,False
12,11.1,128,2048,4096,300,300,4.5047,488.08,339.08,1.4273,1410,+43.94,False,False
12,11.1,128,2048,4096,300,510,2.9184,356.41,339.08,1.4273,1410,+5.11,False,False
12,11.1,128,2048,4096,300,705,2.3183,306.42,339.08,1.4273,1410,-9.63,False,False
12,11.1,128,2048,4096,300,900,1.8803,270.65,339.08,1.4273,1410,-20.18,False,False
12,11.1,128,2048,4096,300,1050,1.6514,249.60,339.08,1.4273,1410,-26.39,False,False
12,11.1,128,2048,4096,300,1200,1.4947,244.85,339.08,1.4273,1410,-27.79,False,False
12,11.1,128,2048,4096,300,1305,1.4655,243.06,339.08,1.4273,1410,-28.32,False,False
12,11.1,128,2048,4096,300,1410,1.4655,249.30,339.08,1.4273,1410,-26.48,False,False
12,11.1,128,2048,4096,510,300,4.5047,489.31,339.08,1.4273,1410,+44.31,False,False
12,11.1,128,2048,4096,510,510,2.9184,355.89,339.08,1.4273,1410,+4.96,False,False
12,11.1,128,2048,4096,510,705,2.3183,305.25,339.08,1.4273,1410,-9.98,False,False
12,11.1,128,2048,4096,510,900,1.8803,268.99,339.08,1.4273,1410,-20.67,False,False
12,11.1,128,2048,4096,510,1050,1.6514,247.69,339.08,1.4273,1410,-26.95,False,False
12,11.1,128,2048,4096,510,1200,1.4947,242.77,339.08,1.4273,1410,-28.40,False,False
12,11.1,128,2048,4096,510,1305,1.4104,237.66,339.08,1.4273,1410,-29.91,True,False
12,11.1,128,2048,4096,510,1410,1.3411,239.64,339.08,1.4273,1410,-29.33,False,False
12,11.1,128,2048,4096,705,300,4.5047,495.28,339.08,1.4273,1410,+46.07,False,False
12,11.1,128,2048,4096,705,510,2.9184,359.36,339.08,1.4273,1410,+5.98,False,False
12,11.1,128,2048,4096,705,705,2.3183,307.77,339.08,1.4273,1410,-9.23,False,False
12,11.1,128,2048,4096,705,900,1.8803,270.83,339.08,1.4273,1410,-20.13,False,False
12,11.1,128,2048,4096,705,1050,1.6514,249.16,339.08,1.4273,1410,-26.52,False,False
12,11.1,128,2048,4096,705,1200,1.4947,243.99,339.08,1.4273,1410,-28.04,False,False
12,11.1,128,2048,4096,705,1305,1.4104,238.75,339.08,1.4273,1410,-29.59,False,False
12,11.1,128,2048,4096,705,1410,1.3411,240.62,339.08,1.4273,1410,-29.04,False,False
12,11.1,128,2048,4096,900,300,4.5047,503.16,339.08,1.4273,1410,+48.39,False,False
12,11.1,128,2048,4096,900,510,2.9184,364.45,339.08,1.4273,1410,+7.48,False,False
12,11.1,128,2048,4096,900,705,2.3183,311.80,339.08,1.4273,1410,-8.04,False,False
12,11.1,128,2048,4096,900,900,1.8803,274.09,339.08,1.4273,1410,-19.17,False,False
12,11.1,128,2048,4096,900,1050,1.6514,252.02,339.08,1.4273,1410,-25.68,False,False
12,11.1,128,2048,4096,900,1200,1.4947,246.58,339.08,1.4273,1410,-27.28,False,False
12,11.1,128,2048,4096,900,1305,1.4104,241.18,339.08,1.4273,1410,-28.87,False,True
12,11.1,128,2048,4096,900,1410,1.3411,242.93,339.08,1.4273,1410,-28.35,False,False
12,11.1,128,2048,4096,1050,300,4.5047,520.24,339.08,1.4273,1410,+53.43,False,False
12,11.1,128,2048,4096,1050,510,2.9184,375.67,339.08,1.4273,1410,+10.79,False,False
12,11.1,128,2048,4096,1050,705,2.3183,320.82,339.08,1.4273,1410,-5.39,False,False
12,11.1,128,2048,4096,1050,900,1.8803,281.48,339.08,1.4273,1410,-16.99,False,False
12,11.1,128,2048,4096,1050,1050,1.6514,258.57,339.08,1.4273,1410,-23.74,False,False
12,11.1,128,2048,4096,1050,1200,1.4947,252.55,339.08,1.4273,1410,-25.52,False,False
12,11.1,128,2048,4096,1050,1305,1.4104,246.84,339.08,1.4273,1410,-27.20,False,False
12,11.1,128,2048,4096,1050,1410,1.3411,248.34,339.08,1.4273,1410,-26.76,False,False
12,11.1,128,2048,4096,1200,300,4.5047,552.47,339.08,1.4273,1410,+62.93,False,False
12,11.1,128,2048,4096,1200,510,2.9184,402.05,339.08,1.4273,1410,+18.57,False,False
12,11.1,128,2048,4096,1200,705,2.3183,344.98,339.08,1.4273,1410,+1.74,False,False
12,11.1,128,2048,4096,1200,900,1.8803,304.03,339.08,1.4273,1410,-10.34,False,False
12,11.1,128,2048,4096,1200,1050,1.6514,280.27,339.08,1.4273,1410,-17.34,False,False
12,11.1,128,2048,4096,1200,1200,1.4947,273.67,339.08,1.4273,1410,-19.29,False,False
12,11.1,128,2048,4096,1200,1305,1.4104,267.65,339.08,1.4273,1410,-21.06,False,False
12,11.1,128,2048,4096,1200,1410,1.3411,268.89,339.08,1.4273,1410,-20.70,False,False
12,11.1,128,2048,4096,1305,300,4.5047,596.14,339.08,1.4273,1410,+75.81,False,False
12,11.1,128,2048,4096,1305,510,2.9184,434.65,339.08,1.4273,1410,+28.18,False,False
12,11.1,128,2048,4096,1305,705,2.3183,373.38,339.08,1.4273,1410,+10.12,False,False
12,11.1,128,2048,4096,1305,900,1.8803,329.37,339.08,1.4273,1410,-2.86,False,False
12,11.1,128,2048,4096,1305,1050,1.6514,304.02,339.08,1.4273,1410,-10.34,False,False
12,11.1,128,2048,4096,1305,1200,1.4947,296.32,339.08,1.4273,1410,-12.61,False,False
12,11.1,128,2048,4096,1305,1305,1.4104,289.72,339.08,1.4273,1410,-14.56,False,False
12,11.1,128,2048,4096,1305,1410,1.3411,290.48,339.08,1.4273,1410,-14.33,False,False
12,11.1,128,2048,8192,300,300,5.5684,747.53,660.26,1.6620,1335,+13.22,False,False
12,11.1,128,2048,8192,300,510,5.2511,687.71,660.26,1.6620,1335,+4.16,False,False
12,11.1,128,2048,8192,300,705,5.1311,665.40,660.26,1.6620,1335,+0.78,False,False
12,11.1,128,2048,8192,300,900,5.0435,650.19,660.26,1.6620,1335,-1.52,False,False
12,11.1,128,2048,8192,300,1050,4.9977,641.11,660.26,1.6620,1335,-2.90,False,False
12,11.1,128,2048,8192,300,1200,4.9664,645.15,660.26,1.6620,1335,-2.29,False,False
12,11.1,128,2048,8192,300,1305,4.9496,647.12,660.26,1.6620,1335,-1.99,False,False
12,11.1,128,2048,8192,300,1410,4.9357,655.58,660.26,1.6620,1335,-0.71,False,False
12,11.1,128,2048,8192,510,300,4.5047,681.99,660.26,1.6620,1335,+3.29,False,False
12,11.1,128,2048,8192,510,510,3.3177,571.58,660.26,1.6620,1335,-13.43,False,False
12,11.1,128,2048,8192,510,705,3.2284,550.54,660.26,1.6620,1335,-16.62,False,False
12,11.1,128,2048,8192,510,900,3.1408,534.81,660.26,1.6620,1335,-19.00,False,False
12,11.1,128,2048,8192,510,1050,3.0950,524.80,660.26,1.6620,1335,-20.52,False,False
12,11.1,128,2048,8192,510,1200,3.0637,527.93,660.26,1.6620,1335,-20.04,False,False
12,11.1,128,2048,8192,510,1305,3.0468,528.22,660.26,1.6620,1335,-20.00,False,False
12,11.1,128,2048,8192,510,1410,3.0329,535.00,660.26,1.6620,1335,-18.97,False,False
12,11.1,128,2048,8192,705,300,4.5047,686.01,660.26,1.6620,1335,+3.90,False,False
12,11.1,128,2048,8192,705,510,2.9184,550.09,660.26,1.6620,1335,-16.69,False,False
12,11.1,128,2048,8192,705,705,2.4132,504.14,660.26,1.6620,1335,-23.65,False,False
12,11.1,128,2048,8192,705,900,2.3871,491.76,660.26,1.6620,1335,-25.52,False,False
12,11.1,128,2048,8192,705,1050,2.3413,481.33,660.26,1.6620,1335,-27.10,False,False
12,11.1,128,2048,8192,705,1200,2.3100,484.06,660.26,1.6620,1335,-26.69,False,False
12,11.1,128,2048,8192,705,1305,2.2931,483.67,660.26,1.6620,1335,-26.75,False,False
12,11.1,128,2048,8192,705,1410,2.2792,489.77,660.26,1.6620,1335,-25.82,False,False
12,11.1,128,2048,8192,900,300,4.5047,695.48,660.26,1.6620,1335,+5.33,False,False
12,11.1,128,2048,8192,900,510,2.9184,556.76,660.26,1.6620,1335,-15.68,False,False
12,11.1,128,2048,8192,900,705,2.3183,504.12,660.26,1.6620,1335,-23.65,False,False
12,11.1,128,2048,8192,900,900,1.9003,467.63,660.26,1.6620,1335,-29.17,False,False
12,11.1,128,2048,8192,900,1050,1.9003,459.72,660.26,1.6620,1335,-30.37,False,False
12,11.1,128,2048,8192,900,1200,1.8826,463.05,660.26,1.6620,1335,-29.87,False,False
12,11.1,128,2048,8192,900,1305,1.8657,462.25,660.26,1.6620,1335,-29.99,False,True
12,11.1,128,2048,8192,900,1410,1.8518,467.95,660.26,1.6620,1335,-29.13,False,False
12,11.1,128,2048,8192,1050,300,4.5047,714.48,660.26,1.6620,1335,+8.21,False,False
12,11.1,128,2048,8192,1050,510,2.9184,569.91,660.26,1.6620,1335,-13.68,False,False
12,11.1,128,2048,8192,1050,705,2.3183,515.06,660.26,1.6620,1335,-21.99,False,False
12,11.1,128,2048,8192,1050,900,1.8803,475.72,660.26,1.6620,1335,-27.95,False,False
12,11.1,128,2048,8192,1050,1050,1.6514,452.81,660.26,1.6620,1335,-31.42,True,False
12,11.1,128,2048,8192,1050,1200,1.6381,456.25,660.26,1.6620,1335,-30.90,False,False
12,11.1,128,2048,8192,1050,1305,1.6381,456.30,660.26,1.6620,1335,-30.89,False,False
12,11.1,128,2048,8192,1050,1410,1.6333,462.36,660.26,1.6620,1335,-29.97,False,False
12,11.1,128,2048,8192,1200,300,4.5047,794.91,660.26,1.6620,1335,+20.39,False,False
12,11.1,128,2048,8192,1200,510,2.9184,644.49,660.26,1.6620,1335,-2.39,False,False
12,11.1,128,2048,8192,1200,705,2.3183,587.42,660.26,1.6620,1335,-11.03,False,False
12,11.1,128,2048,8192,1200,900,1.8803,546.47,660.26,1.6620,1335,-17.23,False,False
12,11.1,128,2048,8192,1200,1050,1.6514,522.71,660.26,1.6620,1335,-20.83,False,False
12,11.1,128,2048,8192,1200,1200,1.4947,516.11,660.26,1.6620,1335,-21.83,False,False
12,11.1,128,2048,8192,1200,1305,1.4400,512.19,660.26,1.6620,1335,-22.43,False,False
12,11.1,128,2048,8192,1200,1410,1.4400,518.40,660.26,1.6620,1335,-21.49,False,False
12,11.1,128,4096,4096,300,300,4.5047,555.62,469.01,1.4435,1410,+18.47,False,False
12,11.1,128,4096,4096,300,510,2.9184,423.95,469.01,1.4435,1410,-9.61,False,False
12,11.1,128,4096,4096,300,705,2.8814,405.89,469.01,1.4435,1410,-13.46,False,False
12,11.1,128,4096,4096,300,900,2.7938,390.19,469.01,1.4435,1410,-16.81,False,False
12,11.1,128,4096,4096,300,1050,2.7480,380.06,469.01,1.4435,1410,-18.96,False,False
12,11.1,128,4096,4096,300,1200,2.7167,383.07,469.01,1.4435,1410,-18.32,False,False
12,11.1,128,4096,4096,300,1305,2.6998,383.08,469.01,1.4435,1410,-18.32,False,False
12,11.1,128,4096,4096,300,1410,2.6859,389.57,469.01,1.4435,1410,-16.94,False,False
12,11.1,128,4096,4096,510,300,4.5047,554.52,469.01,1.4435,1410,+18.23,False,False
12,11.1,128,4096,4096,510,510,2.9184,421.10,469.01,1.4435,1410,-10.21,False,False
12,11.1,128,4096,4096,510,705,2.3183,370.46,469.01,1.4435,1410,-21.01,False,False
12,11.1,128,4096,4096,510,900,1.8803,334.21,469.01,1.4435,1410,-28.74,False,False
12,11.1,128,4096,4096,510,1050,1.7296,317.48,469.01,1.4435,1410,-32.31,False,False
12,11.1,128,4096,4096,510,1200,1.7296,321.83,469.01,1.4435,1410,-31.38,False,False
12,11.1,128,4096,4096,510,1305,1.7234,321.59,469.01,1.4435,1410,-31.43,False,False
12,11.1,128,4096,4096,510,1410,1.7096,327.21,469.01,1.4435,1410,-30.23,False,False
12,11.1,128,4096,4096,705,300,4.5047,560.15,469.01,1.4435,1410,+19.43,False,False
12,11.1,128,4096,4096,705,510,2.9184,424.23,469.01,1.4435,1410,-9.55,False,False
12,11.1,128,4096,4096,705,705,2.3183,372.65,469.01,1.4435,1410,-20.55,False,False
12,11.1,128,4096,4096,705,900,1.8803,335.70,469.01,1.4435,1410,-28.42,False,False
12,11.1,128,4096,4096,705,1050,1.6514,314.03,469.01,1.4435,1410,-33.04,False,False
12,11.1,128,4096,4096,705,1200,1.4947,308.87,469.01,1.4435,1410,-34.14,False,False
12,11.1,128,4096,4096,705,1305,1.4104,303.62,469.01,1.4435,1410,-35.26,True,False
12,11.1,128,4096,4096,705,1410,1.3411,305.50,469.01,1.4435,1410,-34.86,False,False
12,11.1,128,4096,4096,900,300,4.5047,568.57,469.01,1.4435,1410,+21.23,False,False
12,11.1,128,4096,4096,900,510,2.9184,429.86,469.01,1.4435,1410,-8.35,False,False
12,11.1,128,4096,4096,900,705,2.3183,377.21,469.01,1.4435,1410,-19.57,False,False
12,11.1,128,4096,4096,900,900,1.8803,339.50,469.01,1.4435,1410,-27.61,False,False
12,11.1,128,4096,4096,900,1050,1.6514,317.43,469.01,1.4435,1410,-32.32,False,False
12,11.1,128,4096,4096,900,1200,1.4947,311.98,469.01,1.4435,1410,-33.48,False,False
12,11.1,128,4096,4096,900,1305,1.4104,306.59,469.01,1.4435,1410,-34.63,False,True
12,11.1,128,4096,4096,900,1410,1.3411,308.34,469.01,1.4435,1410,-34.26,False,False
12,11.1,128,4096,4096,1050,300,4.5047,586.22,469.01,1.4435,1410,+24.99,False,False
12,11.1,128,4096,4096,1050,510,2.9184,441.66,469.01,1.4435,1410,-5.83,False,False
12,11.1,128,4096,4096,1050,705,2.3183,386.80,469.01,1.4435,1410,-17.53,False,False
12,11.1,128,4096,4096,1050,900,1.8803,347.46,469.01,1.4435,1410,-25.92,False,False
12,11.1,128,4096,4096,1050,1050,1.6514,324.55,469.01,1.4435,1410,-30.80,False,False
12,11.1,128,4096,4096,1050,1200,1.4947,318.53,469.01,1.4435,1410,-32.08,False,False
12,11.1,128,4096,4096,1050,1305,1.4104,312.83,469.01,1.4435,1410,-33.30,False,False
12,11.1,128,4096,4096,1050,1410,1.3411,314.32,469.01,1.4435,1410,-32.98,False,False
12,11.1,128,4096,4096,1200,300,4.5047,635.57,469.01,1.4435,1410,+35.51,False,False
12,11.1,128,4096,4096,1200,510,2.9184,485.15,469.01,1.4435,1410,+3.44,False,False
12,11.1,128,4096,4096,1200,705,2.3183,428.08,469.01,1.4435,1410,-8.73,False,False
12,11.1,128,4096,4096,1200,900,1.8803,387.13,469.01,1.4435,1410,-17.46,False,False
12,11.1,128,4096,4096,1200,1050,1.6514,363.37,469.01,1.4435,1410,-22.52,False,False
12,11.1,128,4096,4096,1200,1200,1.4947,356.77,469.01,1.4435,1410,-23.93,False,False
12,11.1,128,4096,4096,1200,1305,1.4104,350.75,469.01,1.4435,1410,-25.21,False,False
12,11.1,128,4096,4096,1200,1410,1.3411,351.99,469.01,1.4435,1410,-24.95,False,False
12,11.1,128,8192,8192,300,300,18.2963,2275.56,1953.93,4.9144,1185,+16.46,False,False
12,11.1,128,8192,8192,300,510,18.0458,2221.26,1953.93,4.9144,1185,+13.68,False,False
12,11.1,128,8192,8192,300,705,17.9511,2202.91,1953.93,4.9144,1185,+12.74,False,False
12,11.1,128,8192,8192,300,900,17.8819,2191.57,1953.93,4.9144,1185,+12.16,False,False
12,11.1,128,8192,8192,300,1050,17.8458,2188.96,1953.93,4.9144,1185,+12.03,False,False
12,11.1,128,8192,8192,300,1200,17.8210,2199.31,1953.93,4.9144,1185,+12.56,False,False
12,11.1,128,8192,8192,300,1305,17.8077,2212.71,1953.93,4.9144,1185,+13.24,False,False
12,11.1,128,8192,8192,300,1410,17.7968,2232.56,1953.93,4.9144,1185,+14.26,False,False
12,11.1,128,8192,8192,510,300,11.0790,1842.00,1953.93,4.9144,1185,-5.73,False,False
12,11.1,128,8192,8192,510,510,10.8286,1786.43,1953.93,4.9144,1185,-8.57,False,False
12,11.1,128,8192,8192,510,705,10.7338,1766.55,1953.93,4.9144,1185,-9.59,False,False
12,11.1,128,8192,8192,510,900,10.6646,1753.55,1953.93,4.9144,1185,-10.26,False,False
12,11.1,128,8192,8192,510,1050,10.6285,1747.57,1953.93,4.9144,1185,-10.56,False,False
12,11.1,128,8192,8192,510,1200,10.6038,1754.57,1953.93,4.9144,1185,-10.20,False,False
12,11.1,128,8192,8192,510,1305,10.5905,1761.65,1953.93,4.9144,1185,-9.84,False,False
12,11.1,128,8192,8192,510,1410,10.5795,1775.19,1953.93,4.9144,1185,-9.15,False,False
12,11.1,128,8192,8192,705,300,8.2262,1683.95,1953.93,4.9144,1185,-13.82,False,False
12,11.1,128,8192,8192,705,510,7.9757,1627.59,1953.93,4.9144,1185,-16.70,False,False
12,11.1,128,8192,8192,705,705,7.8810,1607.01,1953.93,4.9144,1185,-17.76,False,False
12,11.1,128,8192,8192,705,900,7.8118,1593.27,1953.93,4.9144,1185,-18.46,False,False
12,11.1,128,8192,8192,705,1050,7.7757,1585.91,1953.93,4.9144,1185,-18.83,False,False
12,11.1,128,8192,8192,705,1200,7.7509,1591.56,1953.93,4.9144,1185,-18.55,False,False
12,11.1,128,8192,8192,705,1305,7.7376,1596.13,1953.93,4.9144,1185,-18.31,False,False
12,11.1,128,8192,8192,705,1410,7.7267,1607.16,1953.93,4.9144,1185,-17.75,False,False
12,11.1,128,8192,8192,900,300,6.6080,1603.24,1953.93,4.9144,1185,-17.95,False,False
12,11.1,128,8192,8192,900,510,6.3575,1546.22,1953.93,4.9144,1185,-20.87,False,False
12,11.1,128,8192,8192,900,705,6.2628,1525.15,1953.93,4.9144,1185,-21.94,False,False
12,11.1,128,8192,8192,900,900,6.1936,1510.93,1953.93,4.9144,1185,-22.67,False,False
12,11.1,128,8192,8192,900,1050,6.1575,1502.77,1953.93,4.9144,1185,-23.09,False,False
12,11.1,128,8192,8192,900,1200,6.1328,1507.62,1953.93,4.9144,1185,-22.84,False,False
12,11.1,128,8192,8192,900,1305,6.1195,1510.75,1953.93,4.9144,1185,-22.68,False,True
12,11.1,128,8192,8192,900,1410,6.1085,1520.36,1953.93,4.9144,1185,-22.19,False,False
12,11.1,128,8192,8192,1050,300,5.7845,1593.97,1953.93,4.9144,1185,-18.42,False,False
12,11.1,128,8192,8192,1050,510,5.5341,1535.92,1953.93,4.9144,1185,-21.39,False,False
12,11.1,128,8192,8192,1050,705,5.4393,1514.33,1953.93,4.9144,1185,-22.50,False,False
12,11.1,128,8192,8192,1050,900,5.3701,1499.68,1953.93,4.9144,1185,-23.25,False,False
12,11.1,128,8192,8192,1050,1050,5.3340,1491.00,1953.93,4.9144,1185,-23.69,True,False
12,11.1,128,8192,8192,1050,1200,5.3093,1495.38,1953.93,4.9144,1185,-23.47,False,False
12,11.1,128,8192,8192,1050,1305,5.2960,1497.75,1953.93,4.9144,1185,-23.35,False,False
12,11.1,128,8192,8192,1050,1410,5.2850,1506.59,1953.93,4.9144,1185,-22.89,False,False
12,11.1,128,8192,8192,1200,300,5.1513,1828.82,1953.93,4.9144,1185,-6.40,False,False
12,11.1,128,8192,8192,1200,510,4.9097,1770.36,1953.93,4.9144,1185,-9.40,False,False
12,11.1,128,8192,8192,1200,705,4.8149,1748.30,1953.93,4.9144,1185,-10.52,False,False
12,11.1,128,8192,8192,1200,900,4.7458,1733.25,1953.93,4.9144,1185,-11.29,False,False
12,11.1,128,8192,8192,1200,1050,4.7096,1724.15,1953.93,4.9144,1185,-11.76,False,False
12,11.1,128,8192,8192,1200,1200,4.6849,1728.16,1953.93,4.9144,1185,-11.55,False,False
12,11.1,128,8192,8192,1200,1305,4.6716,1729.93,1953.93,4.9144,1185,-11.46,False,False
12,11.1,128,8192,8192,1200,1410,4.6606,1738.19,1953.93,4.9144,1185,-11.04,False,False
12,11.1,256,1024,4096,300,300,8.6466,843.41,479.37,2.6701,1410,+75.94,False,False
12,11.1,256,1024,4096,300,510,5.5990,589.61,479.37,2.6701,1410,+23.00,False,False
12,11.1,256,1024,4096,300,705,4.4361,490.69,479.37,2.6701,1410,+2.36,False,False
12,11.1,256,1024,4096,300,900,3.5993,422.21,479.37,2.6701,1410,-11.92,False,False
12,11.1,256,1024,4096,300,1050,3.1700,383.09,479.37,2.6701,1410,-20.08,False,False
12,11.1,256,1024,4096,300,1200,2.8617,374.24,479.37,2.6701,1410,-21.93,False,False
12,11.1,256,1024,4096,300,1305,2.7132,365.70,479.37,2.6701,1410,-23.71,True,False
12,11.1,256,1024,4096,300,1410,2.5717,370.59,479.37,2.6701,1410,-22.69,False,False
12,11.1,256,1024,4096,510,300,8.6466,850.32,479.37,2.6701,1410,+77.38,False,False
12,11.1,256,1024,4096,510,510,5.5990,593.17,479.37,2.6701,1410,+23.74,False,False
12,11.1,256,1024,4096,510,705,4.4361,492.98,479.37,2.6701,1410,+2.84,False,False
12,11.1,256,1024,4096,510,900,3.5993,423.58,479.37,2.6701,1410,-11.64,False,False
12,11.1,256,1024,4096,510,1050,3.1700,383.99,479.37,2.6701,1410,-19.90,False,False
12,11.1,256,1024,4096,510,1200,2.8617,374.79,479.37,2.6701,1410,-21.81,False,False
12,11.1,256,1024,4096,510,1305,2.7132,366.09,479.37,2.6701,1410,-23.63,False,False
12,11.1,256,1024,4096,510,1410,2.5717,370.83,479.37,2.6701,1410,-22.64,False,False
12,11.1,256,1024,4096,705,300,8.6466,863.07,479.37,2.6701,1410,+80.04,False,False
12,11.1,256,1024,4096,705,510,5.5990,601.11,479.37,2.6701,1410,+25.40,False,False
12,11.1,256,1024,4096,705,705,4.4361,499.09,479.37,2.6701,1410,+4.11,False,False
12,11.1,256,1024,4096,705,900,3.5993,428.37,479.37,2.6701,1410,-10.64,False,False
12,11.1,256,1024,4096,705,1050,3.1700,388.10,479.37,2.6701,1410,-19.04,False,False
12,11.1,256,1024,4096,705,1200,2.8617,378.42,479.37,2.6701,1410,-21.06,False,False
12,11.1,256,1024,4096,705,1305,2.7132,369.48,479.37,2.6701,1410,-22.92,False,False
12,11.1,256,1024,4096,705,1410,2.5717,374.00,479.37,2.6701,1410,-21.98,False,False
12,11.1,256,1024,4096,900,300,8.6466,877.98,479.37,2.6701,1410,+83.15,False,False
12,11.1,256,1024,4096,900,510,5.5990,610.66,479.37,2.6701,1410,+27.39,False,False
12,11.1,256,1024,4096,900,705,4.4361,506.59,479.37,2.6701,1410,+5.68,False,False
12,11.1,256,1024,4096,900,900,3.5993,434.40,479.37,2.6701,1410,-9.38,False,False
12,11.1,256,1024,4096,900,1050,3.1700,393.38,479.37,2.6701,1410,-17.94,False,False
12,11.1,256,1024,4096,900,1200,2.8617,383.15,479.37,2.6701,1410,-20.07,False,False
12,11.1,256,1024,4096,900,1305,2.7132,373.95,479.37,2.6701,1410,-21.99,False,True
12,11.1,256,1024,4096,900,1410,2.5717,378.22,479.37,2.6701,1410,-21.10,False,False
12,11.1,256,1024,4096,1050,300,8.6466,909.77,479.37,2.6701,1410,+89.79,False,False
12,11.1,256,1024,4096,1050,510,5.5990,631.20,479.37,2.6701,1410,+31.67,False,False
12,11.1,256,1024,4096,1050,705,4.4361,522.84,479.37,2.6701,1410,+9.07,False,False
12,11.1,256,1024,4096,1050,900,3.5993,447.56,479.37,2.6701,1410,-6.64,False,False
12,11.1,256,1024,4096,1050,1050,3.1700,404.95,479.37,2.6701,1410,-15.52,False,False
12,11.1,256,1024,4096,1050,1200,2.8617,393.59,479.37,2.6701,1410,-17.89,False,False
12,11.1,256,1024,4096,1050,1305,2.7132,383.84,479.37,2.6701,1410,-19.93,False,False
12,11.1,256,1024,4096,1050,1410,2.5717,387.59,479.37,2.6701,1410,-19.15,False,False
12,11.1,256,1024,4096,1200,300,8.6466,949.09,479.37,2.6701,1410,+97.99,False,False
12,11.1,256,1024,4096,1200,510,5.5990,659.28,479.37,2.6701,1410,+37.53,False,False
12,11.1,256,1024,4096,1200,705,4.4361,546.63,479.37,2.6701,1410,+14.03,False,False
12,11.1,256,1024,4096,1200,900,3.5993,468.26,479.37,2.6701,1410,-2.32,False,False
12,11.1,256,1024,4096,1200,1050,3.1700,424.07,479.37,2.6701,1410,-11.54,False,False
12,11.1,256,1024,4096,1200,1200,2.8617,411.57,479.37,2.6701,1410,-14.14,False,False
12,11.1,256,1024,4096,1200,1305,2.7132,401.27,479.37,2.6701,1410,-16.29,False,False
12,11.1,256,1024,4096,1200,1410,2.5717,404.50,479.37,2.6701,1410,-15.62,False,False
12,11.1,256,1024,4096,1305,300,8.6466,1014.64,479.37,2.6701,1410,+111.66,False,False
12,11.1,256,1024,4096,1305,510,5.5990,703.55,479.37,2.6701,1410,+46.77,False,False
12,11.1,256,1024,4096,1305,705,4.4361,582.77,479.37,2.6701,1410,+21.57,False,False
12,11.1,256,1024,4096,1305,900,3.5993,498.56,479.37,2.6701,1410,+4.00,False,False
12,11.1,256,1024,4096,1305,1050,3.1700,451.37,479.37,2.6701,1410,-5.84,False,False
12,11.1,256,1024,4096,1305,1200,2.8617,436.72,479.37,2.6701,1410,-8.90,False,False
12,11.1,256,1024,4096,1305,1305,2.7132,425.39,479.37,2.6701,1410,-11.26,False,False
12,11.1,256,1024,4096,1305,1410,2.5717,427.62,479.37,2.6701,1410,-10.79,False,False
12,11.1,256,1024,4096,1410,300,8.6466,1088.94,479.37,2.6701,1410,+127.16,False,False
12,11.1,256,1024,4096,1410,510,5.5990,756.57,479.37,2.6701,1410,+57.83,False,False
12,11.1,256,1024,4096,1410,705,4.4361,627.67,479.37,2.6701,1410,+30.94,False,False
12,11.1,256,1024,4096,1410,900,3.5993,537.61,479.37,2.6701,1410,+12.15,False,False
12,11.1,256,1024,4096,1410,1050,3.1700,487.43,479.37,2.6701,1410,+1.68,False,False
12,11.1,256,1024,4096,1410,1200,2.8617,470.62,479.37,2.6701,1410,-1.82,False,False
12,11.1,256,1024,4096,1410,1305,2.7132,458.25,479.37,2.6701,1410,-4.40,False,False
12,11.1,256,1024,4096,1410,1410,2.5717,459.50,479.37,2.6701,1410,-4.14,False,False
12,11.1,256,1024,8192,300,300,8.6466,949.57,659.26,2.6770,1410,+44.03,False,False
12,11.1,256,1024,8192,300,510,5.5990,695.77,659.26,2.6770,1410,+5.54,False,False
12,11.1,256,1024,8192,300,705,4.4361,596.86,659.26,2.6770,1410,-9.47,False,False
12,11.1,256,1024,8192,300,900,3.5993,528.37,659.26,2.6770,1410,-19.85,False,False
12,11.1,256,1024,8192,300,1050,3.1700,489.26,659.26,2.6770,1410,-25.79,False,False
12,11.1,256,1024,8192,300,1200,2.9560,485.86,659.26,2.6770,1410,-26.30,False,False
12,11.1,256,1024,8192,300,1305,2.9560,486.11,659.26,2.6770,1410,-26.26,False,False
12,11.1,256,1024,8192,300,1410,2.9560,499.65,659.26,2.6770,1410,-24.21,False,False
12,11.1,256,1024,8192,510,300,8.6466,952.68,659.26,2.6770,1410,+44.51,False,False
12,11.1,256,1024,8192,510,510,5.5990,695.53,659.26,2.6770,1410,+5.50,False,False
12,11.1,256,1024,8192,510,705,4.4361,595.34,659.26,2.6770,1410,-9.70,False,False
12,11.1,256,1024,8192,510,900,3.5993,525.94,659.26,2.6770,1410,-20.22,False,False
12,11.1,256,1024,8192,510,1050,3.1700,486.35,659.26,2.6770,1410,-26.23,False,False
12,11.1,256,1024,8192,510,1200,2.8617,477.16,659.26,2.6770,1410,-27.62,False,False
12,11.1,256,1024,8192,510,1305,2.7132,468.45,659.26,2.6770,1410,-28.94,True,False
12,11.1,256,1024,8192,510,1410,2.5717,473.19,659.26,2.6770,1410,-28.22,False,False
12,11.1,256,1024,8192,705,300,8.6466,964.36,659.26,2.6770,1410,+46.28,False,False
12,11.1,256,1024,8192,705,510,5.5990,702.41,659.26,2.6770,1410,+6.54,False,False
12,11.1,256,1024,8192,705,705,4.4361,600.39,659.26,2.6770,1410,-8.93,False,False
12,11.1,256,1024,8192,705,900,3.5993,529.66,659.26,2.6770,1410,-19.66,False,False
12,11.1,256,1024,8192,705,1050,3.1700,489.40,659.26,2.6770,1410,-25.77,False,False
12,11.1,256,1024,8192,705,1200,2.8617,479.72,659.26,2.6770,1410,-27.23,False,False
12,11.1,256,1024,8192,705,1305,2.7132,470.78,659.26,2.6770,1410,-28.59,False,False
12,11.1,256,1024,8192,705,1410,2.5717,475.30,659.26,2.6770,1410,-27.91,False,False
12,11.1,256,1024,8192,900,300,8.6466,979.88,659.26,2.6770,1410,+48.63,False,False
12,11.1,256,1024,8192,900,510,5.5990,712.56,659.26,2.6770,1410,+8.08,False,False
12,11.1,256,1024,8192,900,705,4.4361,608.49,659.26,2.6770,1410,-7.70,False,False
12,11.1,256,1024,8192,900,900,3.5993,536.29,659.26,2.6770,1410,-18.65,False,False
12,11.1,256,1024,8192,900,1050,3.1700,495.27,659.26,2.6770,1410,-24.87,False,False
12,11.1,256,1024,8192,900,1200,2.8617,485.05,659.26,2.6770,1410,-26.43,False,False
12,11.1,256,1024,8192,900,1305,2.7132,475.85,659.26,2.6770,1410,-27.82,False,True
12,11.1,256,1024,8192,900,1410,2.5717,480.12,659.26,2.6770,1410,-27.17,False,False
12,11.1,256,1024,8192,1050,300,8.6466,1012.99,659.26,2.6770,1410,+53.66,False,False
12,11.1,256,1024,8192,1050,510,5.5990,734.43,659.26,2.6770,1410,+11.40,False,False
12,11.1,256,1024,8192,1050,705,4.4361,626.07,659.26,2.6770,1410,-5.04,False,False
12,11.1,256,1024,8192,1050,900,3.5993,550.79,659.26,2.6770,1410,-16.45,False,False
12,11.1,256,1024,8192,1050,1050,3.1700,508.18,659.26,2.6770,1410,-22.92,False,False
12,11.1,256,1024,8192,1050,1200,2.8617,496.82,659.26,2.6770,1410,-24.64,False,False
12,11.1,256,1024,8192,1050,1305,2.7132,487.07,659.26,2.6770,1410,-26.12,False,False
12,11.1,256,1024,8192,1050,1410,2.5717,490.82,659.26,2.6770,1410,-25.55,False,False
12,11.1,256,1024,8192,1200,300,8.6466,1076.61,659.26,2.6770,1410,+63.31,False,False
12,11.1,256,1024,8192,1200,510,5.5990,786.80,659.26,2.6770,1410,+19.35,False,False
12,11.1,256,1024,8192,1200,705,4.4361,674.15,659.26,2.6770,1410,+2.26,False,False
12,11.1,256,1024,8192,1200,900,3.5993,595.78,659.26,2.6770,1410,-9.63,False,False
12,11.1,256,1024,8192,1200,1050,3.1700,551.59,659.26,2.6770,1410,-16.33,False,False
12,11.1,256,1024,8192,1200,1200,2.8617,539.09,659.26,2.6770,1410,-18.23,False,False
12,11.1,256,1024,8192,1200,1305,2.7132,528.79,659.26,2.6770,1410,-19.79,False,False
12,11.1,256,1024,8192,1200,1410,2.5717,532.02,659.26,2.6770,1410,-19.30,False,False
12,11.1,256,2048,4096,300,300,8.6466,877.06,539.31,2.6493,1410,+62.62,False,False
12,11.1,256,2048,4096,300,510,5.5990,623.26,539.31,2.6493,1410,+15.56,False,False
12,11.1,256,2048,4096,300,705,4.4361,524.34,539.31,2.6493,1410,-2.78,False,False
12,11.1,256,2048,4096,300,900,3.5993,455.86,539.31,2.6493,1410,-15.47,False,False
12,11.1,256,2048,4096,300,1050,3.1700,416.74,539.31,2.6493,1410,-22.73,False,False
12,11.1,256,2048,4096,300,1200,2.8617,407.89,539.31,2.6493,1410,-24.37,False,False
12,11.1,256,2048,4096,300,1305,2.7132,399.34,539.31,2.6493,1410,-25.95,False,False
12,11.1,256,2048,4096,300,1410,2.5717,404.24,539.31,2.6493,1410,-25.05,False,False
12,11.1,256,2048,4096,510,300,8.6466,882.83,539.31,2.6493,1410,+63.70,False,False
12,11.1,256,2048,4096,510,510,5.5990,625.69,539.31,2.6493,1410,+16.01,False,False
12,11.1,256,2048,4096,510,705,4.4361,525.50,539.31,2.6493,1410,-2.56,False,False
12,11.1,256,2048,4096,510,900,3.5993,456.09,539.31,2.6493,1410,-15.43,False,False
12,11.1,256,2048,4096,510,1050,3.1700,416.51,539.31,2.6493,1410,-22.77,False,False
12,11.1,256,2048,4096,510,1200,2.8617,407.31,539.31,2.6493,1410,-24.48,False,False
12,11.1,256,2048,4096,510,1305,2.7132,398.60,539.31,2.6493,1410,-26.09,True,False
12,11.1,256,2048,4096,510,1410,2.5717,403.34,539.31,2.6493,1410,-25.21,False,False
12,11.1,256,2048,4096,705,300,8.6466,895.34,539.31,2.6493,1410,+66.01,False,False
12,11.1,256,2048,4096,705,510,5.5990,633.38,539.31,2.6493,1410,+17.44,False,False
12,11.1,256,2048,4096,705,705,4.4361,531.36,539.31,2.6493,1410,-1.48,False,False
12,11.1,256,2048,4096,705,900,3.5993,460.64,539.31,2.6493,1410,-14.59,False,False
12,11.1,256,2048,4096,705,1050,3.1700,420.37,539.31,2.6493,1410,-22.05,False,False
12,11.1,256,2048,4096,705,1200,2.8617,410.69,539.31,2.6493,1410,-23.85,False,False
12,11.1,256,2048,4096,705,1305,2.7132,401.75,539.31,2.6493,1410,-25.51,False,False
12,11.1,256,2048,4096,705,1410,2.5717,406.27,539.31,2.6493,1410,-24.67,False,False
12,11.1,256,2048,4096,900,300,8.6466,910.51,539.31,2.6493,1410,+68.83,False,False
12,11.1,256,2048,4096,900,510,5.5990,643.19,539.31,2.6493,1410,+19.26,False,False
12,11.1,256,2048,4096,900,705,4.4361,539.12,539.31,2.6493,1410,-0.04,False,False
12,11.1,256,2048,4096,900,900,3.5993,466.92,539.31,2.6493,1410,-13.42,False,False
12,11.1,256,2048,4096,900,1050,3.1700,425.90,539.31,2.6493,1410,-21.03,False,False
12,11.1,256,2048,4096,900,1200,2.8617,415.68,539.31,2.6493,1410,-22.92,False,False
12,11.1,256,2048,4096,900,1305,2.7132,406.48,539.31,2.6493,1410,-24.63,False,True
12,11.1,256,2048,4096,900,1410,2.5717,410.75,539.31,2.6493,1410,-23.84,False,False
12,11.1,256,2048,4096,1050,300,8.6466,942.87,539.31,2.6493,1410,+74.83,False,False
12,11.1,256,2048,4096,1050,510,5.5990,664.31,539.31,2.6493,1410,+23.18,False,False
12,11.1,256,2048,4096,1050,705,4.4361,555.94,539.31,2.6493,1410,+3.08,False,False
12,11.1,256,2048,4096,1050,900,3.5993,480.66,539.31,2.6493,1410,-10.88,False,False
12,11.1,256,2048,4096,1050,1050,3.1700,438.06,539.31,2.6493,1410,-18.77,False,False
12,11.1,256,2048,4096,1050,1200,2.8617,426.70,539.31,2.6493,1410,-20.88,False,False
12,11.1,256,2048,4096,1050,1305,2.7132,416.95,539.31,2.6493,1410,-22.69,False,False
12,11.1,256,2048,4096,1050,1410,2.5717,420.69,539.31,2.6493,1410,-21.99,False,False
12,11.1,256,2048,4096,1200,300,8.6466,990.38,539.31,2.6493,1410,+83.64,False,False
12,11.1,256,2048,4096,1200,510,5.5990,700.57,539.31,2.6493,1410,+29.90,False,False
12,11.1,256,2048,4096,1200,705,4.4361,587.92,539.31,2.6493,1410,+9.01,False,False
12,11.1,256,2048,4096,1200,900,3.5993,509.55,539.31,2.6493,1410,-5.52,False,False
12,11.1,256,2048,4096,1200,1050,3.1700,465.36,539.31,2.6493,1410,-13.71,False,False
12,11.1,256,2048,4096,1200,1200,2.8617,452.86,539.31,2.6493,1410,-16.03,False,False
12,11.1,256,2048,4096,1200,1305,2.7132,442.56,539.31,2.6493,1410,-17.94,False,False
12,11.1,256,2048,4096,1200,1410,2.5717,445.79,539.31,2.6493,1410,-17.34,False,False
12,11.1,256,2048,4096,1305,300,8.6466,1062.98,539.31,2.6493,1410,+97.10,False,False
12,11.1,256,2048,4096,1305,510,5.5990,751.89,539.31,2.6493,1410,+39.42,False,False
12,11.1,256,2048,4096,1305,705,4.4361,631.11,539.31,2.6493,1410,+17.02,False,False
12,11.1,256,2048,4096,1305,900,3.5993,546.90,539.31,2.6493,1410,+1.41,False,False
12,11.1,256,2048,4096,1305,1050,3.1700,499.71,539.31,2.6493,1410,-7.34,False,False
12,11.1,256,2048,4096,1305,1200,2.8617,485.06,539.31,2.6493,1410,-10.06,False,False
12,11.1,256,2048,4096,1305,1305,2.7132,473.73,539.31,2.6493,1410,-12.16,False,False
12,11.1,256,2048,4096,1305,1410,2.5717,475.96,539.31,2.6493,1410,-11.75,False,False
12,11.1,256,2048,8192,300,300,8.6466,1076.55,894.67,2.6997,1410,+20.33,False,False
12,11.1,256,2048,8192,300,510,5.6010,822.86,894.67,2.6997,1410,-8.03,False,False
12,11.1,256,2048,8192,300,705,5.5547,787.26,894.67,2.6997,1410,-12.01,False,False
12,11.1,256,2048,8192,300,900,5.3873,757.13,894.67,2.6997,1410,-15.37,False,False
12,11.1,256,2048,8192,300,1050,5.3015,738.54,894.67,2.6997,1410,-17.45,False,False
12,11.1,256,2048,8192,300,1200,5.2398,744.94,894.67,2.6997,1410,-16.74,False,False
12,11.1,256,2048,8192,300,1305,5.2101,745.44,894.67,2.6997,1410,-16.68,False,False
12,11.1,256,2048,8192,300,1410,5.1818,759.26,894.67,2.6997,1410,-15.14,False,False
12,11.1,256,2048,8192,510,300,8.6466,1075.52,894.67,2.6997,1410,+20.21,False,False
12,11.1,256,2048,8192,510,510,5.5990,818.37,894.67,2.6997,1410,-8.53,False,False
12,11.1,256,2048,8192,510,705,4.4361,718.18,894.67,2.6997,1410,-19.73,False,False
12,11.1,256,2048,8192,510,900,3.5993,648.78,894.67,2.6997,1410,-27.48,False,False
12,11.1,256,2048,8192,510,1050,3.3177,617.83,894.67,2.6997,1410,-30.94,False,False
12,11.1,256,2048,8192,510,1200,3.3177,626.87,894.67,2.6997,1410,-29.93,False,False
12,11.1,256,2048,8192,510,1305,3.3074,626.83,894.67,2.6997,1410,-29.94,False,False
12,11.1,256,2048,8192,510,1410,3.2791,638.96,894.67,2.6997,1410,-28.58,False,False
12,11.1,256,2048,8192,705,300,8.6466,1086.07,894.67,2.6997,1410,+21.39,False,False
12,11.1,256,2048,8192,705,510,5.5990,824.11,894.67,2.6997,1410,-7.89,False,False
12,11.1,256,2048,8192,705,705,4.4361,722.09,894.67,2.6997,1410,-19.29,False,False
12,11.1,256,2048,8192,705,900,3.5993,651.37,894.67,2.6997,1410,-27.19,False,False
12,11.1,256,2048,8192,705,1050,3.1700,611.10,894.67,2.6997,1410,-31.70,False,False
12,11.1,256,2048,8192,705,1200,2.8617,601.42,894.67,2.6997,1410,-32.78,False,False
12,11.1,256,2048,8192,705,1305,2.7132,592.48,894.67,2.6997,1410,-33.78,True,False
12,11.1,256,2048,8192,705,1410,2.5717,597.00,894.67,2.6997,1410,-33.27,False,False
12,11.1,256,2048,8192,900,300,8.6466,1102.82,894.67,2.6997,1410,+23.27,False,False
12,11.1,256,2048,8192,900,510,5.5990,835.50,894.67,2.6997,1410,-6.61,False,False
12,11.1,256,2048,8192,900,705,4.4361,731.43,894.67,2.6997,1410,-18.25,False,False
12,11.1,256,2048,8192,900,900,3.5993,659.24,894.67,2.6997,1410,-26.32,False,False
12,11.1,256,2048,8192,900,1050,3.1700,618.22,894.67,2.6997,1410,-30.90,False,False
12,11.1,256,2048,8192,900,1200,2.8617,607.99,894.67,2.6997,1410,-32.04,False,False
12,11.1,256,2048,8192,900,1305,2.7132,598.79,894.67,2.6997,1410,-33.07,False,True
12,11.1,256,2048,8192,900,1410,2.5717,603.06,894.67,2.6997,1410,-32.59,False,False
12,11.1,256,2048,8192,1050,300,8.6466,1137.11,894.67,2.6997,1410,+27.10,False,False
12,11.1,256,2048,8192,1050,510,5.5990,858.55,894.67,2.6997,1410,-4.04,False,False
12,11.1,256,2048,8192,1050,705,4.4361,750.18,894.67,2.6997,1410,-16.15,False,False
12,11.1,256,2048,8192,1050,900,3.5993,674.90,894.67,2.6997,1410,-24.56,False,False
12,11.1,256,2048,8192,1050,1050,3.1700,632.30,894.67,2.6997,1410,-29.33,False,False
12,11.1,256,2048,8192,1050,1200,2.8617,620.94,894.67,2.6997,1410,-30.60,False,False
12,11.1,256,2048,8192,1050,1305,2.7132,611.19,894.67,2.6997,1410,-31.69,False,False
12,11.1,256,2048,8192,1050,1410,2.5717,614.93,894.67,2.6997,1410,-31.27,False,False
12,11.1,256,2048,8192,1200,300,8.6466,1232.83,894.67,2.6997,1410,+37.80,False,False
12,11.1,256,2048,8192,1200,510,5.5990,943.02,894.67,2.6997,1410,+5.40,False,False
12,11.1,256,2048,8192,1200,705,4.4361,830.36,894.67,2.6997,1410,-7.19,False,False
12,11.1,256,2048,8192,1200,900,3.5993,751.99,894.67,2.6997,1410,-15.95,False,False
12,11.1,256,2048,8192,1200,1050,3.1700,707.81,894.67,2.6997,1410,-20.89,False,False
12,11.1,256,2048,8192,1200,1200,2.8617,695.31,894.67,2.6997,1410,-22.28,False,False
12,11.1,256,2048,8192,1200,1305,2.7132,685.01,894.67,2.6997,1410,-23.43,False,False
12,11.1,256,2048,8192,1200,1410,2.5717,688.23,894.67,2.6997,1410,-23.07,False,False
12,11.1,256,4096,4096,300,300,8.6466,944.60,667.57,2.6666,1410,+41.50,False,False
12,11.1,256,4096,4096,300,510,5.5990,690.80,667.57,2.6666,1410,+3.48,False,False
12,11.1,256,4096,4096,300,705,4.4361,591.89,667.57,2.6666,1410,-11.34,False,False
12,11.1,256,4096,4096,300,900,3.5993,523.40,667.57,2.6666,1410,-21.60,False,False
12,11.1,256,4096,4096,300,1050,3.1700,484.29,667.57,2.6666,1410,-27.45,False,False
12,11.1,256,4096,4096,300,1200,2.9013,477.72,667.57,2.6666,1410,-28.44,False,False
12,11.1,256,4096,4096,300,1305,2.9013,477.93,667.57,2.6666,1410,-28.41,False,False
12,11.1,256,4096,4096,300,1410,2.9013,491.42,667.57,2.6666,1410,-26.39,False,False
12,11.1,256,4096,4096,510,300,8.6466,948.05,667.57,2.6666,1410,+42.02,False,False
12,11.1,256,4096,4096,510,510,5.5990,690.90,667.57,2.6666,1410,+3.50,False,False
12,11.1,256,4096,4096,510,705,4.4361,590.71,667.57,2.6666,1410,-11.51,False,False
12,11.1,256,4096,4096,510,900,3.5993,521.31,667.57,2.6666,1410,-21.91,False,False
12,11.1,256,4096,4096,510,1050,3.1700,481.72,667.57,2.6666,1410,-27.84,False,False
12,11.1,256,4096,4096,510,1200,2.8617,472.52,667.57,2.6666,1410,-29.22,False,False
12,11.1,256,4096,4096,510,1305,2.7132,463.82,667.57,2.6666,1410,-30.52,True,False
12,11.1,256,4096,4096,510,1410,2.5717,468.56,667.57,2.6666,1410,-29.81,False,False
12,11.1,256,4096,4096,705,300,8.6466,960.21,667.57,2.6666,1410,+43.84,False,False
12,11.1,256,4096,4096,705,510,5.5990,698.26,667.57,2.6666,1410,+4.60,False,False
12,11.1,256,4096,4096,705,705,4.4361,596.23,667.57,2.6666,1410,-10.69,False,False
12,11.1,256,4096,4096,705,900,3.5993,525.51,667.57,2.6666,1410,-21.28,False,False
12,11.1,256,4096,4096,705,1050,3.1700,485.25,667.57,2.6666,1410,-27.31,False,False
12,11.1,256,4096,4096,705,1200,2.8617,475.57,667.57,2.6666,1410,-28.76,False,False
12,11.1,256,4096,4096,705,1305,2.7132,466.62,667.57,2.6666,1410,-30.10,False,False
12,11.1,256,4096,4096,705,1410,2.5717,471.14,667.57,2.6666,1410,-29.42,False,False
12,11.1,256,4096,4096,900,300,8.6466,975.91,667.57,2.6666,1410,+46.19,False,False
12,11.1,256,4096,4096,900,510,5.5990,708.60,667.57,2.6666,1410,+6.15,False,False
12,11.1,256,4096,4096,900,705,4.4361,604.53,667.57,2.6666,1410,-9.44,False,False
12,11.1,256,4096,4096,900,900,3.5993,532.33,667.57,2.6666,1410,-20.26,False,False
12,11.1,256,4096,4096,900,1050,3.1700,491.31,667.57,2.6666,1410,-26.40,False,False
12,11.1,256,4096,4096,900,1200,2.8617,481.09,667.57,2.6666,1410,-27.93,False,False
12,11.1,256,4096,4096,900,1305,2.7132,471.89,667.57,2.6666,1410,-29.31,False,True
12,11.1,256,4096,4096,900,1410,2.5717,476.15,667.57,2.6666,1410,-28.67,False,False
12,11.1,256,4096,4096,1050,300,8.6466,1008.85,667.57,2.6666,1410,+51.12,False,False
12,11.1,256,4096,4096,1050,510,5.5990,730.29,667.57,2.6666,1410,+9.40,False,False
12,11.1,256,4096,4096,1050,705,4.4361,621.93,667.57,2.6666,1410,-6.84,False,False
12,11.1,256,4096,4096,1050,900,3.5993,546.65,667.57,2.6666,1410,-18.11,False,False
12,11.1,256,4096,4096,1050,1050,3.1700,504.04,667.57,2.6666,1410,-24.50,False,False
12,11.1,256,4096,4096,1050,1200,2.8617,492.68,667.57,2.6666,1410,-26.20,False,False
12,11.1,256,4096,4096,1050,1305,2.7132,482.93,667.57,2.6666,1410,-27.66,False,False
12,11.1,256,4096,4096,1050,1410,2.5717,486.68,667.57,2.6666,1410,-27.10,False,False
12,11.1,256,4096,4096,1200,300,8.6466,1073.48,667.57,2.6666,1410,+60.81,False,False
12,11.1,256,4096,4096,1200,510,5.5990,783.67,667.57,2.6666,1410,+17.39,False,False
12,11.1,256,4096,4096,1200,705,4.4361,671.02,667.57,2.6666,1410,+0.52,False,False
12,11.1,256,4096,4096,1200,900,3.5993,592.65,667.57,2.6666,1410,-11.22,False,False
12,11.1,256,4096,4096,1200,1050,3.1700,548.46,667.57,2.6666,1410,-17.84,False,False
12,11.1,256,4096,4096,1200,1200,2.8617,535.96,667.57,2.6666,1410,-19.71,False,False
12,11.1,256,4096,4096,1200,1305,2.7132,525.67,667.57,2.6666,1410,-21.26,False,False
12,11.1,256,4096,4096,1200,1410,2.5717,528.89,667.57,2.6666,1410,-20.77,False,False
12,11.1,256,8192,8192,300,300,18.9503,2467.94,2047.52,5.1040,1200,+20.53,False,False
12,11.1,256,8192,8192,300,510,18.4691,2360.56,2047.52,5.1040,1200,+15.29,False,False
12,11.1,256,8192,8192,300,705,18.2855,2319.71,2047.52,5.1040,1200,+13.29,False,False
12,11.1,256,8192,8192,300,900,18.1533,2294.39,2047.52,5.1040,1200,+12.06,False,False
12,11.1,256,8192,8192,300,1050,18.0856,2282.72,2047.52,5.1040,1200,+11.49,False,False
12,11.1,256,8192,8192,300,1200,18.0369,2295.77,2047.52,5.1040,1200,+12.12,False,False
12,11.1,256,8192,8192,300,1305,18.0134,2307.81,2047.52,5.1040,1200,+12.71,False,False
12,11.1,256,8192,8192,300,1410,17.9911,2333.16,2047.52,5.1040,1200,+13.95,False,False
12,11.1,256,8192,8192,510,300,11.7330,2035.09,2047.52,5.1040,1200,-0.61,False,False
12,11.1,256,8192,8192,510,510,11.2518,1926.19,2047.52,5.1040,1200,-5.93,False,False
12,11.1,256,8192,8192,510,705,11.0682,1883.72,2047.52,5.1040,1200,-8.00,False,False
12,11.1,256,8192,8192,510,900,10.9361,1856.66,2047.52,5.1040,1200,-9.32,False,False
12,11.1,256,8192,8192,510,1050,10.8683,1841.60,2047.52,5.1040,1200,-10.06,False,False
12,11.1,256,8192,8192,510,1200,10.8196,1851.26,2047.52,5.1040,1200,-9.59,False,False
12,11.1,256,8192,8192,510,1305,10.7962,1856.98,2047.52,5.1040,1200,-9.31,False,False
12,11.1,256,8192,8192,510,1410,10.7738,1876.01,2047.52,5.1040,1200,-8.38,False,False
12,11.1,256,8192,8192,705,300,8.7015,1867.52,2047.52,5.1040,1200,-8.79,False,False
12,11.1,256,8192,8192,705,510,8.3990,1768.02,2047.52,5.1040,1200,-13.65,False,False
12,11.1,256,8192,8192,705,705,8.2154,1724.70,2047.52,5.1040,1200,-15.77,False,False
12,11.1,256,8192,8192,705,900,8.0833,1696.81,2047.52,5.1040,1200,-17.13,False,False
12,11.1,256,8192,8192,705,1050,8.0155,1680.32,2047.52,5.1040,1200,-17.93,False,False
12,11.1,256,8192,8192,705,1200,7.9668,1688.59,2047.52,5.1040,1200,-17.53,False,False
12,11.1,256,8192,8192,705,1305,7.9433,1691.78,2047.52,5.1040,1200,-17.37,False,False
12,11.1,256,8192,8192,705,1410,7.9210,1708.28,2047.52,5.1040,1200,-16.57,False,False
12,11.1,256,8192,8192,900,300,8.6466,1882.70,2047.52,5.1040,1200,-8.05,False,False
12,11.1,256,8192,8192,900,510,6.7808,1687.40,2047.52,5.1040,1200,-17.59,False,False
12,11.1,256,8192,8192,900,705,6.5972,1643.43,2047.52,5.1040,1200,-19.74,False,False
12,11.1,256,8192,8192,900,900,6.4651,1614.95,2047.52,5.1040,1200,-21.13,False,False
12,11.1,256,8192,8192,900,1050,6.3973,1597.59,2047.52,5.1040,1200,-21.97,False,False
12,11.1,256,8192,8192,900,1200,6.3486,1605.03,2047.52,5.1040,1200,-21.61,False,False
12,11.1,256,8192,8192,900,1305,6.3252,1606.77,2047.52,5.1040,1200,-21.53,False,True
12,11.1,256,8192,8192,900,1410,6.3028,1621.82,2047.52,5.1040,1200,-20.79,False,False
12,11.1,256,8192,8192,1050,300,8.6466,1934.06,2047.52,5.1040,1200,-5.54,False,False
12,11.1,256,8192,8192,1050,510,5.8743,1673.29,2047.52,5.1040,1200,-18.28,False,False
12,11.1,256,8192,8192,1050,705,5.7737,1633.85,2047.52,5.1040,1200,-20.20,False,False
12,11.1,256,8192,8192,1050,900,5.6416,1604.70,2047.52,5.1040,1200,-21.63,False,False
12,11.1,256,8192,8192,1050,1050,5.5738,1586.72,2047.52,5.1040,1200,-22.51,True,False
12,11.1,256,8192,8192,1050,1200,5.5251,1593.59,2047.52,5.1040,1200,-22.17,False,False
12,11.1,256,8192,8192,1050,1305,5.5017,1594.52,2047.52,5.1040,1200,-22.12,False,False
12,11.1,256,8192,8192,1050,1410,5.4793,1608.77,2047.52,5.1040,1200,-21.43,False,False
12,11.1,256,8192,8192,1200,300,8.6466,2222.65,2047.52,5.1040,1200,+8.55,False,False
12,11.1,256,8192,8192,1200,510,5.5990,1932.84,2047.52,5.1040,1200,-5.60,False,False
12,11.1,256,8192,8192,1200,705,5.1493,1869.05,2047.52,5.1040,1200,-8.72,False,False
12,11.1,256,8192,8192,1200,900,5.0172,1839.27,2047.52,5.1040,1200,-10.17,False,False
12,11.1,256,8192,8192,1200,1050,4.9494,1820.75,2047.52,5.1040,1200,-11.08,False,False
12,11.1,256,8192,8192,1200,1200,4.9007,1827.16,2047.52,5.1040,1200,-10.76,False,False
12,11.1,256,8192,8192,1200,1305,4.8773,1827.46,2047.52,5.1040,1200,-10.75,False,False
12,11.1,256,8192,8192,1200,1410,4.8549,1841.08,2047.52,5.1040,1200,-10.08,False,False
12,11.1,512,1024,4096,300,300,17.1550,1626.36,884.52,5.1985,1410,+83.87,False,False
12,11.1,512,1024,4096,300,510,11.0718,1122.10,884.52,5.1985,1410,+26.86,False,False
12,11.1,512,1024,4096,300,705,8.7295,927.47,884.52,5.1985,1410,+4.86,False,False
12,11.1,512,1024,4096,300,900,7.0714,793.41,884.52,5.1985,1410,-10.30,False,False
12,11.1,512,1024,4096,300,1050,6.2183,712.87,884.52,5.1985,1410,-19.41,False,False
12,11.1,512,1024,4096,300,1200,5.6321,697.19,884.52,5.1985,1410,-21.18,False,False
12,11.1,512,1024,4096,300,1305,5.3036,678.94,884.52,5.1985,1410,-23.24,True,False
12,11.1,512,1024,4096,300,1410,5.0469,694.03,884.52,5.1985,1410,-21.54,False,False
12,11.1,512,1024,4096,510,300,17.1550,1642.62,884.52,5.1985,1410,+85.71,False,False
12,11.1,512,1024,4096,510,510,11.0718,1131.67,884.52,5.1985,1410,+27.94,False,False
12,11.1,512,1024,4096,510,705,8.7295,934.47,884.52,5.1985,1410,+5.65,False,False
12,11.1,512,1024,4096,510,900,7.0714,798.59,884.52,5.1985,1410,-9.71,False,False
12,11.1,512,1024,4096,510,1050,6.2183,717.11,884.52,5.1985,1410,-18.93,False,False
12,11.1,512,1024,4096,510,1200,5.6321,700.79,884.52,5.1985,1410,-20.77,False,False
12,11.1,512,1024,4096,510,1305,5.3036,682.17,884.52,5.1985,1410,-22.88,False,False
12,11.1,512,1024,4096,510,1410,5.0469,696.99,884.52,5.1985,1410,-21.20,False,False
12,11.1,512,1024,4096,705,300,17.1550,1668.78,884.52,5.1985,1410,+88.67,False,False
12,11.1,512,1024,4096,705,510,11.0718,1148.25,884.52,5.1985,1410,+29.82,False,False
12,11.1,512,1024,4096,705,705,8.7295,947.35,884.52,5.1985,1410,+7.10,False,False
12,11.1,512,1024,4096,705,900,7.0714,808.86,884.52,5.1985,1410,-8.55,False,False
12,11.1,512,1024,4096,705,1050,6.2183,726.03,884.52,5.1985,1410,-17.92,False,False
12,11.1,512,1024,4096,705,1200,5.6321,708.78,884.52,5.1985,1410,-19.87,False,False
12,11.1,512,1024,4096,705,1305,5.3036,689.65,884.52,5.1985,1410,-22.03,False,False
12,11.1,512,1024,4096,705,1410,5.0469,704.06,884.52,5.1985,1410,-20.40,False,False
12,11.1,512,1024,4096,900,300,17.1550,1698.67,884.52,5.1985,1410,+92.04,False,False
12,11.1,512,1024,4096,900,510,11.0718,1167.42,884.52,5.1985,1410,+31.98,False,False
12,11.1,512,1024,4096,900,705,8.7295,962.41,884.52,5.1985,1410,+8.81,False,False
12,11.1,512,1024,4096,900,900,7.0714,821.00,884.52,5.1985,1410,-7.18,False,False
12,11.1,512,1024,4096,900,1050,6.2183,736.67,884.52,5.1985,1410,-16.72,False,False
12,11.1,512,1024,4096,900,1200,5.6321,718.39,884.52,5.1985,1410,-18.78,False,False
12,11.1,512,1024,4096,900,1305,5.3036,698.68,884.52,5.1985,1410,-21.01,False,True
12,11.1,512,1024,4096,900,1410,5.0469,712.63,884.52,5.1985,1410,-19.43,False,False
12,11.1,512,1024,4096,1050,300,17.1550,1761.85,884.52,5.1985,1410,+99.19,False,False
12,11.1,512,1024,4096,1050,510,11.0718,1208.16,884.52,5.1985,1410,+36.59,False,False
12,11.1,512,1024,4096,1050,705,8.7295,994.50,884.52,5.1985,1410,+12.43,False,False
12,11.1,512,1024,4096,1050,900,7.0714,846.97,884.52,5.1985,1410,-4.24,False,False
12,11.1,512,1024,4096,1050,1050,6.2183,759.49,884.52,5.1985,1410,-14.13,False,False
12,11.1,512,1024,4096,1050,1200,5.6321,739.05,884.52,5.1985,1410,-16.45,False,False
12,11.1,512,1024,4096,1050,1305,5.3036,718.13,884.52,5.1985,1410,-18.81,False,False
12,11.1,512,1024,4096,1050,1410,5.0469,731.14,884.52,5.1985,1410,-17.34,False,False
12,11.1,512,1024,4096,1200,300,17.1550,1832.58,884.52,5.1985,1410,+107.18,False,False
12,11.1,512,1024,4096,1200,510,11.0718,1256.44,884.52,5.1985,1410,+42.05,False,False
12,11.1,512,1024,4096,1200,705,8.7295,1034.14,884.52,5.1985,1410,+16.92,False,False
12,11.1,512,1024,4096,1200,900,7.0714,880.49,884.52,5.1985,1410,-0.46,False,False
12,11.1,512,1024,4096,1200,1050,6.2183,789.86,884.52,5.1985,1410,-10.70,False,False
12,11.1,512,1024,4096,1200,1200,5.6321,767.25,884.52,5.1985,1410,-13.26,False,False
12,11.1,512,1024,4096,1200,1305,5.3036,745.12,884.52,5.1985,1410,-15.76,False,False
12,11.1,512,1024,4096,1200,1410,5.0469,757.18,884.52,5.1985,1410,-14.40,False,False
12,11.1,512,1024,4096,1305,300,17.1550,1957.55,884.52,5.1985,1410,+121.31,False,False
12,11.1,512,1024,4096,1305,510,11.0718,1338.93,884.52,5.1985,1410,+51.37,False,False
12,11.1,512,1024,4096,1305,705,8.7295,1100.26,884.52,5.1985,1410,+24.39,False,False
12,11.1,512,1024,4096,1305,900,7.0714,935.04,884.52,5.1985,1410,+5.71,False,False
12,11.1,512,1024,4096,1305,1050,6.2183,838.45,884.52,5.1985,1410,-5.21,False,False
12,11.1,512,1024,4096,1305,1200,5.6321,811.75,884.52,5.1985,1410,-8.23,False,False
12,11.1,512,1024,4096,1305,1305,5.3036,787.33,884.52,5.1985,1410,-10.99,False,False
12,11.1,512,1024,4096,1305,1410,5.0469,797.59,884.52,5.1985,1410,-9.83,False,False
12,11.1,512,1024,4096,1410,300,17.1550,2091.26,884.52,5.1985,1410,+136.43,False,False
12,11.1,512,1024,4096,1410,510,11.0718,1430.16,884.52,5.1985,1410,+61.69,False,False
12,11.1,512,1024,4096,1410,705,8.7295,1175.14,884.52,5.1985,1410,+32.86,False,False
12,11.1,512,1024,4096,1410,900,7.0714,998.34,884.52,5.1985,1410,+12.87,False,False
12,11.1,512,1024,4096,1410,1050,6.2183,895.79,884.52,5.1985,1410,+1.27,False,False
12,11.1,512,1024,4096,1410,1200,5.6321,865.00,884.52,5.1985,1410,-2.21,False,False
12,11.1,512,1024,4096,1410,1305,5.3036,838.28,884.52,5.1985,1410,-5.23,False,False
12,11.1,512,1024,4096,1410,1410,5.0469,846.75,884.52,5.1985,1410,-4.27,False,False
12,11.1,512,1024,8192,300,300,17.1550,1732.52,1054.91,5.1482,1410,+64.23,False,False
12,11.1,512,1024,8192,300,510,11.0718,1228.26,1054.91,5.1482,1410,+16.43,False,False
12,11.1,512,1024,8192,300,705,8.7295,1033.63,1054.91,5.1482,1410,-2.02,False,False
12,11.1,512,1024,8192,300,900,7.0714,899.57,1054.91,5.1482,1410,-14.73,False,False
12,11.1,512,1024,8192,300,1050,6.2183,819.03,1054.91,5.1482,1410,-22.36,False,False
12,11.1,512,1024,8192,300,1200,5.6321,803.35,1054.91,5.1482,1410,-23.85,False,False
12,11.1,512,1024,8192,300,1305,5.3036,785.10,1054.91,5.1482,1410,-25.58,False,False
12,11.1,512,1024,8192,300,1410,5.0469,800.19,1054.91,5.1482,1410,-24.15,False,False
12,11.1,512,1024,8192,510,300,17.1550,1744.98,1054.91,5.1482,1410,+65.41,False,False
12,11.1,512,1024,8192,510,510,11.0718,1234.03,1054.91,5.1482,1410,+16.98,False,False
12,11.1,512,1024,8192,510,705,8.7295,1036.83,1054.91,5.1482,1410,-1.71,False,False
12,11.1,512,1024,8192,510,900,7.0714,900.96,1054.91,5.1482,1410,-14.59,False,False
12,11.1,512,1024,8192,510,1050,6.2183,819.47,1054.91,5.1482,1410,-22.32,False,False
12,11.1,512,1024,8192,510,1200,5.6321,803.15,1054.91,5.1482,1410,-23.87,False,False
12,11.1,512,1024,8192,510,1305,5.3036,784.54,1054.91,5.1482,1410,-25.63,True,False
12,11.1,512,1024,8192,510,1410,5.0469,799.35,1054.91,5.1482,1410,-24.23,False,False
12,11.1,512,1024,8192,705,300,17.1550,1770.08,1054.91,5.1482,1410,+67.79,False,False
12,11.1,512,1024,8192,705,510,11.0718,1249.54,1054.91,5.1482,1410,+18.45,False,False
12,11.1,512,1024,8192,705,705,8.7295,1048.65,1054.91,5.1482,1410,-0.59,False,False
12,11.1,512,1024,8192,705,900,7.0714,910.16,1054.91,5.1482,1410,-13.72,False,False
12,11.1,512,1024,8192,705,1050,6.2183,827.33,1054.91,5.1482,1410,-21.57,False,False
12,11.1,512,1024,8192,705,1200,5.6321,810.08,1054.91,5.1482,1410,-23.21,False,False
12,11.1,512,1024,8192,705,1305,5.3036,790.95,1054.91,5.1482,1410,-25.02,False,False
12,11.1,512,1024,8192,705,1410,5.0469,805.35,1054.91,5.1482,1410,-23.66,False,False
12,11.1,512,1024,8192,900,300,17.1550,1800.57,1054.91,5.1482,1410,+70.68,False,False
12,11.1,512,1024,8192,900,510,11.0718,1269.32,1054.91,5.1482,1410,+20.32,False,False
12,11.1,512,1024,8192,900,705,8.7295,1064.30,1054.91,5.1482,1410,+0.89,False,False
12,11.1,512,1024,8192,900,900,7.0714,922.90,1054.91,5.1482,1410,-12.51,False,False
12,11.1,512,1024,8192,900,1050,6.2183,838.56,1054.91,5.1482,1410,-20.51,False,False
12,11.1,512,1024,8192,900,1200,5.6321,820.28,1054.91,5.1482,1410,-22.24,False,False
12,11.1,512,1024,8192,900,1305,5.3036,800.58,1054.91,5.1482,1410,-24.11,False,True
12,11.1,512,1024,8192,900,1410,5.0469,814.53,1054.91,5.1482,1410,-22.79,False,False
12,11.1,512,1024,8192,1050,300,17.1550,1865.08,1054.91,5.1482,1410,+76.80,False,False
12,11.1,512,1024,8192,1050,510,11.0718,1311.39,1054.91,5.1482,1410,+24.31,False,False
12,11.1,512,1024,8192,1050,705,8.7295,1097.73,1054.91,5.1482,1410,+4.06,False,False
12,11.1,512,1024,8192,1050,900,7.0714,950.20,1054.91,5.1482,1410,-9.93,False,False
12,11.1,512,1024,8192,1050,1050,6.2183,862.72,1054.91,5.1482,1410,-18.22,False,False
12,11.1,512,1024,8192,1050,1200,5.6321,842.28,1054.91,5.1482,1410,-20.16,False,False
12,11.1,512,1024,8192,1050,1305,5.3036,821.36,1054.91,5.1482,1410,-22.14,False,False
12,11.1,512,1024,8192,1050,1410,5.0469,834.37,1054.91,5.1482,1410,-20.91,False,False
12,11.1,512,1024,8192,1200,300,17.1550,1960.10,1054.91,5.1482,1410,+85.81,False,False
12,11.1,512,1024,8192,1200,510,11.0718,1383.96,1054.91,5.1482,1410,+31.19,False,False
12,11.1,512,1024,8192,1200,705,8.7295,1161.65,1054.91,5.1482,1410,+10.12,False,False
12,11.1,512,1024,8192,1200,900,7.0714,1008.01,1054.91,5.1482,1410,-4.45,False,False
12,11.1,512,1024,8192,1200,1050,6.2183,917.38,1054.91,5.1482,1410,-13.04,False,False
12,11.1,512,1024,8192,1200,1200,5.6321,894.77,1054.91,5.1482,1410,-15.18,False,False
12,11.1,512,1024,8192,1200,1305,5.3036,872.64,1054.91,5.1482,1410,-17.28,False,False
12,11.1,512,1024,8192,1200,1410,5.0469,884.70,1054.91,5.1482,1410,-16.14,False,False
12,11.1,512,2048,4096,300,300,17.1550,1660.01,937.01,5.1267,1410,+77.16,False,False
12,11.1,512,2048,4096,300,510,11.0718,1155.75,937.01,5.1267,1410,+23.34,False,False
12,11.1,512,2048,4096,300,705,8.7295,961.12,937.01,5.1267,1410,+2.57,False,False
12,11.1,512,2048,4096,300,900,7.0714,827.06,937.01,5.1267,1410,-11.73,False,False
12,11.1,512,2048,4096,300,1050,6.2183,746.52,937.01,5.1267,1410,-20.33,False,False
12,11.1,512,2048,4096,300,1200,5.6321,730.84,937.01,5.1267,1410,-22.00,False,False
12,11.1,512,2048,4096,300,1305,5.3036,712.58,937.01,5.1267,1410,-23.95,True,False
12,11.1,512,2048,4096,300,1410,5.0469,727.68,937.01,5.1267,1410,-22.34,False,False
12,11.1,512,2048,4096,510,300,17.1550,1675.13,937.01,5.1267,1410,+78.77,False,False
12,11.1,512,2048,4096,510,510,11.0718,1164.19,937.01,5.1267,1410,+24.24,False,False
12,11.1,512,2048,4096,510,705,8.7295,966.99,937.01,5.1267,1410,+3.20,False,False
12,11.1,512,2048,4096,510,900,7.0714,831.11,937.01,5.1267,1410,-11.30,False,False
12,11.1,512,2048,4096,510,1050,6.2183,749.63,937.01,5.1267,1410,-20.00,False,False
12,11.1,512,2048,4096,510,1200,5.6321,733.30,937.01,5.1267,1410,-21.74,False,False
12,11.1,512,2048,4096,510,1305,5.3036,714.69,937.01,5.1267,1410,-23.73,False,False
12,11.1,512,2048,4096,510,1410,5.0469,729.50,937.01,5.1267,1410,-22.15,False,False
12,11.1,512,2048,4096,705,300,17.1550,1701.05,937.01,5.1267,1410,+81.54,False,False
12,11.1,512,2048,4096,705,510,11.0718,1180.51,937.01,5.1267,1410,+25.99,False,False
12,11.1,512,2048,4096,705,705,8.7295,979.62,937.01,5.1267,1410,+4.55,False,False
12,11.1,512,2048,4096,705,900,7.0714,841.13,937.01,5.1267,1410,-10.23,False,False
12,11.1,512,2048,4096,705,1050,6.2183,758.30,937.01,5.1267,1410,-19.07,False,False
12,11.1,512,2048,4096,705,1200,5.6321,741.05,937.01,5.1267,1410,-20.91,False,False
12,11.1,512,2048,4096,705,1305,5.3036,721.92,937.01,5.1267,1410,-22.96,False,False
12,11.1,512,2048,4096,705,1410,5.0469,736.33,937.01,5.1267,1410,-21.42,False,False
12,11.1,512,2048,4096,900,300,17.1550,1731.20,937.01,5.1267,1410,+84.76,False,False
12,11.1,512,2048,4096,900,510,11.0718,1199.95,937.01,5.1267,1410,+28.06,False,False
12,11.1,512,2048,4096,900,705,8.7295,994.93,937.01,5.1267,1410,+6.18,False,False
12,11.1,512,2048,4096,900,900,7.0714,853.53,937.01,5.1267,1410,-8.91,False,False
12,11.1,512,2048,4096,900,1050,6.2183,769.19,937.01,5.1267,1410,-17.91,False,False
12,11.1,512,2048,4096,900,1200,5.6321,750.91,937.01,5.1267,1410,-19.86,False,False
12,11.1,512,2048,4096,900,1305,5.3036,731.21,937.01,5.1267,1410,-21.96,False,True
12,11.1,512,2048,4096,900,1410,5.0469,745.16,937.01,5.1267,1410,-20.47,False,False
12,11.1,512,2048,4096,1050,300,17.1550,1794.96,937.01,5.1267,1410,+91.56,False,False
12,11.1,512,2048,4096,1050,510,11.0718,1241.27,937.01,5.1267,1410,+32.47,False,False
12,11.1,512,2048,4096,1050,705,8.7295,1027.61,937.01,5.1267,1410,+9.67,False,False
12,11.1,512,2048,4096,1050,900,7.0714,880.08,937.01,5.1267,1410,-6.08,False,False
12,11.1,512,2048,4096,1050,1050,6.2183,792.60,937.01,5.1267,1410,-15.41,False,False
12,11.1,512,2048,4096,1050,1200,5.6321,772.16,937.01,5.1267,1410,-17.59,False,False
12,11.1,512,2048,4096,1050,1305,5.3036,751.23,937.01,5.1267,1410,-19.83,False,False
12,11.1,512,2048,4096,1050,1410,5.0469,764.24,937.01,5.1267,1410,-18.44,False,False
12,11.1,512,2048,4096,1200,300,17.1550,1873.87,937.01,5.1267,1410,+99.98,False,False
12,11.1,512,2048,4096,1200,510,11.0718,1297.73,937.01,5.1267,1410,+38.50,False,False
12,11.1,512,2048,4096,1200,705,8.7295,1075.42,937.01,5.1267,1410,+14.77,False,False
12,11.1,512,2048,4096,1200,900,7.0714,921.78,937.01,5.1267,1410,-1.63,False,False
12,11.1,512,2048,4096,1200,1050,6.2183,831.15,937.01,5.1267,1410,-11.30,False,False
12,11.1,512,2048,4096,1200,1200,5.6321,808.54,937.01,5.1267,1410,-13.71,False,False
12,11.1,512,2048,4096,1200,1305,5.3036,786.41,937.01,5.1267,1410,-16.07,False,False
12,11.1,512,2048,4096,1200,1410,5.0469,798.47,937.01,5.1267,1410,-14.79,False,False
12,11.1,512,2048,4096,1305,300,17.1550,2005.89,937.01,5.1267,1410,+114.07,False,False
12,11.1,512,2048,4096,1305,510,11.0718,1387.27,937.01,5.1267,1410,+48.05,False,False
12,11.1,512,2048,4096,1305,705,8.7295,1148.60,937.01,5.1267,1410,+22.58,False,False
12,11.1,512,2048,4096,1305,900,7.0714,983.38,937.01,5.1267,1410,+4.95,False,False
12,11.1,512,2048,4096,1305,1050,6.2183,886.79,937.01,5.1267,1410,-5.36,False,False
12,11.1,512,2048,4096,1305,1200,5.6321,860.09,937.01,5.1267,1410,-8.21,False,False
12,11.1,512,2048,4096,1305,1305,5.3036,835.67,937.01,5.1267,1410,-10.82,False,False
12,11.1,512,2048,4096,1305,1410,5.0469,845.93,937.01,5.1267,1410,-9.72,False,False
12,11.1,512,2048,8192,300,300,17.1550,1859.50,1282.54,5.1761,1410,+44.99,False,False
12,11.1,512,2048,8192,300,510,11.0718,1355.24,1282.54,5.1761,1410,+5.67,False,False
12,11.1,512,2048,8192,300,705,8.7295,1160.61,1282.54,5.1761,1410,-9.51,False,False
12,11.1,512,2048,8192,300,900,7.0714,1026.55,1282.54,5.1761,1410,-19.96,False,False
12,11.1,512,2048,8192,300,1050,6.2183,946.01,1282.54,5.1761,1410,-26.24,False,False
12,11.1,512,2048,8192,300,1200,5.6321,930.33,1282.54,5.1761,1410,-27.46,False,False
12,11.1,512,2048,8192,300,1305,5.6010,929.54,1282.54,5.1761,1410,-27.52,False,False
12,11.1,512,2048,8192,300,1410,5.6010,960.19,1282.54,5.1761,1410,-25.13,False,False
12,11.1,512,2048,8192,510,300,17.1550,1867.82,1282.54,5.1761,1410,+45.63,False,False
12,11.1,512,2048,8192,510,510,11.0718,1356.87,1282.54,5.1761,1410,+5.80,False,False
12,11.1,512,2048,8192,510,705,8.7295,1159.67,1282.54,5.1761,1410,-9.58,False,False
12,11.1,512,2048,8192,510,900,7.0714,1023.80,1282.54,5.1761,1410,-20.17,False,False
12,11.1,512,2048,8192,510,1050,6.2183,942.31,1282.54,5.1761,1410,-26.53,False,False
12,11.1,512,2048,8192,510,1200,5.6321,925.99,1282.54,5.1761,1410,-27.80,False,False
12,11.1,512,2048,8192,510,1305,5.3036,907.38,1282.54,5.1761,1410,-29.25,True,False
12,11.1,512,2048,8192,510,1410,5.0469,922.19,1282.54,5.1761,1410,-28.10,False,False
12,11.1,512,2048,8192,705,300,17.1550,1891.78,1282.54,5.1761,1410,+47.50,False,False
12,11.1,512,2048,8192,705,510,11.0718,1371.25,1282.54,5.1761,1410,+6.92,False,False
12,11.1,512,2048,8192,705,705,8.7295,1170.35,1282.54,5.1761,1410,-8.75,False,False
12,11.1,512,2048,8192,705,900,7.0714,1031.86,1282.54,5.1761,1410,-19.55,False,False
12,11.1,512,2048,8192,705,1050,6.2183,949.03,1282.54,5.1761,1410,-26.00,False,False
12,11.1,512,2048,8192,705,1200,5.6321,931.78,1282.54,5.1761,1410,-27.35,False,False
12,11.1,512,2048,8192,705,1305,5.3036,912.65,1282.54,5.1761,1410,-28.84,False,False
12,11.1,512,2048,8192,705,1410,5.0469,927.06,1282.54,5.1761,1410,-27.72,False,False
12,11.1,512,2048,8192,900,300,17.1550,1923.51,1282.54,5.1761,1410,+49.98,False,False
12,11.1,512,2048,8192,900,510,11.0718,1392.27,1282.54,5.1761,1410,+8.56,False,False
12,11.1,512,2048,8192,900,705,8.7295,1187.25,1282.54,5.1761,1410,-7.43,False,False
12,11.1,512,2048,8192,900,900,7.0714,1045.84,1282.54,5.1761,1410,-18.46,False,False
12,11.1,512,2048,8192,900,1050,6.2183,961.51,1282.54,5.1761,1410,-25.03,False,False
12,11.1,512,2048,8192,900,1200,5.6321,943.23,1282.54,5.1761,1410,-26.46,False,False
12,11.1,512,2048,8192,900,1305,5.3036,923.52,1282.54,5.1761,1410,-27.99,False,True
12,11.1,512,2048,8192,900,1410,5.0469,937.48,1282.54,5.1761,1410,-26.90,False,False
12,11.1,512,2048,8192,1050,300,17.1550,1989.20,1282.54,5.1761,1410,+55.10,False,False
12,11.1,512,2048,8192,1050,510,11.0718,1435.51,1282.54,5.1761,1410,+11.93,False,False
12,11.1,512,2048,8192,1050,705,8.7295,1221.85,1282.54,5.1761,1410,-4.73,False,False
12,11.1,512,2048,8192,1050,900,7.0714,1074.32,1282.54,5.1761,1410,-16.24,False,False
12,11.1,512,2048,8192,1050,1050,6.2183,986.84,1282.54,5.1761,1410,-23.06,False,False
12,11.1,512,2048,8192,1050,1200,5.6321,966.39,1282.54,5.1761,1410,-24.65,False,False
12,11.1,512,2048,8192,1050,1305,5.3036,945.47,1282.54,5.1761,1410,-26.28,False,False
12,11.1,512,2048,8192,1050,1410,5.0469,958.48,1282.54,5.1761,1410,-25.27,False,False
12,11.1,512,2048,8192,1200,300,17.1550,2116.31,1282.54,5.1761,1410,+65.01,False,False
12,11.1,512,2048,8192,1200,510,11.0718,1540.17,1282.54,5.1761,1410,+20.09,False,False
12,11.1,512,2048,8192,1200,705,8.7295,1317.87,1282.54,5.1761,1410,+2.75,False,False
12,11.1,512,2048,8192,1200,900,7.0714,1164.22,1282.54,5.1761,1410,-9.23,False,False
12,11.1,512,2048,8192,1200,1050,6.2183,1073.59,1282.54,5.1761,1410,-16.29,False,False
12,11.1,512,2048,8192,1200,1200,5.6321,1050.99,1282.54,5.1761,1410,-18.05,False,False
12,11.1,512,2048,8192,1200,1305,5.3036,1028.86,1282.54,5.1761,1410,-19.78,False,False
12,11.1,512,2048,8192,1200,1410,5.0469,1040.92,1282.54,5.1761,1410,-18.84,False,False
12,11.1,512,4096,4096,300,300,17.1550,1727.55,1061.44,5.1409,1410,+62.75,False,False
12,11.1,512,4096,4096,300,510,11.0718,1223.29,1061.44,5.1409,1410,+15.25,False,False
12,11.1,512,4096,4096,300,705,8.7295,1028.66,1061.44,5.1409,1410,-3.09,False,False
12,11.1,512,4096,4096,300,900,7.0714,894.60,1061.44,5.1409,1410,-15.72,False,False
12,11.1,512,4096,4096,300,1050,6.2183,814.06,1061.44,5.1409,1410,-23.31,False,False
12,11.1,512,4096,4096,300,1200,5.6321,798.38,1061.44,5.1409,1410,-24.78,False,False
12,11.1,512,4096,4096,300,1305,5.3036,780.13,1061.44,5.1409,1410,-26.50,False,False
12,11.1,512,4096,4096,300,1410,5.0469,795.22,1061.44,5.1409,1410,-25.08,False,False
12,11.1,512,4096,4096,510,300,17.1550,1740.35,1061.44,5.1409,1410,+63.96,False,False
12,11.1,512,4096,4096,510,510,11.0718,1229.40,1061.44,5.1409,1410,+15.82,False,False
12,11.1,512,4096,4096,510,705,8.7295,1032.20,1061.44,5.1409,1410,-2.76,False,False
12,11.1,512,4096,4096,510,900,7.0714,896.32,1061.44,5.1409,1410,-15.56,False,False
12,11.1,512,4096,4096,510,1050,6.2183,814.84,1061.44,5.1409,1410,-23.23,False,False
12,11.1,512,4096,4096,510,1200,5.6321,798.52,1061.44,5.1409,1410,-24.77,False,False
12,11.1,512,4096,4096,510,1305,5.3036,779.90,1061.44,5.1409,1410,-26.52,True,False
12,11.1,512,4096,4096,510,1410,5.0469,794.72,1061.44,5.1409,1410,-25.13,False,False
12,11.1,512,4096,4096,705,300,17.1550,1765.93,1061.44,5.1409,1410,+66.37,False,False
12,11.1,512,4096,4096,705,510,11.0718,1245.39,1061.44,5.1409,1410,+17.33,False,False
12,11.1,512,4096,4096,705,705,8.7295,1044.49,1061.44,5.1409,1410,-1.60,False,False
12,11.1,512,4096,4096,705,900,7.0714,906.00,1061.44,5.1409,1410,-14.64,False,False
12,11.1,512,4096,4096,705,1050,6.2183,823.17,1061.44,5.1409,1410,-22.45,False,False
12,11.1,512,4096,4096,705,1200,5.6321,805.93,1061.44,5.1409,1410,-24.07,False,False
12,11.1,512,4096,4096,705,1305,5.3036,786.80,1061.44,5.1409,1410,-25.87,False,False
12,11.1,512,4096,4096,705,1410,5.0469,801.20,1061.44,5.1409,1410,-24.52,False,False
12,11.1,512,4096,4096,900,300,17.1550,1796.60,1061.44,5.1409,1410,+69.26,False,False
12,11.1,512,4096,4096,900,510,11.0718,1265.36,1061.44,5.1409,1410,+19.21,False,False
12,11.1,512,4096,4096,900,705,8.7295,1060.34,1061.44,5.1409,1410,-0.10,False,False
12,11.1,512,4096,4096,900,900,7.0714,918.93,1061.44,5.1409,1410,-13.43,False,False
12,11.1,512,4096,4096,900,1050,6.2183,834.60,1061.44,5.1409,1410,-21.37,False,False
12,11.1,512,4096,4096,900,1200,5.6321,816.32,1061.44,5.1409,1410,-23.09,False,False
12,11.1,512,4096,4096,900,1305,5.3036,796.62,1061.44,5.1409,1410,-24.95,False,True
12,11.1,512,4096,4096,900,1410,5.0469,810.57,1061.44,5.1409,1410,-23.64,False,False
12,11.1,512,4096,4096,1050,300,17.1550,1860.94,1061.44,5.1409,1410,+75.32,False,False
12,11.1,512,4096,4096,1050,510,11.0718,1307.25,1061.44,5.1409,1410,+23.16,False,False
12,11.1,512,4096,4096,1050,705,8.7295,1093.59,1061.44,5.1409,1410,+3.03,False,False
12,11.1,512,4096,4096,1050,900,7.0714,946.06,1061.44,5.1409,1410,-10.87,False,False
12,11.1,512,4096,4096,1050,1050,6.2183,858.58,1061.44,5.1409,1410,-19.11,False,False
12,11.1,512,4096,4096,1050,1200,5.6321,838.14,1061.44,5.1409,1410,-21.04,False,False
12,11.1,512,4096,4096,1050,1305,5.3036,817.22,1061.44,5.1409,1410,-23.01,False,False
12,11.1,512,4096,4096,1050,1410,5.0469,830.22,1061.44,5.1409,1410,-21.78,False,False
12,11.1,512,4096,4096,1200,300,17.1550,1956.97,1061.44,5.1409,1410,+84.37,False,False
12,11.1,512,4096,4096,1200,510,11.0718,1380.83,1061.44,5.1409,1410,+30.09,False,False
12,11.1,512,4096,4096,1200,705,8.7295,1158.53,1061.44,5.1409,1410,+9.15,False,False
12,11.1,512,4096,4096,1200,900,7.0714,1004.88,1061.44,5.1409,1410,-5.33,False,False
12,11.1,512,4096,4096,1200,1050,6.2183,914.25,1061.44,5.1409,1410,-13.87,False,False
12,11.1,512,4096,4096,1200,1200,5.6321,891.65,1061.44,5.1409,1410,-16.00,False,False
12,11.1,512,4096,4096,1200,1305,5.3036,869.51,1061.44,5.1409,1410,-18.08,False,False
12,11.1,512,4096,4096,1200,1410,5.0469,881.57,1061.44,5.1409,1410,-16.95,False,False
12,11.1,512,8192,8192,300,300,20.2937,2847.03,2282.95,5.7147,1245,+24.71,False,False
12,11.1,512,8192,8192,300,510,19.3332,2632.64,2282.95,5.7147,1245,+15.32,False,False
12,11.1,512,8192,8192,300,705,18.9634,2551.48,2282.95,5.7147,1245,+11.76,False,False
12,11.1,512,8192,8192,300,900,18.7016,2499.16,2282.95,5.7147,1245,+9.47,False,False
12,11.1,512,8192,8192,300,1050,18.5669,2465.20,2282.95,5.7147,1245,+7.98,False,False
12,11.1,512,8192,8192,300,1200,18.4743,2483.77,2282.95,5.7147,1245,+8.80,False,False
12,11.1,512,8192,8192,300,1305,18.4224,2492.97,2282.95,5.7147,1245,+9.20,False,False
12,11.1,512,8192,8192,300,1410,18.3819,2532.40,2282.95,5.7147,1245,+10.93,False,False
12,11.1,512,8192,8192,510,300,17.1550,2650.03,2282.95,5.7147,1245,+16.08,False,False
12,11.1,512,8192,8192,510,510,12.0048,2192.83,2282.95,5.7147,1245,-3.95,False,False
12,11.1,512,8192,8192,510,705,11.7461,2116.24,2282.95,5.7147,1245,-7.30,False,False
12,11.1,512,8192,8192,510,900,11.4843,2062.04,2282.95,5.7147,1245,-9.68,False,False
12,11.1,512,8192,8192,510,1050,11.3496,2024.60,2282.95,5.7147,1245,-11.32,False,False
12,11.1,512,8192,8192,510,1200,11.2570,2039.74,2282.95,5.7147,1245,-10.65,False,False
12,11.1,512,8192,8192,510,1305,11.2052,2042.59,2282.95,5.7147,1245,-10.53,False,False
12,11.1,512,8192,8192,510,1410,11.1646,2075.67,2282.95,5.7147,1245,-9.08,False,False
12,11.1,512,8192,8192,705,300,17.1550,2669.99,2282.95,5.7147,1245,+16.95,False,False
12,11.1,512,8192,8192,705,510,11.0718,2149.46,2282.95,5.7147,1245,-5.85,False,False
12,11.1,512,8192,8192,705,705,8.7295,1948.56,2282.95,5.7147,1245,-14.65,False,False
12,11.1,512,8192,8192,705,900,8.6315,1903.04,2282.95,5.7147,1245,-16.64,False,False
12,11.1,512,8192,8192,705,1050,8.4968,1864.08,2282.95,5.7147,1245,-18.35,False,False
12,11.1,512,8192,8192,705,1200,8.4042,1877.76,2282.95,5.7147,1245,-17.75,False,False
12,11.1,512,8192,8192,705,1305,8.3524,1878.03,2282.95,5.7147,1245,-17.74,False,False
12,11.1,512,8192,8192,705,1410,8.3118,1908.56,2282.95,5.7147,1245,-16.40,False,False
12,11.1,512,8192,8192,900,300,17.1550,2703.39,2282.95,5.7147,1245,+18.42,False,False
12,11.1,512,8192,8192,900,510,11.0718,2172.14,2282.95,5.7147,1245,-4.85,False,False
12,11.1,512,8192,8192,900,705,8.7295,1967.13,2282.95,5.7147,1245,-13.83,False,False
12,11.1,512,8192,8192,900,900,7.0714,1825.72,2282.95,5.7147,1245,-20.03,False,False
12,11.1,512,8192,8192,900,1050,6.8278,1779.06,2282.95,5.7147,1245,-22.07,True,False
12,11.1,512,8192,8192,900,1200,6.7860,1794.97,2282.95,5.7147,1245,-21.38,False,False
12,11.1,512,8192,8192,900,1305,6.7342,1793.74,2282.95,5.7147,1245,-21.43,False,True
12,11.1,512,8192,8192,900,1410,6.6936,1822.79,2282.95,5.7147,1245,-20.16,False,False
12,11.1,512,8192,8192,1050,300,17.1550,2786.15,2282.95,5.7147,1245,+22.04,False,False
12,11.1,512,8192,8192,1050,510,11.0718,2232.46,2282.95,5.7147,1245,-2.21,False,False
12,11.1,512,8192,8192,1050,705,8.7295,2018.80,2282.95,5.7147,1245,-11.57,False,False
12,11.1,512,8192,8192,1050,900,7.0714,1871.27,2282.95,5.7147,1245,-18.03,False,False
12,11.1,512,8192,8192,1050,1050,6.2183,1783.79,2282.95,5.7147,1245,-21.86,False,False
12,11.1,512,8192,8192,1050,1200,5.8743,1779.33,2282.95,5.7147,1245,-22.06,False,False
12,11.1,512,8192,8192,1050,1305,5.8743,1780.57,2282.95,5.7147,1245,-22.01,False,False
12,11.1,512,8192,8192,1050,1410,5.8701,1811.18,2282.95,5.7147,1245,-20.66,False,False
12,11.1,512,8192,8192,1200,300,17.1550,3106.13,2282.95,5.7147,1245,+36.06,False,False
12,11.1,512,8192,8192,1200,510,11.0718,2529.99,2282.95,5.7147,1245,+10.82,False,False
12,11.1,512,8192,8192,1200,705,8.7295,2307.69,2282.95,5.7147,1245,+1.08,False,False
12,11.1,512,8192,8192,1200,900,7.0714,2154.04,2282.95,5.7147,1245,-5.65,False,False
12,11.1,512,8192,8192,1200,1050,6.2183,2063.41,2282.95,5.7147,1245,-9.62,False,False
12,11.1,512,8192,8192,1200,1200,5.6321,2040.81,2282.95,5.7147,1245,-10.61,False,False
12,11.1,512,8192,8192,1200,1305,5.3036,2018.68,2282.95,5.7147,1245,-11.58,False,False
12,11.1,512,8192,8192,1200,1410,5.1513,2038.19,2282.95,5.7147,1245,-10.72,False,False
16,14.8,64,1024,4096,300,300,1.8273,213.50,169.45,0.7027,1410,+25.99,False,False
16,14.8,64,1024,4096,300,510,1.2612,165.43,169.45,0.7027,1410,-2.38,False,False
16,14.8,64,1024,4096,300,705,1.0414,147.01,169.45,0.7027,1410,-13.24,False,False
16,14.8,64,1024,4096,300,900,0.9921,139.37,169.45,0.7027,1410,-17.75,False,False
16,14.8,64,1024,4096,300,1050,0.9921,134.91,169.45,0.7027,1410,-20.39,False,False
16,14.8,64,1024,4096,300,1200,0.9921,138.61,169.45,0.7027,1410,-18.20,False,False
16,14.8,64,1024,4096,300,1305,0.9921,137.54,169.45,0.7027,1410,-18.84,False,False
16,14.8,64,1024,4096,300,1410,0.9921,144.99,169.45,0.7027,1410,-14.44,False,False
16,14.8,64,1024,4096,510,300,1.8273,212.83,169.45,0.7027,1410,+25.60,False,False
16,14.8,64,1024,4096,510,510,1.2612,164.16,169.45,0.7027,1410,-3.12,False,False
16,14.8,64,1024,4096,510,705,1.0414,145.52,169.45,0.7027,1410,-14.13,False,False
16,14.8,64,1024,4096,510,900,0.8483,129.46,169.45,0.7027,1410,-23.60,False,False
16,14.8,64,1024,4096,510,1050,0.7424,118.69,169.45,0.7027,1410,-29.96,False,False
16,14.8,64,1024,4096,510,1200,0.6735,118.15,169.45,0.7027,1410,-30.27,False,False
16,14.8,64,1024,4096,510,1305,0.6386,114.58,169.45,0.7027,1410,-32.38,True,False
16,14.8,64,1024,4096,510,1410,0.6190,120.42,169.45,0.7027,1410,-28.94,False,False
16,14.8,64,1024,4096,705,300,1.8273,214.71,169.45,0.7027,1410,+26.71,False,False
16,14.8,64,1024,4096,705,510,1.2612,165.19,169.45,0.7027,1410,-2.52,False,False
16,14.8,64,1024,4096,705,705,1.0414,146.21,169.45,0.7027,1410,-13.72,False,False
16,14.8,64,1024,4096,705,900,0.8483,129.86,169.45,0.7027,1410,-23.37,False,False
16,14.8,64,1024,4096,705,1050,0.7424,118.93,169.45,0.7027,1410,-29.82,False,False
16,14.8,64,1024,4096,705,1200,0.6735,118.28,169.45,0.7027,1410,-30.20,False,False
16,14.8,64,1024,4096,705,1305,0.6386,114.66,169.45,0.7027,1410,-32.33,False,False
16,14.8,64,1024,4096,705,1410,0.6190,120.47,169.45,0.7027,1410,-28.91,False,False
16,14.8,64,1024,4096,900,300,1.8273,217.49,169.45,0.7027,1410,+28.35,False,False
16,14.8,64,1024,4096,900,510,1.2612,167.01,169.45,0.7027,1410,-1.44,False,False
16,14.8,64,1024,4096,900,705,1.0414,147.66,169.45,0.7027,1410,-12.86,False,False
16,14.8,64,1024,4096,900,900,0.8483,130.98,169.45,0.7027,1410,-22.70,False,False
16,14.8,64,1024,4096,900,1050,0.7424,119.87,169.45,0.7027,1410,-29.26,False,False
16,14.8,64,1024,4096,900,1200,0.6735,119.11,169.45,0.7027,1410,-29.71,False,False
16,14.8,64,1024,4096,900,1305,0.6386,115.43,169.45,0.7027,1410,-31.88,False,True
16,14.8,64,1024,4096,900,1410,0.6190,121.21,169.45,0.7027,1410,-28.47,False,False
16,14.8,64,1024,4096,1050,300,1.8273,223.83,169.45,0.7027,1410,+32.09,False,False
16,14.8,64,1024,4096,1050,510,1.2612,171.35,169.45,0.7027,1410,+1.12,False,False
16,14.8,64,1024,4096,1050,705,1.0414,151.22,169.45,0.7027,1410,-10.76,False,False
16,14.8,64,1024,4096,1050,900,0.8483,133.86,169.45,0.7027,1410,-21.00,False,False
16,14.8,64,1024,4096,1050,1050,0.7424,122.38,169.45,0.7027,1410,-27.78,False,False
16,14.8,64,1024,4096,1050,1200,0.6735,121.38,169.45,0.7027,1410,-28.37,False,False
16,14.8,64,1024,4096,1050,1305,0.6386,117.57,169.45,0.7027,1410,-30.62,False,False
16,14.8,64,1024,4096,1050,1410,0.6190,123.27,169.45,0.7027,1410,-27.25,False,False
16,14.8,64,1024,4096,1200,300,1.8273,237.71,169.45,0.7027,1410,+40.28,False,False
16,14.8,64,1024,4096,1200,510,1.2612,183.23,169.45,0.7027,1410,+8.13,False,False
16,14.8,64,1024,4096,1200,705,1.0414,162.32,169.45,0.7027,1410,-4.21,False,False
16,14.8,64,1024,4096,1200,900,0.8483,144.28,169.45,0.7027,1410,-14.85,False,False
16,14.8,64,1024,4096,1200,1050,0.7424,132.42,169.45,0.7027,1410,-21.85,False,False
16,14.8,64,1024,4096,1200,1200,0.6735,131.18,169.45,0.7027,1410,-22.59,False,False
16,14.8,64,1024,4096,1200,1305,0.6386,127.25,169.45,0.7027,1410,-24.91,False,False
16,14.8,64,1024,4096,1200,1410,0.6190,132.88,169.45,0.7027,1410,-21.58,False,False
16,14.8,64,1024,4096,1305,300,1.8273,255.11,169.45,0.7027,1410,+50.55,False,False
16,14.8,64,1024,4096,1305,510,1.2612,196.83,169.45,0.7027,1410,+16.16,False,False
16,14.8,64,1024,4096,1305,705,1.0414,174.46,169.45,0.7027,1410,+2.95,False,False
16,14.8,64,1024,4096,1305,900,0.8483,155.12,169.45,0.7027,1410,-8.46,False,False
16,14.8,64,1024,4096,1305,1050,0.7424,142.56,169.45,0.7027,1410,-15.87,False,False
16,14.8,64,1024,4096,1305,1200,0.6735,140.85,169.45,0.7027,1410,-16.88,False,False
16,14.8,64,1024,4096,1305,1305,0.6386,136.69,169.45,0.7027,1410,-19.33,False,False
16,14.8,64,1024,4096,1305,1410,0.6190,142.19,169.45,0.7027,1410,-16.09,False,False
16,14.8,64,1024,4096,1410,300,1.8273,281.25,169.45,0.7027,1410,+65.97,False,False
16,14.8,64,1024,4096,1410,510,1.2612,219.19,169.45,0.7027,1410,+29.35,False,False
16,14.8,64,1024,4096,1410,705,1.0414,195.34,169.45,0.7027,1410,+15.28,False,False
16,14.8,64,1024,4096,1410,900,0.8483,174.72,169.45,0.7027,1410,+3.11,False,False
16,14.8,64,1024,4096,1410,1050,0.7424,161.44,169.45,0.7027,1410,-4.73,False,False
16,14.8,64,1024,4096,1410,1200,0.6735,159.27,169.45,0.7027,1410,-6.01,False,False
16,14.8,64,1024,4096,1410,1305,0.6386,154.88,169.45,0.7027,1410,-8.60,False,False
16,14.8,64,1024,4096,1410,1410,0.6190,160.25,169.45,0.7027,1410,-5.43,False,False
16,14.8,64,1024,8192,300,300,2.8288,376.11,370.55,0.9290,1350,+1.50,False,False
16,14.8,64,1024,8192,300,510,2.7156,353.83,370.55,0.9290,1350,-4.51,False,False
16,14.8,64,1024,8192,300,705,2.6716,345.79,370.55,0.9290,1350,-6.68,False,False
16,14.8,64,1024,8192,300,900,2.6330,339.23,370.55,0.9290,1350,-8.45,False,False
16,14.8,64,1024,8192,300,1050,2.6118,334.56,370.55,0.9290,1350,-9.71,False,False
16,14.8,64,1024,8192,300,1200,2.5981,338.46,370.55,0.9290,1350,-8.66,False,False
16,14.8,64,1024,8192,300,1305,2.5911,338.83,370.55,0.9290,1350,-8.56,False,False
16,14.8,64,1024,8192,300,1410,2.5871,347.91,370.55,0.9290,1350,-6.11,False,False
16,14.8,64,1024,8192,510,300,1.8273,315.20,370.55,0.9290,1350,-14.94,False,False
16,14.8,64,1024,8192,510,510,1.7242,293.20,370.55,0.9290,1350,-20.88,False,False
16,14.8,64,1024,8192,510,705,1.6803,284.85,370.55,0.9290,1350,-23.13,False,False
16,14.8,64,1024,8192,510,900,1.6417,277.96,370.55,0.9290,1350,-24.99,False,False
16,14.8,64,1024,8192,510,1050,1.6205,272.66,370.55,0.9290,1350,-26.42,False,False
16,14.8,64,1024,8192,510,1200,1.6067,275.93,370.55,0.9290,1350,-25.53,False,False
16,14.8,64,1024,8192,510,1305,1.5997,275.15,370.55,0.9290,1350,-25.75,False,False
16,14.8,64,1024,8192,510,1410,1.5958,283.07,370.55,0.9290,1350,-23.61,False,False
16,14.8,64,1024,8192,705,300,1.8273,316.01,370.55,0.9290,1350,-14.72,False,False
16,14.8,64,1024,8192,705,510,1.2964,268.56,370.55,0.9290,1350,-27.52,False,False
16,14.8,64,1024,8192,705,705,1.2886,262.18,370.55,0.9290,1350,-29.25,False,False
16,14.8,64,1024,8192,705,900,1.2500,255.12,370.55,0.9290,1350,-31.15,False,False
16,14.8,64,1024,8192,705,1050,1.2288,249.54,370.55,0.9290,1350,-32.66,False,False
16,14.8,64,1024,8192,705,1200,1.2150,252.56,370.55,0.9290,1350,-31.84,False,False
16,14.8,64,1024,8192,705,1305,1.2080,251.30,370.55,0.9290,1350,-32.18,False,False
16,14.8,64,1024,8192,705,1410,1.2041,258.76,370.55,0.9290,1350,-30.17,False,False
16,14.8,64,1024,8192,900,300,1.8273,319.38,370.55,0.9290,1350,-13.81,False,False
16,14.8,64,1024,8192,900,510,1.2612,268.90,370.55,0.9290,1350,-27.43,False,False
16,14.8,64,1024,8192,900,705,1.0414,249.55,370.55,0.9290,1350,-32.65,False,False
16,14.8,64,1024,8192,900,900,1.0260,243.78,370.55,0.9290,1350,-34.21,False,False
16,14.8,64,1024,8192,900,1050,1.0048,238.03,370.55,0.9290,1350,-35.76,False,False
16,14.8,64,1024,8192,900,1200,0.9911,240.88,370.55,0.9290,1350,-34.99,False,False
16,14.8,64,1024,8192,900,1305,0.9841,239.36,370.55,0.9290,1350,-35.41,False,True
16,14.8,64,1024,8192,900,1410,0.9802,246.55,370.55,0.9290,1350,-33.46,False,False
16,14.8,64,1024,8192,1050,300,1.8273,327.06,370.55,0.9290,1350,-11.74,False,False
16,14.8,64,1024,8192,1050,510,1.2612,274.57,370.55,0.9290,1350,-25.90,False,False
16,14.8,64,1024,8192,1050,705,1.0414,254.45,370.55,0.9290,1350,-31.33,False,False
16,14.8,64,1024,8192,1050,900,0.8898,239.78,370.55,0.9290,1350,-35.29,False,False
16,14.8,64,1024,8192,1050,1050,0.8898,235.26,370.55,0.9290,1350,-36.51,True,False
16,14.8,64,1024,8192,1050,1200,0.8762,238.00,370.55,0.9290,1350,-35.77,False,False
16,14.8,64,1024,8192,1050,1305,0.8692,236.32,370.55,0.9290,1350,-36.23,False,False
16,14.8,64,1024,8192,1050,1410,0.8653,243.36,370.55,0.9290,1350,-34.33,False,False
16,14.8,64,1024,8192,1200,300,1.8273,365.23,370.55,0.9290,1350,-1.44,False,False
16,14.8,64,1024,8192,1200,510,1.2612,310.74,370.55,0.9290,1350,-16.14,False,False
16,14.8,64,1024,8192,1200,705,1.0414,289.84,370.55,0.9290,1350,-21.78,False,False
16,14.8,64,1024,8192,1200,900,0.8483,271.80,370.55,0.9290,1350,-26.65,False,False
16,14.8,64,1024,8192,1200,1050,0.7826,262.71,370.55,0.9290,1350,-29.10,False,False
16,14.8,64,1024,8192,1200,1200,0.7826,266.29,370.55,0.9290,1350,-28.14,False,False
16,14.8,64,1024,8192,1200,1305,0.7799,264.78,370.55,0.9290,1350,-28.55,False,False
16,14.8,64,1024,8192,1200,1410,0.7760,271.70,370.55,0.9290,1350,-26.68,False,False
16,14.8,64,2048,4096,300,300,1.8273,247.15,237.16,0.7073,1410,+4.21,False,False
16,14.8,64,2048,4096,300,510,1.4655,210.63,237.16,0.7073,1410,-11.19,False,False
16,14.8,64,2048,4096,300,705,1.4655,204.76,237.16,0.7073,1410,-13.66,False,False
16,14.8,64,2048,4096,300,900,1.4655,200.05,237.16,0.7073,1410,-15.65,False,False
16,14.8,64,2048,4096,300,1050,1.4655,195.88,237.16,0.7073,1410,-17.41,False,False
16,14.8,64,2048,4096,300,1200,1.4655,199.88,237.16,0.7073,1410,-15.72,False,False
16,14.8,64,2048,4096,300,1305,1.4655,199.35,237.16,0.7073,1410,-15.94,False,False
16,14.8,64,2048,4096,300,1410,1.4655,207.36,237.16,0.7073,1410,-12.57,False,False
16,14.8,64,2048,4096,510,300,1.8273,245.35,237.16,0.7073,1410,+3.45,False,False
16,14.8,64,2048,4096,510,510,1.2612,196.68,237.16,0.7073,1410,-17.07,False,False
16,14.8,64,2048,4096,510,705,1.0414,178.03,237.16,0.7073,1410,-24.93,False,False
16,14.8,64,2048,4096,510,900,0.8786,163.74,237.16,0.7073,1410,-30.96,False,False
16,14.8,64,2048,4096,510,1050,0.8786,159.21,237.16,0.7073,1410,-32.87,False,False
16,14.8,64,2048,4096,510,1200,0.8786,162.84,237.16,0.7073,1410,-31.34,False,False
16,14.8,64,2048,4096,510,1305,0.8786,161.63,237.16,0.7073,1410,-31.85,False,False
16,14.8,64,2048,4096,510,1410,0.8786,168.96,237.16,0.7073,1410,-28.76,False,False
16,14.8,64,2048,4096,705,300,1.8273,246.98,237.16,0.7073,1410,+4.14,False,False
16,14.8,64,2048,4096,705,510,1.2612,197.45,237.16,0.7073,1410,-16.74,False,False
16,14.8,64,2048,4096,705,705,1.0414,178.48,237.16,0.7073,1410,-24.74,False,False
16,14.8,64,2048,4096,705,900,0.8483,162.13,237.16,0.7073,1410,-31.64,False,False
16,14.8,64,2048,4096,705,1050,0.7424,151.20,237.16,0.7073,1410,-36.25,False,False
16,14.8,64,2048,4096,705,1200,0.6735,150.55,237.16,0.7073,1410,-36.52,False,False
16,14.8,64,2048,4096,705,1305,0.6441,147.27,237.16,0.7073,1410,-37.90,True,False
16,14.8,64,2048,4096,705,1410,0.6441,154.32,237.16,0.7073,1410,-34.93,False,False
16,14.8,64,2048,4096,900,300,1.8273,250.01,237.16,0.7073,1410,+5.42,False,False
16,14.8,64,2048,4096,900,510,1.2612,199.53,237.16,0.7073,1410,-15.87,False,False
16,14.8,64,2048,4096,900,705,1.0414,180.18,237.16,0.7073,1410,-24.02,False,False
16,14.8,64,2048,4096,900,900,0.8483,163.51,237.16,0.7073,1410,-31.05,False,False
16,14.8,64,2048,4096,900,1050,0.7424,152.40,237.16,0.7073,1410,-35.74,False,False
16,14.8,64,2048,4096,900,1200,0.6735,151.64,237.16,0.7073,1410,-36.06,False,False
16,14.8,64,2048,4096,900,1305,0.6386,147.96,237.16,0.7073,1410,-37.61,False,True
16,14.8,64,2048,4096,900,1410,0.6190,153.73,237.16,0.7073,1410,-35.18,False,False
16,14.8,64,2048,4096,1050,300,1.8273,256.93,237.16,0.7073,1410,+8.34,False,False
16,14.8,64,2048,4096,1050,510,1.2612,204.45,237.16,0.7073,1410,-13.79,False,False
16,14.8,64,2048,4096,1050,705,1.0414,184.32,237.16,0.7073,1410,-22.28,False,False
16,14.8,64,2048,4096,1050,900,0.8483,166.97,237.16,0.7073,1410,-29.60,False,False
16,14.8,64,2048,4096,1050,1050,0.7424,155.48,237.16,0.7073,1410,-34.44,False,False
16,14.8,64,2048,4096,1050,1200,0.6735,154.48,237.16,0.7073,1410,-34.86,False,False
16,14.8,64,2048,4096,1050,1305,0.6386,150.68,237.16,0.7073,1410,-36.47,False,False
16,14.8,64,2048,4096,1050,1410,0.6190,156.38,237.16,0.7073,1410,-34.06,False,False
16,14.8,64,2048,4096,1200,300,1.8273,279.00,237.16,0.7073,1410,+17.64,False,False
16,14.8,64,2048,4096,1200,510,1.2612,224.52,237.16,0.7073,1410,-5.33,False,False
16,14.8,64,2048,4096,1200,705,1.0414,203.61,237.16,0.7073,1410,-14.15,False,False
16,14.8,64,2048,4096,1200,900,0.8483,185.57,237.16,0.7073,1410,-21.75,False,False
16,14.8,64,2048,4096,1200,1050,0.7424,173.71,237.16,0.7073,1410,-26.75,False,False
16,14.8,64,2048,4096,1200,1200,0.6735,172.47,237.16,0.7073,1410,-27.28,False,False
16,14.8,64,2048,4096,1200,1305,0.6386,168.54,237.16,0.7073,1410,-28.93,False,False
16,14.8,64,2048,4096,1200,1410,0.6190,174.17,237.16,0.7073,1410,-26.56,False,False
16,14.8,64,2048,4096,1305,300,1.8273,303.45,237.16,0.7073,1410,+27.95,False,False
16,14.8,64,2048,4096,1305,510,1.2612,245.17,237.16,0.7073,1410,+3.38,False,False
16,14.8,64,2048,4096,1305,705,1.0414,222.80,237.16,0.7073,1410,-6.06,False,False
16,14.8,64,2048,4096,1305,900,0.8483,203.46,237.16,0.7073,1410,-14.21,False,False
16,14.8,64,2048,4096,1305,1050,0.7424,190.90,237.16,0.7073,1410,-19.51,False,False
16,14.8,64,2048,4096,1305,1200,0.6735,189.19,237.16,0.7073,1410,-20.23,False,False
16,14.8,64,2048,4096,1305,1305,0.6386,185.03,237.16,0.7073,1410,-21.98,False,False
16,14.8,64,2048,4096,1305,1410,0.6190,190.53,237.16,0.7073,1410,-19.66,False,False
16,14.8,64,2048,8192,300,300,5.0329,627.33,587.96,1.4673,1275,+6.70,False,False
16,14.8,64,2048,8192,300,510,4.9197,605.45,587.96,1.4673,1275,+2.97,False,False
16,14.8,64,2048,8192,300,705,4.8757,597.99,587.96,1.4673,1275,+1.71,False,False
16,14.8,64,2048,8192,300,900,4.8371,592.08,587.96,1.4673,1275,+0.70,False,False
16,14.8,64,2048,8192,300,1050,4.8160,588.76,587.96,1.4673,1275,+0.14,False,False
16,14.8,64,2048,8192,300,1200,4.8022,594.02,587.96,1.4673,1275,+1.03,False,False
16,14.8,64,2048,8192,300,1305,4.7952,596.96,587.96,1.4673,1275,+1.53,False,False
16,14.8,64,2048,8192,300,1410,4.7913,608.60,587.96,1.4673,1275,+3.51,False,False
16,14.8,64,2048,8192,510,300,3.1302,512.85,587.96,1.4673,1275,-12.78,False,False
16,14.8,64,2048,8192,510,510,3.0170,490.50,587.96,1.4673,1275,-16.58,False,False
16,14.8,64,2048,8192,510,705,2.9730,482.49,587.96,1.4673,1275,-17.94,False,False
16,14.8,64,2048,8192,510,900,2.9344,475.99,587.96,1.4673,1275,-19.04,False,False
16,14.8,64,2048,8192,510,1050,2.9132,471.48,587.96,1.4673,1275,-19.81,False,False
16,14.8,64,2048,8192,510,1200,2.8994,475.55,587.96,1.4673,1275,-19.12,False,False
16,14.8,64,2048,8192,510,1305,2.8924,476.26,587.96,1.4673,1275,-19.00,False,False
16,14.8,64,2048,8192,510,1410,2.8885,485.69,587.96,1.4673,1275,-17.39,False,False
16,14.8,64,2048,8192,705,300,2.3765,470.07,587.96,1.4673,1275,-20.05,False,False
16,14.8,64,2048,8192,705,510,2.2632,447.42,587.96,1.4673,1275,-23.90,False,False
16,14.8,64,2048,8192,705,705,2.2193,439.15,587.96,1.4673,1275,-25.31,False,False
16,14.8,64,2048,8192,705,900,2.1807,432.36,587.96,1.4673,1275,-26.46,False,False
16,14.8,64,2048,8192,705,1050,2.1595,427.35,587.96,1.4673,1275,-27.32,False,False
16,14.8,64,2048,8192,705,1200,2.1457,430.94,587.96,1.4673,1275,-26.71,False,False
16,14.8,64,2048,8192,705,1305,2.1387,430.77,587.96,1.4673,1275,-26.74,False,False
16,14.8,64,2048,8192,705,1410,2.1348,439.31,587.96,1.4673,1275,-25.28,False,False
16,14.8,64,2048,8192,900,300,1.9003,446.76,587.96,1.4673,1275,-24.02,False,False
16,14.8,64,2048,8192,900,510,1.8359,426.79,587.96,1.4673,1275,-27.41,False,False
16,14.8,64,2048,8192,900,705,1.7919,418.33,587.96,1.4673,1275,-28.85,False,False
16,14.8,64,2048,8192,900,900,1.7533,411.35,587.96,1.4673,1275,-30.04,False,False
16,14.8,64,2048,8192,900,1050,1.7321,406.05,587.96,1.4673,1275,-30.94,False,False
16,14.8,64,2048,8192,900,1200,1.7183,409.35,587.96,1.4673,1275,-30.38,False,False
16,14.8,64,2048,8192,900,1305,1.7113,408.67,587.96,1.4673,1275,-30.49,False,True
16,14.8,64,2048,8192,900,1410,1.7074,416.70,587.96,1.4673,1275,-29.13,False,False
16,14.8,64,2048,8192,1050,300,1.8273,451.17,587.96,1.4673,1275,-23.27,False,False
16,14.8,64,2048,8192,1050,510,1.6173,421.60,587.96,1.4673,1275,-28.29,False,False
16,14.8,64,2048,8192,1050,705,1.5734,412.93,587.96,1.4673,1275,-29.77,False,False
16,14.8,64,2048,8192,1050,900,1.5347,405.75,587.96,1.4673,1275,-30.99,False,False
16,14.8,64,2048,8192,1050,1050,1.5136,400.24,587.96,1.4673,1275,-31.93,True,False
16,14.8,64,2048,8192,1050,1200,1.4998,403.35,587.96,1.4673,1275,-31.40,False,False
16,14.8,64,2048,8192,1050,1305,1.4928,402.39,587.96,1.4673,1275,-31.56,False,False
16,14.8,64,2048,8192,1050,1410,1.4889,410.16,587.96,1.4673,1275,-30.24,False,False
16,14.8,64,2048,8192,1200,300,1.8273,521.44,587.96,1.4673,1275,-11.31,False,False
16,14.8,64,2048,8192,1200,510,1.4400,479.10,587.96,1.4673,1275,-18.52,False,False
16,14.8,64,2048,8192,1200,705,1.4083,471.06,587.96,1.4673,1275,-19.88,False,False
16,14.8,64,2048,8192,1200,900,1.3697,463.70,587.96,1.4673,1275,-21.14,False,False
16,14.8,64,2048,8192,1200,1050,1.3485,458.00,587.96,1.4673,1275,-22.10,False,False
16,14.8,64,2048,8192,1200,1200,1.3347,460.97,587.96,1.4673,1275,-21.60,False,False
16,14.8,64,2048,8192,1200,1305,1.3278,459.79,587.96,1.4673,1275,-21.80,False,False
16,14.8,64,2048,8192,1200,1410,1.3238,467.36,587.96,1.4673,1275,-20.51,False,False
16,14.8,64,4096,4096,300,300,2.7832,368.57,364.64,0.9135,1350,+1.08,False,False
16,14.8,64,4096,4096,300,510,2.6699,346.28,364.64,0.9135,1350,-5.04,False,False
16,14.8,64,4096,4096,300,705,2.6260,338.23,364.64,0.9135,1350,-7.24,False,False
16,14.8,64,4096,4096,300,900,2.5874,331.66,364.64,0.9135,1350,-9.05,False,False
16,14.8,64,4096,4096,300,1050,2.5662,326.96,364.64,0.9135,1350,-10.33,False,False
16,14.8,64,4096,4096,300,1200,2.5524,330.83,364.64,0.9135,1350,-9.27,False,False
16,14.8,64,4096,4096,300,1305,2.5454,331.15,364.64,0.9135,1350,-9.19,False,False
16,14.8,64,4096,4096,300,1410,2.5415,340.17,364.64,0.9135,1350,-6.71,False,False
16,14.8,64,4096,4096,510,300,1.8273,310.56,364.64,0.9135,1350,-14.83,False,False
16,14.8,64,4096,4096,510,510,1.6936,286.80,364.64,0.9135,1350,-21.35,False,False
16,14.8,64,4096,4096,510,705,1.6496,278.44,364.64,0.9135,1350,-23.64,False,False
16,14.8,64,4096,4096,510,900,1.6110,271.55,364.64,0.9135,1350,-25.53,False,False
16,14.8,64,4096,4096,510,1050,1.5898,266.22,364.64,0.9135,1350,-26.99,False,False
16,14.8,64,4096,4096,510,1200,1.5760,269.48,364.64,0.9135,1350,-26.10,False,False
16,14.8,64,4096,4096,510,1305,1.5691,268.66,364.64,0.9135,1350,-26.32,False,False
16,14.8,64,4096,4096,510,1410,1.5651,276.54,364.64,0.9135,1350,-24.16,False,False
16,14.8,64,4096,4096,705,300,1.8273,311.85,364.64,0.9135,1350,-14.48,False,False
16,14.8,64,4096,4096,705,510,1.2642,262.51,364.64,0.9135,1350,-28.01,False,False
16,14.8,64,4096,4096,705,705,1.2618,256.44,364.64,0.9135,1350,-29.67,False,False
16,14.8,64,4096,4096,705,900,1.2232,249.37,364.64,0.9135,1350,-31.61,False,False
16,14.8,64,4096,4096,705,1050,1.2020,243.78,364.64,0.9135,1350,-33.15,False,False
16,14.8,64,4096,4096,705,1200,1.1882,246.77,364.64,0.9135,1350,-32.32,False,False
16,14.8,64,4096,4096,705,1305,1.1812,245.49,364.64,0.9135,1350,-32.68,False,False
16,14.8,64,4096,4096,705,1410,1.1773,252.91,364.64,0.9135,1350,-30.64,False,False
16,14.8,64,4096,4096,900,300,1.8273,315.42,364.64,0.9135,1350,-13.50,False,False
16,14.8,64,4096,4096,900,510,1.2612,264.94,364.64,0.9135,1350,-27.34,False,False
16,14.8,64,4096,4096,900,705,1.0414,245.59,364.64,0.9135,1350,-32.65,False,False
16,14.8,64,4096,4096,900,900,0.9992,238.18,364.64,0.9135,1350,-34.68,False,False
16,14.8,64,4096,4096,900,1050,0.9812,232.60,364.64,0.9135,1350,-36.21,False,False
16,14.8,64,4096,4096,900,1200,0.9674,235.44,364.64,0.9135,1350,-35.43,False,False
16,14.8,64,4096,4096,900,1305,0.9604,233.89,364.64,0.9135,1350,-35.86,False,True
16,14.8,64,4096,4096,900,1410,0.9565,241.05,364.64,0.9135,1350,-33.89,False,False
16,14.8,64,4096,4096,1050,300,1.8273,322.92,364.64,0.9135,1350,-11.44,False,False
16,14.8,64,4096,4096,1050,510,1.2612,270.43,364.64,0.9135,1350,-25.84,False,False
16,14.8,64,4096,4096,1050,705,1.0414,250.31,364.64,0.9135,1350,-31.36,False,False
16,14.8,64,4096,4096,1050,900,0.8628,233.89,364.64,0.9135,1350,-35.86,False,False
16,14.8,64,4096,4096,1050,1050,0.8628,229.35,364.64,0.9135,1350,-37.10,True,False
16,14.8,64,4096,4096,1050,1200,0.8537,232.38,364.64,0.9135,1350,-36.27,False,False
16,14.8,64,4096,4096,1050,1305,0.8467,230.67,364.64,0.9135,1350,-36.74,False,False
16,14.8,64,4096,4096,1050,1410,0.8428,237.68,364.64,0.9135,1350,-34.82,False,False
16,14.8,64,4096,4096,1200,300,1.8273,362.10,364.64,0.9135,1350,-0.70,False,False
16,14.8,64,4096,4096,1200,510,1.2612,307.62,364.64,0.9135,1350,-15.64,False,False
16,14.8,64,4096,4096,1200,705,1.0414,286.71,364.64,0.9135,1350,-21.37,False,False
16,14.8,64,4096,4096,1200,900,0.8483,268.67,364.64,0.9135,1350,-26.32,False,False
16,14.8,64,4096,4096,1200,1050,0.7579,257.88,364.64,0.9135,1350,-29.28,False,False
16,14.8,64,4096,4096,1200,1200,0.7579,261.45,364.64,0.9135,1350,-28.30,False,False
16,14.8,64,4096,4096,1200,1305,0.7579,260.09,364.64,0.9135,1350,-28.67,False,False
16,14.8,64,4096,4096,1200,1410,0.7554,267.10,364.64,0.9135,1350,-26.75,False,False
16,14.8,64,8192,8192,300,300,17.9697,2167.13,1898.40,4.7647,1200,+14.16,False,False
16,14.8,64,8192,8192,300,510,17.8505,2147.29,1898.40,4.7647,1200,+13.11,False,False
16,14.8,64,8192,8192,300,705,17.8043,2143.09,1898.40,4.7647,1200,+12.89,False,False
16,14.8,64,8192,8192,300,900,17.7636,2140.86,1898.40,4.7647,1200,+12.77,False,False
16,14.8,64,8192,8192,300,1050,17.7413,2145.43,1898.40,4.7647,1200,+13.01,False,False
16,14.8,64,8192,8192,300,1200,17.7268,2158.59,1898.40,4.7647,1200,+13.71,False,False
16,14.8,64,8192,8192,300,1305,17.7195,2176.55,1898.40,4.7647,1200,+14.65,False,False
16,14.8,64,8192,8192,300,1410,17.7153,2203.23,1898.40,4.7647,1200,+16.06,False,False
16,14.8,64,8192,8192,510,300,10.7525,1732.72,1898.40,4.7647,1200,-8.73,False,False
16,14.8,64,8192,8192,510,510,10.6333,1711.43,1898.40,4.7647,1200,-9.85,False,False
16,14.8,64,8192,8192,510,705,10.5870,1705.29,1898.40,4.7647,1200,-10.17,False,False
16,14.8,64,8192,8192,510,900,10.5463,1700.90,1898.40,4.7647,1200,-10.40,False,False
16,14.8,64,8192,8192,510,1050,10.5241,1701.00,1898.40,4.7647,1200,-10.40,False,False
16,14.8,64,8192,8192,510,1200,10.5096,1709.71,1898.40,4.7647,1200,-9.94,False,False
16,14.8,64,8192,8192,510,1305,10.5022,1719.26,1898.40,4.7647,1200,-9.44,False,False
16,14.8,64,8192,8192,510,1410,10.4981,1737.53,1898.40,4.7647,1200,-8.47,False,False
16,14.8,64,8192,8192,705,300,7.8996,1573.77,1898.40,4.7647,1200,-17.10,False,False
16,14.8,64,8192,8192,705,510,7.7805,1551.77,1898.40,4.7647,1200,-18.26,False,False
16,14.8,64,8192,8192,705,705,7.7342,1544.81,1898.40,4.7647,1200,-18.63,False,False
16,14.8,64,8192,8192,705,900,7.6935,1539.52,1898.40,4.7647,1200,-18.90,False,False
16,14.8,64,8192,8192,705,1050,7.6712,1537.84,1898.40,4.7647,1200,-18.99,False,False
16,14.8,64,8192,8192,705,1200,7.6567,1544.77,1898.40,4.7647,1200,-18.63,False,False
16,14.8,64,8192,8192,705,1305,7.6494,1550.99,1898.40,4.7647,1200,-18.30,False,False
16,14.8,64,8192,8192,705,1410,7.6452,1565.93,1898.40,4.7647,1200,-17.51,False,False
16,14.8,64,8192,8192,900,300,6.2814,1492.20,1898.40,4.7647,1200,-21.40,False,False
16,14.8,64,8192,8192,900,510,6.1623,1469.71,1898.40,4.7647,1200,-22.58,False,False
16,14.8,64,8192,8192,900,705,6.1160,1462.25,1898.40,4.7647,1200,-22.97,False,False
16,14.8,64,8192,8192,900,900,6.0753,1456.41,1898.40,4.7647,1200,-23.28,False,False
16,14.8,64,8192,8192,900,1050,6.0531,1453.70,1898.40,4.7647,1200,-23.43,False,False
16,14.8,64,8192,8192,900,1200,6.0386,1459.61,1898.40,4.7647,1200,-23.11,False,False
16,14.8,64,8192,8192,900,1305,6.0312,1463.93,1898.40,4.7647,1200,-22.89,False,True
16,14.8,64,8192,8192,900,1410,6.0271,1476.99,1898.40,4.7647,1200,-22.20,False,False
16,14.8,64,8192,8192,1050,300,5.4580,1481.04,1898.40,4.7647,1200,-21.98,False,False
16,14.8,64,8192,8192,1050,510,5.3388,1457.98,1898.40,4.7647,1200,-23.20,False,False
16,14.8,64,8192,8192,1050,705,5.2925,1450.14,1898.40,4.7647,1200,-23.61,False,False
16,14.8,64,8192,8192,1050,900,5.2518,1443.92,1898.40,4.7647,1200,-23.94,False,False
16,14.8,64,8192,8192,1050,1050,5.2296,1440.62,1898.40,4.7647,1200,-24.11,True,False
16,14.8,64,8192,8192,1050,1200,5.2151,1445.97,1898.40,4.7647,1200,-23.83,False,False
16,14.8,64,8192,8192,1050,1305,5.2077,1449.31,1898.40,4.7647,1200,-23.66,False,False
16,14.8,64,8192,8192,1050,1410,5.2036,1461.39,1898.40,4.7647,1200,-23.02,False,False
16,14.8,64,8192,8192,1200,300,4.8336,1714.76,1898.40,4.7647,1200,-9.67,False,False
16,14.8,64,8192,8192,1200,510,4.7144,1691.16,1898.40,4.7647,1200,-10.92,False,False
16,14.8,64,8192,8192,1200,705,4.6681,1682.99,1898.40,4.7647,1200,-11.35,False,False
16,14.8,64,8192,8192,1200,900,4.6275,1676.44,1898.40,4.7647,1200,-11.69,False,False
16,14.8,64,8192,8192,1200,1050,4.6052,1672.68,1898.40,4.7647,1200,-11.89,False,False
16,14.8,64,8192,8192,1200,1200,4.5907,1677.59,1898.40,4.7647,1200,-11.63,False,False
16,14.8,64,8192,8192,1200,1305,4.5833,1680.18,1898.40,4.7647,1200,-11.49,False,False
16,14.8,64,8192,8192,1200,1410,4.5792,1691.52,1898.40,4.7647,1200,-10.90,False,False
16,14.8,128,1024,4096,300,300,3.3080,357.83,254.50,1.2071,1410,+40.60,False,False
16,14.8,128,1024,4096,300,510,2.2720,271.96,254.50,1.2071,1410,+6.86,False,False
16,14.8,128,1024,4096,300,705,1.8851,240.24,254.50,1.2071,1410,-5.60,False,False
16,14.8,128,1024,4096,300,900,1.5443,213.15,254.50,1.2071,1410,-16.25,False,False
16,14.8,128,1024,4096,300,1050,1.3406,192.39,254.50,1.2071,1410,-24.40,False,False
16,14.8,128,1024,4096,300,1200,1.2166,191.92,254.50,1.2071,1410,-24.59,False,False
16,14.8,128,1024,4096,300,1305,1.1689,188.33,254.50,1.2071,1410,-26.00,False,False
16,14.8,128,1024,4096,300,1410,1.1252,187.74,254.50,1.2071,1410,-26.23,False,False
16,14.8,128,1024,4096,510,300,3.3080,358.73,254.50,1.2071,1410,+40.96,False,False
16,14.8,128,1024,4096,510,510,2.2720,271.76,254.50,1.2071,1410,+6.78,False,False
16,14.8,128,1024,4096,510,705,1.8851,239.64,254.50,1.2071,1410,-5.84,False,False
16,14.8,128,1024,4096,510,900,1.5443,212.19,254.50,1.2071,1410,-16.62,False,False
16,14.8,128,1024,4096,510,1050,1.3406,191.21,254.50,1.2071,1410,-24.87,False,False
16,14.8,128,1024,4096,510,1200,1.2166,190.61,254.50,1.2071,1410,-25.10,False,False
16,14.8,128,1024,4096,510,1305,1.1689,186.97,254.50,1.2071,1410,-26.53,False,False
16,14.8,128,1024,4096,510,1410,1.1252,186.34,254.50,1.2071,1410,-26.78,True,False
16,14.8,128,1024,4096,705,300,3.3080,362.84,254.50,1.2071,1410,+42.57,False,False
16,14.8,128,1024,4096,705,510,2.2720,274.31,254.50,1.2071,1410,+7.78,False,False
16,14.8,128,1024,4096,705,705,1.8851,241.60,254.50,1.2071,1410,-5.07,False,False
16,14.8,128,1024,4096,705,900,1.5443,213.64,254.50,1.2071,1410,-16.05,False,False
16,14.8,128,1024,4096,705,1050,1.3406,192.35,254.50,1.2071,1410,-24.42,False,False
16,14.8,128,1024,4096,705,1200,1.2166,191.56,254.50,1.2071,1410,-24.73,False,False
16,14.8,128,1024,4096,705,1305,1.1689,187.85,254.50,1.2071,1410,-26.19,False,False
16,14.8,128,1024,4096,705,1410,1.1252,187.15,254.50,1.2071,1410,-26.46,False,False
16,14.8,128,1024,4096,900,300,3.3080,368.11,254.50,1.2071,1410,+44.64,False,False
16,14.8,128,1024,4096,900,510,2.2720,277.83,254.50,1.2071,1410,+9.17,False,False
16,14.8,128,1024,4096,900,705,1.8851,244.48,254.50,1.2071,1410,-3.94,False,False
16,14.8,128,1024,4096,900,900,1.5443,215.94,254.50,1.2071,1410,-15.15,False,False
16,14.8,128,1024,4096,900,1050,1.3406,194.31,254.50,1.2071,1410,-23.65,False,False
16,14.8,128,1024,4096,900,1200,1.2166,193.31,254.50,1.2071,1410,-24.04,False,False
16,14.8,128,1024,4096,900,1305,1.1689,189.52,254.50,1.2071,1410,-25.53,False,True
16,14.8,128,1024,4096,900,1410,1.1252,188.74,254.50,1.2071,1410,-25.84,False,False
16,14.8,128,1024,4096,1050,300,3.3080,379.69,254.50,1.2071,1410,+49.19,False,False
16,14.8,128,1024,4096,1050,510,2.2720,285.75,254.50,1.2071,1410,+12.28,False,False
16,14.8,128,1024,4096,1050,705,1.8851,251.02,254.50,1.2071,1410,-1.36,False,False
16,14.8,128,1024,4096,1050,900,1.5443,221.28,254.50,1.2071,1410,-13.05,False,False
16,14.8,128,1024,4096,1050,1050,1.3406,198.93,254.50,1.2071,1410,-21.83,False,False
16,14.8,128,1024,4096,1050,1200,1.2166,197.49,254.50,1.2071,1410,-22.40,False,False
16,14.8,128,1024,4096,1050,1305,1.1689,193.53,254.50,1.2071,1410,-23.96,False,False
16,14.8,128,1024,4096,1050,1410,1.1252,192.60,254.50,1.2071,1410,-24.32,False,False
16,14.8,128,1024,4096,1200,300,3.3080,398.81,254.50,1.2071,1410,+56.71,False,False
16,14.8,128,1024,4096,1200,510,2.2720,301.20,254.50,1.2071,1410,+18.35,False,False
16,14.8,128,1024,4096,1200,705,1.8851,265.11,254.50,1.2071,1410,+4.17,False,False
16,14.8,128,1024,4096,1200,900,1.5443,234.16,254.50,1.2071,1410,-7.99,False,False
16,14.8,128,1024,4096,1200,1050,1.3406,211.09,254.50,1.2071,1410,-17.06,False,False
16,14.8,128,1024,4096,1200,1200,1.2166,209.21,254.50,1.2071,1410,-17.79,False,False
16,14.8,128,1024,4096,1200,1305,1.1689,205.08,254.50,1.2071,1410,-19.42,False,False
16,14.8,128,1024,4096,1200,1410,1.1252,204.00,254.50,1.2071,1410,-19.84,False,False
16,14.8,128,1024,4096,1305,300,3.3080,426.11,254.50,1.2071,1410,+67.43,False,False
16,14.8,128,1024,4096,1305,510,2.2720,321.57,254.50,1.2071,1410,+26.36,False,False
16,14.8,128,1024,4096,1305,705,1.8851,282.89,254.50,1.2071,1410,+11.16,False,False
16,14.8,128,1024,4096,1305,900,1.5443,249.66,254.50,1.2071,1410,-1.90,False,False
16,14.8,128,1024,4096,1305,1050,1.3406,225.23,254.50,1.2071,1410,-11.50,False,False
16,14.8,128,1024,4096,1305,1200,1.2166,222.52,254.50,1.2071,1410,-12.56,False,False
16,14.8,128,1024,4096,1305,1305,1.1689,218.07,254.50,1.2071,1410,-14.31,False,False
16,14.8,128,1024,4096,1305,1410,1.1252,216.70,254.50,1.2071,1410,-14.85,False,False
16,14.8,128,1024,4096,1410,300,3.3080,462.17,254.50,1.2071,1410,+81.60,False,False
16,14.8,128,1024,4096,1410,510,2.2720,350.69,254.50,1.2071,1410,+37.80,False,False
16,14.8,128,1024,4096,1410,705,1.8851,309.42,254.50,1.2071,1410,+21.58,False,False
16,14.8,128,1024,4096,1410,900,1.5443,273.91,254.50,1.2071,1410,+7.63,False,False
16,14.8,128,1024,4096,1410,1050,1.3406,248.11,254.50,1.2071,1410,-2.51,False,False
16,14.8,128,1024,4096,1410,1200,1.2166,244.58,254.50,1.2071,1410,-3.90,False,False
16,14.8,128,1024,4096,1410,1305,1.1689,239.81,254.50,1.2071,1410,-5.77,False,False
16,14.8,128,1024,4096,1410,1410,1.1252,238.14,254.50,1.2071,1410,-6.43,False,False
16,14.8,128,1024,8192,300,300,3.3080,463.99,444.67,1.2380,1410,+4.35,False,False
16,14.8,128,1024,8192,300,510,2.9177,414.63,444.67,1.2380,1410,-6.75,False,False
16,14.8,128,1024,8192,300,705,2.8404,400.68,444.67,1.2380,1410,-9.89,False,False
16,14.8,128,1024,8192,300,900,2.7722,389.43,444.67,1.2380,1410,-12.42,False,False
16,14.8,128,1024,8192,300,1050,2.7315,378.83,444.67,1.2380,1410,-14.81,False,False
16,14.8,128,1024,8192,300,1200,2.7067,385.01,444.67,1.2380,1410,-13.42,False,False
16,14.8,128,1024,8192,300,1305,2.6971,385.42,444.67,1.2380,1410,-13.33,False,False
16,14.8,128,1024,8192,300,1410,2.6884,388.73,444.67,1.2380,1410,-12.58,False,False
16,14.8,128,1024,8192,510,300,3.3080,461.09,444.67,1.2380,1410,+3.69,False,False
16,14.8,128,1024,8192,510,510,2.2720,374.12,444.67,1.2380,1410,-15.87,False,False
16,14.8,128,1024,8192,510,705,1.8851,342.00,444.67,1.2380,1410,-23.09,False,False
16,14.8,128,1024,8192,510,900,1.7664,327.47,444.67,1.2380,1410,-26.36,False,False
16,14.8,128,1024,8192,510,1050,1.7401,317.06,444.67,1.2380,1410,-28.70,False,False
16,14.8,128,1024,8192,510,1200,1.7153,322.59,444.67,1.2380,1410,-27.45,False,False
16,14.8,128,1024,8192,510,1305,1.7058,321.84,444.67,1.2380,1410,-27.62,False,False
16,14.8,128,1024,8192,510,1410,1.6970,323.99,444.67,1.2380,1410,-27.14,False,False
16,14.8,128,1024,8192,705,300,3.3080,464.14,444.67,1.2380,1410,+4.38,False,False
16,14.8,128,1024,8192,705,510,2.2720,375.60,444.67,1.2380,1410,-15.53,False,False
16,14.8,128,1024,8192,705,705,1.8851,342.90,444.67,1.2380,1410,-22.89,False,False
16,14.8,128,1024,8192,705,900,1.5443,314.94,444.67,1.2380,1410,-29.18,False,False
16,14.8,128,1024,8192,705,1050,1.3406,293.65,444.67,1.2380,1410,-33.96,False,False
16,14.8,128,1024,8192,705,1200,1.2964,297.72,444.67,1.2380,1410,-33.05,False,False
16,14.8,128,1024,8192,705,1305,1.2964,297.06,444.67,1.2380,1410,-33.20,False,False
16,14.8,128,1024,8192,705,1410,1.2964,299.28,444.67,1.2380,1410,-32.70,False,False
16,14.8,128,1024,8192,900,300,3.3080,470.01,444.67,1.2380,1410,+5.70,False,False
16,14.8,128,1024,8192,900,510,2.2720,379.73,444.67,1.2380,1410,-14.60,False,False
16,14.8,128,1024,8192,900,705,1.8851,346.37,444.67,1.2380,1410,-22.11,False,False
16,14.8,128,1024,8192,900,900,1.5443,317.83,444.67,1.2380,1410,-28.52,False,False
16,14.8,128,1024,8192,900,1050,1.3406,296.20,444.67,1.2380,1410,-33.39,False,False
16,14.8,128,1024,8192,900,1200,1.2166,295.21,444.67,1.2380,1410,-33.61,False,False
16,14.8,128,1024,8192,900,1305,1.1689,291.41,444.67,1.2380,1410,-34.47,False,True
16,14.8,128,1024,8192,900,1410,1.1252,290.64,444.67,1.2380,1410,-34.64,True,False
16,14.8,128,1024,8192,1050,300,3.3080,482.92,444.67,1.2380,1410,+8.60,False,False
16,14.8,128,1024,8192,1050,510,2.2720,388.98,444.67,1.2380,1410,-12.52,False,False
16,14.8,128,1024,8192,1050,705,1.8851,354.25,444.67,1.2380,1410,-20.33,False,False
16,14.8,128,1024,8192,1050,900,1.5443,324.51,444.67,1.2380,1410,-27.02,False,False
16,14.8,128,1024,8192,1050,1050,1.3406,302.16,444.67,1.2380,1410,-32.05,False,False
16,14.8,128,1024,8192,1050,1200,1.2166,300.72,444.67,1.2380,1410,-32.37,False,False
16,14.8,128,1024,8192,1050,1305,1.1689,296.76,444.67,1.2380,1410,-33.26,False,False
16,14.8,128,1024,8192,1050,1410,1.1252,295.83,444.67,1.2380,1410,-33.47,False,False
16,14.8,128,1024,8192,1200,300,3.3080,526.33,444.67,1.2380,1410,+18.36,False,False
16,14.8,128,1024,8192,1200,510,2.2720,428.72,444.67,1.2380,1410,-3.59,False,False
16,14.8,128,1024,8192,1200,705,1.8851,392.63,444.67,1.2380,1410,-11.70,False,False
16,14.8,128,1024,8192,1200,900,1.5443,361.68,444.67,1.2380,1410,-18.66,False,False
16,14.8,128,1024,8192,1200,1050,1.3406,338.61,444.67,1.2380,1410,-23.85,False,False
16,14.8,128,1024,8192,1200,1200,1.2166,336.73,444.67,1.2380,1410,-24.27,False,False
16,14.8,128,1024,8192,1200,1305,1.1689,332.60,444.67,1.2380,1410,-25.20,False,False
16,14.8,128,1024,8192,1200,1410,1.1252,331.52,444.67,1.2380,1410,-25.45,False,False
16,14.8,128,2048,4096,300,300,3.3080,391.48,319.40,1.2032,1410,+22.57,False,False
16,14.8,128,2048,4096,300,510,2.2720,305.61,319.40,1.2032,1410,-4.32,False,False
16,14.8,128,2048,4096,300,705,1.8851,273.89,319.40,1.2032,1410,-14.25,False,False
16,14.8,128,2048,4096,300,900,1.5443,246.80,319.40,1.2032,1410,-22.73,False,False
16,14.8,128,2048,4096,300,1050,1.4655,233.25,319.40,1.2032,1410,-26.97,False,False
16,14.8,128,2048,4096,300,1200,1.4655,240.09,319.40,1.2032,1410,-24.83,False,False
16,14.8,128,2048,4096,300,1305,1.4655,239.62,319.40,1.2032,1410,-24.98,False,False
16,14.8,128,2048,4096,300,1410,1.4655,242.04,319.40,1.2032,1410,-24.22,False,False
16,14.8,128,2048,4096,510,300,3.3080,391.24,319.40,1.2032,1410,+22.49,False,False
16,14.8,128,2048,4096,510,510,2.2720,304.28,319.40,1.2032,1410,-4.73,False,False
16,14.8,128,2048,4096,510,705,1.8851,272.16,319.40,1.2032,1410,-14.79,False,False
16,14.8,128,2048,4096,510,900,1.5443,244.71,319.40,1.2032,1410,-23.38,False,False
16,14.8,128,2048,4096,510,1050,1.3406,223.73,319.40,1.2032,1410,-29.95,False,False
16,14.8,128,2048,4096,510,1200,1.2166,223.13,319.40,1.2032,1410,-30.14,False,False
16,14.8,128,2048,4096,510,1305,1.1689,219.49,319.40,1.2032,1410,-31.28,False,False
16,14.8,128,2048,4096,510,1410,1.1252,218.85,319.40,1.2032,1410,-31.48,True,False
16,14.8,128,2048,4096,705,300,3.3080,395.11,319.40,1.2032,1410,+23.71,False,False
16,14.8,128,2048,4096,705,510,2.2720,306.58,319.40,1.2032,1410,-4.01,False,False
16,14.8,128,2048,4096,705,705,1.8851,273.87,319.40,1.2032,1410,-14.25,False,False
16,14.8,128,2048,4096,705,900,1.5443,245.91,319.40,1.2032,1410,-23.01,False,False
16,14.8,128,2048,4096,705,1050,1.3406,224.62,319.40,1.2032,1410,-29.67,False,False
16,14.8,128,2048,4096,705,1200,1.2166,223.83,319.40,1.2032,1410,-29.92,False,False
16,14.8,128,2048,4096,705,1305,1.1689,220.12,319.40,1.2032,1410,-31.08,False,False
16,14.8,128,2048,4096,705,1410,1.1252,219.42,319.40,1.2032,1410,-31.30,False,False
16,14.8,128,2048,4096,900,300,3.3080,400.64,319.40,1.2032,1410,+25.44,False,False
16,14.8,128,2048,4096,900,510,2.2720,310.36,319.40,1.2032,1410,-2.83,False,False
16,14.8,128,2048,4096,900,705,1.8851,277.00,319.40,1.2032,1410,-13.27,False,False
16,14.8,128,2048,4096,900,900,1.5443,248.46,319.40,1.2032,1410,-22.21,False,False
16,14.8,128,2048,4096,900,1050,1.3406,226.83,319.40,1.2032,1410,-28.98,False,False
16,14.8,128,2048,4096,900,1200,1.2166,225.84,319.40,1.2032,1410,-29.29,False,False
16,14.8,128,2048,4096,900,1305,1.1689,222.04,319.40,1.2032,1410,-30.48,False,True
16,14.8,128,2048,4096,900,1410,1.1252,221.27,319.40,1.2032,1410,-30.72,False,False
16,14.8,128,2048,4096,1050,300,3.3080,412.80,319.40,1.2032,1410,+29.24,False,False
16,14.8,128,2048,4096,1050,510,2.2720,318.85,319.40,1.2032,1410,-0.17,False,False
16,14.8,128,2048,4096,1050,705,1.8851,284.13,319.40,1.2032,1410,-11.04,False,False
16,14.8,128,2048,4096,1050,900,1.5443,254.38,319.40,1.2032,1410,-20.36,False,False
16,14.8,128,2048,4096,1050,1050,1.3406,232.03,319.40,1.2032,1410,-27.35,False,False
16,14.8,128,2048,4096,1050,1200,1.2166,230.60,319.40,1.2032,1410,-27.80,False,False
16,14.8,128,2048,4096,1050,1305,1.1689,226.63,319.40,1.2032,1410,-29.04,False,False
16,14.8,128,2048,4096,1050,1410,1.1252,225.71,319.40,1.2032,1410,-29.33,False,False
16,14.8,128,2048,4096,1200,300,3.3080,440.10,319.40,1.2032,1410,+37.79,False,False
16,14.8,128,2048,4096,1200,510,2.2720,342.49,319.40,1.2032,1410,+7.23,False,False
16,14.8,128,2048,4096,1200,705,1.8851,306.40,319.40,1.2032,1410,-4.07,False,False
16,14.8,128,2048,4096,1200,900,1.5443,275.45,319.40,1.2032,1410,-13.76,False,False
16,14.8,128,2048,4096,1200,1050,1.3406,252.38,319.40,1.2032,1410,-20.98,False,False
16,14.8,128,2048,4096,1200,1200,1.2166,250.50,319.40,1.2032,1410,-21.57,False,False
16,14.8,128,2048,4096,1200,1305,1.1689,246.37,319.40,1.2032,1410,-22.86,False,False
16,14.8,128,2048,4096,1200,1410,1.1252,245.29,319.40,1.2032,1410,-23.20,False,False
16,14.8,128,2048,4096,1305,300,3.3080,474.45,319.40,1.2032,1410,+48.55,False,False
16,14.8,128,2048,4096,1305,510,2.2720,369.91,319.40,1.2032,1410,+15.82,False,False
16,14.8,128,2048,4096,1305,705,1.8851,331.23,319.40,1.2032,1410,+3.71,False,False
16,14.8,128,2048,4096,1305,900,1.5443,298.00,319.40,1.2032,1410,-6.70,False,False
16,14.8,128,2048,4096,1305,1050,1.3406,273.57,319.40,1.2032,1410,-14.35,False,False
16,14.8,128,2048,4096,1305,1200,1.2166,270.86,319.40,1.2032,1410,-15.20,False,False
16,14.8,128,2048,4096,1305,1305,1.1689,266.41,319.40,1.2032,1410,-16.59,False,False
16,14.8,128,2048,4096,1305,1410,1.1252,265.04,319.40,1.2032,1410,-17.02,False,False
16,14.8,128,2048,8192,300,300,5.3291,704.90,652.57,1.6379,1275,+8.02,False,False
16,14.8,128,2048,8192,300,510,5.1219,666.25,652.57,1.6379,1275,+2.10,False,False
16,14.8,128,2048,8192,300,705,5.0445,652.88,652.57,1.6379,1275,+0.05,False,False
16,14.8,128,2048,8192,300,900,4.9763,642.28,652.57,1.6379,1275,-1.58,False,False
16,14.8,128,2048,8192,300,1050,4.9356,633.04,652.57,1.6379,1275,-2.99,False,False
16,14.8,128,2048,8192,300,1200,4.9108,640.56,652.57,1.6379,1275,-1.84,False,False
16,14.8,128,2048,8192,300,1305,4.9013,643.54,652.57,1.6379,1275,-1.38,False,False
16,14.8,128,2048,8192,300,1410,4.8925,649.42,652.57,1.6379,1275,-0.48,False,False
16,14.8,128,2048,8192,510,300,3.3177,584.49,652.57,1.6379,1275,-10.43,False,False
16,14.8,128,2048,8192,510,510,3.2191,551.52,652.57,1.6379,1275,-15.49,False,False
16,14.8,128,2048,8192,510,705,3.1418,537.56,652.57,1.6379,1275,-17.62,False,False
16,14.8,128,2048,8192,510,900,3.0736,526.33,652.57,1.6379,1275,-19.34,False,False
16,14.8,128,2048,8192,510,1050,3.0328,515.87,652.57,1.6379,1275,-20.95,False,False
16,14.8,128,2048,8192,510,1200,3.0080,522.21,652.57,1.6379,1275,-19.98,False,False
16,14.8,128,2048,8192,510,1305,2.9985,522.96,652.57,1.6379,1275,-19.86,False,False
16,14.8,128,2048,8192,510,1410,2.9898,526.62,652.57,1.6379,1275,-19.30,False,False
16,14.8,128,2048,8192,705,300,3.3080,585.84,652.57,1.6379,1275,-10.23,False,False
16,14.8,128,2048,8192,705,510,2.4132,505.66,652.57,1.6379,1275,-22.51,False,False
16,14.8,128,2048,8192,705,705,2.3880,494.47,652.57,1.6379,1275,-24.23,False,False
16,14.8,128,2048,8192,705,900,2.3199,482.92,652.57,1.6379,1275,-26.00,False,False
16,14.8,128,2048,8192,705,1050,2.2791,471.93,652.57,1.6379,1275,-27.68,False,False
16,14.8,128,2048,8192,705,1200,2.2543,477.77,652.57,1.6379,1275,-26.79,False,False
16,14.8,128,2048,8192,705,1305,2.2448,477.62,652.57,1.6379,1275,-26.81,False,False
16,14.8,128,2048,8192,705,1410,2.2360,480.39,652.57,1.6379,1275,-26.38,False,False
16,14.8,128,2048,8192,900,300,3.3080,592.96,652.57,1.6379,1275,-9.13,False,False
16,14.8,128,2048,8192,900,510,2.2720,502.68,652.57,1.6379,1275,-22.97,False,False
16,14.8,128,2048,8192,900,705,1.9003,470.25,652.57,1.6379,1275,-27.94,False,False
16,14.8,128,2048,8192,900,900,1.8925,462.14,652.57,1.6379,1275,-29.18,False,False
16,14.8,128,2048,8192,900,1050,1.8517,450.83,652.57,1.6379,1275,-30.92,False,False
16,14.8,128,2048,8192,900,1200,1.8269,456.35,652.57,1.6379,1275,-30.07,False,False
16,14.8,128,2048,8192,900,1305,1.8174,455.70,652.57,1.6379,1275,-30.17,False,True
16,14.8,128,2048,8192,900,1410,1.8087,457.96,652.57,1.6379,1275,-29.82,False,False
16,14.8,128,2048,8192,1050,300,3.3080,607.04,652.57,1.6379,1275,-6.98,False,False
16,14.8,128,2048,8192,1050,510,2.2720,513.09,652.57,1.6379,1275,-21.37,False,False
16,14.8,128,2048,8192,1050,705,1.8851,478.37,652.57,1.6379,1275,-26.69,False,False
16,14.8,128,2048,8192,1050,900,1.6381,454.71,652.57,1.6379,1275,-30.32,False,False
16,14.8,128,2048,8192,1050,1050,1.6332,445.44,652.57,1.6379,1275,-31.74,True,False
16,14.8,128,2048,8192,1050,1200,1.6084,450.74,652.57,1.6379,1275,-30.93,False,False
16,14.8,128,2048,8192,1050,1305,1.5989,449.80,652.57,1.6379,1275,-31.07,False,False
16,14.8,128,2048,8192,1050,1410,1.5901,451.77,652.57,1.6379,1275,-30.77,False,False
16,14.8,128,2048,8192,1200,300,3.3080,682.54,652.57,1.6379,1275,+4.59,False,False
16,14.8,128,2048,8192,1200,510,2.2720,584.94,652.57,1.6379,1275,-10.36,False,False
16,14.8,128,2048,8192,1200,705,1.8851,548.84,652.57,1.6379,1275,-15.89,False,False
16,14.8,128,2048,8192,1200,900,1.5443,517.89,652.57,1.6379,1275,-20.64,False,False
16,14.8,128,2048,8192,1200,1050,1.4400,501.69,652.57,1.6379,1275,-23.12,False,False
16,14.8,128,2048,8192,1200,1200,1.4400,508.52,652.57,1.6379,1275,-22.07,False,False
16,14.8,128,2048,8192,1200,1305,1.4338,507.58,652.57,1.6379,1275,-22.22,False,False
16,14.8,128,2048,8192,1200,1410,1.4251,509.33,652.57,1.6379,1275,-21.95,False,False
16,14.8,128,4096,4096,300,300,3.3080,459.02,447.05,1.2193,1410,+2.68,False,False
16,14.8,128,4096,4096,300,510,2.8721,407.08,447.05,1.2193,1410,-8.94,False,False
16,14.8,128,4096,4096,300,705,2.7947,393.11,447.05,1.2193,1410,-12.06,False,False
16,14.8,128,4096,4096,300,900,2.7266,381.86,447.05,1.2193,1410,-14.58,False,False
16,14.8,128,4096,4096,300,1050,2.6858,371.23,447.05,1.2193,1410,-16.96,False,False
16,14.8,128,4096,4096,300,1200,2.6610,377.37,447.05,1.2193,1410,-15.59,False,False
16,14.8,128,4096,4096,300,1305,2.6515,377.73,447.05,1.2193,1410,-15.51,False,False
16,14.8,128,4096,4096,300,1410,2.6427,381.00,447.05,1.2193,1410,-14.78,False,False
16,14.8,128,4096,4096,510,300,3.3080,456.46,447.05,1.2193,1410,+2.10,False,False
16,14.8,128,4096,4096,510,510,2.2720,369.49,447.05,1.2193,1410,-17.35,False,False
16,14.8,128,4096,4096,510,705,1.8851,337.37,447.05,1.2193,1410,-24.53,False,False
16,14.8,128,4096,4096,510,900,1.7296,320.70,447.05,1.2193,1410,-28.26,False,False
16,14.8,128,4096,4096,510,1050,1.7095,310.62,447.05,1.2193,1410,-30.52,False,False
16,14.8,128,4096,4096,510,1200,1.6847,316.14,447.05,1.2193,1410,-29.28,False,False
16,14.8,128,4096,4096,510,1305,1.6751,315.35,447.05,1.2193,1410,-29.46,False,False
16,14.8,128,4096,4096,510,1410,1.6664,317.47,447.05,1.2193,1410,-28.99,False,False
16,14.8,128,4096,4096,705,300,3.3080,459.98,447.05,1.2193,1410,+2.89,False,False
16,14.8,128,4096,4096,705,510,2.2720,371.45,447.05,1.2193,1410,-16.91,False,False
16,14.8,128,4096,4096,705,705,1.8851,338.75,447.05,1.2193,1410,-24.23,False,False
16,14.8,128,4096,4096,705,900,1.5443,310.78,447.05,1.2193,1410,-30.48,False,False
16,14.8,128,4096,4096,705,1050,1.3406,289.50,447.05,1.2193,1410,-35.24,False,False
16,14.8,128,4096,4096,705,1200,1.2642,291.61,447.05,1.2193,1410,-34.77,False,False
16,14.8,128,4096,4096,705,1305,1.2642,290.91,447.05,1.2193,1410,-34.93,False,False
16,14.8,128,4096,4096,705,1410,1.2642,293.09,447.05,1.2193,1410,-34.44,False,False
16,14.8,128,4096,4096,900,300,3.3080,466.05,447.05,1.2193,1410,+4.25,False,False
16,14.8,128,4096,4096,900,510,2.2720,375.77,447.05,1.2193,1410,-15.94,False,False
16,14.8,128,4096,4096,900,705,1.8851,342.41,447.05,1.2193,1410,-23.41,False,False
16,14.8,128,4096,4096,900,900,1.5443,313.87,447.05,1.2193,1410,-29.79,False,False
16,14.8,128,4096,4096,900,1050,1.3406,292.24,447.05,1.2193,1410,-34.63,False,False
16,14.8,128,4096,4096,900,1200,1.2166,291.25,447.05,1.2193,1410,-34.85,False,False
16,14.8,128,4096,4096,900,1305,1.1689,287.45,447.05,1.2193,1410,-35.70,False,True
16,14.8,128,4096,4096,900,1410,1.1252,286.68,447.05,1.2193,1410,-35.87,True,False
16,14.8,128,4096,4096,1050,300,3.3080,478.78,447.05,1.2193,1410,+7.10,False,False
16,14.8,128,4096,4096,1050,510,2.2720,384.83,447.05,1.2193,1410,-13.92,False,False
16,14.8,128,4096,4096,1050,705,1.8851,350.11,447.05,1.2193,1410,-21.68,False,False
16,14.8,128,4096,4096,1050,900,1.5443,320.37,447.05,1.2193,1410,-28.34,False,False
16,14.8,128,4096,4096,1050,1050,1.3406,298.01,447.05,1.2193,1410,-33.34,False,False
16,14.8,128,4096,4096,1050,1200,1.2166,296.58,447.05,1.2193,1410,-33.66,False,False
16,14.8,128,4096,4096,1050,1305,1.1689,292.62,447.05,1.2193,1410,-34.55,False,False
16,14.8,128,4096,4096,1050,1410,1.1252,291.69,447.05,1.2193,1410,-34.75,False,False
16,14.8,128,4096,4096,1200,300,3.3080,523.20,447.05,1.2193,1410,+17.03,False,False
16,14.8,128,4096,4096,1200,510,2.2720,425.59,447.05,1.2193,1410,-4.80,False,False
16,14.8,128,4096,4096,1200,705,1.8851,389.50,447.05,1.2193,1410,-12.87,False,False
16,14.8,128,4096,4096,1200,900,1.5443,358.55,447.05,1.2193,1410,-19.80,False,False
16,14.8,128,4096,4096,1200,1050,1.3406,335.48,447.05,1.2193,1410,-24.96,False,False
16,14.8,128,4096,4096,1200,1200,1.2166,333.61,447.05,1.2193,1410,-25.38,False,False
16,14.8,128,4096,4096,1200,1305,1.1689,329.47,447.05,1.2193,1410,-26.30,False,False
16,14.8,128,4096,4096,1200,1410,1.1252,328.39,447.05,1.2193,1410,-26.54,False,False
16,14.8,128,8192,8192,300,300,18.2814,2245.58,1943.82,4.8912,1200,+15.52,False,False
16,14.8,128,8192,8192,300,510,18.0633,2208.69,1943.82,4.8912,1200,+13.63,False,False
16,14.8,128,8192,8192,300,705,17.9819,2198.49,1943.82,4.8912,1200,+13.10,False,False
16,14.8,128,8192,8192,300,900,17.9102,2191.48,1943.82,4.8912,1200,+12.74,False,False
16,14.8,128,8192,8192,300,1050,17.8673,2190.06,1943.82,4.8912,1200,+12.67,False,False
16,14.8,128,8192,8192,300,1200,17.8411,2205.47,1943.82,4.8912,1200,+13.46,False,False
16,14.8,128,8192,8192,300,1305,17.8311,2223.47,1943.82,4.8912,1200,+14.39,False,False
16,14.8,128,8192,8192,300,1410,17.8219,2244.37,1943.82,4.8912,1200,+15.46,False,False
16,14.8,128,8192,8192,510,300,11.0642,1811.49,1943.82,4.8912,1200,-6.81,False,False
16,14.8,128,8192,8192,510,510,10.8461,1773.06,1943.82,4.8912,1200,-8.78,False,False
16,14.8,128,8192,8192,510,705,10.7646,1760.87,1943.82,4.8912,1200,-9.41,False,False
16,14.8,128,8192,8192,510,900,10.6929,1751.67,1943.82,4.8912,1200,-9.89,False,False
16,14.8,128,8192,8192,510,1050,10.6500,1745.77,1943.82,4.8912,1200,-10.19,False,False
16,14.8,128,8192,8192,510,1200,10.6239,1756.71,1943.82,4.8912,1200,-9.63,False,False
16,14.8,128,8192,8192,510,1305,10.6139,1766.29,1943.82,4.8912,1200,-9.13,False,False
16,14.8,128,8192,8192,510,1410,10.6046,1778.79,1943.82,4.8912,1200,-8.49,False,False
16,14.8,128,8192,8192,705,300,8.2114,1653.01,1943.82,4.8912,1200,-14.96,False,False
16,14.8,128,8192,8192,705,510,7.9933,1613.72,1943.82,4.8912,1200,-16.98,False,False
16,14.8,128,8192,8192,705,705,7.9118,1600.66,1943.82,4.8912,1200,-17.65,False,False
16,14.8,128,8192,8192,705,900,7.8401,1590.51,1943.82,4.8912,1200,-18.18,False,False
16,14.8,128,8192,8192,705,1050,7.7972,1582.80,1943.82,4.8912,1200,-18.57,False,False
16,14.8,128,8192,8192,705,1200,7.7711,1591.94,1943.82,4.8912,1200,-18.10,False,False
16,14.8,128,8192,8192,705,1305,7.7610,1598.19,1943.82,4.8912,1200,-17.78,False,False
16,14.8,128,8192,8192,705,1410,7.7518,1607.35,1943.82,4.8912,1200,-17.31,False,False
16,14.8,128,8192,8192,900,300,6.5932,1571.97,1943.82,4.8912,1200,-19.13,False,False
16,14.8,128,8192,8192,900,510,6.3751,1532.02,1943.82,4.8912,1200,-21.19,False,False
16,14.8,128,8192,8192,900,705,6.2936,1518.39,1943.82,4.8912,1200,-21.89,False,False
16,14.8,128,8192,8192,900,900,6.2219,1507.65,1943.82,4.8912,1200,-22.44,False,False
16,14.8,128,8192,8192,900,1050,6.1790,1498.87,1943.82,4.8912,1200,-22.89,False,False
16,14.8,128,8192,8192,900,1200,6.1529,1506.97,1943.82,4.8912,1200,-22.47,False,False
16,14.8,128,8192,8192,900,1305,6.1428,1511.32,1943.82,4.8912,1200,-22.25,False,True
16,14.8,128,8192,8192,900,1410,6.1336,1518.58,1943.82,4.8912,1200,-21.88,False,False
16,14.8,128,8192,8192,1050,300,5.7697,1561.92,1943.82,4.8912,1200,-19.65,False,False
16,14.8,128,8192,8192,1050,510,5.5516,1521.04,1943.82,4.8912,1200,-21.75,False,False
16,14.8,128,8192,8192,1050,705,5.4701,1506.91,1943.82,4.8912,1200,-22.48,False,False
16,14.8,128,8192,8192,1050,900,5.3984,1495.68,1943.82,4.8912,1200,-23.05,False,False
16,14.8,128,8192,8192,1050,1050,5.3555,1486.23,1943.82,4.8912,1200,-23.54,True,False
16,14.8,128,8192,8192,1050,1200,5.3294,1493.74,1943.82,4.8912,1200,-23.15,False,False
16,14.8,128,8192,8192,1050,1305,5.3194,1497.10,1943.82,4.8912,1200,-22.98,False,False
16,14.8,128,8192,8192,1050,1410,5.3101,1503.36,1943.82,4.8912,1200,-22.66,False,False
16,14.8,128,8192,8192,1200,300,5.1453,1796.73,1943.82,4.8912,1200,-7.57,False,False
16,14.8,128,8192,8192,1200,510,4.9272,1754.97,1943.82,4.8912,1200,-9.72,False,False
16,14.8,128,8192,8192,1200,705,4.8457,1740.39,1943.82,4.8912,1200,-10.47,False,False
16,14.8,128,8192,8192,1200,900,4.7740,1728.72,1943.82,4.8912,1200,-11.07,False,False
16,14.8,128,8192,8192,1200,1050,4.7311,1718.74,1943.82,4.8912,1200,-11.58,False,False
16,14.8,128,8192,8192,1200,1200,4.7050,1725.77,1943.82,4.8912,1200,-11.22,False,False
16,14.8,128,8192,8192,1200,1305,4.6950,1728.36,1943.82,4.8912,1200,-11.08,False,False
16,14.8,128,8192,8192,1200,1410,4.6857,1733.87,1943.82,4.8912,1200,-10.80,False,False
16,14.8,256,1024,4096,300,300,6.5059,665.58,435.17,2.2626,1410,+52.95,False,False
16,14.8,256,1024,4096,300,510,4.4323,492.00,435.17,2.2626,1410,+13.06,False,False
16,14.8,256,1024,4096,300,705,3.6592,429.08,435.17,2.2626,1410,-1.40,False,False
16,14.8,256,1024,4096,300,900,2.9886,375.39,435.17,2.2626,1410,-13.74,False,False
16,14.8,256,1024,4096,300,1050,2.6001,337.61,435.17,2.2626,1410,-22.42,False,False
16,14.8,256,1024,4096,300,1200,2.3537,335.79,435.17,2.2626,1410,-22.84,False,False
16,14.8,256,1024,4096,300,1305,2.2402,328.27,435.17,2.2626,1410,-24.57,False,False
16,14.8,256,1024,4096,300,1410,2.1901,339.77,435.17,2.2626,1410,-21.92,False,False
16,14.8,256,1024,4096,510,300,6.5059,669.84,435.17,2.2626,1410,+53.93,False,False
16,14.8,256,1024,4096,510,510,4.4323,494.08,435.17,2.2626,1410,+13.54,False,False
16,14.8,256,1024,4096,510,705,3.6592,430.35,435.17,2.2626,1410,-1.11,False,False
16,14.8,256,1024,4096,510,900,2.9886,375.94,435.17,2.2626,1410,-13.61,False,False
16,14.8,256,1024,4096,510,1050,2.6001,337.76,435.17,2.2626,1410,-22.39,False,False
16,14.8,256,1024,4096,510,1200,2.3537,335.68,435.17,2.2626,1410,-22.86,False,False
16,14.8,256,1024,4096,510,1305,2.2402,328.04,435.17,2.2626,1410,-24.62,True,False
16,14.8,256,1024,4096,510,1410,2.1901,339.49,435.17,2.2626,1410,-21.99,False,False
16,14.8,256,1024,4096,705,300,6.5059,678.79,435.17,2.2626,1410,+55.98,False,False
16,14.8,256,1024,4096,705,510,4.4323,499.89,435.17,2.2626,1410,+14.87,False,False
16,14.8,256,1024,4096,705,705,3.6592,434.99,435.17,2.2626,1410,-0.04,False,False
16,14.8,256,1024,4096,705,900,2.9886,379.57,435.17,2.2626,1410,-12.78,False,False
16,14.8,256,1024,4096,705,1050,2.6001,340.80,435.17,2.2626,1410,-21.69,False,False
16,14.8,256,1024,4096,705,1200,2.3537,338.35,435.17,2.2626,1410,-22.25,False,False
16,14.8,256,1024,4096,705,1305,2.2402,330.54,435.17,2.2626,1410,-24.04,False,False
16,14.8,256,1024,4096,705,1410,2.1901,341.91,435.17,2.2626,1410,-21.43,False,False
16,14.8,256,1024,4096,900,300,6.5059,689.45,435.17,2.2626,1410,+58.43,False,False
16,14.8,256,1024,4096,900,510,4.4323,507.06,435.17,2.2626,1410,+16.52,False,False
16,14.8,256,1024,4096,900,705,3.6592,440.86,435.17,2.2626,1410,+1.31,False,False
16,14.8,256,1024,4096,900,900,2.9886,384.31,435.17,2.2626,1410,-11.69,False,False
16,14.8,256,1024,4096,900,1050,2.6001,344.88,435.17,2.2626,1410,-20.75,False,False
16,14.8,256,1024,4096,900,1200,2.3537,342.01,435.17,2.2626,1410,-21.41,False,False
16,14.8,256,1024,4096,900,1305,2.2402,334.01,435.17,2.2626,1410,-23.25,False,True
16,14.8,256,1024,4096,900,1410,2.1901,345.30,435.17,2.2626,1410,-20.65,False,False
16,14.8,256,1024,4096,1050,300,6.5059,712.34,435.17,2.2626,1410,+63.69,False,False
16,14.8,256,1024,4096,1050,510,4.4323,522.62,435.17,2.2626,1410,+20.09,False,False
16,14.8,256,1024,4096,1050,705,3.6592,453.68,435.17,2.2626,1410,+4.25,False,False
16,14.8,256,1024,4096,1050,900,2.9886,394.76,435.17,2.2626,1410,-9.29,False,False
16,14.8,256,1024,4096,1050,1050,2.6001,353.96,435.17,2.2626,1410,-18.66,False,False
16,14.8,256,1024,4096,1050,1200,2.3537,350.22,435.17,2.2626,1410,-19.52,False,False
16,14.8,256,1024,4096,1050,1305,2.2402,341.82,435.17,2.2626,1410,-21.45,False,False
16,14.8,256,1024,4096,1050,1410,2.1901,352.93,435.17,2.2626,1410,-18.90,False,False
16,14.8,256,1024,4096,1200,300,6.5059,742.77,435.17,2.2626,1410,+70.68,False,False
16,14.8,256,1024,4096,1200,510,4.4323,545.71,435.17,2.2626,1410,+25.40,False,False
16,14.8,256,1024,4096,1200,705,3.6592,474.04,435.17,2.2626,1410,+8.93,False,False
16,14.8,256,1024,4096,1200,900,2.9886,412.75,435.17,2.2626,1410,-5.15,False,False
16,14.8,256,1024,4096,1200,1050,2.6001,370.57,435.17,2.2626,1410,-14.84,False,False
16,14.8,256,1024,4096,1200,1200,2.3537,365.96,435.17,2.2626,1410,-15.90,False,False
16,14.8,256,1024,4096,1200,1305,2.2402,357.16,435.17,2.2626,1410,-17.93,False,False
16,14.8,256,1024,4096,1200,1410,2.1901,368.09,435.17,2.2626,1410,-15.41,False,False
16,14.8,256,1024,4096,1305,300,6.5059,791.48,435.17,2.2626,1410,+81.88,False,False
16,14.8,256,1024,4096,1305,510,4.4323,580.54,435.17,2.2626,1410,+33.40,False,False
16,14.8,256,1024,4096,1305,705,3.6592,503.69,435.17,2.2626,1410,+15.75,False,False
16,14.8,256,1024,4096,1305,900,2.9886,437.91,435.17,2.2626,1410,+0.63,False,False
16,14.8,256,1024,4096,1305,1050,2.6001,393.14,435.17,2.2626,1410,-9.66,False,False
16,14.8,256,1024,4096,1305,1200,2.3537,386.88,435.17,2.2626,1410,-11.10,False,False
16,14.8,256,1024,4096,1305,1305,2.2402,377.32,435.17,2.2626,1410,-13.29,False,False
16,14.8,256,1024,4096,1305,1410,2.1901,387.91,435.17,2.2626,1410,-10.86,False,False
16,14.8,256,1024,4096,1410,300,6.5059,848.93,435.17,2.2626,1410,+95.08,False,False
16,14.8,256,1024,4096,1410,510,4.4323,624.12,435.17,2.2626,1410,+43.42,False,False
16,14.8,256,1024,4096,1410,705,3.6592,542.10,435.17,2.2626,1410,+24.57,False,False
16,14.8,256,1024,4096,1410,900,2.9886,471.83,435.17,2.2626,1410,+8.42,False,False
16,14.8,256,1024,4096,1410,1050,2.6001,424.45,435.17,2.2626,1410,-2.46,False,False
16,14.8,256,1024,4096,1410,1200,2.3537,416.54,435.17,2.2626,1410,-4.28,False,False
16,14.8,256,1024,4096,1410,1305,2.2402,406.22,435.17,2.2626,1410,-6.65,False,False
16,14.8,256,1024,4096,1410,1410,2.1901,416.49,435.17,2.2626,1410,-4.29,False,False
16,14.8,256,1024,8192,300,300,6.5059,771.74,616.15,2.2710,1410,+25.25,False,False
16,14.8,256,1024,8192,300,510,4.4323,598.16,616.15,2.2710,1410,-2.92,False,False
16,14.8,256,1024,8192,300,705,3.6592,535.25,616.15,2.2710,1410,-13.13,False,False
16,14.8,256,1024,8192,300,900,2.9886,481.55,616.15,2.2710,1410,-21.85,False,False
16,14.8,256,1024,8192,300,1050,2.9560,464.32,616.15,2.2710,1410,-24.64,False,False
16,14.8,256,1024,8192,300,1200,2.9341,475.81,616.15,2.2710,1410,-22.78,False,False
16,14.8,256,1024,8192,300,1305,2.9114,474.36,616.15,2.2710,1410,-23.01,False,False
16,14.8,256,1024,8192,300,1410,2.9014,489.08,616.15,2.2710,1410,-20.62,False,False
16,14.8,256,1024,8192,510,300,6.5059,772.20,616.15,2.2710,1410,+25.33,False,False
16,14.8,256,1024,8192,510,510,4.4323,596.44,616.15,2.2710,1410,-3.20,False,False
16,14.8,256,1024,8192,510,705,3.6592,532.71,616.15,2.2710,1410,-13.54,False,False
16,14.8,256,1024,8192,510,900,2.9886,478.31,616.15,2.2710,1410,-22.37,False,False
16,14.8,256,1024,8192,510,1050,2.6001,440.12,616.15,2.2710,1410,-28.57,False,False
16,14.8,256,1024,8192,510,1200,2.3537,438.04,616.15,2.2710,1410,-28.91,False,False
16,14.8,256,1024,8192,510,1305,2.2402,430.40,616.15,2.2710,1410,-30.15,True,False
16,14.8,256,1024,8192,510,1410,2.1901,441.85,616.15,2.2710,1410,-28.29,False,False
16,14.8,256,1024,8192,705,300,6.5059,780.08,616.15,2.2710,1410,+26.61,False,False
16,14.8,256,1024,8192,705,510,4.4323,601.19,616.15,2.2710,1410,-2.43,False,False
16,14.8,256,1024,8192,705,705,3.6592,536.29,616.15,2.2710,1410,-12.96,False,False
16,14.8,256,1024,8192,705,900,2.9886,480.87,616.15,2.2710,1410,-21.96,False,False
16,14.8,256,1024,8192,705,1050,2.6001,442.10,616.15,2.2710,1410,-28.25,False,False
16,14.8,256,1024,8192,705,1200,2.3537,439.64,616.15,2.2710,1410,-28.65,False,False
16,14.8,256,1024,8192,705,1305,2.2402,431.84,616.15,2.2710,1410,-29.91,False,False
16,14.8,256,1024,8192,705,1410,2.1901,443.21,616.15,2.2710,1410,-28.07,False,False
16,14.8,256,1024,8192,900,300,6.5059,791.35,616.15,2.2710,1410,+28.43,False,False
16,14.8,256,1024,8192,900,510,4.4323,608.96,616.15,2.2710,1410,-1.17,False,False
16,14.8,256,1024,8192,900,705,3.6592,542.76,616.15,2.2710,1410,-11.91,False,False
16,14.8,256,1024,8192,900,900,2.9886,486.21,616.15,2.2710,1410,-21.09,False,False
16,14.8,256,1024,8192,900,1050,2.6001,446.78,616.15,2.2710,1410,-27.49,False,False
16,14.8,256,1024,8192,900,1200,2.3537,443.91,616.15,2.2710,1410,-27.95,False,False
16,14.8,256,1024,8192,900,1305,2.2402,435.91,616.15,2.2710,1410,-29.25,False,True
16,14.8,256,1024,8192,900,1410,2.1901,447.20,616.15,2.2710,1410,-27.42,False,False
16,14.8,256,1024,8192,1050,300,6.5059,815.57,616.15,2.2710,1410,+32.36,False,False
16,14.8,256,1024,8192,1050,510,4.4323,625.84,616.15,2.2710,1410,+1.57,False,False
16,14.8,256,1024,8192,1050,705,3.6592,556.91,616.15,2.2710,1410,-9.62,False,False
16,14.8,256,1024,8192,1050,900,2.9886,497.99,616.15,2.2710,1410,-19.18,False,False
16,14.8,256,1024,8192,1050,1050,2.6001,457.18,616.15,2.2710,1410,-25.80,False,False
16,14.8,256,1024,8192,1050,1200,2.3537,453.44,616.15,2.2710,1410,-26.41,False,False
16,14.8,256,1024,8192,1050,1305,2.2402,445.04,616.15,2.2710,1410,-27.77,False,False
16,14.8,256,1024,8192,1050,1410,2.1901,456.15,616.15,2.2710,1410,-25.97,False,False
16,14.8,256,1024,8192,1200,300,6.5059,870.29,616.15,2.2710,1410,+41.25,False,False
16,14.8,256,1024,8192,1200,510,4.4323,673.23,616.15,2.2710,1410,+9.26,False,False
16,14.8,256,1024,8192,1200,705,3.6592,601.56,616.15,2.2710,1410,-2.37,False,False
16,14.8,256,1024,8192,1200,900,2.9886,540.26,616.15,2.2710,1410,-12.32,False,False
16,14.8,256,1024,8192,1200,1050,2.6001,498.09,616.15,2.2710,1410,-19.16,False,False
16,14.8,256,1024,8192,1200,1200,2.3537,493.48,616.15,2.2710,1410,-19.91,False,False
16,14.8,256,1024,8192,1200,1305,2.2402,484.67,616.15,2.2710,1410,-21.34,False,False
16,14.8,256,1024,8192,1200,1410,2.1901,495.61,616.15,2.2710,1410,-19.56,False,False
16,14.8,256,2048,4096,300,300,6.5059,699.23,493.13,2.2405,1410,+41.79,False,False
16,14.8,256,2048,4096,300,510,4.4323,525.65,493.13,2.2405,1410,+6.59,False,False
16,14.8,256,2048,4096,300,705,3.6592,462.73,493.13,2.2405,1410,-6.16,False,False
16,14.8,256,2048,4096,300,900,2.9886,409.04,493.13,2.2405,1410,-17.05,False,False
16,14.8,256,2048,4096,300,1050,2.6001,371.26,493.13,2.2405,1410,-24.71,False,False
16,14.8,256,2048,4096,300,1200,2.3537,369.44,493.13,2.2405,1410,-25.08,False,False
16,14.8,256,2048,4096,300,1305,2.2402,361.92,493.13,2.2405,1410,-26.61,False,False
16,14.8,256,2048,4096,300,1410,2.1901,373.42,493.13,2.2405,1410,-24.28,False,False
16,14.8,256,2048,4096,510,300,6.5059,702.36,493.13,2.2405,1410,+42.43,False,False
16,14.8,256,2048,4096,510,510,4.4323,526.60,493.13,2.2405,1410,+6.79,False,False
16,14.8,256,2048,4096,510,705,3.6592,462.87,493.13,2.2405,1410,-6.14,False,False
16,14.8,256,2048,4096,510,900,2.9886,408.46,493.13,2.2405,1410,-17.17,False,False
16,14.8,256,2048,4096,510,1050,2.6001,370.27,493.13,2.2405,1410,-24.91,False,False
16,14.8,256,2048,4096,510,1200,2.3537,368.19,493.13,2.2405,1410,-25.34,False,False
16,14.8,256,2048,4096,510,1305,2.2402,360.56,493.13,2.2405,1410,-26.88,True,False
16,14.8,256,2048,4096,510,1410,2.1901,372.01,493.13,2.2405,1410,-24.56,False,False
16,14.8,256,2048,4096,705,300,6.5059,711.06,493.13,2.2405,1410,+44.19,False,False
16,14.8,256,2048,4096,705,510,4.4323,532.16,493.13,2.2405,1410,+7.91,False,False
16,14.8,256,2048,4096,705,705,3.6592,467.26,493.13,2.2405,1410,-5.25,False,False
16,14.8,256,2048,4096,705,900,2.9886,411.84,493.13,2.2405,1410,-16.48,False,False
16,14.8,256,2048,4096,705,1050,2.6001,373.07,493.13,2.2405,1410,-24.35,False,False
16,14.8,256,2048,4096,705,1200,2.3537,370.62,493.13,2.2405,1410,-24.84,False,False
16,14.8,256,2048,4096,705,1305,2.2402,362.81,493.13,2.2405,1410,-26.43,False,False
16,14.8,256,2048,4096,705,1410,2.1901,374.18,493.13,2.2405,1410,-24.12,False,False
16,14.8,256,2048,4096,900,300,6.5059,721.98,493.13,2.2405,1410,+46.41,False,False
16,14.8,256,2048,4096,900,510,4.4323,539.59,493.13,2.2405,1410,+9.42,False,False
16,14.8,256,2048,4096,900,705,3.6592,473.39,493.13,2.2405,1410,-4.00,False,False
16,14.8,256,2048,4096,900,900,2.9886,416.84,493.13,2.2405,1410,-15.47,False,False
16,14.8,256,2048,4096,900,1050,2.6001,377.41,493.13,2.2405,1410,-23.47,False,False
16,14.8,256,2048,4096,900,1200,2.3537,374.54,493.13,2.2405,1410,-24.05,False,False
16,14.8,256,2048,4096,900,1305,2.2402,366.54,493.13,2.2405,1410,-25.67,False,True
16,14.8,256,2048,4096,900,1410,2.1901,377.83,493.13,2.2405,1410,-23.38,False,False
16,14.8,256,2048,4096,1050,300,6.5059,745.45,493.13,2.2405,1410,+51.17,False,False
16,14.8,256,2048,4096,1050,510,4.4323,555.72,493.13,2.2405,1410,+12.69,False,False
16,14.8,256,2048,4096,1050,705,3.6592,486.78,493.13,2.2405,1410,-1.29,False,False
16,14.8,256,2048,4096,1050,900,2.9886,427.86,493.13,2.2405,1410,-13.24,False,False
16,14.8,256,2048,4096,1050,1050,2.6001,387.06,493.13,2.2405,1410,-21.51,False,False
16,14.8,256,2048,4096,1050,1200,2.3537,383.32,493.13,2.2405,1410,-22.27,False,False
16,14.8,256,2048,4096,1050,1305,2.2402,374.92,493.13,2.2405,1410,-23.97,False,False
16,14.8,256,2048,4096,1050,1410,2.1901,386.03,493.13,2.2405,1410,-21.72,False,False
16,14.8,256,2048,4096,1200,300,6.5059,784.06,493.13,2.2405,1410,+59.00,False,False
16,14.8,256,2048,4096,1200,510,4.4323,587.00,493.13,2.2405,1410,+19.03,False,False
16,14.8,256,2048,4096,1200,705,3.6592,515.33,493.13,2.2405,1410,+4.50,False,False
16,14.8,256,2048,4096,1200,900,2.9886,454.04,493.13,2.2405,1410,-7.93,False,False
16,14.8,256,2048,4096,1200,1050,2.6001,411.86,493.13,2.2405,1410,-16.48,False,False
16,14.8,256,2048,4096,1200,1200,2.3537,407.25,493.13,2.2405,1410,-17.42,False,False
16,14.8,256,2048,4096,1200,1305,2.2402,398.45,493.13,2.2405,1410,-19.20,False,False
16,14.8,256,2048,4096,1200,1410,2.1901,409.38,493.13,2.2405,1410,-16.98,False,False
16,14.8,256,2048,4096,1305,300,6.5059,839.82,493.13,2.2405,1410,+70.30,False,False
16,14.8,256,2048,4096,1305,510,4.4323,628.88,493.13,2.2405,1410,+27.53,False,False
16,14.8,256,2048,4096,1305,705,3.6592,552.03,493.13,2.2405,1410,+11.94,False,False
16,14.8,256,2048,4096,1305,900,2.9886,486.25,493.13,2.2405,1410,-1.40,False,False
16,14.8,256,2048,4096,1305,1050,2.6001,441.48,493.13,2.2405,1410,-10.48,False,False
16,14.8,256,2048,4096,1305,1200,2.3537,435.22,493.13,2.2405,1410,-11.74,False,False
16,14.8,256,2048,4096,1305,1305,2.2402,425.66,493.13,2.2405,1410,-13.68,False,False
16,14.8,256,2048,4096,1305,1410,2.1901,436.25,493.13,2.2405,1410,-11.53,False,False
16,14.8,256,2048,8192,300,300,6.5059,898.72,854.53,2.2853,1410,+5.17,False,False
16,14.8,256,2048,8192,300,510,5.5539,788.57,854.53,2.2853,1410,-7.72,False,False
16,14.8,256,2048,8192,300,705,5.3993,761.09,854.53,2.2853,1410,-10.93,False,False
16,14.8,256,2048,8192,300,900,5.2652,738.53,854.53,2.2853,1410,-13.57,False,False
16,14.8,256,2048,8192,300,1050,5.1875,720.10,854.53,2.2853,1410,-15.73,False,False
16,14.8,256,2048,8192,300,1200,5.1382,731.37,854.53,2.2853,1410,-14.41,False,False
16,14.8,256,2048,8192,300,1305,5.1155,732.49,854.53,2.2853,1410,-14.28,False,False
16,14.8,256,2048,8192,300,1410,5.1055,749.77,854.53,2.2853,1410,-12.26,False,False
16,14.8,256,2048,8192,510,300,6.5059,895.04,854.53,2.2853,1410,+4.74,False,False
16,14.8,256,2048,8192,510,510,4.4323,719.28,854.53,2.2853,1410,-15.83,False,False
16,14.8,256,2048,8192,510,705,3.6592,655.55,854.53,2.2853,1410,-23.29,False,False
16,14.8,256,2048,8192,510,900,3.3177,620.28,854.53,2.2853,1410,-27.41,False,False
16,14.8,256,2048,8192,510,1050,3.2847,603.20,854.53,2.2853,1410,-29.41,False,False
16,14.8,256,2048,8192,510,1200,3.2355,613.25,854.53,2.2853,1410,-28.24,False,False
16,14.8,256,2048,8192,510,1305,3.2128,612.13,854.53,2.2853,1410,-28.37,False,False
16,14.8,256,2048,8192,510,1410,3.2027,627.19,854.53,2.2853,1410,-26.60,False,False
16,14.8,256,2048,8192,705,300,6.5059,901.79,854.53,2.2853,1410,+5.53,False,False
16,14.8,256,2048,8192,705,510,4.4323,722.90,854.53,2.2853,1410,-15.40,False,False
16,14.8,256,2048,8192,705,705,3.6592,658.00,854.53,2.2853,1410,-23.00,False,False
16,14.8,256,2048,8192,705,900,2.9886,602.58,854.53,2.2853,1410,-29.48,False,False
16,14.8,256,2048,8192,705,1050,2.6001,563.80,854.53,2.2853,1410,-34.02,False,False
16,14.8,256,2048,8192,705,1200,2.4132,564.98,854.53,2.2853,1410,-33.88,False,False
16,14.8,256,2048,8192,705,1305,2.4132,564.28,854.53,2.2853,1410,-33.97,False,False
16,14.8,256,2048,8192,705,1410,2.4132,579.02,854.53,2.2853,1410,-32.24,False,False
16,14.8,256,2048,8192,900,300,6.5059,914.30,854.53,2.2853,1410,+6.99,False,False
16,14.8,256,2048,8192,900,510,4.4323,731.91,854.53,2.2853,1410,-14.35,False,False
16,14.8,256,2048,8192,900,705,3.6592,665.70,854.53,2.2853,1410,-22.10,False,False
16,14.8,256,2048,8192,900,900,2.9886,609.15,854.53,2.2853,1410,-28.71,False,False
16,14.8,256,2048,8192,900,1050,2.6001,569.72,854.53,2.2853,1410,-33.33,False,False
16,14.8,256,2048,8192,900,1200,2.3537,566.85,854.53,2.2853,1410,-33.66,False,False
16,14.8,256,2048,8192,900,1305,2.2402,558.86,854.53,2.2853,1410,-34.60,True,True
16,14.8,256,2048,8192,900,1410,2.1901,570.14,854.53,2.2853,1410,-33.28,False,False
16,14.8,256,2048,8192,1050,300,6.5059,939.69,854.53,2.2853,1410,+9.97,False,False
16,14.8,256,2048,8192,1050,510,4.4323,749.96,854.53,2.2853,1410,-12.24,False,False
16,14.8,256,2048,8192,1050,705,3.6592,681.02,854.53,2.2853,1410,-20.30,False,False
16,14.8,256,2048,8192,1050,900,2.9886,622.10,854.53,2.2853,1410,-27.20,False,False
16,14.8,256,2048,8192,1050,1050,2.6001,581.30,854.53,2.2853,1410,-31.97,False,False
16,14.8,256,2048,8192,1050,1200,2.3537,577.56,854.53,2.2853,1410,-32.41,False,False
16,14.8,256,2048,8192,1050,1305,2.2402,569.16,854.53,2.2853,1410,-33.39,False,False
16,14.8,256,2048,8192,1050,1410,2.1901,580.27,854.53,2.2853,1410,-32.09,False,False
16,14.8,256,2048,8192,1200,300,6.5059,1026.50,854.53,2.2853,1410,+20.13,False,False
16,14.8,256,2048,8192,1200,510,4.4323,829.45,854.53,2.2853,1410,-2.94,False,False
16,14.8,256,2048,8192,1200,705,3.6592,757.77,854.53,2.2853,1410,-11.32,False,False
16,14.8,256,2048,8192,1200,900,2.9886,696.48,854.53,2.2853,1410,-18.50,False,False
16,14.8,256,2048,8192,1200,1050,2.6001,654.30,854.53,2.2853,1410,-23.43,False,False
16,14.8,256,2048,8192,1200,1200,2.3537,649.69,854.53,2.2853,1410,-23.97,False,False
16,14.8,256,2048,8192,1200,1305,2.2402,640.89,854.53,2.2853,1410,-25.00,False,False
16,14.8,256,2048,8192,1200,1410,2.1901,651.83,854.53,2.2853,1410,-23.72,False,False
16,14.8,256,4096,4096,300,300,6.5059,766.77,625.62,2.2586,1410,+22.56,False,False
16,14.8,256,4096,4096,300,510,4.4323,593.19,625.62,2.2586,1410,-5.18,False,False
16,14.8,256,4096,4096,300,705,3.6592,530.28,625.62,2.2586,1410,-15.24,False,False
16,14.8,256,4096,4096,300,900,2.9886,476.58,625.62,2.2586,1410,-23.82,False,False
16,14.8,256,4096,4096,300,1050,2.9013,456.18,625.62,2.2586,1410,-27.08,False,False
16,14.8,256,4096,4096,300,1200,2.8884,468.17,625.62,2.2586,1410,-25.17,False,False
16,14.8,256,4096,4096,300,1305,2.8658,466.68,625.62,2.2586,1410,-25.41,False,False
16,14.8,256,4096,4096,300,1410,2.8557,481.34,625.62,2.2586,1410,-23.06,False,False
16,14.8,256,4096,4096,510,300,6.5059,767.57,625.62,2.2586,1410,+22.69,False,False
16,14.8,256,4096,4096,510,510,4.4323,591.81,625.62,2.2586,1410,-5.40,False,False
16,14.8,256,4096,4096,510,705,3.6592,528.08,625.62,2.2586,1410,-15.59,False,False
16,14.8,256,4096,4096,510,900,2.9886,473.67,625.62,2.2586,1410,-24.29,False,False
16,14.8,256,4096,4096,510,1050,2.6001,435.49,625.62,2.2586,1410,-30.39,False,False
16,14.8,256,4096,4096,510,1200,2.3537,433.41,625.62,2.2586,1410,-30.72,False,False
16,14.8,256,4096,4096,510,1305,2.2402,425.77,625.62,2.2586,1410,-31.94,True,False
16,14.8,256,4096,4096,510,1410,2.1901,437.22,625.62,2.2586,1410,-30.11,False,False
16,14.8,256,4096,4096,705,300,6.5059,775.93,625.62,2.2586,1410,+24.03,False,False
16,14.8,256,4096,4096,705,510,4.4323,597.04,625.62,2.2586,1410,-4.57,False,False
16,14.8,256,4096,4096,705,705,3.6592,532.14,625.62,2.2586,1410,-14.94,False,False
16,14.8,256,4096,4096,705,900,2.9886,476.72,625.62,2.2586,1410,-23.80,False,False
16,14.8,256,4096,4096,705,1050,2.6001,437.95,625.62,2.2586,1410,-30.00,False,False
16,14.8,256,4096,4096,705,1200,2.3537,435.49,625.62,2.2586,1410,-30.39,False,False
16,14.8,256,4096,4096,705,1305,2.2402,427.68,625.62,2.2586,1410,-31.64,False,False
16,14.8,256,4096,4096,705,1410,2.1901,439.06,625.62,2.2586,1410,-29.82,False,False
16,14.8,256,4096,4096,900,300,6.5059,787.39,625.62,2.2586,1410,+25.86,False,False
16,14.8,256,4096,4096,900,510,4.4323,605.00,625.62,2.2586,1410,-3.30,False,False
16,14.8,256,4096,4096,900,705,3.6592,538.79,625.62,2.2586,1410,-13.88,False,False
16,14.8,256,4096,4096,900,900,2.9886,482.24,625.62,2.2586,1410,-22.92,False,False
16,14.8,256,4096,4096,900,1050,2.6001,442.82,625.62,2.2586,1410,-29.22,False,False
16,14.8,256,4096,4096,900,1200,2.3537,439.95,625.62,2.2586,1410,-29.68,False,False
16,14.8,256,4096,4096,900,1305,2.2402,431.95,625.62,2.2586,1410,-30.96,False,True
16,14.8,256,4096,4096,900,1410,2.1901,443.24,625.62,2.2586,1410,-29.15,False,False
16,14.8,256,4096,4096,1050,300,6.5059,811.43,625.62,2.2586,1410,+29.70,False,False
16,14.8,256,4096,4096,1050,510,4.4323,621.70,625.62,2.2586,1410,-0.63,False,False
16,14.8,256,4096,4096,1050,705,3.6592,552.77,625.62,2.2586,1410,-11.65,False,False
16,14.8,256,4096,4096,1050,900,2.9886,493.84,625.62,2.2586,1410,-21.06,False,False
16,14.8,256,4096,4096,1050,1050,2.6001,453.04,625.62,2.2586,1410,-27.59,False,False
16,14.8,256,4096,4096,1050,1200,2.3537,449.30,625.62,2.2586,1410,-28.18,False,False
16,14.8,256,4096,4096,1050,1305,2.2402,440.90,625.62,2.2586,1410,-29.53,False,False
16,14.8,256,4096,4096,1050,1410,2.1901,452.01,625.62,2.2586,1410,-27.75,False,False
16,14.8,256,4096,4096,1200,300,6.5059,867.16,625.62,2.2586,1410,+38.61,False,False
16,14.8,256,4096,4096,1200,510,4.4323,670.10,625.62,2.2586,1410,+7.11,False,False
16,14.8,256,4096,4096,1200,705,3.6592,598.43,625.62,2.2586,1410,-4.35,False,False
16,14.8,256,4096,4096,1200,900,2.9886,537.14,625.62,2.2586,1410,-14.14,False,False
16,14.8,256,4096,4096,1200,1050,2.6001,494.96,625.62,2.2586,1410,-20.89,False,False
16,14.8,256,4096,4096,1200,1200,2.3537,490.35,625.62,2.2586,1410,-21.62,False,False
16,14.8,256,4096,4096,1200,1305,2.2402,481.55,625.62,2.2586,1410,-23.03,False,False
16,14.8,256,4096,4096,1200,1410,2.1901,492.48,625.62,2.2586,1410,-21.28,False,False
16,14.8,256,8192,8192,300,300,18.9547,2411.02,2050.84,5.1179,1185,+17.56,False,False
16,14.8,256,8192,8192,300,510,18.5181,2332.30,2050.84,5.1179,1185,+13.72,False,False
16,14.8,256,8192,8192,300,705,18.3554,2307.75,2050.84,5.1179,1185,+12.53,False,False
16,14.8,256,8192,8192,300,900,18.2142,2288.60,2050.84,5.1179,1185,+11.59,False,False
16,14.8,256,8192,8192,300,1050,18.1324,2277.89,2050.84,5.1179,1185,+11.07,False,False
16,14.8,256,8192,8192,300,1200,18.0805,2296.97,2050.84,5.1179,1185,+12.00,False,False
16,14.8,256,8192,8192,300,1305,18.0567,2313.09,2050.84,5.1179,1185,+12.79,False,False
16,14.8,256,8192,8192,300,1410,18.0461,2345.40,2050.84,5.1179,1185,+14.36,False,False
16,14.8,256,8192,8192,510,300,11.7374,1977.64,2050.84,5.1179,1185,-3.57,False,False
16,14.8,256,8192,8192,510,510,11.3009,1897.14,2050.84,5.1179,1185,-7.49,False,False
16,14.8,256,8192,8192,510,705,11.1381,1870.53,2050.84,5.1179,1185,-8.79,False,False
16,14.8,256,8192,8192,510,900,10.9969,1849.11,2050.84,5.1179,1185,-9.84,False,False
16,14.8,256,8192,8192,510,1050,10.9151,1833.87,2050.84,5.1179,1185,-10.58,False,False
16,14.8,256,8192,8192,510,1200,10.8633,1848.46,2050.84,5.1179,1185,-9.87,False,False
16,14.8,256,8192,8192,510,1305,10.8394,1856.15,2050.84,5.1179,1185,-9.49,False,False
16,14.8,256,8192,8192,510,1410,10.8288,1880.05,2050.84,5.1179,1185,-8.33,False,False
16,14.8,256,8192,8192,705,300,8.8846,1820.18,2050.84,5.1179,1185,-11.25,False,False
16,14.8,256,8192,8192,705,510,8.4480,1738.49,2050.84,5.1179,1185,-15.23,False,False
16,14.8,256,8192,8192,705,705,8.2853,1710.89,2050.84,5.1179,1185,-16.58,False,False
16,14.8,256,8192,8192,705,900,8.1441,1688.41,2050.84,5.1179,1185,-17.67,False,False
16,14.8,256,8192,8192,705,1050,8.0623,1671.30,2050.84,5.1179,1185,-18.51,False,False
16,14.8,256,8192,8192,705,1200,8.0104,1684.06,2050.84,5.1179,1185,-17.88,False,False
16,14.8,256,8192,8192,705,1305,7.9866,1688.39,2050.84,5.1179,1185,-17.67,False,False
16,14.8,256,8192,8192,705,1410,7.9760,1708.95,2050.84,5.1179,1185,-16.67,False,False
16,14.8,256,8192,8192,900,300,7.1382,1732.50,2050.84,5.1179,1185,-15.52,False,False
16,14.8,256,8192,8192,900,510,6.8299,1657.56,2050.84,5.1179,1185,-19.18,False,False
16,14.8,256,8192,8192,900,705,6.6671,1629.25,2050.84,5.1179,1185,-20.56,False,False
16,14.8,256,8192,8192,900,900,6.5259,1606.06,2050.84,5.1179,1185,-21.69,False,False
16,14.8,256,8192,8192,900,1050,6.4441,1587.82,2050.84,5.1179,1185,-22.58,False,False
16,14.8,256,8192,8192,900,1200,6.3923,1599.49,2050.84,5.1179,1185,-22.01,False,False
16,14.8,256,8192,8192,900,1305,6.3684,1601.90,2050.84,5.1179,1185,-21.89,False,True
16,14.8,256,8192,8192,900,1410,6.3578,1620.57,2050.84,5.1179,1185,-20.98,False,False
16,14.8,256,8192,8192,1050,300,6.5059,1736.64,2050.84,5.1179,1185,-15.32,False,False
16,14.8,256,8192,8192,1050,510,6.0064,1648.19,2050.84,5.1179,1185,-19.63,False,False
16,14.8,256,8192,8192,1050,705,5.8436,1619.09,2050.84,5.1179,1185,-21.05,False,False
16,14.8,256,8192,8192,1050,900,5.7024,1595.16,2050.84,5.1179,1185,-22.22,False,False
16,14.8,256,8192,8192,1050,1050,5.6206,1576.12,2050.84,5.1179,1185,-23.15,True,False
16,14.8,256,8192,8192,1050,1200,5.5688,1587.10,2050.84,5.1179,1185,-22.61,False,False
16,14.8,256,8192,8192,1050,1305,5.5449,1588.47,2050.84,5.1179,1185,-22.55,False,False
16,14.8,256,8192,8192,1050,1410,5.5343,1606.14,2050.84,5.1179,1185,-21.68,False,False
16,14.8,256,8192,8192,1200,300,6.5059,2016.32,2050.84,5.1179,1185,-1.68,False,False
16,14.8,256,8192,8192,1200,510,5.3820,1883.72,2050.84,5.1179,1185,-8.15,False,False
16,14.8,256,8192,8192,1200,705,5.2192,1853.89,2050.84,5.1179,1185,-9.60,False,False
16,14.8,256,8192,8192,1200,900,5.0781,1829.28,2050.84,5.1179,1185,-10.80,False,False
16,14.8,256,8192,8192,1200,1050,4.9963,1809.57,2050.84,5.1179,1185,-11.76,False,False
16,14.8,256,8192,8192,1200,1200,4.9444,1819.98,2050.84,5.1179,1185,-11.26,False,False
16,14.8,256,8192,8192,1200,1305,4.9205,1820.53,2050.84,5.1179,1185,-11.23,False,False
16,14.8,256,8192,8192,1200,1410,4.9099,1837.44,2050.84,5.1179,1185,-10.41,False,False
16,14.8,512,1024,4096,300,300,12.9051,1279.75,781.97,4.3203,1410,+63.66,False,False
16,14.8,512,1024,4096,300,510,8.7139,930.42,781.97,4.3203,1410,+18.98,False,False
16,14.8,512,1024,4096,300,705,7.1704,802.05,781.97,4.3203,1410,+2.57,False,False
16,14.8,512,1024,4096,300,900,5.8470,697.22,781.97,4.3203,1410,-10.84,False,False
16,14.8,512,1024,4096,300,1050,5.0834,622.50,781.97,4.3203,1410,-20.39,False,False
16,14.8,512,1024,4096,300,1200,4.6067,619.59,781.97,4.3203,1410,-20.77,False,False
16,14.8,512,1024,4096,300,1305,4.3827,605.86,781.97,4.3203,1410,-22.52,True,False
16,14.8,512,1024,4096,300,1410,4.2440,628.20,781.97,4.3203,1410,-19.67,False,False
16,14.8,512,1024,4096,510,300,12.9051,1290.75,781.97,4.3203,1410,+65.06,False,False
16,14.8,512,1024,4096,510,510,8.7139,937.01,781.97,4.3203,1410,+19.83,False,False
16,14.8,512,1024,4096,510,705,7.1704,807.01,781.97,4.3203,1410,+3.20,False,False
16,14.8,512,1024,4096,510,900,5.8470,700.79,781.97,4.3203,1410,-10.38,False,False
16,14.8,512,1024,4096,510,1050,5.0834,625.26,781.97,4.3203,1410,-20.04,False,False
16,14.8,512,1024,4096,510,1200,4.6067,621.86,781.97,4.3203,1410,-20.48,False,False
16,14.8,512,1024,4096,510,1305,4.3827,607.89,781.97,4.3203,1410,-22.26,False,False
16,14.8,512,1024,4096,510,1410,4.2440,630.08,781.97,4.3203,1410,-19.42,False,False
16,14.8,512,1024,4096,705,300,12.9051,1309.37,781.97,4.3203,1410,+67.44,False,False
16,14.8,512,1024,4096,705,510,8.7139,949.29,781.97,4.3203,1410,+21.40,False,False
16,14.8,512,1024,4096,705,705,7.1704,816.96,781.97,4.3203,1410,+4.47,False,False
16,14.8,512,1024,4096,705,900,5.8470,708.74,781.97,4.3203,1410,-9.37,False,False
16,14.8,512,1024,4096,705,1050,5.0834,632.06,781.97,4.3203,1410,-19.17,False,False
16,14.8,512,1024,4096,705,1200,4.6067,627.93,781.97,4.3203,1410,-19.70,False,False
16,14.8,512,1024,4096,705,1305,4.3827,613.62,781.97,4.3203,1410,-21.53,False,False
16,14.8,512,1024,4096,705,1410,4.2440,635.61,781.97,4.3203,1410,-18.72,False,False
16,14.8,512,1024,4096,900,300,12.9051,1330.83,781.97,4.3203,1410,+70.19,False,False
16,14.8,512,1024,4096,900,510,8.7139,963.68,781.97,4.3203,1410,+23.24,False,False
16,14.8,512,1024,4096,900,705,7.1704,828.75,781.97,4.3203,1410,+5.98,False,False
16,14.8,512,1024,4096,900,900,5.8470,718.29,781.97,4.3203,1410,-8.14,False,False
16,14.8,512,1024,4096,900,1050,5.0834,640.32,781.97,4.3203,1410,-18.11,False,False
16,14.8,512,1024,4096,900,1200,4.6067,635.40,781.97,4.3203,1410,-18.74,False,False
16,14.8,512,1024,4096,900,1305,4.3827,620.71,781.97,4.3203,1410,-20.62,False,True
16,14.8,512,1024,4096,900,1410,4.2440,642.46,781.97,4.3203,1410,-17.84,False,False
16,14.8,512,1024,4096,1050,300,12.9051,1376.35,781.97,4.3203,1410,+76.01,False,False
16,14.8,512,1024,4096,1050,510,8.7139,994.38,781.97,4.3203,1410,+27.16,False,False
16,14.8,512,1024,4096,1050,705,7.1704,853.99,781.97,4.3203,1410,+9.21,False,False
16,14.8,512,1024,4096,1050,900,5.8470,738.85,781.97,4.3203,1410,-5.51,False,False
16,14.8,512,1024,4096,1050,1050,5.0834,658.18,781.97,4.3203,1410,-15.83,False,False
16,14.8,512,1024,4096,1050,1200,4.6067,651.57,781.97,4.3203,1410,-16.68,False,False
16,14.8,512,1024,4096,1050,1305,4.3827,636.09,781.97,4.3203,1410,-18.66,False,False
16,14.8,512,1024,4096,1050,1410,4.2440,657.35,781.97,4.3203,1410,-15.94,False,False
16,14.8,512,1024,4096,1200,300,12.9051,1429.41,781.97,4.3203,1410,+82.80,False,False
16,14.8,512,1024,4096,1200,510,8.7139,1032.62,781.97,4.3203,1410,+32.05,False,False
16,14.8,512,1024,4096,1200,705,7.1704,886.77,781.97,4.3203,1410,+13.40,False,False
16,14.8,512,1024,4096,1200,900,5.8470,766.95,781.97,4.3203,1410,-1.92,False,False
16,14.8,512,1024,4096,1200,1050,5.0834,683.58,781.97,4.3203,1410,-12.58,False,False
16,14.8,512,1024,4096,1200,1200,4.6067,675.28,781.97,4.3203,1410,-13.64,False,False
16,14.8,512,1024,4096,1200,1305,4.3827,659.01,781.97,4.3203,1410,-15.72,False,False
16,14.8,512,1024,4096,1200,1410,4.2440,679.77,781.97,4.3203,1410,-13.07,False,False
16,14.8,512,1024,4096,1305,300,12.9051,1520.94,781.97,4.3203,1410,+94.50,False,False
16,14.8,512,1024,4096,1305,510,8.7139,1096.10,781.97,4.3203,1410,+40.17,False,False
16,14.8,512,1024,4096,1305,705,7.1704,939.92,781.97,4.3203,1410,+20.20,False,False
16,14.8,512,1024,4096,1305,900,5.8470,811.24,781.97,4.3203,1410,+3.74,False,False
16,14.8,512,1024,4096,1305,1050,5.0834,722.76,781.97,4.3203,1410,-7.57,False,False
16,14.8,512,1024,4096,1305,1200,4.6067,711.27,781.97,4.3203,1410,-9.04,False,False
16,14.8,512,1024,4096,1305,1305,4.3827,693.50,781.97,4.3203,1410,-11.31,False,False
16,14.8,512,1024,4096,1305,1410,4.2440,713.34,781.97,4.3203,1410,-8.78,False,False
16,14.8,512,1024,4096,1410,300,12.9051,1621.22,781.97,4.3203,1410,+107.32,False,False
16,14.8,512,1024,4096,1410,510,8.7139,1168.33,781.97,4.3203,1410,+49.41,False,False
16,14.8,512,1024,4096,1410,705,7.1704,1001.82,781.97,4.3203,1410,+28.11,False,False
16,14.8,512,1024,4096,1410,900,5.8470,864.29,781.97,4.3203,1410,+10.53,False,False
16,14.8,512,1024,4096,1410,1050,5.0834,770.70,781.97,4.3203,1410,-1.44,False,False
16,14.8,512,1024,4096,1410,1200,4.6067,756.02,781.97,4.3203,1410,-3.32,False,False
16,14.8,512,1024,4096,1410,1305,4.3827,736.75,781.97,4.3203,1410,-5.78,False,False
16,14.8,512,1024,4096,1410,1410,4.2440,755.66,781.97,4.3203,1410,-3.36,False,False
16,14.8,512,1024,8192,300,300,12.9051,1385.92,965.07,4.3376,1410,+43.61,False,False
16,14.8,512,1024,8192,300,510,8.7139,1036.59,965.07,4.3376,1410,+7.41,False,False
16,14.8,512,1024,8192,300,705,7.1704,908.21,965.07,4.3376,1410,-5.89,False,False
16,14.8,512,1024,8192,300,900,5.8470,803.38,965.07,4.3376,1410,-16.75,False,False
16,14.8,512,1024,8192,300,1050,5.0834,728.66,965.07,4.3376,1410,-24.50,False,False
16,14.8,512,1024,8192,300,1200,4.6067,725.76,965.07,4.3376,1410,-24.80,False,False
16,14.8,512,1024,8192,300,1305,4.3827,712.02,965.07,4.3376,1410,-26.22,False,False
16,14.8,512,1024,8192,300,1410,4.2440,734.36,965.07,4.3376,1410,-23.91,False,False
16,14.8,512,1024,8192,510,300,12.9051,1393.12,965.07,4.3376,1410,+44.35,False,False
16,14.8,512,1024,8192,510,510,8.7139,1039.37,965.07,4.3376,1410,+7.70,False,False
16,14.8,512,1024,8192,510,705,7.1704,909.37,965.07,4.3376,1410,-5.77,False,False
16,14.8,512,1024,8192,510,900,5.8470,803.15,965.07,4.3376,1410,-16.78,False,False
16,14.8,512,1024,8192,510,1050,5.0834,727.62,965.07,4.3376,1410,-24.60,False,False
16,14.8,512,1024,8192,510,1200,4.6067,724.22,965.07,4.3376,1410,-24.96,False,False
16,14.8,512,1024,8192,510,1305,4.3827,710.25,965.07,4.3376,1410,-26.40,True,False
16,14.8,512,1024,8192,510,1410,4.2440,732.44,965.07,4.3376,1410,-24.11,False,False
16,14.8,512,1024,8192,705,300,12.9051,1410.67,965.07,4.3376,1410,+46.17,False,False
16,14.8,512,1024,8192,705,510,8.7139,1050.59,965.07,4.3376,1410,+8.86,False,False
16,14.8,512,1024,8192,705,705,7.1704,918.26,965.07,4.3376,1410,-4.85,False,False
16,14.8,512,1024,8192,705,900,5.8470,810.03,965.07,4.3376,1410,-16.06,False,False
16,14.8,512,1024,8192,705,1050,5.0834,733.35,965.07,4.3376,1410,-24.01,False,False
16,14.8,512,1024,8192,705,1200,4.6067,729.23,965.07,4.3376,1410,-24.44,False,False
16,14.8,512,1024,8192,705,1305,4.3827,714.92,965.07,4.3376,1410,-25.92,False,False
16,14.8,512,1024,8192,705,1410,4.2440,736.90,965.07,4.3376,1410,-23.64,False,False
16,14.8,512,1024,8192,900,300,12.9051,1432.73,965.07,4.3376,1410,+48.46,False,False
16,14.8,512,1024,8192,900,510,8.7139,1065.58,965.07,4.3376,1410,+10.41,False,False
16,14.8,512,1024,8192,900,705,7.1704,930.65,965.07,4.3376,1410,-3.57,False,False
16,14.8,512,1024,8192,900,900,5.8470,820.19,965.07,4.3376,1410,-15.01,False,False
16,14.8,512,1024,8192,900,1050,5.0834,742.22,965.07,4.3376,1410,-23.09,False,False
16,14.8,512,1024,8192,900,1200,4.6067,737.29,965.07,4.3376,1410,-23.60,False,False
16,14.8,512,1024,8192,900,1305,4.3827,722.61,965.07,4.3376,1410,-25.12,False,True
16,14.8,512,1024,8192,900,1410,4.2440,744.35,965.07,4.3376,1410,-22.87,False,False
16,14.8,512,1024,8192,1050,300,12.9051,1479.58,965.07,4.3376,1410,+53.31,False,False
16,14.8,512,1024,8192,1050,510,8.7139,1097.61,965.07,4.3376,1410,+13.73,False,False
16,14.8,512,1024,8192,1050,705,7.1704,957.22,965.07,4.3376,1410,-0.81,False,False
16,14.8,512,1024,8192,1050,900,5.8470,842.08,965.07,4.3376,1410,-12.74,False,False
16,14.8,512,1024,8192,1050,1050,5.0834,761.41,965.07,4.3376,1410,-21.10,False,False
16,14.8,512,1024,8192,1050,1200,4.6067,754.79,965.07,4.3376,1410,-21.79,False,False
16,14.8,512,1024,8192,1050,1305,4.3827,739.32,965.07,4.3376,1410,-23.39,False,False
16,14.8,512,1024,8192,1050,1410,4.2440,760.57,965.07,4.3376,1410,-21.19,False,False
16,14.8,512,1024,8192,1200,300,12.9051,1556.92,965.07,4.3376,1410,+61.33,False,False
16,14.8,512,1024,8192,1200,510,8.7139,1160.13,965.07,4.3376,1410,+20.21,False,False
16,14.8,512,1024,8192,1200,705,7.1704,1014.28,965.07,4.3376,1410,+5.10,False,False
16,14.8,512,1024,8192,1200,900,5.8470,894.46,965.07,4.3376,1410,-7.32,False,False
16,14.8,512,1024,8192,1200,1050,5.0834,811.10,965.07,4.3376,1410,-15.95,False,False
16,14.8,512,1024,8192,1200,1200,4.6067,802.79,965.07,4.3376,1410,-16.81,False,False
16,14.8,512,1024,8192,1200,1305,4.3827,786.52,965.07,4.3376,1410,-18.50,False,False
16,14.8,512,1024,8192,1200,1410,4.2440,807.29,965.07,4.3376,1410,-16.35,False,False
16,14.8,512,2048,4096,300,300,12.9051,1313.40,844.43,4.3052,1410,+55.54,False,False
16,14.8,512,2048,4096,300,510,8.7139,964.07,844.43,4.3052,1410,+14.17,False,False
16,14.8,512,2048,4096,300,705,7.1704,835.70,844.43,4.3052,1410,-1.03,False,False
16,14.8,512,2048,4096,300,900,5.8470,730.87,844.43,4.3052,1410,-13.45,False,False
16,14.8,512,2048,4096,300,1050,5.0834,656.15,844.43,4.3052,1410,-22.30,False,False
16,14.8,512,2048,4096,300,1200,4.6067,653.24,844.43,4.3052,1410,-22.64,False,False
16,14.8,512,2048,4096,300,1305,4.3827,639.51,844.43,4.3052,1410,-24.27,True,False
16,14.8,512,2048,4096,300,1410,4.2440,661.85,844.43,4.3052,1410,-21.62,False,False
16,14.8,512,2048,4096,510,300,12.9051,1323.27,844.43,4.3052,1410,+56.71,False,False
16,14.8,512,2048,4096,510,510,8.7139,969.53,844.43,4.3052,1410,+14.81,False,False
16,14.8,512,2048,4096,510,705,7.1704,839.53,844.43,4.3052,1410,-0.58,False,False
16,14.8,512,2048,4096,510,900,5.8470,733.30,844.43,4.3052,1410,-13.16,False,False
16,14.8,512,2048,4096,510,1050,5.0834,657.78,844.43,4.3052,1410,-22.10,False,False
16,14.8,512,2048,4096,510,1200,4.6067,654.37,844.43,4.3052,1410,-22.51,False,False
16,14.8,512,2048,4096,510,1305,4.3827,640.40,844.43,4.3052,1410,-24.16,False,False
16,14.8,512,2048,4096,510,1410,4.2440,662.59,844.43,4.3052,1410,-21.53,False,False
16,14.8,512,2048,4096,705,300,12.9051,1341.64,844.43,4.3052,1410,+58.88,False,False
16,14.8,512,2048,4096,705,510,8.7139,981.56,844.43,4.3052,1410,+16.24,False,False
16,14.8,512,2048,4096,705,705,7.1704,849.23,844.43,4.3052,1410,+0.57,False,False
16,14.8,512,2048,4096,705,900,5.8470,741.01,844.43,4.3052,1410,-12.25,False,False
16,14.8,512,2048,4096,705,1050,5.0834,664.33,844.43,4.3052,1410,-21.33,False,False
16,14.8,512,2048,4096,705,1200,4.6067,660.20,844.43,4.3052,1410,-21.82,False,False
16,14.8,512,2048,4096,705,1305,4.3827,645.89,844.43,4.3052,1410,-23.51,False,False
16,14.8,512,2048,4096,705,1410,4.2440,667.88,844.43,4.3052,1410,-20.91,False,False
16,14.8,512,2048,4096,900,300,12.9051,1363.36,844.43,4.3052,1410,+61.45,False,False
16,14.8,512,2048,4096,900,510,8.7139,996.21,844.43,4.3052,1410,+17.97,False,False
16,14.8,512,2048,4096,900,705,7.1704,861.28,844.43,4.3052,1410,+2.00,False,False
16,14.8,512,2048,4096,900,900,5.8470,750.82,844.43,4.3052,1410,-11.09,False,False
16,14.8,512,2048,4096,900,1050,5.0834,672.85,844.43,4.3052,1410,-20.32,False,False
16,14.8,512,2048,4096,900,1200,4.6067,667.92,844.43,4.3052,1410,-20.90,False,False
16,14.8,512,2048,4096,900,1305,4.3827,653.24,844.43,4.3052,1410,-22.64,False,True
16,14.8,512,2048,4096,900,1410,4.2440,674.98,844.43,4.3052,1410,-20.07,False,False
16,14.8,512,2048,4096,1050,300,12.9051,1409.45,844.43,4.3052,1410,+66.91,False,False
16,14.8,512,2048,4096,1050,510,8.7139,1027.48,844.43,4.3052,1410,+21.68,False,False
16,14.8,512,2048,4096,1050,705,7.1704,887.09,844.43,4.3052,1410,+5.05,False,False
16,14.8,512,2048,4096,1050,900,5.8470,771.95,844.43,4.3052,1410,-8.58,False,False
16,14.8,512,2048,4096,1050,1050,5.0834,691.29,844.43,4.3052,1410,-18.14,False,False
16,14.8,512,2048,4096,1050,1200,4.6067,684.67,844.43,4.3052,1410,-18.92,False,False
16,14.8,512,2048,4096,1050,1305,4.3827,669.19,844.43,4.3052,1410,-20.75,False,False
16,14.8,512,2048,4096,1050,1410,4.2440,690.45,844.43,4.3052,1410,-18.23,False,False
16,14.8,512,2048,4096,1200,300,12.9051,1470.70,844.43,4.3052,1410,+74.17,False,False
16,14.8,512,2048,4096,1200,510,8.7139,1073.91,844.43,4.3052,1410,+27.18,False,False
16,14.8,512,2048,4096,1200,705,7.1704,928.06,844.43,4.3052,1410,+9.90,False,False
16,14.8,512,2048,4096,1200,900,5.8470,808.24,844.43,4.3052,1410,-4.29,False,False
16,14.8,512,2048,4096,1200,1050,5.0834,724.87,844.43,4.3052,1410,-14.16,False,False
16,14.8,512,2048,4096,1200,1200,4.6067,716.57,844.43,4.3052,1410,-15.14,False,False
16,14.8,512,2048,4096,1200,1305,4.3827,700.30,844.43,4.3052,1410,-17.07,False,False
16,14.8,512,2048,4096,1200,1410,4.2440,721.06,844.43,4.3052,1410,-14.61,False,False
16,14.8,512,2048,4096,1305,300,12.9051,1569.28,844.43,4.3052,1410,+85.84,False,False
16,14.8,512,2048,4096,1305,510,8.7139,1144.44,844.43,4.3052,1410,+35.53,False,False
16,14.8,512,2048,4096,1305,705,7.1704,988.26,844.43,4.3052,1410,+17.03,False,False
16,14.8,512,2048,4096,1305,900,5.8470,859.58,844.43,4.3052,1410,+1.79,False,False
16,14.8,512,2048,4096,1305,1050,5.0834,771.10,844.43,4.3052,1410,-8.68,False,False
16,14.8,512,2048,4096,1305,1200,4.6067,759.61,844.43,4.3052,1410,-10.04,False,False
16,14.8,512,2048,4096,1305,1305,4.3827,741.84,844.43,4.3052,1410,-12.15,False,False
16,14.8,512,2048,4096,1305,1410,4.2440,761.68,844.43,4.3052,1410,-9.80,False,False
16,14.8,512,2048,8192,300,300,12.9051,1512.90,1189.85,4.3517,1410,+27.15,False,False
16,14.8,512,2048,8192,300,510,8.7139,1163.57,1189.85,4.3517,1410,-2.21,False,False
16,14.8,512,2048,8192,300,705,7.1704,1035.19,1189.85,4.3517,1410,-13.00,False,False
16,14.8,512,2048,8192,300,900,5.8470,930.36,1189.85,4.3517,1410,-21.81,False,False
16,14.8,512,2048,8192,300,1050,5.6010,885.51,1189.85,4.3517,1410,-25.58,False,False
16,14.8,512,2048,8192,300,1200,5.5888,910.03,1189.85,4.3517,1410,-23.52,False,False
16,14.8,512,2048,8192,300,1305,5.5440,908.10,1189.85,4.3517,1410,-23.68,False,False
16,14.8,512,2048,8192,300,1410,5.5163,938.52,1189.85,4.3517,1410,-21.12,False,False
16,14.8,512,2048,8192,510,300,12.9051,1515.96,1189.85,4.3517,1410,+27.41,False,False
16,14.8,512,2048,8192,510,510,8.7139,1162.21,1189.85,4.3517,1410,-2.32,False,False
16,14.8,512,2048,8192,510,705,7.1704,1032.21,1189.85,4.3517,1410,-13.25,False,False
16,14.8,512,2048,8192,510,900,5.8470,925.99,1189.85,4.3517,1410,-22.18,False,False
16,14.8,512,2048,8192,510,1050,5.0834,850.46,1189.85,4.3517,1410,-28.52,False,False
16,14.8,512,2048,8192,510,1200,4.6067,847.06,1189.85,4.3517,1410,-28.81,False,False
16,14.8,512,2048,8192,510,1305,4.3827,833.09,1189.85,4.3517,1410,-29.98,True,False
16,14.8,512,2048,8192,510,1410,4.2440,855.28,1189.85,4.3517,1410,-28.12,False,False
16,14.8,512,2048,8192,705,300,12.9051,1532.37,1189.85,4.3517,1410,+28.79,False,False
16,14.8,512,2048,8192,705,510,8.7139,1172.29,1189.85,4.3517,1410,-1.48,False,False
16,14.8,512,2048,8192,705,705,7.1704,1039.97,1189.85,4.3517,1410,-12.60,False,False
16,14.8,512,2048,8192,705,900,5.8470,931.74,1189.85,4.3517,1410,-21.69,False,False
16,14.8,512,2048,8192,705,1050,5.0834,855.06,1189.85,4.3517,1410,-28.14,False,False
16,14.8,512,2048,8192,705,1200,4.6067,850.93,1189.85,4.3517,1410,-28.48,False,False
16,14.8,512,2048,8192,705,1305,4.3827,836.63,1189.85,4.3517,1410,-29.69,False,False
16,14.8,512,2048,8192,705,1410,4.2440,858.61,1189.85,4.3517,1410,-27.84,False,False
16,14.8,512,2048,8192,900,300,12.9051,1555.67,1189.85,4.3517,1410,+30.75,False,False
16,14.8,512,2048,8192,900,510,8.7139,1188.53,1189.85,4.3517,1410,-0.11,False,False
16,14.8,512,2048,8192,900,705,7.1704,1053.59,1189.85,4.3517,1410,-11.45,False,False
16,14.8,512,2048,8192,900,900,5.8470,943.13,1189.85,4.3517,1410,-20.73,False,False
16,14.8,512,2048,8192,900,1050,5.0834,865.17,1189.85,4.3517,1410,-27.29,False,False
16,14.8,512,2048,8192,900,1200,4.6067,860.24,1189.85,4.3517,1410,-27.70,False,False
16,14.8,512,2048,8192,900,1305,4.3827,845.55,1189.85,4.3517,1410,-28.94,False,True
16,14.8,512,2048,8192,900,1410,4.2440,867.30,1189.85,4.3517,1410,-27.11,False,False
16,14.8,512,2048,8192,1050,300,12.9051,1603.69,1189.85,4.3517,1410,+34.78,False,False
16,14.8,512,2048,8192,1050,510,8.7139,1221.72,1189.85,4.3517,1410,+2.68,False,False
16,14.8,512,2048,8192,1050,705,7.1704,1081.33,1189.85,4.3517,1410,-9.12,False,False
16,14.8,512,2048,8192,1050,900,5.8470,966.19,1189.85,4.3517,1410,-18.80,False,False
16,14.8,512,2048,8192,1050,1050,5.0834,885.53,1189.85,4.3517,1410,-25.58,False,False
16,14.8,512,2048,8192,1050,1200,4.6067,878.91,1189.85,4.3517,1410,-26.13,False,False
16,14.8,512,2048,8192,1050,1305,4.3827,863.43,1189.85,4.3517,1410,-27.43,False,False
16,14.8,512,2048,8192,1050,1410,4.2440,884.69,1189.85,4.3517,1410,-25.65,False,False
16,14.8,512,2048,8192,1200,300,12.9051,1713.14,1189.85,4.3517,1410,+43.98,False,False
16,14.8,512,2048,8192,1200,510,8.7139,1316.35,1189.85,4.3517,1410,+10.63,False,False
16,14.8,512,2048,8192,1200,705,7.1704,1170.50,1189.85,4.3517,1410,-1.63,False,False
16,14.8,512,2048,8192,1200,900,5.8470,1050.68,1189.85,4.3517,1410,-11.70,False,False
16,14.8,512,2048,8192,1200,1050,5.0834,967.31,1189.85,4.3517,1410,-18.70,False,False
16,14.8,512,2048,8192,1200,1200,4.6067,959.01,1189.85,4.3517,1410,-19.40,False,False
16,14.8,512,2048,8192,1200,1305,4.3827,942.74,1189.85,4.3517,1410,-20.77,False,False
16,14.8,512,2048,8192,1200,1410,4.2440,963.51,1189.85,4.3517,1410,-19.02,False,False
16,14.8,512,4096,4096,300,300,12.9051,1380.95,968.80,4.3275,1410,+42.54,False,False
16,14.8,512,4096,4096,300,510,8.7139,1031.62,968.80,4.3275,1410,+6.48,False,False
16,14.8,512,4096,4096,300,705,7.1704,903.24,968.80,4.3275,1410,-6.77,False,False
16,14.8,512,4096,4096,300,900,5.8470,798.41,968.80,4.3275,1410,-17.59,False,False
16,14.8,512,4096,4096,300,1050,5.0834,723.69,968.80,4.3275,1410,-25.30,False,False
16,14.8,512,4096,4096,300,1200,4.6067,720.79,968.80,4.3275,1410,-25.60,False,False
16,14.8,512,4096,4096,300,1305,4.3827,707.05,968.80,4.3275,1410,-27.02,False,False
16,14.8,512,4096,4096,300,1410,4.2440,729.39,968.80,4.3275,1410,-24.71,False,False
16,14.8,512,4096,4096,510,300,12.9051,1388.48,968.80,4.3275,1410,+43.32,False,False
16,14.8,512,4096,4096,510,510,8.7139,1034.74,968.80,4.3275,1410,+6.81,False,False
16,14.8,512,4096,4096,510,705,7.1704,904.74,968.80,4.3275,1410,-6.61,False,False
16,14.8,512,4096,4096,510,900,5.8470,798.52,968.80,4.3275,1410,-17.58,False,False
16,14.8,512,4096,4096,510,1050,5.0834,722.99,968.80,4.3275,1410,-25.37,False,False
16,14.8,512,4096,4096,510,1200,4.6067,719.59,968.80,4.3275,1410,-25.72,False,False
16,14.8,512,4096,4096,510,1305,4.3827,705.62,968.80,4.3275,1410,-27.17,True,False
16,14.8,512,4096,4096,510,1410,4.2440,727.81,968.80,4.3275,1410,-24.87,False,False
16,14.8,512,4096,4096,705,300,12.9051,1406.51,968.80,4.3275,1410,+45.18,False,False
16,14.8,512,4096,4096,705,510,8.7139,1046.44,968.80,4.3275,1410,+8.01,False,False
16,14.8,512,4096,4096,705,705,7.1704,914.11,968.80,4.3275,1410,-5.64,False,False
16,14.8,512,4096,4096,705,900,5.8470,805.88,968.80,4.3275,1410,-16.82,False,False
16,14.8,512,4096,4096,705,1050,5.0834,729.20,968.80,4.3275,1410,-24.73,False,False
16,14.8,512,4096,4096,705,1200,4.6067,725.08,968.80,4.3275,1410,-25.16,False,False
16,14.8,512,4096,4096,705,1305,4.3827,710.77,968.80,4.3275,1410,-26.63,False,False
16,14.8,512,4096,4096,705,1410,4.2440,732.75,968.80,4.3275,1410,-24.36,False,False
16,14.8,512,4096,4096,900,300,12.9051,1428.77,968.80,4.3275,1410,+47.48,False,False
16,14.8,512,4096,4096,900,510,8.7139,1061.62,968.80,4.3275,1410,+9.58,False,False
16,14.8,512,4096,4096,900,705,7.1704,926.69,968.80,4.3275,1410,-4.35,False,False
16,14.8,512,4096,4096,900,900,5.8470,816.23,968.80,4.3275,1410,-15.75,False,False
16,14.8,512,4096,4096,900,1050,5.0834,738.26,968.80,4.3275,1410,-23.80,False,False
16,14.8,512,4096,4096,900,1200,4.6067,733.33,968.80,4.3275,1410,-24.30,False,False
16,14.8,512,4096,4096,900,1305,4.3827,718.64,968.80,4.3275,1410,-25.82,False,True
16,14.8,512,4096,4096,900,1410,4.2440,740.39,968.80,4.3275,1410,-23.58,False,False
16,14.8,512,4096,4096,1050,300,12.9051,1475.44,968.80,4.3275,1410,+52.30,False,False
16,14.8,512,4096,4096,1050,510,8.7139,1093.47,968.80,4.3275,1410,+12.87,False,False
16,14.8,512,4096,4096,1050,705,7.1704,953.07,968.80,4.3275,1410,-1.62,False,False
16,14.8,512,4096,4096,1050,900,5.8470,837.94,968.80,4.3275,1410,-13.51,False,False
16,14.8,512,4096,4096,1050,1050,5.0834,757.27,968.80,4.3275,1410,-21.83,False,False
16,14.8,512,4096,4096,1050,1200,4.6067,750.65,968.80,4.3275,1410,-22.52,False,False
16,14.8,512,4096,4096,1050,1305,4.3827,735.17,968.80,4.3275,1410,-24.11,False,False
16,14.8,512,4096,4096,1050,1410,4.2440,756.43,968.80,4.3275,1410,-21.92,False,False
16,14.8,512,4096,4096,1200,300,12.9051,1553.80,968.80,4.3275,1410,+60.38,False,False
16,14.8,512,4096,4096,1200,510,8.7139,1157.01,968.80,4.3275,1410,+19.43,False,False
16,14.8,512,4096,4096,1200,705,7.1704,1011.16,968.80,4.3275,1410,+4.37,False,False
16,14.8,512,4096,4096,1200,900,5.8470,891.34,968.80,4.3275,1410,-8.00,False,False
16,14.8,512,4096,4096,1200,1050,5.0834,807.97,968.80,4.3275,1410,-16.60,False,False
16,14.8,512,4096,4096,1200,1200,4.6067,799.67,968.80,4.3275,1410,-17.46,False,False
16,14.8,512,4096,4096,1200,1305,4.3827,783.40,968.80,4.3275,1410,-19.14,False,False
16,14.8,512,4096,4096,1200,1410,4.2440,804.17,968.80,4.3275,1410,-16.99,False,False
16,14.8,512,8192,8192,300,300,20.3019,2740.43,2284.22,5.7147,1200,+19.97,False,False
16,14.8,512,8192,8192,300,510,19.4195,2579.57,2284.22,5.7147,1200,+12.93,False,False
16,14.8,512,8192,8192,300,705,19.0946,2523.24,2284.22,5.7147,1200,+10.46,False,False
16,14.8,512,8192,8192,300,900,18.8160,2481.57,2284.22,5.7147,1200,+8.64,False,False
16,14.8,512,8192,8192,300,1050,18.6552,2449.62,2284.22,5.7147,1200,+7.24,False,False
16,14.8,512,8192,8192,300,1200,18.5549,2477.01,2284.22,5.7147,1200,+8.44,False,False
16,14.8,512,8192,8192,300,1305,18.5077,2490.04,2284.22,5.7147,1200,+9.01,False,False
16,14.8,512,8192,8192,300,1410,18.4785,2535.46,2284.22,5.7147,1200,+11.00,False,False
16,14.8,512,8192,8192,510,300,12.9051,2298.17,2284.22,5.7147,1200,+0.61,False,False
16,14.8,512,8192,8192,510,510,12.2023,2145.36,2284.22,5.7147,1200,-6.08,False,False
16,14.8,512,8192,8192,510,705,11.8773,2086.79,2284.22,5.7147,1200,-8.64,False,False
16,14.8,512,8192,8192,510,900,11.5987,2042.71,2284.22,5.7147,1200,-10.57,False,False
16,14.8,512,8192,8192,510,1050,11.4379,2006.15,2284.22,5.7147,1200,-12.17,False,False
16,14.8,512,8192,8192,510,1200,11.3376,2029.00,2284.22,5.7147,1200,-11.17,False,False
16,14.8,512,8192,8192,510,1305,11.2904,2033.58,2284.22,5.7147,1200,-10.97,False,False
16,14.8,512,8192,8192,510,1410,11.2612,2070.57,2284.22,5.7147,1200,-9.35,False,False
16,14.8,512,8192,8192,705,300,12.9051,2310.58,2284.22,5.7147,1200,+1.15,False,False
16,14.8,512,8192,8192,705,510,9.0970,1973.16,2284.22,5.7147,1200,-13.62,False,False
16,14.8,512,8192,8192,705,705,9.0245,1928.27,2284.22,5.7147,1200,-15.58,False,False
16,14.8,512,8192,8192,705,900,8.7459,1882.92,2284.22,5.7147,1200,-17.57,False,False
16,14.8,512,8192,8192,705,1050,8.5851,1844.37,2284.22,5.7147,1200,-19.26,False,False
16,14.8,512,8192,8192,705,1200,8.4848,1865.32,2284.22,5.7147,1200,-18.34,False,False
16,14.8,512,8192,8192,705,1305,8.4376,1866.50,2284.22,5.7147,1200,-18.29,False,False
16,14.8,512,8192,8192,705,1410,8.4084,1900.12,2284.22,5.7147,1200,-16.82,False,False
16,14.8,512,8192,8192,900,300,12.9051,2335.55,2284.22,5.7147,1200,+2.25,False,False
16,14.8,512,8192,8192,900,510,8.7139,1968.40,2284.22,5.7147,1200,-13.83,False,False
16,14.8,512,8192,8192,900,705,7.1704,1833.47,2284.22,5.7147,1200,-19.73,False,False
16,14.8,512,8192,8192,900,900,7.1277,1801.59,2284.22,5.7147,1200,-21.13,False,False
16,14.8,512,8192,8192,900,1050,6.9669,1761.77,2284.22,5.7147,1200,-22.87,False,False
16,14.8,512,8192,8192,900,1200,6.8666,1781.55,2284.22,5.7147,1200,-22.01,False,False
16,14.8,512,8192,8192,900,1305,6.8194,1780.77,2284.22,5.7147,1200,-22.04,False,True
16,14.8,512,8192,8192,900,1410,6.7902,1812.46,2284.22,5.7147,1200,-20.65,False,False
16,14.8,512,8192,8192,1050,300,12.9051,2400.65,2284.22,5.7147,1200,+5.10,False,False
16,14.8,512,8192,8192,1050,510,8.7139,2018.68,2284.22,5.7147,1200,-11.63,False,False
16,14.8,512,8192,8192,1050,705,7.1704,1878.29,2284.22,5.7147,1200,-17.77,False,False
16,14.8,512,8192,8192,1050,900,6.1413,1782.25,2284.22,5.7147,1200,-21.98,False,False
16,14.8,512,8192,8192,1050,1050,6.1413,1751.78,2284.22,5.7147,1200,-23.31,True,False
16,14.8,512,8192,8192,1050,1200,6.0431,1770.84,2284.22,5.7147,1200,-22.47,False,False
16,14.8,512,8192,8192,1050,1305,5.9959,1768.93,2284.22,5.7147,1200,-22.56,False,False
16,14.8,512,8192,8192,1050,1410,5.9667,1799.57,2284.22,5.7147,1200,-21.22,False,False
16,14.8,512,8192,8192,1200,300,12.9051,2702.96,2284.22,5.7147,1200,+18.33,False,False
16,14.8,512,8192,8192,1200,510,8.7139,2306.17,2284.22,5.7147,1200,+0.96,False,False
16,14.8,512,8192,8192,1200,705,7.1704,2160.32,2284.22,5.7147,1200,-5.42,False,False
16,14.8,512,8192,8192,1200,900,5.8470,2040.50,2284.22,5.7147,1200,-10.67,False,False
16,14.8,512,8192,8192,1200,1050,5.3855,1977.99,2284.22,5.7147,1200,-13.41,False,False
16,14.8,512,8192,8192,1200,1200,5.3855,2003.08,2284.22,5.7147,1200,-12.31,False,False
16,14.8,512,8192,8192,1200,1305,5.3715,2002.59,2284.22,5.7147,1200,-12.33,False,False
16,14.8,512,8192,8192,1200,1410,5.3423,2032.40,2284.22,5.7147,1200,-11.02,False,False
22,20.4,64,1024,4096,300,300,1.4724,184.05,164.83,0.6531,1410,+11.66,False,False
22,20.4,64,1024,4096,300,510,1.1112,153.30,164.83,0.6531,1410,-7.00,False,False
22,20.4,64,1024,4096,300,705,0.9921,142.00,164.83,0.6531,1410,-13.85,False,False
22,20.4,64,1024,4096,300,900,0.9921,137.92,164.83,0.6531,1410,-16.32,False,False
22,20.4,64,1024,4096,300,1050,0.9921,134.10,164.83,0.6531,1410,-18.64,False,False
22,20.4,64,1024,4096,300,1200,0.9921,138.12,164.83,0.6531,1410,-16.20,False,False
22,20.4,64,1024,4096,300,1305,0.9921,138.10,164.83,0.6531,1410,-16.21,False,False
22,20.4,64,1024,4096,300,1410,0.9921,146.40,164.83,0.6531,1410,-11.18,False,False
22,20.4,64,1024,4096,510,300,1.4724,182.91,164.83,0.6531,1410,+10.97,False,False
22,20.4,64,1024,4096,510,510,1.1112,151.80,164.83,0.6531,1410,-7.90,False,False
22,20.4,64,1024,4096,510,705,0.9429,137.54,164.83,0.6531,1410,-16.56,False,False
22,20.4,64,1024,4096,510,900,0.7768,123.75,164.83,0.6531,1410,-24.92,False,False
22,20.4,64,1024,4096,510,1050,0.6759,113.76,164.83,0.6531,1410,-30.98,False,False
22,20.4,64,1024,4096,510,1200,0.6169,113.97,164.83,0.6531,1410,-30.85,False,False
22,20.4,64,1024,4096,510,1305,0.5967,112.11,164.83,0.6531,1410,-31.98,False,False
22,20.4,64,1024,4096,510,1410,0.5967,119.78,164.83,0.6531,1410,-27.33,False,False
22,20.4,64,1024,4096,705,300,1.4724,184.10,164.83,0.6531,1410,+11.69,False,False
22,20.4,64,1024,4096,705,510,1.1112,152.49,164.83,0.6531,1410,-7.49,False,False
22,20.4,64,1024,4096,705,705,0.9429,137.99,164.83,0.6531,1410,-16.29,False,False
22,20.4,64,1024,4096,705,900,0.7768,123.96,164.83,0.6531,1410,-24.80,False,False
22,20.4,64,1024,4096,705,1050,0.6759,113.83,164.83,0.6531,1410,-30.94,False,False
22,20.4,64,1024,4096,705,1200,0.6169,113.96,164.83,0.6531,1410,-30.86,False,False
22,20.4,64,1024,4096,705,1305,0.5941,111.90,164.83,0.6531,1410,-32.11,True,False
22,20.4,64,1024,4096,705,1410,0.5806,118.69,164.83,0.6531,1410,-27.99,False,False
22,20.4,64,1024,4096,900,300,1.4724,186.12,164.83,0.6531,1410,+12.92,False,False
22,20.4,64,1024,4096,900,510,1.1112,153.93,164.83,0.6531,1410,-6.61,False,False
22,20.4,64,1024,4096,900,705,0.9429,139.17,164.83,0.6531,1410,-15.57,False,False
22,20.4,64,1024,4096,900,900,0.7768,124.88,164.83,0.6531,1410,-24.24,False,False
22,20.4,64,1024,4096,900,1050,0.6759,114.59,164.83,0.6531,1410,-30.48,False,False
22,20.4,64,1024,4096,900,1200,0.6169,114.62,164.83,0.6531,1410,-30.46,False,True
22,20.4,64,1024,4096,900,1305,0.5941,112.53,164.83,0.6531,1410,-31.73,False,False
22,20.4,64,1024,4096,900,1410,0.5806,119.30,164.83,0.6531,1410,-27.62,False,False
22,20.4,64,1024,4096,1050,300,1.4724,190.87,164.83,0.6531,1410,+15.80,False,False
22,20.4,64,1024,4096,1050,510,1.1112,157.49,164.83,0.6531,1410,-4.45,False,False
22,20.4,64,1024,4096,1050,705,0.9429,142.16,164.83,0.6531,1410,-13.75,False,False
22,20.4,64,1024,4096,1050,900,0.7768,127.32,164.83,0.6531,1410,-22.75,False,False
22,20.4,64,1024,4096,1050,1050,0.6759,116.71,164.83,0.6531,1410,-29.20,False,False
22,20.4,64,1024,4096,1050,1200,0.6169,116.54,164.83,0.6531,1410,-29.29,False,False
22,20.4,64,1024,4096,1050,1305,0.5941,114.38,164.83,0.6531,1410,-30.61,False,False
22,20.4,64,1024,4096,1050,1410,0.5806,121.10,164.83,0.6531,1410,-26.53,False,False
22,20.4,64,1024,4096,1200,300,1.4724,203.15,164.83,0.6531,1410,+23.25,False,False
22,20.4,64,1024,4096,1200,510,1.1112,168.58,164.83,0.6531,1410,+2.28,False,False
22,20.4,64,1024,4096,1200,705,0.9429,152.70,164.83,0.6531,1410,-7.36,False,False
22,20.4,64,1024,4096,1200,900,0.7768,137.31,164.83,0.6531,1410,-16.69,False,False
22,20.4,64,1024,4096,1200,1050,0.6759,126.36,164.83,0.6531,1410,-23.34,False,False
22,20.4,64,1024,4096,1200,1200,0.6169,126.00,164.83,0.6531,1410,-23.56,False,False
22,20.4,64,1024,4096,1200,1305,0.5941,123.76,164.83,0.6531,1410,-24.92,False,False
22,20.4,64,1024,4096,1200,1410,0.5806,130.44,164.83,0.6531,1410,-20.86,False,False
22,20.4,64,1024,4096,1305,300,1.4724,217.53,164.83,0.6531,1410,+31.97,False,False
22,20.4,64,1024,4096,1305,510,1.1112,180.70,164.83,0.6531,1410,+9.63,False,False
22,20.4,64,1024,4096,1305,705,0.9429,163.76,164.83,0.6531,1410,-0.65,False,False
22,20.4,64,1024,4096,1305,900,0.7768,147.34,164.83,0.6531,1410,-10.61,False,False
22,20.4,64,1024,4096,1305,1050,0.6759,135.75,164.83,0.6531,1410,-17.64,False,False
22,20.4,64,1024,4096,1305,1200,0.6169,135.03,164.83,0.6531,1410,-18.08,False,False
22,20.4,64,1024,4096,1305,1305,0.5941,132.64,164.83,0.6531,1410,-19.53,False,False
22,20.4,64,1024,4096,1305,1410,0.5806,139.24,164.83,0.6531,1410,-15.53,False,False
22,20.4,64,1024,4096,1410,300,1.4724,240.66,164.83,0.6531,1410,+46.00,False,False
22,20.4,64,1024,4096,1410,510,1.1112,201.56,164.83,0.6531,1410,+22.29,False,False
22,20.4,64,1024,4096,1410,705,0.9429,183.58,164.83,0.6531,1410,+11.38,False,False
22,20.4,64,1024,4096,1410,900,0.7768,166.11,164.83,0.6531,1410,+0.78,False,False
22,20.4,64,1024,4096,1410,1050,0.6759,153.90,164.83,0.6531,1410,-6.63,False,False
22,20.4,64,1024,4096,1410,1200,0.6169,152.80,164.83,0.6531,1410,-7.30,False,False
22,20.4,64,1024,4096,1410,1305,0.5941,150.27,164.83,0.6531,1410,-8.83,False,False
22,20.4,64,1024,4096,1410,1410,0.5806,156.78,164.83,0.6531,1410,-4.88,False,False
22,20.4,64,1024,8192,300,300,2.7578,362.66,372.68,0.9354,1335,-2.69,False,False
22,20.4,64,1024,8192,300,510,2.6856,348.60,372.68,0.9354,1335,-6.46,False,False
22,20.4,64,1024,8192,300,705,2.6519,342.74,372.68,0.9354,1335,-8.03,False,False
22,20.4,64,1024,8192,300,900,2.6187,337.42,372.68,0.9354,1335,-9.46,False,False
22,20.4,64,1024,8192,300,1050,2.5985,333.80,372.68,0.9354,1335,-10.43,False,False
22,20.4,64,1024,8192,300,1200,2.5867,338.48,372.68,0.9354,1335,-9.18,False,False
22,20.4,64,1024,8192,300,1305,2.5822,340.74,372.68,0.9354,1335,-8.57,False,False
22,20.4,64,1024,8192,300,1410,2.5795,351.42,372.68,0.9354,1335,-5.71,False,False
22,20.4,64,1024,8192,510,300,1.7664,302.13,372.68,0.9354,1335,-18.93,False,False
22,20.4,64,1024,8192,510,510,1.6942,287.75,372.68,0.9354,1335,-22.79,False,False
22,20.4,64,1024,8192,510,705,1.6606,281.50,372.68,0.9354,1335,-24.47,False,False
22,20.4,64,1024,8192,510,900,1.6274,275.75,372.68,0.9354,1335,-26.01,False,False
22,20.4,64,1024,8192,510,1050,1.6072,271.27,372.68,0.9354,1335,-27.21,False,False
22,20.4,64,1024,8192,510,1200,1.5954,275.10,372.68,0.9354,1335,-26.18,False,False
22,20.4,64,1024,8192,510,1305,1.5908,275.77,372.68,0.9354,1335,-26.00,False,False
22,20.4,64,1024,8192,510,1410,1.5881,284.86,372.68,0.9354,1335,-23.57,False,False
22,20.4,64,1024,8192,705,300,1.4724,285.40,372.68,0.9354,1335,-23.42,False,False
22,20.4,64,1024,8192,705,510,1.2964,264.71,372.68,0.9354,1335,-28.97,False,False
22,20.4,64,1024,8192,705,705,1.2689,258.64,372.68,0.9354,1335,-30.60,False,False
22,20.4,64,1024,8192,705,900,1.2357,252.69,372.68,0.9354,1335,-32.20,False,False
22,20.4,64,1024,8192,705,1050,1.2155,247.84,372.68,0.9354,1335,-33.50,False,False
22,20.4,64,1024,8192,705,1200,1.2037,251.33,372.68,0.9354,1335,-32.56,False,False
22,20.4,64,1024,8192,705,1305,1.1991,251.36,372.68,0.9354,1335,-32.55,False,False
22,20.4,64,1024,8192,705,1410,1.1964,259.82,372.68,0.9354,1335,-30.28,False,False
22,20.4,64,1024,8192,900,300,1.4724,288.02,372.68,0.9354,1335,-22.72,False,False
22,20.4,64,1024,8192,900,510,1.1112,255.83,372.68,0.9354,1335,-31.35,False,False
22,20.4,64,1024,8192,900,705,1.0276,246.22,372.68,0.9354,1335,-33.93,False,False
22,20.4,64,1024,8192,900,900,1.0117,241.19,372.68,0.9354,1335,-35.28,False,False
22,20.4,64,1024,8192,900,1050,0.9915,236.12,372.68,0.9354,1335,-36.64,False,False
22,20.4,64,1024,8192,900,1200,0.9797,239.40,372.68,0.9354,1335,-35.76,False,True
22,20.4,64,1024,8192,900,1305,0.9752,239.07,372.68,0.9354,1335,-35.85,False,False
22,20.4,64,1024,8192,900,1410,0.9725,247.16,372.68,0.9354,1335,-33.68,False,False
22,20.4,64,1024,8192,1050,300,1.4724,294.09,372.68,0.9354,1335,-21.09,False,False
22,20.4,64,1024,8192,1050,510,1.1112,260.71,372.68,0.9354,1335,-30.04,False,False
22,20.4,64,1024,8192,1050,705,0.9429,245.39,372.68,0.9354,1335,-34.16,False,False
22,20.4,64,1024,8192,1050,900,0.8898,237.86,372.68,0.9354,1335,-36.18,False,False
22,20.4,64,1024,8192,1050,1050,0.8767,233.08,372.68,0.9354,1335,-37.46,True,False
22,20.4,64,1024,8192,1050,1200,0.8648,236.22,372.68,0.9354,1335,-36.61,False,False
22,20.4,64,1024,8192,1050,1305,0.8603,235.70,372.68,0.9354,1335,-36.76,False,False
22,20.4,64,1024,8192,1050,1410,0.8576,243.59,372.68,0.9354,1335,-34.64,False,False
22,20.4,64,1024,8192,1200,300,1.4724,330.67,372.68,0.9354,1335,-11.27,False,False
22,20.4,64,1024,8192,1200,510,1.1112,296.10,372.68,0.9354,1335,-20.55,False,False
22,20.4,64,1024,8192,1200,705,0.9429,280.22,372.68,0.9354,1335,-24.81,False,False
22,20.4,64,1024,8192,1200,900,0.7826,265.22,372.68,0.9354,1335,-28.83,False,False
22,20.4,64,1024,8192,1200,1050,0.7826,261.22,372.68,0.9354,1335,-29.91,False,False
22,20.4,64,1024,8192,1200,1200,0.7755,264.57,372.68,0.9354,1335,-29.01,False,False
22,20.4,64,1024,8192,1200,1305,0.7710,263.88,372.68,0.9354,1335,-29.19,False,False
22,20.4,64,1024,8192,1200,1410,0.7683,271.63,372.68,0.9354,1335,-27.11,False,False
22,20.4,64,2048,4096,300,300,1.4724,217.70,231.40,0.6599,1410,-5.92,False,False
22,20.4,64,2048,4096,300,510,1.4655,207.01,231.40,0.6599,1410,-10.54,False,False
22,20.4,64,2048,4096,300,705,1.4655,202.62,231.40,0.6599,1410,-12.44,False,False
22,20.4,64,2048,4096,300,900,1.4655,198.74,231.40,0.6599,1410,-14.12,False,False
22,20.4,64,2048,4096,300,1050,1.4655,195.31,231.40,0.6599,1410,-15.60,False,False
22,20.4,64,2048,4096,300,1200,1.4655,199.73,231.40,0.6599,1410,-13.69,False,False
22,20.4,64,2048,4096,300,1305,1.4655,200.48,231.40,0.6599,1410,-13.37,False,False
22,20.4,64,2048,4096,300,1410,1.4655,209.53,231.40,0.6599,1410,-9.45,False,False
22,20.4,64,2048,4096,510,300,1.4724,215.42,231.40,0.6599,1410,-6.91,False,False
22,20.4,64,2048,4096,510,510,1.1112,184.32,231.40,0.6599,1410,-20.35,False,False
22,20.4,64,2048,4096,510,705,0.9429,170.06,231.40,0.6599,1410,-26.51,False,False
22,20.4,64,2048,4096,510,900,0.8786,162.20,231.40,0.6599,1410,-29.91,False,False
22,20.4,64,2048,4096,510,1050,0.8786,158.28,231.40,0.6599,1410,-31.60,False,False
22,20.4,64,2048,4096,510,1200,0.8786,162.20,231.40,0.6599,1410,-29.90,False,False
22,20.4,64,2048,4096,510,1305,0.8786,162.01,231.40,0.6599,1410,-29.99,False,False
22,20.4,64,2048,4096,510,1410,0.8786,170.12,231.40,0.6599,1410,-26.48,False,False
22,20.4,64,2048,4096,705,300,1.4724,216.37,231.40,0.6599,1410,-6.50,False,False
22,20.4,64,2048,4096,705,510,1.1112,184.76,231.40,0.6599,1410,-20.16,False,False
22,20.4,64,2048,4096,705,705,0.9429,170.25,231.40,0.6599,1410,-26.43,False,False
22,20.4,64,2048,4096,705,900,0.7768,156.23,231.40,0.6599,1410,-32.49,False,False
22,20.4,64,2048,4096,705,1050,0.6759,146.10,231.40,0.6599,1410,-36.86,False,False
22,20.4,64,2048,4096,705,1200,0.6441,147.90,231.40,0.6599,1410,-36.09,False,False
22,20.4,64,2048,4096,705,1305,0.6441,147.33,231.40,0.6599,1410,-36.33,False,False
22,20.4,64,2048,4096,705,1410,0.6441,155.07,231.40,0.6599,1410,-32.99,False,False
22,20.4,64,2048,4096,900,300,1.4724,218.65,231.40,0.6599,1410,-5.51,False,False
22,20.4,64,2048,4096,900,510,1.1112,186.46,231.40,0.6599,1410,-19.42,False,False
22,20.4,64,2048,4096,900,705,0.9429,171.69,231.40,0.6599,1410,-25.80,False,False
22,20.4,64,2048,4096,900,900,0.7768,157.40,231.40,0.6599,1410,-31.98,False,False
22,20.4,64,2048,4096,900,1050,0.6759,147.12,231.40,0.6599,1410,-36.42,False,False
22,20.4,64,2048,4096,900,1200,0.6169,147.15,231.40,0.6599,1410,-36.41,False,True
22,20.4,64,2048,4096,900,1305,0.5941,145.06,231.40,0.6599,1410,-37.31,True,False
22,20.4,64,2048,4096,900,1410,0.5806,151.83,231.40,0.6599,1410,-34.39,False,False
22,20.4,64,2048,4096,1050,300,1.4724,223.97,231.40,0.6599,1410,-3.21,False,False
22,20.4,64,2048,4096,1050,510,1.1112,190.59,231.40,0.6599,1410,-17.64,False,False
22,20.4,64,2048,4096,1050,705,0.9429,175.27,231.40,0.6599,1410,-24.26,False,False
22,20.4,64,2048,4096,1050,900,0.7768,160.43,231.40,0.6599,1410,-30.67,False,False
22,20.4,64,2048,4096,1050,1050,0.6759,149.81,231.40,0.6599,1410,-35.26,False,False
22,20.4,64,2048,4096,1050,1200,0.6169,149.65,231.40,0.6599,1410,-35.33,False,False
22,20.4,64,2048,4096,1050,1305,0.5941,147.48,231.40,0.6599,1410,-36.27,False,False
22,20.4,64,2048,4096,1050,1410,0.5806,154.20,231.40,0.6599,1410,-33.36,False,False
22,20.4,64,2048,4096,1200,300,1.4724,244.44,231.40,0.6599,1410,+5.63,False,False
22,20.4,64,2048,4096,1200,510,1.1112,209.87,231.40,0.6599,1410,-9.31,False,False
22,20.4,64,2048,4096,1200,705,0.9429,193.99,231.40,0.6599,1410,-16.17,False,False
22,20.4,64,2048,4096,1200,900,0.7768,178.60,231.40,0.6599,1410,-22.82,False,False
22,20.4,64,2048,4096,1200,1050,0.6759,167.65,231.40,0.6599,1410,-27.55,False,False
22,20.4,64,2048,4096,1200,1200,0.6169,167.29,231.40,0.6599,1410,-27.71,False,False
22,20.4,64,2048,4096,1200,1305,0.5941,165.05,231.40,0.6599,1410,-28.67,False,False
22,20.4,64,2048,4096,1200,1410,0.5806,171.73,231.40,0.6599,1410,-25.79,False,False
22,20.4,64,2048,4096,1305,300,1.4724,265.87,231.40,0.6599,1410,+14.89,False,False
22,20.4,64,2048,4096,1305,510,1.1112,229.04,231.40,0.6599,1410,-1.02,False,False
22,20.4,64,2048,4096,1305,705,0.9429,212.10,231.40,0.6599,1410,-8.34,False,False
22,20.4,64,2048,4096,1305,900,0.7768,195.68,231.40,0.6599,1410,-15.44,False,False
22,20.4,64,2048,4096,1305,1050,0.6759,184.09,231.40,0.6599,1410,-20.44,False,False
22,20.4,64,2048,4096,1305,1200,0.6169,183.37,231.40,0.6599,1410,-20.76,False,False
22,20.4,64,2048,4096,1305,1305,0.5941,180.98,231.40,0.6599,1410,-21.79,False,False
22,20.4,64,2048,4096,1305,1410,0.5806,187.58,231.40,0.6599,1410,-18.94,False,False
22,20.4,64,2048,8192,300,300,4.9619,613.88,589.51,1.4683,1275,+4.13,False,False
22,20.4,64,2048,8192,300,510,4.8897,600.37,589.51,1.4683,1275,+1.84,False,False
22,20.4,64,2048,8192,300,705,4.8561,595.31,589.51,1.4683,1275,+0.98,False,False
22,20.4,64,2048,8192,300,900,4.8228,590.88,589.51,1.4683,1275,+0.23,False,False
22,20.4,64,2048,8192,300,1050,4.8027,589.12,589.51,1.4683,1275,-0.07,False,False
22,20.4,64,2048,8192,300,1200,4.7908,595.67,589.51,1.4683,1275,+1.04,False,False
22,20.4,64,2048,8192,300,1305,4.7863,601.45,589.51,1.4683,1275,+2.03,False,False
22,20.4,64,2048,8192,300,1410,4.7836,615.66,589.51,1.4683,1275,+4.44,False,False
22,20.4,64,2048,8192,510,300,3.0592,499.12,589.51,1.4683,1275,-15.33,False,False
22,20.4,64,2048,8192,510,510,2.9870,485.05,589.51,1.4683,1275,-17.72,False,False
22,20.4,64,2048,8192,510,705,2.9533,479.27,589.51,1.4683,1275,-18.70,False,False
22,20.4,64,2048,8192,510,900,2.9201,474.04,589.51,1.4683,1275,-19.59,False,False
22,20.4,64,2048,8192,510,1050,2.8999,470.65,589.51,1.4683,1275,-20.16,False,False
22,20.4,64,2048,8192,510,1200,2.8881,475.58,589.51,1.4683,1275,-19.33,False,False
22,20.4,64,2048,8192,510,1305,2.8835,478.32,589.51,1.4683,1275,-18.86,False,False
22,20.4,64,2048,8192,510,1410,2.8808,489.47,589.51,1.4683,1275,-16.97,False,False
22,20.4,64,2048,8192,705,300,2.3055,456.06,589.51,1.4683,1275,-22.64,False,False
22,20.4,64,2048,8192,705,510,2.2332,441.71,589.51,1.4683,1275,-25.07,False,False
22,20.4,64,2048,8192,705,705,2.1996,435.60,589.51,1.4683,1275,-26.11,False,False
22,20.4,64,2048,8192,705,900,2.1664,430.03,589.51,1.4683,1275,-27.05,False,False
22,20.4,64,2048,8192,705,1050,2.1462,425.97,589.51,1.4683,1275,-27.74,False,False
22,20.4,64,2048,8192,705,1200,2.1344,430.24,589.51,1.4683,1275,-27.02,False,False
22,20.4,64,2048,8192,705,1305,2.1298,431.77,589.51,1.4683,1275,-26.76,False,False
22,20.4,64,2048,8192,705,1410,2.1271,441.71,589.51,1.4683,1275,-25.07,False,False
22,20.4,64,2048,8192,900,300,1.8781,435.44,589.51,1.4683,1275,-26.13,False,False
22,20.4,64,2048,8192,900,510,1.8059,420.87,589.51,1.4683,1275,-28.61,False,False
22,20.4,64,2048,8192,900,705,1.7722,414.55,589.51,1.4683,1275,-29.68,False,False
22,20.4,64,2048,8192,900,900,1.7390,408.75,589.51,1.4683,1275,-30.66,False,False
22,20.4,64,2048,8192,900,1050,1.7188,404.30,589.51,1.4683,1275,-31.42,False,False
22,20.4,64,2048,8192,900,1200,1.7070,408.20,589.51,1.4683,1275,-30.76,False,True
22,20.4,64,2048,8192,900,1305,1.7024,409.03,589.51,1.4683,1275,-30.62,False,False
22,20.4,64,2048,8192,900,1410,1.6997,418.29,589.51,1.4683,1275,-29.05,False,False
22,20.4,64,2048,8192,1050,300,1.6381,428.76,589.51,1.4683,1275,-27.27,False,False
22,20.4,64,2048,8192,1050,510,1.5873,415.25,589.51,1.4683,1275,-29.56,False,False
22,20.4,64,2048,8192,1050,705,1.5537,408.75,589.51,1.4683,1275,-30.66,False,False
22,20.4,64,2048,8192,1050,900,1.5204,402.75,589.51,1.4683,1275,-31.68,False,False
22,20.4,64,2048,8192,1050,1050,1.5003,398.05,589.51,1.4683,1275,-32.48,True,False
22,20.4,64,2048,8192,1050,1200,1.4885,401.72,589.51,1.4683,1275,-31.86,False,False
22,20.4,64,2048,8192,1050,1305,1.4839,402.19,589.51,1.4683,1275,-31.78,False,False
22,20.4,64,2048,8192,1050,1410,1.4812,411.09,589.51,1.4683,1275,-30.27,False,False
22,20.4,64,2048,8192,1200,300,1.4724,486.89,589.51,1.4683,1275,-17.41,False,False
22,20.4,64,2048,8192,1200,510,1.4223,473.22,589.51,1.4683,1275,-19.73,False,False
22,20.4,64,2048,8192,1200,705,1.3886,466.55,589.51,1.4683,1275,-20.86,False,False
22,20.4,64,2048,8192,1200,900,1.3554,460.37,589.51,1.4683,1275,-21.91,False,False
22,20.4,64,2048,8192,1200,1050,1.3352,455.46,589.51,1.4683,1275,-22.74,False,False
22,20.4,64,2048,8192,1200,1200,1.3234,458.95,589.51,1.4683,1275,-22.15,False,False
22,20.4,64,2048,8192,1200,1305,1.3189,459.14,589.51,1.4683,1275,-22.11,False,False
22,20.4,64,2048,8192,1200,1410,1.3162,467.77,589.51,1.4683,1275,-20.65,False,False
22,20.4,64,4096,4096,300,300,2.7122,355.12,367.91,0.9223,1350,-3.48,False,False
22,20.4,64,4096,4096,300,510,2.6399,341.05,367.91,0.9223,1350,-7.30,False,False
22,20.4,64,4096,4096,300,705,2.6063,335.17,367.91,0.9223,1350,-8.90,False,False
22,20.4,64,4096,4096,300,900,2.5731,329.84,367.91,0.9223,1350,-10.35,False,False
22,20.4,64,4096,4096,300,1050,2.5529,326.17,367.91,0.9223,1350,-11.35,False,False
22,20.4,64,4096,4096,300,1200,2.5411,330.81,367.91,0.9223,1350,-10.08,False,False
22,20.4,64,4096,4096,300,1305,2.5365,333.00,367.91,0.9223,1350,-9.49,False,False
22,20.4,64,4096,4096,300,1410,2.5338,343.60,367.91,0.9223,1350,-6.61,False,False
22,20.4,64,4096,4096,510,300,1.7296,295.39,367.91,0.9223,1350,-19.71,False,False
22,20.4,64,4096,4096,510,510,1.6636,281.35,367.91,0.9223,1350,-23.53,False,False
22,20.4,64,4096,4096,510,705,1.6299,275.09,367.91,0.9223,1350,-25.23,False,False
22,20.4,64,4096,4096,510,900,1.5967,269.33,367.91,0.9223,1350,-26.80,False,False
22,20.4,64,4096,4096,510,1050,1.5765,264.82,367.91,0.9223,1350,-28.02,False,False
22,20.4,64,4096,4096,510,1200,1.5647,268.63,367.91,0.9223,1350,-26.99,False,False
22,20.4,64,4096,4096,510,1305,1.5602,269.25,367.91,0.9223,1350,-26.82,False,False
22,20.4,64,4096,4096,510,1410,1.5575,278.28,367.91,0.9223,1350,-24.36,False,False
22,20.4,64,4096,4096,705,300,1.4724,281.25,367.91,0.9223,1350,-23.56,False,False
22,20.4,64,4096,4096,705,510,1.2642,258.66,367.91,0.9223,1350,-29.69,False,False
22,20.4,64,4096,4096,705,705,1.2421,252.89,367.91,0.9223,1350,-31.26,False,False
22,20.4,64,4096,4096,705,900,1.2089,246.93,367.91,0.9223,1350,-32.88,False,False
22,20.4,64,4096,4096,705,1050,1.1887,242.06,367.91,0.9223,1350,-34.21,False,False
22,20.4,64,4096,4096,705,1200,1.1769,245.53,367.91,0.9223,1350,-33.27,False,False
22,20.4,64,4096,4096,705,1305,1.1723,245.52,367.91,0.9223,1350,-33.27,False,False
22,20.4,64,4096,4096,705,1410,1.1696,253.93,367.91,0.9223,1350,-30.98,False,False
22,20.4,64,4096,4096,900,300,1.4724,284.05,367.91,0.9223,1350,-22.79,False,False
22,20.4,64,4096,4096,900,510,1.1112,251.87,367.91,0.9223,1350,-31.54,False,False
22,20.4,64,4096,4096,900,705,0.9992,240.53,367.91,0.9223,1350,-34.62,False,False
22,20.4,64,4096,4096,900,900,0.9880,235.77,367.91,0.9223,1350,-35.92,False,False
22,20.4,64,4096,4096,900,1050,0.9679,230.69,367.91,0.9223,1350,-37.30,False,False
22,20.4,64,4096,4096,900,1200,0.9560,233.94,367.91,0.9223,1350,-36.41,False,True
22,20.4,64,4096,4096,900,1305,0.9515,233.58,367.91,0.9223,1350,-36.51,False,False
22,20.4,64,4096,4096,900,1410,0.9488,241.63,367.91,0.9223,1350,-34.32,False,False
22,20.4,64,4096,4096,1050,300,1.4724,289.95,367.91,0.9223,1350,-21.19,False,False
22,20.4,64,4096,4096,1050,510,1.1112,256.57,367.91,0.9223,1350,-30.26,False,False
22,20.4,64,4096,4096,1050,705,0.9429,241.25,367.91,0.9223,1350,-34.43,False,False
22,20.4,64,4096,4096,1050,900,0.8628,231.97,367.91,0.9223,1350,-36.95,False,False
22,20.4,64,4096,4096,1050,1050,0.8542,227.47,367.91,0.9223,1350,-38.17,True,False
22,20.4,64,4096,4096,1050,1200,0.8424,230.59,367.91,0.9223,1350,-37.32,False,False
22,20.4,64,4096,4096,1050,1305,0.8378,230.03,367.91,0.9223,1350,-37.48,False,False
22,20.4,64,4096,4096,1050,1410,0.8351,237.89,367.91,0.9223,1350,-35.34,False,False
22,20.4,64,4096,4096,1200,300,1.4724,327.54,367.91,0.9223,1350,-10.97,False,False
22,20.4,64,4096,4096,1200,510,1.1112,292.97,367.91,0.9223,1350,-20.37,False,False
22,20.4,64,4096,4096,1200,705,0.9429,277.09,367.91,0.9223,1350,-24.69,False,False
22,20.4,64,4096,4096,1200,900,0.7768,261.70,367.91,0.9223,1350,-28.87,False,False
22,20.4,64,4096,4096,1200,1050,0.7579,256.39,367.91,0.9223,1350,-30.31,False,False
22,20.4,64,4096,4096,1200,1200,0.7550,260.01,367.91,0.9223,1350,-29.33,False,False
22,20.4,64,4096,4096,1200,1305,0.7504,259.29,367.91,0.9223,1350,-29.52,False,False
22,20.4,64,4096,4096,1200,1410,0.7477,267.01,367.91,0.9223,1350,-27.43,False,False
22,20.4,64,8192,8192,300,300,17.9725,2157.84,1888.73,4.7473,1215,+14.25,False,False
22,20.4,64,8192,8192,300,510,17.8774,2146.32,1888.73,4.7473,1215,+13.64,False,False
22,20.4,64,8192,8192,300,705,17.8332,2145.34,1888.73,4.7473,1215,+13.59,False,False
22,20.4,64,8192,8192,300,900,17.7895,2145.55,1888.73,4.7473,1215,+13.60,False,False
22,20.4,64,8192,8192,300,1050,17.7629,2154.38,1888.73,4.7473,1215,+14.06,False,False
22,20.4,64,8192,8192,300,1200,17.7474,2171.67,1888.73,4.7473,1215,+14.98,False,False
22,20.4,64,8192,8192,300,1305,17.7414,2198.10,1888.73,4.7473,1215,+16.38,False,False
22,20.4,64,8192,8192,300,1410,17.7378,2232.99,1888.73,4.7473,1215,+18.23,False,False
22,20.4,64,8192,8192,510,300,10.7552,1722.70,1888.73,4.7473,1215,-8.79,False,False
22,20.4,64,8192,8192,510,510,10.6602,1709.26,1888.73,4.7473,1215,-9.50,False,False
22,20.4,64,8192,8192,510,705,10.6159,1705.63,1888.73,4.7473,1215,-9.69,False,False
22,20.4,64,8192,8192,510,900,10.5722,1702.88,1888.73,4.7473,1215,-9.84,False,False
22,20.4,64,8192,8192,510,1050,10.5456,1705.59,1888.73,4.7473,1215,-9.70,False,False
22,20.4,64,8192,8192,510,1200,10.5301,1716.75,1888.73,4.7473,1215,-9.11,False,False
22,20.4,64,8192,8192,510,1305,10.5241,1731.63,1888.73,4.7473,1215,-8.32,False,False
22,20.4,64,8192,8192,510,1410,10.5205,1754.96,1888.73,4.7473,1215,-7.08,False,False
22,20.4,64,8192,8192,705,300,7.9024,1563.16,1888.73,4.7473,1215,-17.24,False,False
22,20.4,64,8192,8192,705,510,7.8074,1548.87,1888.73,4.7473,1215,-17.99,False,False
22,20.4,64,8192,8192,705,705,7.7631,1544.15,1888.73,4.7473,1215,-18.24,False,False
22,20.4,64,8192,8192,705,900,7.7194,1540.19,1888.73,4.7473,1215,-18.45,False,False
22,20.4,64,8192,8192,705,1050,7.6928,1540.44,1888.73,4.7473,1215,-18.44,False,False
22,20.4,64,8192,8192,705,1200,7.6773,1549.18,1888.73,4.7473,1215,-17.98,False,False
22,20.4,64,8192,8192,705,1305,7.6713,1559.48,1888.73,4.7473,1215,-17.43,False,False
22,20.4,64,8192,8192,705,1410,7.6677,1578.24,1888.73,4.7473,1215,-16.44,False,False
22,20.4,64,8192,8192,900,300,6.2842,1481.18,1888.73,4.7473,1215,-21.58,False,False
22,20.4,64,8192,8192,900,510,6.1892,1466.33,1888.73,4.7473,1215,-22.36,False,False
22,20.4,64,8192,8192,900,705,6.1449,1460.96,1888.73,4.7473,1215,-22.65,False,False
22,20.4,64,8192,8192,900,900,6.1012,1456.28,1888.73,4.7473,1215,-22.90,False,False
22,20.4,64,8192,8192,900,1050,6.0746,1455.12,1888.73,4.7473,1215,-22.96,False,False
22,20.4,64,8192,8192,900,1200,6.0591,1462.46,1888.73,4.7473,1215,-22.57,False,True
22,20.4,64,8192,8192,900,1305,6.0531,1470.17,1888.73,4.7473,1215,-22.16,False,False
22,20.4,64,8192,8192,900,1410,6.0495,1486.33,1888.73,4.7473,1215,-21.31,False,False
22,20.4,64,8192,8192,1050,300,5.4607,1469.00,1888.73,4.7473,1215,-22.22,False,False
22,20.4,64,8192,8192,1050,510,5.3657,1453.63,1888.73,4.7473,1215,-23.04,False,False
22,20.4,64,8192,8192,1050,705,5.3214,1447.81,1888.73,4.7473,1215,-23.34,False,False
22,20.4,64,8192,8192,1050,900,5.2777,1442.66,1888.73,4.7473,1215,-23.62,False,False
22,20.4,64,8192,8192,1050,1050,5.2511,1440.71,1888.73,4.7473,1215,-23.72,True,False
22,20.4,64,8192,8192,1050,1200,5.2356,1447.31,1888.73,4.7473,1215,-23.37,False,False
22,20.4,64,8192,8192,1050,1305,5.2296,1453.68,1888.73,4.7473,1215,-23.03,False,False
22,20.4,64,8192,8192,1050,1410,5.2260,1468.51,1888.73,4.7473,1215,-22.25,False,False
22,20.4,64,8192,8192,1200,300,4.8363,1701.93,1888.73,4.7473,1215,-9.89,False,False
22,20.4,64,8192,8192,1200,510,4.7413,1686.09,1888.73,4.7473,1215,-10.73,False,False
22,20.4,64,8192,8192,1200,705,4.6970,1679.89,1888.73,4.7473,1215,-11.06,False,False
22,20.4,64,8192,8192,1200,900,4.6533,1674.34,1888.73,4.7473,1215,-11.35,False,False
22,20.4,64,8192,8192,1200,1050,4.6267,1671.78,1888.73,4.7473,1215,-11.49,False,False
22,20.4,64,8192,8192,1200,1200,4.6112,1677.80,1888.73,4.7473,1215,-11.17,False,False
22,20.4,64,8192,8192,1200,1305,4.6052,1683.15,1888.73,4.7473,1215,-10.88,False,False
22,20.4,64,8192,8192,1200,1410,4.6017,1696.97,1888.73,4.7473,1215,-10.15,False,False
22,20.4,128,1024,4096,300,300,2.5892,300.16,248.18,1.1303,1410,+20.94,False,False
22,20.4,128,1024,4096,300,510,2.0097,250.56,248.18,1.1303,1410,+0.96,False,False
22,20.4,128,1024,4096,300,705,1.7360,227.84,248.18,1.1303,1410,-8.20,False,False
22,20.4,128,1024,4096,300,900,1.4195,201.19,248.18,1.1303,1410,-18.93,False,False
22,20.4,128,1024,4096,300,1050,1.2317,184.14,248.18,1.1303,1410,-25.80,False,False
22,20.4,128,1024,4096,300,1200,1.1163,182.47,248.18,1.1303,1410,-26.47,False,False
22,20.4,128,1024,4096,300,1305,1.0926,183.96,248.18,1.1303,1410,-25.88,False,False
22,20.4,128,1024,4096,300,1410,1.0675,190.44,248.18,1.1303,1410,-23.26,False,False
22,20.4,128,1024,4096,510,300,2.5892,300.12,248.18,1.1303,1410,+20.93,False,False
22,20.4,128,1024,4096,510,510,2.0097,249.95,248.18,1.1303,1410,+0.72,False,False
22,20.4,128,1024,4096,510,705,1.7360,226.96,248.18,1.1303,1410,-8.55,False,False
22,20.4,128,1024,4096,510,900,1.4195,200.00,248.18,1.1303,1410,-19.41,False,False
22,20.4,128,1024,4096,510,1050,1.2317,182.76,248.18,1.1303,1410,-26.36,False,False
22,20.4,128,1024,4096,510,1200,1.1163,180.98,248.18,1.1303,1410,-27.07,True,False
22,20.4,128,1024,4096,510,1305,1.0926,182.44,248.18,1.1303,1410,-26.49,False,False
22,20.4,128,1024,4096,510,1410,1.0675,188.90,248.18,1.1303,1410,-23.88,False,False
22,20.4,128,1024,4096,705,300,2.5892,302.89,248.18,1.1303,1410,+22.05,False,False
22,20.4,128,1024,4096,705,510,2.0097,251.91,248.18,1.1303,1410,+1.50,False,False
22,20.4,128,1024,4096,705,705,1.7360,228.52,248.18,1.1303,1410,-7.92,False,False
22,20.4,128,1024,4096,705,900,1.4195,201.12,248.18,1.1303,1410,-18.96,False,False
22,20.4,128,1024,4096,705,1050,1.2317,183.61,248.18,1.1303,1410,-26.01,False,False
22,20.4,128,1024,4096,705,1200,1.1163,181.68,248.18,1.1303,1410,-26.80,False,False
22,20.4,128,1024,4096,705,1305,1.0926,183.10,248.18,1.1303,1410,-26.22,False,False
22,20.4,128,1024,4096,705,1410,1.0675,189.52,248.18,1.1303,1410,-23.63,False,False
22,20.4,128,1024,4096,900,300,2.5892,306.66,248.18,1.1303,1410,+23.57,False,False
22,20.4,128,1024,4096,900,510,2.0097,254.77,248.18,1.1303,1410,+2.66,False,False
22,20.4,128,1024,4096,900,705,1.7360,230.95,248.18,1.1303,1410,-6.94,False,False
22,20.4,128,1024,4096,900,900,1.4195,203.05,248.18,1.1303,1410,-18.18,False,False
22,20.4,128,1024,4096,900,1050,1.2317,185.25,248.18,1.1303,1410,-25.36,False,False
22,20.4,128,1024,4096,900,1200,1.1163,183.13,248.18,1.1303,1410,-26.21,False,True
22,20.4,128,1024,4096,900,1305,1.0926,184.52,248.18,1.1303,1410,-25.65,False,False
22,20.4,128,1024,4096,900,1410,1.0675,190.90,248.18,1.1303,1410,-23.08,False,False
22,20.4,128,1024,4096,1050,300,2.5892,315.10,248.18,1.1303,1410,+26.97,False,False
22,20.4,128,1024,4096,1050,510,2.0097,261.29,248.18,1.1303,1410,+5.28,False,False
22,20.4,128,1024,4096,1050,705,1.7360,236.57,248.18,1.1303,1410,-4.68,False,False
22,20.4,128,1024,4096,1050,900,1.4195,207.63,248.18,1.1303,1410,-16.34,False,False
22,20.4,128,1024,4096,1050,1050,1.2317,189.20,248.18,1.1303,1410,-23.76,False,False
22,20.4,128,1024,4096,1050,1200,1.1163,186.70,248.18,1.1303,1410,-24.77,False,False
22,20.4,128,1024,4096,1050,1305,1.0926,188.01,248.18,1.1303,1410,-24.24,False,False
22,20.4,128,1024,4096,1050,1410,1.0675,194.31,248.18,1.1303,1410,-21.70,False,False
22,20.4,128,1024,4096,1200,300,2.5892,331.08,248.18,1.1303,1410,+33.41,False,False
22,20.4,128,1024,4096,1200,510,2.0097,275.35,248.18,1.1303,1410,+10.95,False,False
22,20.4,128,1024,4096,1200,705,1.7360,249.73,248.18,1.1303,1410,+0.63,False,False
22,20.4,128,1024,4096,1200,900,1.4195,219.74,248.18,1.1303,1410,-11.46,False,False
22,20.4,128,1024,4096,1200,1050,1.2317,200.69,248.18,1.1303,1410,-19.13,False,False
22,20.4,128,1024,4096,1200,1200,1.1163,197.81,248.18,1.1303,1410,-20.29,False,False
22,20.4,128,1024,4096,1200,1305,1.0926,199.04,248.18,1.1303,1410,-19.80,False,False
22,20.4,128,1024,4096,1200,1410,1.0675,205.26,248.18,1.1303,1410,-17.29,False,False
22,20.4,128,1024,4096,1305,300,2.5892,352.45,248.18,1.1303,1410,+42.02,False,False
22,20.4,128,1024,4096,1305,510,2.0097,293.09,248.18,1.1303,1410,+18.10,False,False
22,20.4,128,1024,4096,1305,705,1.7360,265.76,248.18,1.1303,1410,+7.08,False,False
22,20.4,128,1024,4096,1305,900,1.4195,233.78,248.18,1.1303,1410,-5.80,False,False
22,20.4,128,1024,4096,1305,1050,1.2317,213.56,248.18,1.1303,1410,-13.95,False,False
22,20.4,128,1024,4096,1305,1200,1.1163,209.96,248.18,1.1303,1410,-15.40,False,False
22,20.4,128,1024,4096,1305,1305,1.0926,211.04,248.18,1.1303,1410,-14.96,False,False
22,20.4,128,1024,4096,1305,1410,1.0675,217.10,248.18,1.1303,1410,-12.52,False,False
22,20.4,128,1024,4096,1410,300,2.5892,382.56,248.18,1.1303,1410,+54.15,False,False
22,20.4,128,1024,4096,1410,510,2.0097,319.58,248.18,1.1303,1410,+28.77,False,False
22,20.4,128,1024,4096,1410,705,1.7360,290.53,248.18,1.1303,1410,+17.07,False,False
22,20.4,128,1024,4096,1410,900,1.4195,256.58,248.18,1.1303,1410,+3.39,False,False
22,20.4,128,1024,4096,1410,1050,1.2317,235.19,248.18,1.1303,1410,-5.23,False,False
22,20.4,128,1024,4096,1410,1200,1.1163,230.86,248.18,1.1303,1410,-6.98,False,False
22,20.4,128,1024,4096,1410,1305,1.0926,231.79,248.18,1.1303,1410,-6.60,False,False
22,20.4,128,1024,4096,1410,1410,1.0675,237.70,248.18,1.1303,1410,-4.22,False,False
22,20.4,128,1024,8192,300,300,2.9560,426.99,437.70,1.1451,1410,-2.45,False,False
22,20.4,128,1024,8192,300,510,2.8653,405.17,437.70,1.1451,1410,-7.43,False,False
22,20.4,128,1024,8192,300,705,2.8105,395.22,437.70,1.1451,1410,-9.71,False,False
22,20.4,128,1024,8192,300,900,2.7472,383.54,437.70,1.1451,1410,-12.37,False,False
22,20.4,128,1024,8192,300,1050,2.7097,376.36,437.70,1.1451,1410,-14.02,False,False
22,20.4,128,1024,8192,300,1200,2.6866,381.40,437.70,1.1451,1410,-12.86,False,False
22,20.4,128,1024,8192,300,1305,2.6819,386.55,437.70,1.1451,1410,-11.69,False,False
22,20.4,128,1024,8192,300,1410,2.6768,396.82,437.70,1.1451,1410,-9.34,False,False
22,20.4,128,1024,8192,510,300,2.5892,402.48,437.70,1.1451,1410,-8.05,False,False
22,20.4,128,1024,8192,510,510,2.0097,352.31,437.70,1.1451,1410,-19.51,False,False
22,20.4,128,1024,8192,510,705,1.7664,331.08,437.70,1.1451,1410,-24.36,False,False
22,20.4,128,1024,8192,510,900,1.7559,322.00,437.70,1.1451,1410,-26.43,False,False
22,20.4,128,1024,8192,510,1050,1.7184,313.94,437.70,1.1451,1410,-28.28,False,False
22,20.4,128,1024,8192,510,1200,1.6953,318.12,437.70,1.1451,1410,-27.32,False,False
22,20.4,128,1024,8192,510,1305,1.6905,321.67,437.70,1.1451,1410,-26.51,False,False
22,20.4,128,1024,8192,510,1410,1.6855,330.36,437.70,1.1451,1410,-24.52,False,False
22,20.4,128,1024,8192,705,300,2.5892,404.18,437.70,1.1451,1410,-7.66,False,False
22,20.4,128,1024,8192,705,510,2.0097,353.20,437.70,1.1451,1410,-19.31,False,False
22,20.4,128,1024,8192,705,705,1.7360,329.82,437.70,1.1451,1410,-24.65,False,False
22,20.4,128,1024,8192,705,900,1.4195,302.42,437.70,1.1451,1410,-30.91,False,False
22,20.4,128,1024,8192,705,1050,1.2964,288.83,437.70,1.1451,1410,-34.01,False,False
22,20.4,128,1024,8192,705,1200,1.2964,294.04,437.70,1.1451,1410,-32.82,False,False
22,20.4,128,1024,8192,705,1305,1.2964,297.25,437.70,1.1451,1410,-32.09,False,False
22,20.4,128,1024,8192,705,1410,1.2938,305.46,437.70,1.1451,1410,-30.21,False,False
22,20.4,128,1024,8192,900,300,2.5892,408.56,437.70,1.1451,1410,-6.66,False,False
22,20.4,128,1024,8192,900,510,2.0097,356.66,437.70,1.1451,1410,-18.51,False,False
22,20.4,128,1024,8192,900,705,1.7360,332.85,437.70,1.1451,1410,-23.96,False,False
22,20.4,128,1024,8192,900,900,1.4195,304.95,437.70,1.1451,1410,-30.33,False,False
22,20.4,128,1024,8192,900,1050,1.2317,287.15,437.70,1.1451,1410,-34.40,False,False
22,20.4,128,1024,8192,900,1200,1.1163,285.03,437.70,1.1451,1410,-34.88,True,True
22,20.4,128,1024,8192,900,1305,1.0926,286.42,437.70,1.1451,1410,-34.56,False,False
22,20.4,128,1024,8192,900,1410,1.0675,292.80,437.70,1.1451,1410,-33.11,False,False
22,20.4,128,1024,8192,1050,300,2.5892,418.33,437.70,1.1451,1410,-4.43,False,False
22,20.4,128,1024,8192,1050,510,2.0097,364.52,437.70,1.1451,1410,-16.72,False,False
22,20.4,128,1024,8192,1050,705,1.7360,339.80,437.70,1.1451,1410,-22.37,False,False
22,20.4,128,1024,8192,1050,900,1.4195,310.85,437.70,1.1451,1410,-28.98,False,False
22,20.4,128,1024,8192,1050,1050,1.2317,292.43,437.70,1.1451,1410,-33.19,False,False
22,20.4,128,1024,8192,1050,1200,1.1163,289.93,437.70,1.1451,1410,-33.76,False,False
22,20.4,128,1024,8192,1050,1305,1.0926,291.24,437.70,1.1451,1410,-33.46,False,False
22,20.4,128,1024,8192,1050,1410,1.0675,297.54,437.70,1.1451,1410,-32.02,False,False
22,20.4,128,1024,8192,1200,300,2.5892,458.60,437.70,1.1451,1410,+4.77,False,False
22,20.4,128,1024,8192,1200,510,2.0097,402.87,437.70,1.1451,1410,-7.96,False,False
22,20.4,128,1024,8192,1200,705,1.7360,377.25,437.70,1.1451,1410,-13.81,False,False
22,20.4,128,1024,8192,1200,900,1.4195,347.25,437.70,1.1451,1410,-20.66,False,False
22,20.4,128,1024,8192,1200,1050,1.2317,328.21,437.70,1.1451,1410,-25.02,False,False
22,20.4,128,1024,8192,1200,1200,1.1163,325.33,437.70,1.1451,1410,-25.67,False,False
22,20.4,128,1024,8192,1200,1305,1.0926,326.56,437.70,1.1451,1410,-25.39,False,False
22,20.4,128,1024,8192,1200,1410,1.0675,332.78,437.70,1.1451,1410,-23.97,False,False
22,20.4,128,2048,4096,300,300,2.5892,333.81,312.33,1.1243,1410,+6.87,False,False
22,20.4,128,2048,4096,300,510,2.0097,284.21,312.33,1.1243,1410,-9.00,False,False
22,20.4,128,2048,4096,300,705,1.7360,261.49,312.33,1.1243,1410,-16.28,False,False
22,20.4,128,2048,4096,300,900,1.4655,237.48,312.33,1.1243,1410,-23.97,False,False
22,20.4,128,2048,4096,300,1050,1.4655,231.40,312.33,1.1243,1410,-25.91,False,False
22,20.4,128,2048,4096,300,1200,1.4655,236.75,312.33,1.1243,1410,-24.20,False,False
22,20.4,128,2048,4096,300,1305,1.4655,240.23,312.33,1.1243,1410,-23.08,False,False
22,20.4,128,2048,4096,300,1410,1.4655,248.88,312.33,1.1243,1410,-20.32,False,False
22,20.4,128,2048,4096,510,300,2.5892,332.63,312.33,1.1243,1410,+6.50,False,False
22,20.4,128,2048,4096,510,510,2.0097,282.47,312.33,1.1243,1410,-9.56,False,False
22,20.4,128,2048,4096,510,705,1.7360,259.47,312.33,1.1243,1410,-16.92,False,False
22,20.4,128,2048,4096,510,900,1.4195,232.52,312.33,1.1243,1410,-25.55,False,False
22,20.4,128,2048,4096,510,1050,1.2317,215.28,312.33,1.1243,1410,-31.07,False,False
22,20.4,128,2048,4096,510,1200,1.1163,213.50,312.33,1.1243,1410,-31.64,True,False
22,20.4,128,2048,4096,510,1305,1.0926,214.96,312.33,1.1243,1410,-31.18,False,False
22,20.4,128,2048,4096,510,1410,1.0675,221.42,312.33,1.1243,1410,-29.11,False,False
22,20.4,128,2048,4096,705,300,2.5892,335.16,312.33,1.1243,1410,+7.31,False,False
22,20.4,128,2048,4096,705,510,2.0097,284.17,312.33,1.1243,1410,-9.02,False,False
22,20.4,128,2048,4096,705,705,1.7360,260.79,312.33,1.1243,1410,-16.50,False,False
22,20.4,128,2048,4096,705,900,1.4195,233.39,312.33,1.1243,1410,-25.28,False,False
22,20.4,128,2048,4096,705,1050,1.2317,215.88,312.33,1.1243,1410,-30.88,False,False
22,20.4,128,2048,4096,705,1200,1.1163,213.95,312.33,1.1243,1410,-31.50,False,False
22,20.4,128,2048,4096,705,1305,1.0926,215.37,312.33,1.1243,1410,-31.04,False,False
22,20.4,128,2048,4096,705,1410,1.0675,221.79,312.33,1.1243,1410,-28.99,False,False
22,20.4,128,2048,4096,900,300,2.5892,339.19,312.33,1.1243,1410,+8.60,False,False
22,20.4,128,2048,4096,900,510,2.0097,287.29,312.33,1.1243,1410,-8.02,False,False
22,20.4,128,2048,4096,900,705,1.7360,263.48,312.33,1.1243,1410,-15.64,False,False
22,20.4,128,2048,4096,900,900,1.4195,235.58,312.33,1.1243,1410,-24.57,False,False
22,20.4,128,2048,4096,900,1050,1.2317,217.78,312.33,1.1243,1410,-30.27,False,False
22,20.4,128,2048,4096,900,1200,1.1163,215.66,312.33,1.1243,1410,-30.95,False,True
22,20.4,128,2048,4096,900,1305,1.0926,217.05,312.33,1.1243,1410,-30.51,False,False
22,20.4,128,2048,4096,900,1410,1.0675,223.43,312.33,1.1243,1410,-28.46,False,False
22,20.4,128,2048,4096,1050,300,2.5892,348.21,312.33,1.1243,1410,+11.49,False,False
22,20.4,128,2048,4096,1050,510,2.0097,294.39,312.33,1.1243,1410,-5.74,False,False
22,20.4,128,2048,4096,1050,705,1.7360,269.68,312.33,1.1243,1410,-13.66,False,False
22,20.4,128,2048,4096,1050,900,1.4195,240.73,312.33,1.1243,1410,-22.93,False,False
22,20.4,128,2048,4096,1050,1050,1.2317,222.31,312.33,1.1243,1410,-28.82,False,False
22,20.4,128,2048,4096,1050,1200,1.1163,219.80,312.33,1.1243,1410,-29.63,False,False
22,20.4,128,2048,4096,1050,1305,1.0926,221.12,312.33,1.1243,1410,-29.21,False,False
22,20.4,128,2048,4096,1050,1410,1.0675,227.41,312.33,1.1243,1410,-27.19,False,False
22,20.4,128,2048,4096,1200,300,2.5892,372.37,312.33,1.1243,1410,+19.22,False,False
22,20.4,128,2048,4096,1200,510,2.0097,316.64,312.33,1.1243,1410,+1.38,False,False
22,20.4,128,2048,4096,1200,705,1.7360,291.02,312.33,1.1243,1410,-6.82,False,False
22,20.4,128,2048,4096,1200,900,1.4195,261.03,312.33,1.1243,1410,-16.43,False,False
22,20.4,128,2048,4096,1200,1050,1.2317,241.98,312.33,1.1243,1410,-22.52,False,False
22,20.4,128,2048,4096,1200,1200,1.1163,239.10,312.33,1.1243,1410,-23.45,False,False
22,20.4,128,2048,4096,1200,1305,1.0926,240.33,312.33,1.1243,1410,-23.05,False,False
22,20.4,128,2048,4096,1200,1410,1.0675,246.55,312.33,1.1243,1410,-21.06,False,False
22,20.4,128,2048,4096,1305,300,2.5892,400.79,312.33,1.1243,1410,+28.32,False,False
22,20.4,128,2048,4096,1305,510,2.0097,341.43,312.33,1.1243,1410,+9.32,False,False
22,20.4,128,2048,4096,1305,705,1.7360,314.10,312.33,1.1243,1410,+0.56,False,False
22,20.4,128,2048,4096,1305,900,1.4195,282.12,312.33,1.1243,1410,-9.67,False,False
22,20.4,128,2048,4096,1305,1050,1.2317,261.90,312.33,1.1243,1410,-16.15,False,False
22,20.4,128,2048,4096,1305,1200,1.1163,258.30,312.33,1.1243,1410,-17.30,False,False
22,20.4,128,2048,4096,1305,1305,1.0926,259.38,312.33,1.1243,1410,-16.95,False,False
22,20.4,128,2048,4096,1305,1410,1.0675,265.44,312.33,1.1243,1410,-15.01,False,False
22,20.4,128,2048,8192,300,300,5.1853,679.63,649.24,1.6528,1305,+4.68,False,False
22,20.4,128,2048,8192,300,510,5.0694,656.94,649.24,1.6528,1305,+1.19,False,False
22,20.4,128,2048,8192,300,705,5.0147,647.79,649.24,1.6528,1305,-0.22,False,False
22,20.4,128,2048,8192,300,900,4.9514,637.00,649.24,1.6528,1305,-1.88,False,False
22,20.4,128,2048,8192,300,1050,4.9138,631.68,649.24,1.6528,1305,-2.70,False,False
22,20.4,128,2048,8192,300,1200,4.8907,638.58,649.24,1.6528,1305,-1.64,False,False
22,20.4,128,2048,8192,300,1305,4.8860,647.26,649.24,1.6528,1305,-0.30,False,False
22,20.4,128,2048,8192,300,1410,4.8810,661.06,649.24,1.6528,1305,+1.82,False,False
22,20.4,128,2048,8192,510,300,3.2826,565.08,649.24,1.6528,1305,-12.96,False,False
22,20.4,128,2048,8192,510,510,3.1667,541.80,649.24,1.6528,1305,-16.55,False,False
22,20.4,128,2048,8192,510,705,3.1119,531.91,649.24,1.6528,1305,-18.07,False,False
22,20.4,128,2048,8192,510,900,3.0486,520.29,649.24,1.6528,1305,-19.86,False,False
22,20.4,128,2048,8192,510,1050,3.0111,513.32,649.24,1.6528,1305,-20.93,False,False
22,20.4,128,2048,8192,510,1200,2.9880,518.59,649.24,1.6528,1305,-20.12,False,False
22,20.4,128,2048,8192,510,1305,2.9833,524.22,649.24,1.6528,1305,-19.26,False,False
22,20.4,128,2048,8192,510,1410,2.9782,534.98,649.24,1.6528,1305,-17.60,False,False
22,20.4,128,2048,8192,705,300,2.5892,525.89,649.24,1.6528,1305,-19.00,False,False
22,20.4,128,2048,8192,705,510,2.4129,498.71,649.24,1.6528,1305,-23.19,False,False
22,20.4,128,2048,8192,705,705,2.3582,488.47,649.24,1.6528,1305,-24.76,False,False
22,20.4,128,2048,8192,705,900,2.2949,476.45,649.24,1.6528,1305,-26.61,False,False
22,20.4,128,2048,8192,705,1050,2.2574,468.80,649.24,1.6528,1305,-27.79,False,False
22,20.4,128,2048,8192,705,1200,2.2343,473.40,649.24,1.6528,1305,-27.08,False,False
22,20.4,128,2048,8192,705,1305,2.2295,477.81,649.24,1.6528,1305,-26.40,False,False
22,20.4,128,2048,8192,705,1410,2.2245,487.35,649.24,1.6528,1305,-24.93,False,False
22,20.4,128,2048,8192,900,300,2.5892,531.51,649.24,1.6528,1305,-18.13,False,False
22,20.4,128,2048,8192,900,510,2.0097,479.61,649.24,1.6528,1305,-26.13,False,False
22,20.4,128,2048,8192,900,705,1.9003,465.81,649.24,1.6528,1305,-28.25,False,False
22,20.4,128,2048,8192,900,900,1.8675,455.38,649.24,1.6528,1305,-29.86,False,False
22,20.4,128,2048,8192,900,1050,1.8300,447.30,649.24,1.6528,1305,-31.10,False,False
22,20.4,128,2048,8192,900,1200,1.8069,451.51,649.24,1.6528,1305,-30.46,False,True
22,20.4,128,2048,8192,900,1305,1.8021,455.23,649.24,1.6528,1305,-29.88,False,False
22,20.4,128,2048,8192,900,1410,1.7971,464.08,649.24,1.6528,1305,-28.52,False,False
22,20.4,128,2048,8192,1050,300,2.5892,542.45,649.24,1.6528,1305,-16.45,False,False
22,20.4,128,2048,8192,1050,510,2.0097,488.63,649.24,1.6528,1305,-24.74,False,False
22,20.4,128,2048,8192,1050,705,1.7360,463.92,649.24,1.6528,1305,-28.54,False,False
22,20.4,128,2048,8192,1050,900,1.6381,449.10,649.24,1.6528,1305,-30.83,False,False
22,20.4,128,2048,8192,1050,1050,1.6114,441.42,649.24,1.6528,1305,-32.01,True,False
22,20.4,128,2048,8192,1050,1200,1.5883,445.36,649.24,1.6528,1305,-31.40,False,False
22,20.4,128,2048,8192,1050,1305,1.5836,448.72,649.24,1.6528,1305,-30.88,False,False
22,20.4,128,2048,8192,1050,1410,1.5786,457.20,649.24,1.6528,1305,-29.58,False,False
22,20.4,128,2048,8192,1200,300,2.5892,614.82,649.24,1.6528,1305,-5.30,False,False
22,20.4,128,2048,8192,1200,510,2.0097,559.09,649.24,1.6528,1305,-13.89,False,False
22,20.4,128,2048,8192,1200,705,1.7360,533.47,649.24,1.6528,1305,-17.83,False,False
22,20.4,128,2048,8192,1200,900,1.4400,504.87,649.24,1.6528,1305,-22.24,False,False
22,20.4,128,2048,8192,1200,1050,1.4400,498.76,649.24,1.6528,1305,-23.18,False,False
22,20.4,128,2048,8192,1200,1200,1.4233,502.93,649.24,1.6528,1305,-22.54,False,False
22,20.4,128,2048,8192,1200,1305,1.4186,506.00,649.24,1.6528,1305,-22.06,False,False
22,20.4,128,2048,8192,1200,1410,1.4135,514.21,649.24,1.6528,1305,-20.80,False,False
22,20.4,128,4096,4096,300,300,2.9013,418.93,441.99,1.1408,1380,-5.22,False,False
22,20.4,128,4096,4096,300,510,2.8196,397.61,441.99,1.1408,1380,-10.04,False,False
22,20.4,128,4096,4096,300,705,2.7649,387.65,441.99,1.1408,1380,-12.29,False,False
22,20.4,128,4096,4096,300,900,2.7016,375.95,441.99,1.1408,1380,-14.94,False,False
22,20.4,128,4096,4096,300,1050,2.6641,368.73,441.99,1.1408,1380,-16.57,False,False
22,20.4,128,4096,4096,300,1200,2.6410,373.73,441.99,1.1408,1380,-15.44,False,False
22,20.4,128,4096,4096,300,1305,2.6362,378.81,441.99,1.1408,1380,-14.29,False,False
22,20.4,128,4096,4096,300,1410,2.6312,389.01,441.99,1.1408,1380,-11.99,False,False
22,20.4,128,4096,4096,510,300,2.5892,397.85,441.99,1.1408,1380,-9.99,False,False
22,20.4,128,4096,4096,510,510,2.0097,347.68,441.99,1.1408,1380,-21.34,False,False
22,20.4,128,4096,4096,510,705,1.7360,324.69,441.99,1.1408,1380,-26.54,False,False
22,20.4,128,4096,4096,510,900,1.7252,315.57,441.99,1.1408,1380,-28.60,False,False
22,20.4,128,4096,4096,510,1050,1.6877,307.49,441.99,1.1408,1380,-30.43,False,False
22,20.4,128,4096,4096,510,1200,1.6646,311.64,441.99,1.1408,1380,-29.49,False,False
22,20.4,128,4096,4096,510,1305,1.6599,315.15,441.99,1.1408,1380,-28.70,False,False
22,20.4,128,4096,4096,510,1410,1.6548,323.79,441.99,1.1408,1380,-26.74,False,False
22,20.4,128,4096,4096,705,300,2.5892,400.03,441.99,1.1408,1380,-9.49,False,False
22,20.4,128,4096,4096,705,510,2.0097,349.05,441.99,1.1408,1380,-21.03,False,False
22,20.4,128,4096,4096,705,705,1.7360,325.67,441.99,1.1408,1380,-26.32,False,False
22,20.4,128,4096,4096,705,900,1.4195,298.26,441.99,1.1408,1380,-32.52,False,False
22,20.4,128,4096,4096,705,1050,1.2642,282.73,441.99,1.1408,1380,-36.03,False,False
22,20.4,128,4096,4096,705,1200,1.2642,287.91,441.99,1.1408,1380,-34.86,False,False
22,20.4,128,4096,4096,705,1305,1.2642,291.07,441.99,1.1408,1380,-34.15,False,False
22,20.4,128,4096,4096,705,1410,1.2642,299.39,441.99,1.1408,1380,-32.26,False,False
22,20.4,128,4096,4096,900,300,2.5892,404.60,441.99,1.1408,1380,-8.46,False,False
22,20.4,128,4096,4096,900,510,2.0097,352.70,441.99,1.1408,1380,-20.20,False,False
22,20.4,128,4096,4096,900,705,1.7360,328.89,441.99,1.1408,1380,-25.59,False,False
22,20.4,128,4096,4096,900,900,1.4195,300.99,441.99,1.1408,1380,-31.90,False,False
22,20.4,128,4096,4096,900,1050,1.2317,283.19,441.99,1.1408,1380,-35.93,False,False
22,20.4,128,4096,4096,900,1200,1.1163,281.07,441.99,1.1408,1380,-36.41,True,True
22,20.4,128,4096,4096,900,1305,1.0926,282.46,441.99,1.1408,1380,-36.09,False,False
22,20.4,128,4096,4096,900,1410,1.0675,288.84,441.99,1.1408,1380,-34.65,False,False
22,20.4,128,4096,4096,1050,300,2.5892,414.19,441.99,1.1408,1380,-6.29,False,False
22,20.4,128,4096,4096,1050,510,2.0097,360.38,441.99,1.1408,1380,-18.46,False,False
22,20.4,128,4096,4096,1050,705,1.7360,335.66,441.99,1.1408,1380,-24.06,False,False
22,20.4,128,4096,4096,1050,900,1.4195,306.71,441.99,1.1408,1380,-30.61,False,False
22,20.4,128,4096,4096,1050,1050,1.2317,288.29,441.99,1.1408,1380,-34.77,False,False
22,20.4,128,4096,4096,1050,1200,1.1163,285.79,441.99,1.1408,1380,-35.34,False,False
22,20.4,128,4096,4096,1050,1305,1.0926,287.10,441.99,1.1408,1380,-35.04,False,False
22,20.4,128,4096,4096,1050,1410,1.0675,293.40,441.99,1.1408,1380,-33.62,False,False
22,20.4,128,4096,4096,1200,300,2.5892,455.47,441.99,1.1408,1380,+3.05,False,False
22,20.4,128,4096,4096,1200,510,2.0097,399.74,441.99,1.1408,1380,-9.56,False,False
22,20.4,128,4096,4096,1200,705,1.7360,374.12,441.99,1.1408,1380,-15.35,False,False
22,20.4,128,4096,4096,1200,900,1.4195,344.13,441.99,1.1408,1380,-22.14,False,False
22,20.4,128,4096,4096,1200,1050,1.2317,325.08,441.99,1.1408,1380,-26.45,False,False
22,20.4,128,4096,4096,1200,1200,1.1163,322.20,441.99,1.1408,1380,-27.10,False,False
22,20.4,128,4096,4096,1200,1305,1.0926,323.43,441.99,1.1408,1380,-26.82,False,False
22,20.4,128,4096,4096,1200,1410,1.0675,329.65,441.99,1.1408,1380,-25.42,False,False
22,20.4,128,8192,8192,300,300,18.2664,2227.57,1961.52,4.9431,1215,+13.56,False,False
22,20.4,128,8192,8192,300,510,18.1139,2206.10,1961.52,4.9431,1215,+12.47,False,False
22,20.4,128,8192,8192,300,705,18.0419,2200.68,1961.52,4.9431,1215,+12.19,False,False
22,20.4,128,8192,8192,300,900,17.9586,2194.00,1961.52,4.9431,1215,+11.85,False,False
22,20.4,128,8192,8192,300,1050,17.9092,2198.98,1961.52,4.9431,1215,+12.11,False,False
22,20.4,128,8192,8192,300,1200,17.8788,2216.45,1961.52,4.9431,1215,+13.00,False,False
22,20.4,128,8192,8192,300,1305,17.8726,2245.82,1961.52,4.9431,1215,+14.49,False,False
22,20.4,128,8192,8192,300,1410,17.8659,2280.31,1961.52,4.9431,1215,+16.25,False,False
22,20.4,128,8192,8192,510,300,11.0491,1792.71,1961.52,4.9431,1215,-8.61,False,False
22,20.4,128,8192,8192,510,510,10.8966,1769.27,1961.52,4.9431,1215,-9.80,False,False
22,20.4,128,8192,8192,510,705,10.8246,1761.17,1961.52,4.9431,1215,-10.21,False,False
22,20.4,128,8192,8192,510,900,10.7413,1751.50,1961.52,4.9431,1215,-10.71,False,False
22,20.4,128,8192,8192,510,1050,10.6919,1750.33,1961.52,4.9431,1215,-10.77,False,False
22,20.4,128,8192,8192,510,1200,10.6615,1761.66,1961.52,4.9431,1215,-10.19,False,False
22,20.4,128,8192,8192,510,1305,10.6553,1779.48,1961.52,4.9431,1215,-9.28,False,False
22,20.4,128,8192,8192,510,1410,10.6487,1802.41,1961.52,4.9431,1215,-8.11,False,False
22,20.4,128,8192,8192,705,300,8.1963,1633.59,1961.52,4.9431,1215,-16.72,False,False
22,20.4,128,8192,8192,705,510,8.0438,1609.22,1961.52,4.9431,1215,-17.96,False,False
22,20.4,128,8192,8192,705,705,7.9718,1599.99,1961.52,4.9431,1215,-18.43,False,False
22,20.4,128,8192,8192,705,900,7.8885,1589.04,1961.52,4.9431,1215,-18.99,False,False
22,20.4,128,8192,8192,705,1050,7.8391,1585.40,1961.52,4.9431,1215,-19.18,False,False
22,20.4,128,8192,8192,705,1200,7.8087,1594.27,1961.52,4.9431,1215,-18.72,False,False
22,20.4,128,8192,8192,705,1305,7.8025,1607.51,1961.52,4.9431,1215,-18.05,False,False
22,20.4,128,8192,8192,705,1410,7.7959,1625.87,1961.52,4.9431,1215,-17.11,False,False
22,20.4,128,8192,8192,900,300,6.5781,1552.07,1961.52,4.9431,1215,-20.87,False,False
22,20.4,128,8192,8192,900,510,6.4256,1527.06,1961.52,4.9431,1215,-22.15,False,False
22,20.4,128,8192,8192,900,705,6.3536,1517.13,1961.52,4.9431,1215,-22.66,False,False
22,20.4,128,8192,8192,900,900,6.2703,1505.40,1961.52,4.9431,1215,-23.25,False,False
22,20.4,128,8192,8192,900,1050,6.2209,1500.30,1961.52,4.9431,1215,-23.51,False,False
22,20.4,128,8192,8192,900,1200,6.1905,1507.76,1961.52,4.9431,1215,-23.13,False,True
22,20.4,128,8192,8192,900,1305,6.1843,1518.40,1961.52,4.9431,1215,-22.59,False,False
22,20.4,128,8192,8192,900,1410,6.1777,1534.16,1961.52,4.9431,1215,-21.79,False,False
22,20.4,128,8192,8192,1050,300,5.7546,1540.86,1961.52,4.9431,1215,-21.45,False,False
22,20.4,128,8192,8192,1050,510,5.6021,1515.14,1961.52,4.9431,1215,-22.76,False,False
22,20.4,128,8192,8192,1050,705,5.5301,1504.67,1961.52,4.9431,1215,-23.29,False,False
22,20.4,128,8192,8192,1050,900,5.4468,1492.34,1961.52,4.9431,1215,-23.92,False,False
22,20.4,128,8192,8192,1050,1050,5.3974,1486.38,1961.52,4.9431,1215,-24.22,True,False
22,20.4,128,8192,8192,1050,1200,5.3670,1493.05,1961.52,4.9431,1215,-23.88,False,False
22,20.4,128,8192,8192,1050,1305,5.3608,1502.35,1961.52,4.9431,1215,-23.41,False,False
22,20.4,128,8192,8192,1050,1410,5.3542,1516.77,1961.52,4.9431,1215,-22.67,False,False
22,20.4,128,8192,8192,1200,300,5.1302,1774.76,1961.52,4.9431,1215,-9.52,False,False
22,20.4,128,8192,8192,1200,510,4.9777,1748.37,1961.52,4.9431,1215,-10.87,False,False
22,20.4,128,8192,8192,1200,705,4.9057,1737.44,1961.52,4.9431,1215,-11.42,False,False
22,20.4,128,8192,8192,1200,900,4.8224,1724.58,1961.52,4.9431,1215,-12.08,False,False
22,20.4,128,8192,8192,1200,1050,4.7730,1717.93,1961.52,4.9431,1215,-12.42,False,False
22,20.4,128,8192,8192,1200,1200,4.7426,1723.97,1961.52,4.9431,1215,-12.11,False,False
22,20.4,128,8192,8192,1200,1305,4.7364,1732.25,1961.52,4.9431,1215,-11.69,False,False
22,20.4,128,8192,8192,1200,1410,4.7298,1745.65,1961.52,4.9431,1215,-11.01,False,False
22,20.4,256,1024,4096,300,300,5.0684,548.44,418.08,2.0934,1410,+31.18,False,False
22,20.4,256,1024,4096,300,510,3.8761,446.71,418.08,2.0934,1410,+6.85,False,False
22,20.4,256,1024,4096,300,705,3.3530,402.56,418.08,2.0934,1410,-3.71,False,False
22,20.4,256,1024,4096,300,900,2.7454,352.05,418.08,2.0934,1410,-15.79,False,False
22,20.4,256,1024,4096,300,1050,2.3575,317.84,418.08,2.0934,1410,-23.98,False,False
22,20.4,256,1024,4096,300,1200,2.1509,315.86,418.08,2.0934,1410,-24.45,False,False
22,20.4,256,1024,4096,300,1305,2.0585,315.69,418.08,2.0934,1410,-24.49,False,False
22,20.4,256,1024,4096,300,1410,2.0339,331.04,418.08,2.0934,1410,-20.82,False,False
22,20.4,256,1024,4096,510,300,5.0684,550.84,418.08,2.0934,1410,+31.75,False,False
22,20.4,256,1024,4096,510,510,3.8761,447.94,418.08,2.0934,1410,+7.14,False,False
22,20.4,256,1024,4096,510,705,3.3530,403.28,418.08,2.0934,1410,-3.54,False,False
22,20.4,256,1024,4096,510,900,2.7454,352.16,418.08,2.0934,1410,-15.77,False,False
22,20.4,256,1024,4096,510,1050,2.3575,317.57,418.08,2.0934,1410,-24.04,False,False
22,20.4,256,1024,4096,510,1200,2.1509,315.39,418.08,2.0934,1410,-24.56,False,False
22,20.4,256,1024,4096,510,1305,2.0585,315.13,418.08,2.0934,1410,-24.62,True,False
22,20.4,256,1024,4096,510,1410,2.0339,330.46,418.08,2.0934,1410,-20.96,False,False
22,20.4,256,1024,4096,705,300,5.0684,557.11,418.08,2.0934,1410,+33.26,False,False
22,20.4,256,1024,4096,705,510,3.8761,452.53,418.08,2.0934,1410,+8.24,False,False
22,20.4,256,1024,4096,705,705,3.3530,407.13,418.08,2.0934,1410,-2.62,False,False
22,20.4,256,1024,4096,705,900,2.7454,355.16,418.08,2.0934,1410,-15.05,False,False
22,20.4,256,1024,4096,705,1050,2.3575,320.02,418.08,2.0934,1410,-23.46,False,False
22,20.4,256,1024,4096,705,1200,2.1509,317.54,418.08,2.0934,1410,-24.05,False,False
22,20.4,256,1024,4096,705,1305,2.0585,317.15,418.08,2.0934,1410,-24.14,False,False
22,20.4,256,1024,4096,705,1410,2.0339,332.44,418.08,2.0934,1410,-20.48,False,False
22,20.4,256,1024,4096,900,300,5.0684,564.80,418.08,2.0934,1410,+35.09,False,False
22,20.4,256,1024,4096,900,510,3.8761,458.33,418.08,2.0934,1410,+9.63,False,False
22,20.4,256,1024,4096,900,705,3.3530,412.11,418.08,2.0934,1410,-1.43,False,False
22,20.4,256,1024,4096,900,900,2.7454,359.18,418.08,2.0934,1410,-14.09,False,False
22,20.4,256,1024,4096,900,1050,2.3575,323.43,418.08,2.0934,1410,-22.64,False,False
22,20.4,256,1024,4096,900,1200,2.1509,320.62,418.08,2.0934,1410,-23.31,False,True
22,20.4,256,1024,4096,900,1305,2.0585,320.09,418.08,2.0934,1410,-23.44,False,False
22,20.4,256,1024,4096,900,1410,2.0339,335.34,418.08,2.0934,1410,-19.79,False,False
22,20.4,256,1024,4096,1050,300,5.0684,581.43,418.08,2.0934,1410,+39.07,False,False
22,20.4,256,1024,4096,1050,510,3.8761,471.03,418.08,2.0934,1410,+12.66,False,False
22,20.4,256,1024,4096,1050,705,3.3530,423.07,418.08,2.0934,1410,+1.19,False,False
22,20.4,256,1024,4096,1050,900,2.7454,368.13,418.08,2.0934,1410,-11.95,False,False
22,20.4,256,1024,4096,1050,1050,2.3575,331.10,418.08,2.0934,1410,-20.80,False,False
22,20.4,256,1024,4096,1050,1200,2.1509,327.62,418.08,2.0934,1410,-21.64,False,False
22,20.4,256,1024,4096,1050,1305,2.0585,326.78,418.08,2.0934,1410,-21.84,False,False
22,20.4,256,1024,4096,1050,1410,2.0339,341.95,418.08,2.0934,1410,-18.21,False,False
22,20.4,256,1024,4096,1200,300,5.0684,605.61,418.08,2.0934,1410,+44.85,False,False
22,20.4,256,1024,4096,1200,510,3.8761,491.26,418.08,2.0934,1410,+17.50,False,False
22,20.4,256,1024,4096,1200,705,3.3530,441.58,418.08,2.0934,1410,+5.62,False,False
22,20.4,256,1024,4096,1200,900,2.7454,384.63,418.08,2.0934,1410,-8.00,False,False
22,20.4,256,1024,4096,1200,1050,2.3575,346.31,418.08,2.0934,1410,-17.17,False,False
22,20.4,256,1024,4096,1200,1200,2.1509,342.15,418.08,2.0934,1410,-18.16,False,False
22,20.4,256,1024,4096,1200,1305,2.0585,341.00,418.08,2.0934,1410,-18.44,False,False
22,20.4,256,1024,4096,1200,1410,2.0339,356.09,418.08,2.0934,1410,-14.83,False,False
22,20.4,256,1024,4096,1305,300,5.0684,642.48,418.08,2.0934,1410,+53.67,False,False
22,20.4,256,1024,4096,1305,510,3.8761,520.67,418.08,2.0934,1410,+24.54,False,False
22,20.4,256,1024,4096,1305,705,3.3530,467.72,418.08,2.0934,1410,+11.87,False,False
22,20.4,256,1024,4096,1305,900,2.7454,406.97,418.08,2.0934,1410,-2.66,False,False
22,20.4,256,1024,4096,1305,1050,2.3575,366.23,418.08,2.0934,1410,-12.40,False,False
22,20.4,256,1024,4096,1305,1200,2.1509,360.77,418.08,2.0934,1410,-13.71,False,False
22,20.4,256,1024,4096,1305,1305,2.0585,359.05,418.08,2.0934,1410,-14.12,False,False
22,20.4,256,1024,4096,1305,1410,2.0339,373.98,418.08,2.0934,1410,-10.55,False,False
22,20.4,256,1024,4096,1410,300,5.0684,688.10,418.08,2.0934,1410,+64.59,False,False
22,20.4,256,1024,4096,1410,510,3.8761,558.84,418.08,2.0934,1410,+33.67,False,False
22,20.4,256,1024,4096,1410,705,3.3530,502.61,418.08,2.0934,1410,+20.22,False,False
22,20.4,256,1024,4096,1410,900,2.7454,438.06,418.08,2.0934,1410,+4.78,False,False
22,20.4,256,1024,4096,1410,1050,2.3575,394.89,418.08,2.0934,1410,-5.55,False,False
22,20.4,256,1024,4096,1410,1200,2.1509,388.14,418.08,2.0934,1410,-7.16,False,False
22,20.4,256,1024,4096,1410,1305,2.0585,385.84,418.08,2.0934,1410,-7.71,False,False
22,20.4,256,1024,4096,1410,1410,2.0339,400.62,418.08,2.0934,1410,-4.18,False,False
22,20.4,256,1024,8192,300,300,5.0684,654.60,593.47,2.0982,1410,+10.30,False,False
22,20.4,256,1024,8192,300,510,3.8761,552.87,593.47,2.0982,1410,-6.84,False,False
22,20.4,256,1024,8192,300,705,3.3530,508.73,593.47,2.0982,1410,-14.28,False,False
22,20.4,256,1024,8192,300,900,2.9560,470.30,593.47,2.0982,1410,-20.75,False,False
22,20.4,256,1024,8192,300,1050,2.9348,457.62,593.47,2.0982,1410,-22.89,False,False
22,20.4,256,1024,8192,300,1200,2.8935,465.89,593.47,2.0982,1410,-21.50,False,False
22,20.4,256,1024,8192,300,1305,2.8750,471.40,593.47,2.0982,1410,-20.57,False,False
22,20.4,256,1024,8192,300,1410,2.8701,489.28,593.47,2.0982,1410,-17.56,False,False
22,20.4,256,1024,8192,510,300,5.0684,653.20,593.47,2.0982,1410,+10.07,False,False
22,20.4,256,1024,8192,510,510,3.8761,550.30,593.47,2.0982,1410,-7.27,False,False
22,20.4,256,1024,8192,510,705,3.3530,505.64,593.47,2.0982,1410,-14.80,False,False
22,20.4,256,1024,8192,510,900,2.7454,454.52,593.47,2.0982,1410,-23.41,False,False
22,20.4,256,1024,8192,510,1050,2.3575,419.93,593.47,2.0982,1410,-29.24,False,False
22,20.4,256,1024,8192,510,1200,2.1509,417.75,593.47,2.0982,1410,-29.61,False,False
22,20.4,256,1024,8192,510,1305,2.0585,417.49,593.47,2.0982,1410,-29.65,True,False
22,20.4,256,1024,8192,510,1410,2.0339,432.82,593.47,2.0982,1410,-27.07,False,False
22,20.4,256,1024,8192,705,300,5.0684,658.41,593.47,2.0982,1410,+10.94,False,False
22,20.4,256,1024,8192,705,510,3.8761,553.82,593.47,2.0982,1410,-6.68,False,False
22,20.4,256,1024,8192,705,705,3.3530,508.42,593.47,2.0982,1410,-14.33,False,False
22,20.4,256,1024,8192,705,900,2.7454,456.45,593.47,2.0982,1410,-23.09,False,False
22,20.4,256,1024,8192,705,1050,2.3575,421.31,593.47,2.0982,1410,-29.01,False,False
22,20.4,256,1024,8192,705,1200,2.1509,418.84,593.47,2.0982,1410,-29.43,False,False
22,20.4,256,1024,8192,705,1305,2.0585,418.45,593.47,2.0982,1410,-29.49,False,False
22,20.4,256,1024,8192,705,1410,2.0339,433.74,593.47,2.0982,1410,-26.91,False,False
22,20.4,256,1024,8192,900,300,5.0684,666.69,593.47,2.0982,1410,+12.34,False,False
22,20.4,256,1024,8192,900,510,3.8761,560.23,593.47,2.0982,1410,-5.60,False,False
22,20.4,256,1024,8192,900,705,3.3530,514.00,593.47,2.0982,1410,-13.39,False,False
22,20.4,256,1024,8192,900,900,2.7454,461.07,593.47,2.0982,1410,-22.31,False,False
22,20.4,256,1024,8192,900,1050,2.3575,425.32,593.47,2.0982,1410,-28.33,False,False
22,20.4,256,1024,8192,900,1200,2.1509,422.52,593.47,2.0982,1410,-28.80,False,True
22,20.4,256,1024,8192,900,1305,2.0585,421.99,593.47,2.0982,1410,-28.89,False,False
22,20.4,256,1024,8192,900,1410,2.0339,437.24,593.47,2.0982,1410,-26.32,False,False
22,20.4,256,1024,8192,1050,300,5.0684,684.66,593.47,2.0982,1410,+15.37,False,False
22,20.4,256,1024,8192,1050,510,3.8761,574.25,593.47,2.0982,1410,-3.24,False,False
22,20.4,256,1024,8192,1050,705,3.3530,526.30,593.47,2.0982,1410,-11.32,False,False
22,20.4,256,1024,8192,1050,900,2.7454,471.36,593.47,2.0982,1410,-20.57,False,False
22,20.4,256,1024,8192,1050,1050,2.3575,434.33,593.47,2.0982,1410,-26.82,False,False
22,20.4,256,1024,8192,1050,1200,2.1509,430.84,593.47,2.0982,1410,-27.40,False,False
22,20.4,256,1024,8192,1050,1305,2.0585,430.00,593.47,2.0982,1410,-27.54,False,False
22,20.4,256,1024,8192,1050,1410,2.0339,445.18,593.47,2.0982,1410,-24.99,False,False
22,20.4,256,1024,8192,1200,300,5.0684,733.12,593.47,2.0982,1410,+23.53,False,False
22,20.4,256,1024,8192,1200,510,3.8761,618.78,593.47,2.0982,1410,+4.26,False,False
22,20.4,256,1024,8192,1200,705,3.3530,569.09,593.47,2.0982,1410,-4.11,False,False
22,20.4,256,1024,8192,1200,900,2.7454,512.15,593.47,2.0982,1410,-13.70,False,False
22,20.4,256,1024,8192,1200,1050,2.3575,473.83,593.47,2.0982,1410,-20.16,False,False
22,20.4,256,1024,8192,1200,1200,2.1509,469.66,593.47,2.0982,1410,-20.86,False,False
22,20.4,256,1024,8192,1200,1305,2.0585,468.52,593.47,2.0982,1410,-21.05,False,False
22,20.4,256,1024,8192,1200,1410,2.0339,483.61,593.47,2.0982,1410,-18.51,False,False
22,20.4,256,2048,4096,300,300,5.0684,582.09,475.04,2.0678,1410,+22.53,False,False
22,20.4,256,2048,4096,300,510,3.8761,480.36,475.04,2.0678,1410,+1.12,False,False
22,20.4,256,2048,4096,300,705,3.3530,436.21,475.04,2.0678,1410,-8.17,False,False
22,20.4,256,2048,4096,300,900,2.7454,385.70,475.04,2.0678,1410,-18.81,False,False
22,20.4,256,2048,4096,300,1050,2.3575,351.49,475.04,2.0678,1410,-26.01,False,False
22,20.4,256,2048,4096,300,1200,2.1509,349.51,475.04,2.0678,1410,-26.43,False,False
22,20.4,256,2048,4096,300,1305,2.0585,349.34,475.04,2.0678,1410,-26.46,False,False
22,20.4,256,2048,4096,300,1410,2.0339,364.69,475.04,2.0678,1410,-23.23,False,False
22,20.4,256,2048,4096,510,300,5.0684,583.35,475.04,2.0678,1410,+22.80,False,False
22,20.4,256,2048,4096,510,510,3.8761,480.45,475.04,2.0678,1410,+1.14,False,False
22,20.4,256,2048,4096,510,705,3.3530,435.79,475.04,2.0678,1410,-8.26,False,False
22,20.4,256,2048,4096,510,900,2.7454,384.68,475.04,2.0678,1410,-19.02,False,False
22,20.4,256,2048,4096,510,1050,2.3575,350.09,475.04,2.0678,1410,-26.30,False,False
22,20.4,256,2048,4096,510,1200,2.1509,347.90,475.04,2.0678,1410,-26.76,False,False
22,20.4,256,2048,4096,510,1305,2.0585,347.65,475.04,2.0678,1410,-26.82,True,False
22,20.4,256,2048,4096,510,1410,2.0339,362.97,475.04,2.0678,1410,-23.59,False,False
22,20.4,256,2048,4096,705,300,5.0684,589.38,475.04,2.0678,1410,+24.07,False,False
22,20.4,256,2048,4096,705,510,3.8761,484.80,475.04,2.0678,1410,+2.05,False,False
22,20.4,256,2048,4096,705,705,3.3530,439.40,475.04,2.0678,1410,-7.50,False,False
22,20.4,256,2048,4096,705,900,2.7454,387.42,475.04,2.0678,1410,-18.44,False,False
22,20.4,256,2048,4096,705,1050,2.3575,352.29,475.04,2.0678,1410,-25.84,False,False
22,20.4,256,2048,4096,705,1200,2.1509,349.81,475.04,2.0678,1410,-26.36,False,False
22,20.4,256,2048,4096,705,1305,2.0585,349.42,475.04,2.0678,1410,-26.44,False,False
22,20.4,256,2048,4096,705,1410,2.0339,364.71,475.04,2.0678,1410,-23.22,False,False
22,20.4,256,2048,4096,900,300,5.0684,597.32,475.04,2.0678,1410,+25.74,False,False
22,20.4,256,2048,4096,900,510,3.8761,490.86,475.04,2.0678,1410,+3.33,False,False
22,20.4,256,2048,4096,900,705,3.3530,444.63,475.04,2.0678,1410,-6.40,False,False
22,20.4,256,2048,4096,900,900,2.7454,391.70,475.04,2.0678,1410,-17.54,False,False
22,20.4,256,2048,4096,900,1050,2.3575,355.95,475.04,2.0678,1410,-25.07,False,False
22,20.4,256,2048,4096,900,1200,2.1509,353.15,475.04,2.0678,1410,-25.66,False,True
22,20.4,256,2048,4096,900,1305,2.0585,352.62,475.04,2.0678,1410,-25.77,False,False
22,20.4,256,2048,4096,900,1410,2.0339,367.87,475.04,2.0678,1410,-22.56,False,False
22,20.4,256,2048,4096,1050,300,5.0684,614.54,475.04,2.0678,1410,+29.37,False,False
22,20.4,256,2048,4096,1050,510,3.8761,504.13,475.04,2.0678,1410,+6.12,False,False
22,20.4,256,2048,4096,1050,705,3.3530,456.18,475.04,2.0678,1410,-3.97,False,False
22,20.4,256,2048,4096,1050,900,2.7454,401.24,475.04,2.0678,1410,-15.54,False,False
22,20.4,256,2048,4096,1050,1050,2.3575,364.20,475.04,2.0678,1410,-23.33,False,False
22,20.4,256,2048,4096,1050,1200,2.1509,360.72,475.04,2.0678,1410,-24.07,False,False
22,20.4,256,2048,4096,1050,1305,2.0585,359.88,475.04,2.0678,1410,-24.24,False,False
22,20.4,256,2048,4096,1050,1410,2.0339,375.05,475.04,2.0678,1410,-21.05,False,False
22,20.4,256,2048,4096,1200,300,5.0684,646.90,475.04,2.0678,1410,+36.18,False,False
22,20.4,256,2048,4096,1200,510,3.8761,532.55,475.04,2.0678,1410,+12.11,False,False
22,20.4,256,2048,4096,1200,705,3.3530,482.86,475.04,2.0678,1410,+1.65,False,False
22,20.4,256,2048,4096,1200,900,2.7454,425.92,475.04,2.0678,1410,-10.34,False,False
22,20.4,256,2048,4096,1200,1050,2.3575,387.60,475.04,2.0678,1410,-18.41,False,False
22,20.4,256,2048,4096,1200,1200,2.1509,383.43,475.04,2.0678,1410,-19.28,False,False
22,20.4,256,2048,4096,1200,1305,2.0585,382.29,475.04,2.0678,1410,-19.52,False,False
22,20.4,256,2048,4096,1200,1410,2.0339,397.38,475.04,2.0678,1410,-16.35,False,False
22,20.4,256,2048,4096,1305,300,5.0684,690.82,475.04,2.0678,1410,+45.42,False,False
22,20.4,256,2048,4096,1305,510,3.8761,569.01,475.04,2.0678,1410,+19.78,False,False
22,20.4,256,2048,4096,1305,705,3.3530,516.06,475.04,2.0678,1410,+8.64,False,False
22,20.4,256,2048,4096,1305,900,2.7454,455.31,475.04,2.0678,1410,-4.15,False,False
22,20.4,256,2048,4096,1305,1050,2.3575,414.57,475.04,2.0678,1410,-12.73,False,False
22,20.4,256,2048,4096,1305,1200,2.1509,409.11,475.04,2.0678,1410,-13.88,False,False
22,20.4,256,2048,4096,1305,1305,2.0585,407.39,475.04,2.0678,1410,-14.24,False,False
22,20.4,256,2048,4096,1305,1410,2.0339,422.32,475.04,2.0678,1410,-11.10,False,False
22,20.4,256,2048,8192,300,300,5.6010,811.60,824.72,2.1161,1380,-1.59,False,False
22,20.4,256,2048,8192,300,510,5.4427,768.55,824.72,2.1161,1380,-6.81,False,False
22,20.4,256,2048,8192,300,705,5.3381,748.81,824.72,2.1161,1380,-9.20,False,False
22,20.4,256,2048,8192,300,900,5.2165,726.99,824.72,2.1161,1380,-11.85,False,False
22,20.4,256,2048,8192,300,1050,5.1390,712.94,824.72,2.1161,1380,-13.55,False,False
22,20.4,256,2048,8192,300,1200,5.0976,723.08,824.72,2.1161,1380,-12.32,False,False
22,20.4,256,2048,8192,300,1305,5.0792,732.11,824.72,2.1161,1380,-11.23,False,False
22,20.4,256,2048,8192,300,1410,5.0743,753.52,824.72,2.1161,1380,-8.63,False,False
22,20.4,256,2048,8192,510,300,5.0684,776.04,824.72,2.1161,1380,-5.90,False,False
22,20.4,256,2048,8192,510,510,3.8761,673.14,824.72,2.1161,1380,-18.38,False,False
22,20.4,256,2048,8192,510,705,3.3530,628.48,824.72,2.1161,1380,-23.80,False,False
22,20.4,256,2048,8192,510,900,3.3138,610.54,824.72,2.1161,1380,-25.97,False,False
22,20.4,256,2048,8192,510,1050,3.2362,594.81,824.72,2.1161,1380,-27.88,False,False
22,20.4,256,2048,8192,510,1200,3.1949,603.29,824.72,2.1161,1380,-26.85,False,False
22,20.4,256,2048,8192,510,1305,3.1764,609.26,824.72,2.1161,1380,-26.13,False,False
22,20.4,256,2048,8192,510,1410,3.1715,627.62,824.72,2.1161,1380,-23.90,False,False
22,20.4,256,2048,8192,705,300,5.0684,780.11,824.72,2.1161,1380,-5.41,False,False
22,20.4,256,2048,8192,705,510,3.8761,675.53,824.72,2.1161,1380,-18.09,False,False
22,20.4,256,2048,8192,705,705,3.3530,630.13,824.72,2.1161,1380,-23.60,False,False
22,20.4,256,2048,8192,705,900,2.7454,578.16,824.72,2.1161,1380,-29.90,False,False
22,20.4,256,2048,8192,705,1050,2.4132,546.40,824.72,2.1161,1380,-33.75,False,False
22,20.4,256,2048,8192,705,1200,2.4132,556.67,824.72,2.1161,1380,-32.50,False,False
22,20.4,256,2048,8192,705,1305,2.4132,562.53,824.72,2.1161,1380,-31.79,False,False
22,20.4,256,2048,8192,705,1410,2.4132,579.97,824.72,2.1161,1380,-29.68,False,False
22,20.4,256,2048,8192,900,300,5.0684,789.64,824.72,2.1161,1380,-4.25,False,False
22,20.4,256,2048,8192,900,510,3.8761,683.18,824.72,2.1161,1380,-17.16,False,False
22,20.4,256,2048,8192,900,705,3.3530,636.95,824.72,2.1161,1380,-22.77,False,False
22,20.4,256,2048,8192,900,900,2.7454,584.02,824.72,2.1161,1380,-29.19,False,False
22,20.4,256,2048,8192,900,1050,2.3575,548.27,824.72,2.1161,1380,-33.52,False,False
22,20.4,256,2048,8192,900,1200,2.1509,545.47,824.72,2.1161,1380,-33.86,False,True
22,20.4,256,2048,8192,900,1305,2.0585,544.93,824.72,2.1161,1380,-33.93,True,False
22,20.4,256,2048,8192,900,1410,2.0339,560.19,824.72,2.1161,1380,-32.08,False,False
22,20.4,256,2048,8192,1050,300,5.0684,808.77,824.72,2.1161,1380,-1.93,False,False
22,20.4,256,2048,8192,1050,510,3.8761,698.37,824.72,2.1161,1380,-15.32,False,False
22,20.4,256,2048,8192,1050,705,3.3530,650.41,824.72,2.1161,1380,-21.14,False,False
22,20.4,256,2048,8192,1050,900,2.7454,595.48,824.72,2.1161,1380,-27.80,False,False
22,20.4,256,2048,8192,1050,1050,2.3575,558.44,824.72,2.1161,1380,-32.29,False,False
22,20.4,256,2048,8192,1050,1200,2.1509,554.96,824.72,2.1161,1380,-32.71,False,False
22,20.4,256,2048,8192,1050,1305,2.0585,554.12,824.72,2.1161,1380,-32.81,False,False
22,20.4,256,2048,8192,1050,1410,2.0339,569.29,824.72,2.1161,1380,-30.97,False,False
22,20.4,256,2048,8192,1200,300,5.0684,889.34,824.72,2.1161,1380,+7.83,False,False
22,20.4,256,2048,8192,1200,510,3.8761,774.99,824.72,2.1161,1380,-6.03,False,False
22,20.4,256,2048,8192,1200,705,3.3530,725.31,824.72,2.1161,1380,-12.05,False,False
22,20.4,256,2048,8192,1200,900,2.7454,668.36,824.72,2.1161,1380,-18.96,False,False
22,20.4,256,2048,8192,1200,1050,2.3575,630.05,824.72,2.1161,1380,-23.61,False,False
22,20.4,256,2048,8192,1200,1200,2.1509,625.88,824.72,2.1161,1380,-24.11,False,False
22,20.4,256,2048,8192,1200,1305,2.0585,624.74,824.72,2.1161,1380,-24.25,False,False
22,20.4,256,2048,8192,1200,1410,2.0339,639.83,824.72,2.1161,1380,-22.42,False,False
22,20.4,256,4096,4096,300,300,5.0684,649.63,607.88,2.0884,1410,+6.87,False,False
22,20.4,256,4096,4096,300,510,3.8761,547.90,607.88,2.0884,1410,-9.87,False,False
22,20.4,256,4096,4096,300,705,3.3530,503.76,607.88,2.0884,1410,-17.13,False,False
22,20.4,256,4096,4096,300,900,2.9013,462.18,607.88,2.0884,1410,-23.97,False,False
22,20.4,256,4096,4096,300,1050,2.8892,449.99,607.88,2.0884,1410,-25.97,False,False
22,20.4,256,4096,4096,300,1200,2.8479,458.23,607.88,2.0884,1410,-24.62,False,False
22,20.4,256,4096,4096,300,1305,2.8294,463.66,607.88,2.0884,1410,-23.73,False,False
22,20.4,256,4096,4096,300,1410,2.8245,481.47,607.88,2.0884,1410,-20.80,False,False
22,20.4,256,4096,4096,510,300,5.0684,648.57,607.88,2.0884,1410,+6.69,False,False
22,20.4,256,4096,4096,510,510,3.8761,545.67,607.88,2.0884,1410,-10.23,False,False
22,20.4,256,4096,4096,510,705,3.3530,501.01,607.88,2.0884,1410,-17.58,False,False
22,20.4,256,4096,4096,510,900,2.7454,449.89,607.88,2.0884,1410,-25.99,False,False
22,20.4,256,4096,4096,510,1050,2.3575,415.30,607.88,2.0884,1410,-31.68,False,False
22,20.4,256,4096,4096,510,1200,2.1509,413.12,607.88,2.0884,1410,-32.04,False,False
22,20.4,256,4096,4096,510,1305,2.0585,412.86,607.88,2.0884,1410,-32.08,True,False
22,20.4,256,4096,4096,510,1410,2.0339,428.19,607.88,2.0884,1410,-29.56,False,False
22,20.4,256,4096,4096,705,300,5.0684,654.26,607.88,2.0884,1410,+7.63,False,False
22,20.4,256,4096,4096,705,510,3.8761,549.67,607.88,2.0884,1410,-9.58,False,False
22,20.4,256,4096,4096,705,705,3.3530,504.27,607.88,2.0884,1410,-17.04,False,False
22,20.4,256,4096,4096,705,900,2.7454,452.30,607.88,2.0884,1410,-25.59,False,False
22,20.4,256,4096,4096,705,1050,2.3575,417.16,607.88,2.0884,1410,-31.37,False,False
22,20.4,256,4096,4096,705,1200,2.1509,414.68,607.88,2.0884,1410,-31.78,False,False
22,20.4,256,4096,4096,705,1305,2.0585,414.30,607.88,2.0884,1410,-31.85,False,False
22,20.4,256,4096,4096,705,1410,2.0339,429.59,607.88,2.0884,1410,-29.33,False,False
22,20.4,256,4096,4096,900,300,5.0684,662.73,607.88,2.0884,1410,+9.02,False,False
22,20.4,256,4096,4096,900,510,3.8761,556.27,607.88,2.0884,1410,-8.49,False,False
22,20.4,256,4096,4096,900,705,3.3530,510.04,607.88,2.0884,1410,-16.10,False,False
22,20.4,256,4096,4096,900,900,2.7454,457.11,607.88,2.0884,1410,-24.80,False,False
22,20.4,256,4096,4096,900,1050,2.3575,421.36,607.88,2.0884,1410,-30.68,False,False
22,20.4,256,4096,4096,900,1200,2.1509,418.56,607.88,2.0884,1410,-31.14,False,True
22,20.4,256,4096,4096,900,1305,2.0585,418.03,607.88,2.0884,1410,-31.23,False,False
22,20.4,256,4096,4096,900,1410,2.0339,433.28,607.88,2.0884,1410,-28.72,False,False
22,20.4,256,4096,4096,1050,300,5.0684,680.52,607.88,2.0884,1410,+11.95,False,False
22,20.4,256,4096,4096,1050,510,3.8761,570.11,607.88,2.0884,1410,-6.21,False,False
22,20.4,256,4096,4096,1050,705,3.3530,522.16,607.88,2.0884,1410,-14.10,False,False
22,20.4,256,4096,4096,1050,900,2.7454,467.22,607.88,2.0884,1410,-23.14,False,False
22,20.4,256,4096,4096,1050,1050,2.3575,430.19,607.88,2.0884,1410,-29.23,False,False
22,20.4,256,4096,4096,1050,1200,2.1509,426.70,607.88,2.0884,1410,-29.81,False,False
22,20.4,256,4096,4096,1050,1305,2.0585,425.86,607.88,2.0884,1410,-29.94,False,False
22,20.4,256,4096,4096,1050,1410,2.0339,441.04,607.88,2.0884,1410,-27.45,False,False
22,20.4,256,4096,4096,1200,300,5.0684,730.00,607.88,2.0884,1410,+20.09,False,False
22,20.4,256,4096,4096,1200,510,3.8761,615.65,607.88,2.0884,1410,+1.28,False,False
22,20.4,256,4096,4096,1200,705,3.3530,565.97,607.88,2.0884,1410,-6.90,False,False
22,20.4,256,4096,4096,1200,900,2.7454,509.02,607.88,2.0884,1410,-16.26,False,False
22,20.4,256,4096,4096,1200,1050,2.3575,470.70,607.88,2.0884,1410,-22.57,False,False
22,20.4,256,4096,4096,1200,1200,2.1509,466.54,607.88,2.0884,1410,-23.25,False,False
22,20.4,256,4096,4096,1200,1305,2.0585,465.39,607.88,2.0884,1410,-23.44,False,False
22,20.4,256,4096,4096,1200,1410,2.0339,480.48,607.88,2.0884,1410,-20.96,False,False
22,20.4,256,8192,8192,300,300,18.9188,2372.88,2097.96,5.2627,1185,+13.10,False,False
22,20.4,256,8192,8192,300,510,18.6050,2324.38,2097.96,5.2627,1185,+10.79,False,False
22,20.4,256,8192,8192,300,705,18.4674,2307.52,2097.96,5.2627,1185,+9.99,False,False
22,20.4,256,8192,8192,300,900,18.3075,2288.79,2097.96,5.2627,1185,+9.10,False,False
22,20.4,256,8192,8192,300,1050,18.2054,2284.39,2097.96,5.2627,1185,+8.89,False,False
22,20.4,256,8192,8192,300,1200,18.1510,2304.80,2097.96,5.2627,1185,+9.86,False,False
22,20.4,256,8192,8192,300,1305,18.1267,2334.37,2097.96,5.2627,1185,+11.27,False,False
22,20.4,256,8192,8192,300,1410,18.1203,2376.56,2097.96,5.2627,1185,+13.28,False,False
22,20.4,256,8192,8192,510,300,11.7015,1938.66,2097.96,5.2627,1185,-7.59,False,False
22,20.4,256,8192,8192,510,510,11.3878,1888.04,2097.96,5.2627,1185,-10.01,False,False
22,20.4,256,8192,8192,510,705,11.2501,1868.43,2097.96,5.2627,1185,-10.94,False,False
22,20.4,256,8192,8192,510,900,11.0902,1846.64,2097.96,5.2627,1185,-11.98,False,False
22,20.4,256,8192,8192,510,1050,10.9881,1836.03,2097.96,5.2627,1185,-12.48,False,False
22,20.4,256,8192,8192,510,1200,10.9338,1850.29,2097.96,5.2627,1185,-11.81,False,False
22,20.4,256,8192,8192,510,1305,10.9095,1868.28,2097.96,5.2627,1185,-10.95,False,False
22,20.4,256,8192,8192,510,1410,10.9030,1898.92,2097.96,5.2627,1185,-9.49,False,False
22,20.4,256,8192,8192,705,300,8.8487,1780.47,2097.96,5.2627,1185,-15.13,False,False
22,20.4,256,8192,8192,705,510,8.5350,1728.68,2097.96,5.2627,1185,-17.60,False,False
22,20.4,256,8192,8192,705,705,8.3973,1707.85,2097.96,5.2627,1185,-18.59,False,False
22,20.4,256,8192,8192,705,900,8.2374,1684.68,2097.96,5.2627,1185,-19.70,False,False
22,20.4,256,8192,8192,705,1050,8.1353,1671.51,2097.96,5.2627,1185,-20.33,False,False
22,20.4,256,8192,8192,705,1200,8.0810,1683.28,2097.96,5.2627,1185,-19.77,False,False
22,20.4,256,8192,8192,705,1305,8.0566,1696.68,2097.96,5.2627,1185,-19.13,False,False
22,20.4,256,8192,8192,705,1410,8.0502,1722.74,2097.96,5.2627,1185,-17.89,False,False
22,20.4,256,8192,8192,900,300,7.2305,1699.98,2097.96,5.2627,1185,-18.97,False,False
22,20.4,256,8192,8192,900,510,6.9168,1647.29,2097.96,5.2627,1185,-21.48,False,False
22,20.4,256,8192,8192,900,705,6.7791,1625.66,2097.96,5.2627,1185,-22.51,False,False
22,20.4,256,8192,8192,900,900,6.6192,1601.58,2097.96,5.2627,1185,-23.66,False,False
22,20.4,256,8192,8192,900,1050,6.5171,1586.89,2097.96,5.2627,1185,-24.36,False,False
22,20.4,256,8192,8192,900,1200,6.4628,1597.20,2097.96,5.2627,1185,-23.87,False,True
22,20.4,256,8192,8192,900,1305,6.4385,1607.97,2097.96,5.2627,1185,-23.36,False,False
22,20.4,256,8192,8192,900,1410,6.4320,1631.43,2097.96,5.2627,1185,-22.24,False,False
22,20.4,256,8192,8192,1050,300,6.4070,1690.93,2097.96,5.2627,1185,-19.40,False,False
22,20.4,256,8192,8192,1050,510,6.0933,1637.00,2097.96,5.2627,1185,-21.97,False,False
22,20.4,256,8192,8192,1050,705,5.9556,1614.61,2097.96,5.2627,1185,-23.04,False,False
22,20.4,256,8192,8192,1050,900,5.7957,1589.67,2097.96,5.2627,1185,-24.23,False,False
22,20.4,256,8192,8192,1050,1050,5.6936,1573.94,2097.96,5.2627,1185,-24.98,True,False
22,20.4,256,8192,8192,1050,1200,5.6393,1583.38,2097.96,5.2627,1185,-24.53,False,False
22,20.4,256,8192,8192,1050,1305,5.6150,1592.75,2097.96,5.2627,1185,-24.08,False,False
22,20.4,256,8192,8192,1050,1410,5.6085,1614.87,2097.96,5.2627,1185,-23.03,False,False
22,20.4,256,8192,8192,1200,300,5.6196,1916.07,2097.96,5.2627,1185,-8.67,False,False
22,20.4,256,8192,8192,1200,510,5.4689,1871.85,2097.96,5.2627,1185,-10.78,False,False
22,20.4,256,8192,8192,1200,705,5.3312,1848.79,2097.96,5.2627,1185,-11.88,False,False
22,20.4,256,8192,8192,1200,900,5.1713,1823.07,2097.96,5.2627,1185,-13.10,False,False
22,20.4,256,8192,8192,1200,1050,5.0693,1806.48,2097.96,5.2627,1185,-13.89,False,False
22,20.4,256,8192,8192,1200,1200,5.0149,1815.20,2097.96,5.2627,1185,-13.48,False,False
22,20.4,256,8192,8192,1200,1305,4.9906,1823.49,2097.96,5.2627,1185,-13.08,False,False
22,20.4,256,8192,8192,1200,1410,4.9841,1844.60,2097.96,5.2627,1185,-12.08,False,False
22,20.4,512,1024,4096,300,300,9.6764,1015.85,744.22,3.9502,1410,+36.50,False,False
22,20.4,512,1024,4096,300,510,7.4158,823.08,744.22,3.9502,1410,+10.60,False,False
22,20.4,512,1024,4096,300,705,6.4697,745.05,744.22,3.9502,1410,+0.11,False,False
22,20.4,512,1024,4096,300,900,5.2662,645.80,744.22,3.9502,1410,-13.22,False,False
22,20.4,512,1024,4096,300,1050,4.5147,577.71,744.22,3.9502,1410,-22.37,False,False
22,20.4,512,1024,4096,300,1200,4.0807,571.20,744.22,3.9502,1410,-23.25,True,False
22,20.4,512,1024,4096,300,1305,3.9325,573.04,744.22,3.9502,1410,-23.00,False,False
22,20.4,512,1024,4096,300,1410,3.8541,600.78,744.22,3.9502,1410,-19.27,False,False
22,20.4,512,1024,4096,510,300,9.6764,1022.79,744.22,3.9502,1410,+37.43,False,False
22,20.4,512,1024,4096,510,510,7.4158,827.79,744.22,3.9502,1410,+11.23,False,False
22,20.4,512,1024,4096,510,705,6.4697,748.83,744.22,3.9502,1410,+0.62,False,False
22,20.4,512,1024,4096,510,900,5.2662,648.39,744.22,3.9502,1410,-12.88,False,False
22,20.4,512,1024,4096,510,1050,4.5147,579.56,744.22,3.9502,1410,-22.12,False,False
22,20.4,512,1024,4096,510,1200,4.0807,572.62,744.22,3.9502,1410,-23.06,False,False
22,20.4,512,1024,4096,510,1305,3.9325,574.32,744.22,3.9502,1410,-22.83,False,False
22,20.4,512,1024,4096,510,1410,3.8541,601.98,744.22,3.9502,1410,-19.11,False,False
22,20.4,512,1024,4096,705,300,9.6764,1035.57,744.22,3.9502,1410,+39.15,False,False
22,20.4,512,1024,4096,705,510,7.4158,837.38,744.22,3.9502,1410,+12.52,False,False
22,20.4,512,1024,4096,705,705,6.4697,757.08,744.22,3.9502,1410,+1.73,False,False
22,20.4,512,1024,4096,705,900,5.2662,654.95,744.22,3.9502,1410,-11.99,False,False
22,20.4,512,1024,4096,705,1050,4.5147,585.05,744.22,3.9502,1410,-21.39,False,False
22,20.4,512,1024,4096,705,1200,4.0807,577.50,744.22,3.9502,1410,-22.40,False,False
22,20.4,512,1024,4096,705,1305,3.9325,578.99,744.22,3.9502,1410,-22.20,False,False
22,20.4,512,1024,4096,705,1410,3.8541,606.54,744.22,3.9502,1410,-18.50,False,False
22,20.4,512,1024,4096,900,300,9.6764,1050.52,744.22,3.9502,1410,+41.16,False,False
22,20.4,512,1024,4096,900,510,7.4158,848.76,744.22,3.9502,1410,+14.05,False,False
22,20.4,512,1024,4096,900,705,6.4697,766.97,744.22,3.9502,1410,+3.06,False,False
22,20.4,512,1024,4096,900,900,5.2662,662.94,744.22,3.9502,1410,-10.92,False,False
22,20.4,512,1024,4096,900,1050,4.5147,591.86,744.22,3.9502,1410,-20.47,False,False
22,20.4,512,1024,4096,900,1200,4.0807,583.63,744.22,3.9502,1410,-21.58,False,True
22,20.4,512,1024,4096,900,1305,3.9325,584.89,744.22,3.9502,1410,-21.41,False,False
22,20.4,512,1024,4096,900,1410,3.8541,612.31,744.22,3.9502,1410,-17.72,False,False
22,20.4,512,1024,4096,1050,300,9.6764,1082.39,744.22,3.9502,1410,+45.44,False,False
22,20.4,512,1024,4096,1050,510,7.4158,873.16,744.22,3.9502,1410,+17.33,False,False
22,20.4,512,1024,4096,1050,705,6.4697,788.24,744.22,3.9502,1410,+5.92,False,False
22,20.4,512,1024,4096,1050,900,5.2662,680.23,744.22,3.9502,1410,-8.60,False,False
22,20.4,512,1024,4096,1050,1050,4.5147,606.67,744.22,3.9502,1410,-18.48,False,False
22,20.4,512,1024,4096,1050,1200,4.0807,597.00,744.22,3.9502,1410,-19.78,False,False
22,20.4,512,1024,4096,1050,1305,3.9325,597.77,744.22,3.9502,1410,-19.68,False,False
22,20.4,512,1024,4096,1050,1410,3.8541,624.93,744.22,3.9502,1410,-16.03,False,False
22,20.4,512,1024,4096,1200,300,9.6764,1121.80,744.22,3.9502,1410,+50.74,False,False
22,20.4,512,1024,4096,1200,510,7.4158,905.09,744.22,3.9502,1410,+21.62,False,False
22,20.4,512,1024,4096,1200,705,6.4697,817.05,744.22,3.9502,1410,+9.79,False,False
22,20.4,512,1024,4096,1200,900,5.2662,705.06,744.22,3.9502,1410,-5.26,False,False
22,20.4,512,1024,4096,1200,1050,4.5147,629.01,744.22,3.9502,1410,-15.48,False,False
22,20.4,512,1024,4096,1200,1200,4.0807,617.91,744.22,3.9502,1410,-16.97,False,False
22,20.4,512,1024,4096,1200,1305,3.9325,618.19,744.22,3.9502,1410,-16.93,False,False
22,20.4,512,1024,4096,1200,1410,3.8541,645.09,744.22,3.9502,1410,-13.32,False,False
22,20.4,512,1024,4096,1305,300,9.6764,1187.50,744.22,3.9502,1410,+59.56,False,False
22,20.4,512,1024,4096,1305,510,7.4158,956.65,744.22,3.9502,1410,+28.55,False,False
22,20.4,512,1024,4096,1305,705,6.4697,862.69,744.22,3.9502,1410,+15.92,False,False
22,20.4,512,1024,4096,1305,900,5.2662,743.17,744.22,3.9502,1410,-0.14,False,False
22,20.4,512,1024,4096,1305,1050,4.5147,662.42,744.22,3.9502,1410,-10.99,False,False
22,20.4,512,1024,4096,1305,1200,4.0807,648.60,744.22,3.9502,1410,-12.85,False,False
22,20.4,512,1024,4096,1305,1305,3.9325,647.95,744.22,3.9502,1410,-12.93,False,False
22,20.4,512,1024,4096,1305,1410,3.8541,674.37,744.22,3.9502,1410,-9.39,False,False
22,20.4,512,1024,4096,1410,300,9.6764,1261.95,744.22,3.9502,1410,+69.57,False,False
22,20.4,512,1024,4096,1410,510,7.4158,1016.96,744.22,3.9502,1410,+36.65,False,False
22,20.4,512,1024,4096,1410,705,6.4697,917.08,744.22,3.9502,1410,+23.23,False,False
22,20.4,512,1024,4096,1410,900,5.2662,790.03,744.22,3.9502,1410,+6.16,False,False
22,20.4,512,1024,4096,1410,1050,4.5147,704.58,744.22,3.9502,1410,-5.33,False,False
22,20.4,512,1024,4096,1410,1200,4.0807,688.05,744.22,3.9502,1410,-7.55,False,False
22,20.4,512,1024,4096,1410,1305,3.9325,686.47,744.22,3.9502,1410,-7.76,False,False
22,20.4,512,1024,4096,1410,1410,3.8541,712.40,744.22,3.9502,1410,-4.28,False,False
22,20.4,512,1024,8192,300,300,9.6764,1122.01,916.01,3.9446,1410,+22.49,False,False
22,20.4,512,1024,8192,300,510,7.4158,929.24,916.01,3.9446,1410,+1.44,False,False
22,20.4,512,1024,8192,300,705,6.4697,851.21,916.01,3.9446,1410,-7.07,False,False
22,20.4,512,1024,8192,300,900,5.2662,751.96,916.01,3.9446,1410,-17.91,False,False
22,20.4,512,1024,8192,300,1050,4.5147,683.87,916.01,3.9446,1410,-25.34,False,False
22,20.4,512,1024,8192,300,1200,4.0807,677.36,916.01,3.9446,1410,-26.05,False,False
22,20.4,512,1024,8192,300,1305,3.9325,679.20,916.01,3.9446,1410,-25.85,False,False
22,20.4,512,1024,8192,300,1410,3.8541,706.94,916.01,3.9446,1410,-22.82,False,False
22,20.4,512,1024,8192,510,300,9.6764,1125.15,916.01,3.9446,1410,+22.83,False,False
22,20.4,512,1024,8192,510,510,7.4158,930.15,916.01,3.9446,1410,+1.54,False,False
22,20.4,512,1024,8192,510,705,6.4697,851.19,916.01,3.9446,1410,-7.08,False,False
22,20.4,512,1024,8192,510,900,5.2662,750.76,916.01,3.9446,1410,-18.04,False,False
22,20.4,512,1024,8192,510,1050,4.5147,681.92,916.01,3.9446,1410,-25.56,False,False
22,20.4,512,1024,8192,510,1200,4.0807,674.99,916.01,3.9446,1410,-26.31,True,False
22,20.4,512,1024,8192,510,1305,3.9325,676.68,916.01,3.9446,1410,-26.13,False,False
22,20.4,512,1024,8192,510,1410,3.8541,704.34,916.01,3.9446,1410,-23.11,False,False
22,20.4,512,1024,8192,705,300,9.6764,1136.87,916.01,3.9446,1410,+24.11,False,False
22,20.4,512,1024,8192,705,510,7.4158,938.67,916.01,3.9446,1410,+2.47,False,False
22,20.4,512,1024,8192,705,705,6.4697,858.38,916.01,3.9446,1410,-6.29,False,False
22,20.4,512,1024,8192,705,900,5.2662,756.24,916.01,3.9446,1410,-17.44,False,False
22,20.4,512,1024,8192,705,1050,4.5147,686.35,916.01,3.9446,1410,-25.07,False,False
22,20.4,512,1024,8192,705,1200,4.0807,678.80,916.01,3.9446,1410,-25.90,False,False
22,20.4,512,1024,8192,705,1305,3.9325,680.29,916.01,3.9446,1410,-25.73,False,False
22,20.4,512,1024,8192,705,1410,3.8541,707.84,916.01,3.9446,1410,-22.73,False,False
22,20.4,512,1024,8192,900,300,9.6764,1152.42,916.01,3.9446,1410,+25.81,False,False
22,20.4,512,1024,8192,900,510,7.4158,950.66,916.01,3.9446,1410,+3.78,False,False
22,20.4,512,1024,8192,900,705,6.4697,868.87,916.01,3.9446,1410,-5.15,False,False
22,20.4,512,1024,8192,900,900,5.2662,764.84,916.01,3.9446,1410,-16.50,False,False
22,20.4,512,1024,8192,900,1050,4.5147,693.76,916.01,3.9446,1410,-24.26,False,False
22,20.4,512,1024,8192,900,1200,4.0807,685.53,916.01,3.9446,1410,-25.16,False,True
22,20.4,512,1024,8192,900,1305,3.9325,686.78,916.01,3.9446,1410,-25.02,False,False
22,20.4,512,1024,8192,900,1410,3.8541,714.21,916.01,3.9446,1410,-22.03,False,False
22,20.4,512,1024,8192,1050,300,9.6764,1185.62,916.01,3.9446,1410,+29.43,False,False
22,20.4,512,1024,8192,1050,510,7.4158,976.39,916.01,3.9446,1410,+6.59,False,False
22,20.4,512,1024,8192,1050,705,6.4697,891.47,916.01,3.9446,1410,-2.68,False,False
22,20.4,512,1024,8192,1050,900,5.2662,783.46,916.01,3.9446,1410,-14.47,False,False
22,20.4,512,1024,8192,1050,1050,4.5147,709.90,916.01,3.9446,1410,-22.50,False,False
22,20.4,512,1024,8192,1050,1200,4.0807,700.23,916.01,3.9446,1410,-23.56,False,False
22,20.4,512,1024,8192,1050,1305,3.9325,700.99,916.01,3.9446,1410,-23.47,False,False
22,20.4,512,1024,8192,1050,1410,3.8541,728.16,916.01,3.9446,1410,-20.51,False,False
22,20.4,512,1024,8192,1200,300,9.6764,1249.31,916.01,3.9446,1410,+36.39,False,False
22,20.4,512,1024,8192,1200,510,7.4158,1032.61,916.01,3.9446,1410,+12.73,False,False
22,20.4,512,1024,8192,1200,705,6.4697,944.57,916.01,3.9446,1410,+3.12,False,False
22,20.4,512,1024,8192,1200,900,5.2662,832.58,916.01,3.9446,1410,-9.11,False,False
22,20.4,512,1024,8192,1200,1050,4.5147,756.53,916.01,3.9446,1410,-17.41,False,False
22,20.4,512,1024,8192,1200,1200,4.0807,745.43,916.01,3.9446,1410,-18.62,False,False
22,20.4,512,1024,8192,1200,1305,3.9325,745.70,916.01,3.9446,1410,-18.59,False,False
22,20.4,512,1024,8192,1200,1410,3.8541,772.61,916.01,3.9446,1410,-15.65,False,False
22,20.4,512,2048,4096,300,300,9.6764,1049.50,799.11,3.9095,1410,+31.33,False,False
22,20.4,512,2048,4096,300,510,7.4158,856.73,799.11,3.9095,1410,+7.21,False,False
22,20.4,512,2048,4096,300,705,6.4697,778.70,799.11,3.9095,1410,-2.55,False,False
22,20.4,512,2048,4096,300,900,5.2662,679.45,799.11,3.9095,1410,-14.97,False,False
22,20.4,512,2048,4096,300,1050,4.5147,611.35,799.11,3.9095,1410,-23.50,False,False
22,20.4,512,2048,4096,300,1200,4.0807,604.84,799.11,3.9095,1410,-24.31,True,False
22,20.4,512,2048,4096,300,1305,3.9325,606.69,799.11,3.9095,1410,-24.08,False,False
22,20.4,512,2048,4096,300,1410,3.8541,634.43,799.11,3.9095,1410,-20.61,False,False
22,20.4,512,2048,4096,510,300,9.6764,1055.30,799.11,3.9095,1410,+32.06,False,False
22,20.4,512,2048,4096,510,510,7.4158,860.30,799.11,3.9095,1410,+7.66,False,False
22,20.4,512,2048,4096,510,705,6.4697,781.34,799.11,3.9095,1410,-2.22,False,False
22,20.4,512,2048,4096,510,900,5.2662,680.91,799.11,3.9095,1410,-14.79,False,False
22,20.4,512,2048,4096,510,1050,4.5147,612.08,799.11,3.9095,1410,-23.40,False,False
22,20.4,512,2048,4096,510,1200,4.0807,605.14,799.11,3.9095,1410,-24.27,False,False
22,20.4,512,2048,4096,510,1305,3.9325,606.84,799.11,3.9095,1410,-24.06,False,False
22,20.4,512,2048,4096,510,1410,3.8541,634.50,799.11,3.9095,1410,-20.60,False,False
22,20.4,512,2048,4096,705,300,9.6764,1067.84,799.11,3.9095,1410,+33.63,False,False
22,20.4,512,2048,4096,705,510,7.4158,869.65,799.11,3.9095,1410,+8.83,False,False
22,20.4,512,2048,4096,705,705,6.4697,789.35,799.11,3.9095,1410,-1.22,False,False
22,20.4,512,2048,4096,705,900,5.2662,687.22,799.11,3.9095,1410,-14.00,False,False
22,20.4,512,2048,4096,705,1050,4.5147,617.32,799.11,3.9095,1410,-22.75,False,False
22,20.4,512,2048,4096,705,1200,4.0807,609.77,799.11,3.9095,1410,-23.69,False,False
22,20.4,512,2048,4096,705,1305,3.9325,611.26,799.11,3.9095,1410,-23.51,False,False
22,20.4,512,2048,4096,705,1410,3.8541,638.81,799.11,3.9095,1410,-20.06,False,False
22,20.4,512,2048,4096,900,300,9.6764,1083.05,799.11,3.9095,1410,+35.53,False,False
22,20.4,512,2048,4096,900,510,7.4158,881.29,799.11,3.9095,1410,+10.28,False,False
22,20.4,512,2048,4096,900,705,6.4697,799.50,799.11,3.9095,1410,+0.05,False,False
22,20.4,512,2048,4096,900,900,5.2662,695.47,799.11,3.9095,1410,-12.97,False,False
22,20.4,512,2048,4096,900,1050,4.5147,624.39,799.11,3.9095,1410,-21.86,False,False
22,20.4,512,2048,4096,900,1200,4.0807,616.16,799.11,3.9095,1410,-22.89,False,True
22,20.4,512,2048,4096,900,1305,3.9325,617.41,799.11,3.9095,1410,-22.74,False,False
22,20.4,512,2048,4096,900,1410,3.8541,644.84,799.11,3.9095,1410,-19.31,False,False
22,20.4,512,2048,4096,1050,300,9.6764,1115.49,799.11,3.9095,1410,+39.59,False,False
22,20.4,512,2048,4096,1050,510,7.4158,906.26,799.11,3.9095,1410,+13.41,False,False
22,20.4,512,2048,4096,1050,705,6.4697,821.35,799.11,3.9095,1410,+2.78,False,False
22,20.4,512,2048,4096,1050,900,5.2662,713.34,799.11,3.9095,1410,-10.73,False,False
22,20.4,512,2048,4096,1050,1050,4.5147,639.77,799.11,3.9095,1410,-19.94,False,False
22,20.4,512,2048,4096,1050,1200,4.0807,630.10,799.11,3.9095,1410,-21.15,False,False
22,20.4,512,2048,4096,1050,1305,3.9325,630.87,799.11,3.9095,1410,-21.05,False,False
22,20.4,512,2048,4096,1050,1410,3.8541,658.04,799.11,3.9095,1410,-17.65,False,False
22,20.4,512,2048,4096,1200,300,9.6764,1163.09,799.11,3.9095,1410,+45.55,False,False
22,20.4,512,2048,4096,1200,510,7.4158,946.38,799.11,3.9095,1410,+18.43,False,False
22,20.4,512,2048,4096,1200,705,6.4697,858.34,799.11,3.9095,1410,+7.41,False,False
22,20.4,512,2048,4096,1200,900,5.2662,746.35,799.11,3.9095,1410,-6.60,False,False
22,20.4,512,2048,4096,1200,1050,4.5147,670.30,799.11,3.9095,1410,-16.12,False,False
22,20.4,512,2048,4096,1200,1200,4.0807,659.20,799.11,3.9095,1410,-17.51,False,False
22,20.4,512,2048,4096,1200,1305,3.9325,659.47,799.11,3.9095,1410,-17.47,False,False
22,20.4,512,2048,4096,1200,1410,3.8541,686.38,799.11,3.9095,1410,-14.11,False,False
22,20.4,512,2048,4096,1305,300,9.6764,1235.84,799.11,3.9095,1410,+54.65,False,False
22,20.4,512,2048,4096,1305,510,7.4158,1004.99,799.11,3.9095,1410,+25.76,False,False
22,20.4,512,2048,4096,1305,705,6.4697,911.03,799.11,3.9095,1410,+14.01,False,False
22,20.4,512,2048,4096,1305,900,5.2662,791.51,799.11,3.9095,1410,-0.95,False,False
22,20.4,512,2048,4096,1305,1050,4.5147,710.76,799.11,3.9095,1410,-11.06,False,False
22,20.4,512,2048,4096,1305,1200,4.0807,696.94,799.11,3.9095,1410,-12.78,False,False
22,20.4,512,2048,4096,1305,1305,3.9325,696.29,799.11,3.9095,1410,-12.87,False,False
22,20.4,512,2048,4096,1305,1410,3.8541,722.71,799.11,3.9095,1410,-9.56,False,False
22,20.4,512,2048,8192,300,300,9.6764,1248.99,1144.36,3.9521,1410,+9.14,False,False
22,20.4,512,2048,8192,300,510,7.4158,1056.22,1144.36,3.9521,1410,-7.70,False,False
22,20.4,512,2048,8192,300,705,6.4697,978.19,1144.36,3.9521,1410,-14.52,False,False
22,20.4,512,2048,8192,300,900,5.6010,898.15,1144.36,3.9521,1410,-21.51,False,False
22,20.4,512,2048,8192,300,1050,5.5704,872.32,1144.36,3.9521,1410,-23.77,False,False
22,20.4,512,2048,8192,300,1200,5.4836,887.21,1144.36,3.9521,1410,-22.47,False,False
22,20.4,512,2048,8192,300,1305,5.4540,898.50,1144.36,3.9521,1410,-21.48,False,False
22,20.4,512,2048,8192,300,1410,5.4383,932.58,1144.36,3.9521,1410,-18.51,False,False
22,20.4,512,2048,8192,510,300,9.6764,1247.99,1144.36,3.9521,1410,+9.06,False,False
22,20.4,512,2048,8192,510,510,7.4158,1052.99,1144.36,3.9521,1410,-7.98,False,False
22,20.4,512,2048,8192,510,705,6.4697,974.03,1144.36,3.9521,1410,-14.88,False,False
22,20.4,512,2048,8192,510,900,5.2662,873.60,1144.36,3.9521,1410,-23.66,False,False
22,20.4,512,2048,8192,510,1050,4.5147,804.76,1144.36,3.9521,1410,-29.68,False,False
22,20.4,512,2048,8192,510,1200,4.0807,797.82,1144.36,3.9521,1410,-30.28,True,False
22,20.4,512,2048,8192,510,1305,3.9325,799.52,1144.36,3.9521,1410,-30.13,False,False
22,20.4,512,2048,8192,510,1410,3.8541,827.18,1144.36,3.9521,1410,-27.72,False,False
22,20.4,512,2048,8192,705,300,9.6764,1258.57,1144.36,3.9521,1410,+9.98,False,False
22,20.4,512,2048,8192,705,510,7.4158,1060.38,1144.36,3.9521,1410,-7.34,False,False
22,20.4,512,2048,8192,705,705,6.4697,980.08,1144.36,3.9521,1410,-14.36,False,False
22,20.4,512,2048,8192,705,900,5.2662,877.95,1144.36,3.9521,1410,-23.28,False,False
22,20.4,512,2048,8192,705,1050,4.5147,808.05,1144.36,3.9521,1410,-29.39,False,False
22,20.4,512,2048,8192,705,1200,4.0807,800.50,1144.36,3.9521,1410,-30.05,False,False
22,20.4,512,2048,8192,705,1305,3.9325,801.99,1144.36,3.9521,1410,-29.92,False,False
22,20.4,512,2048,8192,705,1410,3.8541,829.54,1144.36,3.9521,1410,-27.51,False,False
22,20.4,512,2048,8192,900,300,9.6764,1275.36,1144.36,3.9521,1410,+11.45,False,False
22,20.4,512,2048,8192,900,510,7.4158,1073.61,1144.36,3.9521,1410,-6.18,False,False
22,20.4,512,2048,8192,900,705,6.4697,991.82,1144.36,3.9521,1410,-13.33,False,False
22,20.4,512,2048,8192,900,900,5.2662,887.79,1144.36,3.9521,1410,-22.42,False,False
22,20.4,512,2048,8192,900,1050,4.5147,816.71,1144.36,3.9521,1410,-28.63,False,False
22,20.4,512,2048,8192,900,1200,4.0807,808.47,1144.36,3.9521,1410,-29.35,False,True
22,20.4,512,2048,8192,900,1305,3.9325,809.73,1144.36,3.9521,1410,-29.24,False,False
22,20.4,512,2048,8192,900,1410,3.8541,837.15,1144.36,3.9521,1410,-26.85,False,False
22,20.4,512,2048,8192,1050,300,9.6764,1309.73,1144.36,3.9521,1410,+14.45,False,False
22,20.4,512,2048,8192,1050,510,7.4158,1100.50,1144.36,3.9521,1410,-3.83,False,False
22,20.4,512,2048,8192,1050,705,6.4697,1015.59,1144.36,3.9521,1410,-11.25,False,False
22,20.4,512,2048,8192,1050,900,5.2662,907.58,1144.36,3.9521,1410,-20.69,False,False
22,20.4,512,2048,8192,1050,1050,4.5147,834.01,1144.36,3.9521,1410,-27.12,False,False
22,20.4,512,2048,8192,1050,1200,4.0807,824.34,1144.36,3.9521,1410,-27.96,False,False
22,20.4,512,2048,8192,1050,1305,3.9325,825.11,1144.36,3.9521,1410,-27.90,False,False
22,20.4,512,2048,8192,1050,1410,3.8541,852.28,1144.36,3.9521,1410,-25.52,False,False
22,20.4,512,2048,8192,1200,300,9.6764,1405.53,1144.36,3.9521,1410,+22.82,False,False
22,20.4,512,2048,8192,1200,510,7.4158,1188.83,1144.36,3.9521,1410,+3.89,False,False
22,20.4,512,2048,8192,1200,705,6.4697,1100.78,1144.36,3.9521,1410,-3.81,False,False
22,20.4,512,2048,8192,1200,900,5.2662,988.80,1144.36,3.9521,1410,-13.59,False,False
22,20.4,512,2048,8192,1200,1050,4.5147,912.75,1144.36,3.9521,1410,-20.24,False,False
22,20.4,512,2048,8192,1200,1200,4.0807,901.64,1144.36,3.9521,1410,-21.21,False,False
22,20.4,512,2048,8192,1200,1305,3.9325,901.92,1144.36,3.9521,1410,-21.19,False,False
22,20.4,512,2048,8192,1200,1410,3.8541,928.83,1144.36,3.9521,1410,-18.83,False,False
22,20.4,512,4096,4096,300,300,9.6764,1117.04,926.58,3.9313,1410,+20.56,False,False
22,20.4,512,4096,4096,300,510,7.4158,924.27,926.58,3.9313,1410,-0.25,False,False
22,20.4,512,4096,4096,300,705,6.4697,846.24,926.58,3.9313,1410,-8.67,False,False
22,20.4,512,4096,4096,300,900,5.2662,746.99,926.58,3.9313,1410,-19.38,False,False
22,20.4,512,4096,4096,300,1050,4.5147,678.90,926.58,3.9313,1410,-26.73,False,False
22,20.4,512,4096,4096,300,1200,4.0807,672.39,926.58,3.9313,1410,-27.43,False,False
22,20.4,512,4096,4096,300,1305,3.9325,674.23,926.58,3.9313,1410,-27.23,False,False
22,20.4,512,4096,4096,300,1410,3.8541,701.97,926.58,3.9313,1410,-24.24,False,False
22,20.4,512,4096,4096,510,300,9.6764,1120.52,926.58,3.9313,1410,+20.93,False,False
22,20.4,512,4096,4096,510,510,7.4158,925.52,926.58,3.9313,1410,-0.11,False,False
22,20.4,512,4096,4096,510,705,6.4697,846.56,926.58,3.9313,1410,-8.64,False,False
22,20.4,512,4096,4096,510,900,5.2662,746.12,926.58,3.9313,1410,-19.48,False,False
22,20.4,512,4096,4096,510,1050,4.5147,677.29,926.58,3.9313,1410,-26.90,False,False
22,20.4,512,4096,4096,510,1200,4.0807,670.35,926.58,3.9313,1410,-27.65,True,False
22,20.4,512,4096,4096,510,1305,3.9325,672.05,926.58,3.9313,1410,-27.47,False,False
22,20.4,512,4096,4096,510,1410,3.8541,699.71,926.58,3.9313,1410,-24.48,False,False
22,20.4,512,4096,4096,705,300,9.6764,1132.71,926.58,3.9313,1410,+22.25,False,False
22,20.4,512,4096,4096,705,510,7.4158,934.52,926.58,3.9313,1410,+0.86,False,False
22,20.4,512,4096,4096,705,705,6.4697,854.22,926.58,3.9313,1410,-7.81,False,False
22,20.4,512,4096,4096,705,900,5.2662,752.09,926.58,3.9313,1410,-18.83,False,False
22,20.4,512,4096,4096,705,1050,4.5147,682.20,926.58,3.9313,1410,-26.37,False,False
22,20.4,512,4096,4096,705,1200,4.0807,674.65,926.58,3.9313,1410,-27.19,False,False
22,20.4,512,4096,4096,705,1305,3.9325,676.14,926.58,3.9313,1410,-27.03,False,False
22,20.4,512,4096,4096,705,1410,3.8541,703.69,926.58,3.9313,1410,-24.06,False,False
22,20.4,512,4096,4096,900,300,9.6764,1148.46,926.58,3.9313,1410,+23.95,False,False
22,20.4,512,4096,4096,900,510,7.4158,946.70,926.58,3.9313,1410,+2.17,False,False
22,20.4,512,4096,4096,900,705,6.4697,864.91,926.58,3.9313,1410,-6.66,False,False
22,20.4,512,4096,4096,900,900,5.2662,760.88,926.58,3.9313,1410,-17.88,False,False
22,20.4,512,4096,4096,900,1050,4.5147,689.80,926.58,3.9313,1410,-25.55,False,False
22,20.4,512,4096,4096,900,1200,4.0807,681.57,926.58,3.9313,1410,-26.44,False,True
22,20.4,512,4096,4096,900,1305,3.9325,682.82,926.58,3.9313,1410,-26.31,False,False
22,20.4,512,4096,4096,900,1410,3.8541,710.25,926.58,3.9313,1410,-23.35,False,False
22,20.4,512,4096,4096,1050,300,9.6764,1181.47,926.58,3.9313,1410,+27.51,False,False
22,20.4,512,4096,4096,1050,510,7.4158,972.25,926.58,3.9313,1410,+4.93,False,False
22,20.4,512,4096,4096,1050,705,6.4697,887.33,926.58,3.9313,1410,-4.24,False,False
22,20.4,512,4096,4096,1050,900,5.2662,779.32,926.58,3.9313,1410,-15.89,False,False
22,20.4,512,4096,4096,1050,1050,4.5147,705.76,926.58,3.9313,1410,-23.83,False,False
22,20.4,512,4096,4096,1050,1200,4.0807,696.09,926.58,3.9313,1410,-24.88,False,False
22,20.4,512,4096,4096,1050,1305,3.9325,696.85,926.58,3.9313,1410,-24.79,False,False
22,20.4,512,4096,4096,1050,1410,3.8541,724.02,926.58,3.9313,1410,-21.86,False,False
22,20.4,512,4096,4096,1200,300,9.6764,1246.19,926.58,3.9313,1410,+34.49,False,False
22,20.4,512,4096,4096,1200,510,7.4158,1029.48,926.58,3.9313,1410,+11.11,False,False
22,20.4,512,4096,4096,1200,705,6.4697,941.44,926.58,3.9313,1410,+1.60,False,False
22,20.4,512,4096,4096,1200,900,5.2662,829.45,926.58,3.9313,1410,-10.48,False,False
22,20.4,512,4096,4096,1200,1050,4.5147,753.40,926.58,3.9313,1410,-18.69,False,False
22,20.4,512,4096,4096,1200,1200,4.0807,742.30,926.58,3.9313,1410,-19.89,False,False
22,20.4,512,4096,4096,1200,1305,3.9325,742.58,926.58,3.9313,1410,-19.86,False,False
22,20.4,512,4096,4096,1200,1410,3.8541,769.48,926.58,3.9313,1410,-16.95,False,False
22,20.4,512,8192,8192,300,300,20.1314,2648.91,2387.46,5.9802,1230,+10.95,False,False
22,20.4,512,8192,8192,300,510,19.5365,2553.08,2387.46,5.9802,1230,+6.94,False,False
22,20.4,512,8192,8192,300,705,19.2876,2519.15,2387.46,5.9802,1230,+5.52,False,False
22,20.4,512,8192,8192,300,900,18.9709,2475.96,2387.46,5.9802,1230,+3.71,False,False
22,20.4,512,8192,8192,300,1050,18.7731,2451.70,2387.46,5.9802,1230,+2.69,False,False
22,20.4,512,8192,8192,300,1200,18.6589,2476.13,2387.46,5.9802,1230,+3.71,False,False
22,20.4,512,8192,8192,300,1305,18.6199,2507.94,2387.46,5.9802,1230,+5.05,False,False
22,20.4,512,8192,8192,300,1410,18.5993,2562.78,2387.46,5.9802,1230,+7.34,False,False
22,20.4,512,8192,8192,510,300,12.9142,2215.89,2387.46,5.9802,1230,-7.19,False,False
22,20.4,512,8192,8192,510,510,12.3193,2117.65,2387.46,5.9802,1230,-11.30,False,False
22,20.4,512,8192,8192,510,705,12.0703,2080.87,2387.46,5.9802,1230,-12.84,False,False
22,20.4,512,8192,8192,510,900,11.7536,2034.46,2387.46,5.9802,1230,-14.79,False,False
22,20.4,512,8192,8192,510,1050,11.5558,2003.90,2387.46,5.9802,1230,-16.07,False,False
22,20.4,512,8192,8192,510,1200,11.4416,2022.12,2387.46,5.9802,1230,-15.30,False,False
22,20.4,512,8192,8192,510,1305,11.4026,2042.33,2387.46,5.9802,1230,-14.46,False,False
22,20.4,512,8192,8192,510,1410,11.3820,2085.60,2387.46,5.9802,1230,-12.64,False,False
22,20.4,512,8192,8192,705,300,9.6764,2036.78,2387.46,5.9802,1230,-14.69,False,False
22,20.4,512,8192,8192,705,510,9.4665,1959.61,2387.46,5.9802,1230,-17.92,False,False
22,20.4,512,8192,8192,705,705,9.2175,1921.45,2387.46,5.9802,1230,-19.52,False,False
22,20.4,512,8192,8192,705,900,8.9008,1873.43,2387.46,5.9802,1230,-21.53,False,False
22,20.4,512,8192,8192,705,1050,8.7030,1840.18,2387.46,5.9802,1230,-22.92,False,False
22,20.4,512,8192,8192,705,1200,8.5888,1855.83,2387.46,5.9802,1230,-22.27,False,False
22,20.4,512,8192,8192,705,1305,8.5498,1871.42,2387.46,5.9802,1230,-21.61,False,False
22,20.4,512,8192,8192,705,1410,8.5292,1910.10,2387.46,5.9802,1230,-19.99,False,False
22,20.4,512,8192,8192,900,300,9.6764,2055.24,2387.46,5.9802,1230,-13.92,False,False
22,20.4,512,8192,8192,900,510,7.4485,1855.47,2387.46,5.9802,1230,-22.28,False,False
22,20.4,512,8192,8192,900,705,7.4485,1831.36,2387.46,5.9802,1230,-23.29,False,False
22,20.4,512,8192,8192,900,900,7.2826,1791.38,2387.46,5.9802,1230,-24.97,False,False
22,20.4,512,8192,8192,900,1050,7.0848,1756.45,2387.46,5.9802,1230,-26.43,False,False
22,20.4,512,8192,8192,900,1200,6.9706,1770.55,2387.46,5.9802,1230,-25.84,False,True
22,20.4,512,8192,8192,900,1305,6.9316,1783.49,2387.46,5.9802,1230,-25.30,False,False
22,20.4,512,8192,8192,900,1410,6.9110,1819.55,2387.46,5.9802,1230,-23.79,False,False
22,20.4,512,8192,8192,1050,300,9.6764,2106.69,2387.46,5.9802,1230,-11.76,False,False
22,20.4,512,8192,8192,1050,510,7.4158,1897.46,2387.46,5.9802,1230,-20.52,False,False
22,20.4,512,8192,8192,1050,705,6.4697,1812.54,2387.46,5.9802,1230,-24.08,False,False
22,20.4,512,8192,8192,1050,900,6.4083,1778.38,2387.46,5.9802,1230,-25.51,False,False
22,20.4,512,8192,8192,1050,1050,6.2613,1745.39,2387.46,5.9802,1230,-26.89,True,False
22,20.4,512,8192,8192,1050,1200,6.1471,1758.41,2387.46,5.9802,1230,-26.35,False,False
22,20.4,512,8192,8192,1050,1305,6.1081,1769.91,2387.46,5.9802,1230,-25.87,False,False
22,20.4,512,8192,8192,1050,1410,6.0875,1804.57,2387.46,5.9802,1230,-24.41,False,False
22,20.4,512,8192,8192,1200,300,9.6764,2395.35,2387.46,5.9802,1230,+0.33,False,False
22,20.4,512,8192,8192,1200,510,7.4158,2178.65,2387.46,5.9802,1230,-8.75,False,False
22,20.4,512,8192,8192,1200,705,6.4697,2090.60,2387.46,5.9802,1230,-12.43,False,False
22,20.4,512,8192,8192,1200,900,5.6196,2002.64,2387.46,5.9802,1230,-16.12,False,False
22,20.4,512,8192,8192,1200,1050,5.6196,1978.60,2387.46,5.9802,1230,-17.13,False,False
22,20.4,512,8192,8192,1200,1200,5.5227,1991.91,2387.46,5.9802,1230,-16.57,False,False
22,20.4,512,8192,8192,1200,1305,5.4837,2002.28,2387.46,5.9802,1230,-16.13,False,False
22,20.4,512,8192,8192,1200,1410,5.4631,2035.88,2387.46,5.9802,1230,-14.73,False,False
32,29.6,64,1024,4096,300,300,1.2174,162.05,162.60,0.6171,1410,-0.34,False,False
32,29.6,64,1024,4096,300,510,1.0333,147.14,162.60,0.6171,1410,-9.51,False,False
32,29.6,64,1024,4096,300,705,0.9921,141.20,162.60,0.6171,1410,-13.16,False,False
32,29.6,64,1024,4096,300,900,0.9921,137.26,162.60,0.6171,1410,-15.59,False,False
32,29.6,64,1024,4096,300,1050,0.9921,134.17,162.60,0.6171,1410,-17.48,False,False
32,29.6,64,1024,4096,300,1200,0.9921,138.62,162.60,0.6171,1410,-14.74,False,False
32,29.6,64,1024,4096,300,1305,0.9921,139.46,162.60,0.6171,1410,-14.23,False,False
32,29.6,64,1024,4096,300,1410,0.9921,148.71,162.60,0.6171,1410,-8.54,False,False
32,29.6,64,1024,4096,510,300,1.2174,160.52,162.60,0.6171,1410,-1.28,False,False
32,29.6,64,1024,4096,510,510,1.0333,145.45,162.60,0.6171,1410,-10.55,False,False
32,29.6,64,1024,4096,510,705,0.9004,134.14,162.60,0.6171,1410,-17.50,False,False
32,29.6,64,1024,4096,510,900,0.7378,120.60,162.60,0.6171,1410,-25.83,False,False
32,29.6,64,1024,4096,510,1050,0.6402,111.35,162.60,0.6171,1410,-31.52,False,False
32,29.6,64,1024,4096,510,1200,0.5967,112.71,162.60,0.6171,1410,-30.68,False,False
32,29.6,64,1024,4096,510,1305,0.5967,112.63,162.60,0.6171,1410,-30.73,False,False
32,29.6,64,1024,4096,510,1410,0.5967,120.96,162.60,0.6171,1410,-25.61,False,False
32,29.6,64,1024,4096,705,300,1.2174,161.15,162.60,0.6171,1410,-0.89,False,False
32,29.6,64,1024,4096,705,510,1.0333,145.86,162.60,0.6171,1410,-10.30,False,False
32,29.6,64,1024,4096,705,705,0.9004,134.38,162.60,0.6171,1410,-17.35,False,False
32,29.6,64,1024,4096,705,900,0.7378,120.64,162.60,0.6171,1410,-25.81,False,False
32,29.6,64,1024,4096,705,1050,0.6402,111.26,162.60,0.6171,1410,-31.57,False,False
32,29.6,64,1024,4096,705,1200,0.5789,111.46,162.60,0.6171,1410,-31.45,False,False
32,29.6,64,1024,4096,705,1305,0.5572,109.93,162.60,0.6171,1410,-32.39,True,False
32,29.6,64,1024,4096,705,1410,0.5523,117.83,162.60,0.6171,1410,-27.53,False,False
32,29.6,64,1024,4096,900,300,1.2174,162.54,162.60,0.6171,1410,-0.03,False,False
32,29.6,64,1024,4096,900,510,1.0333,146.99,162.60,0.6171,1410,-9.60,False,False
32,29.6,64,1024,4096,900,705,0.9004,135.33,162.60,0.6171,1410,-16.77,False,False
32,29.6,64,1024,4096,900,900,0.7378,121.36,162.60,0.6171,1410,-25.36,False,False
32,29.6,64,1024,4096,900,1050,0.6402,111.85,162.60,0.6171,1410,-31.21,False,True
32,29.6,64,1024,4096,900,1200,0.5789,111.96,162.60,0.6171,1410,-31.14,False,False
32,29.6,64,1024,4096,900,1305,0.5572,110.40,162.60,0.6171,1410,-32.10,False,False
32,29.6,64,1024,4096,900,1410,0.5523,118.30,162.60,0.6171,1410,-27.25,False,False
32,29.6,64,1024,4096,1050,300,1.2174,165.98,162.60,0.6171,1410,+2.08,False,False
32,29.6,64,1024,4096,1050,510,1.0333,149.89,162.60,0.6171,1410,-7.82,False,False
32,29.6,64,1024,4096,1050,705,0.9004,137.84,162.60,0.6171,1410,-15.22,False,False
32,29.6,64,1024,4096,1050,900,0.7378,123.39,162.60,0.6171,1410,-24.11,False,False
32,29.6,64,1024,4096,1050,1050,0.6402,113.60,162.60,0.6171,1410,-30.14,False,False
32,29.6,64,1024,4096,1050,1200,0.5789,113.53,162.60,0.6171,1410,-30.18,False,False
32,29.6,64,1024,4096,1050,1305,0.5572,111.91,162.60,0.6171,1410,-31.18,False,False
32,29.6,64,1024,4096,1050,1410,0.5523,119.79,162.60,0.6171,1410,-26.33,False,False
32,29.6,64,1024,4096,1200,300,1.2174,176.96,162.60,0.6171,1410,+8.83,False,False
32,29.6,64,1024,4096,1200,510,1.0333,160.33,162.60,0.6171,1410,-1.40,False,False
32,29.6,64,1024,4096,1200,705,0.9004,147.89,162.60,0.6171,1410,-9.04,False,False
32,29.6,64,1024,4096,1200,900,0.7378,132.97,162.60,0.6171,1410,-18.22,False,False
32,29.6,64,1024,4096,1200,1050,0.6402,122.89,162.60,0.6171,1410,-24.42,False,False
32,29.6,64,1024,4096,1200,1200,0.5789,122.64,162.60,0.6171,1410,-24.58,False,False
32,29.6,64,1024,4096,1200,1305,0.5572,120.95,162.60,0.6171,1410,-25.61,False,False
32,29.6,64,1024,4096,1200,1410,0.5523,128.82,162.60,0.6171,1410,-20.77,False,False
32,29.6,64,1024,4096,1305,300,1.2174,188.85,162.60,0.6171,1410,+16.15,False,False
32,29.6,64,1024,4096,1305,510,1.0333,171.20,162.60,0.6171,1410,+5.29,False,False
32,29.6,64,1024,4096,1305,705,0.9004,158.04,162.60,0.6171,1410,-2.81,False,False
32,29.6,64,1024,4096,1305,900,0.7378,142.21,162.60,0.6171,1410,-12.54,False,False
32,29.6,64,1024,4096,1305,1050,0.6402,131.59,162.60,0.6171,1410,-19.07,False,False
32,29.6,64,1024,4096,1305,1200,0.5789,131.01,162.60,0.6171,1410,-19.43,False,False
32,29.6,64,1024,4096,1305,1305,0.5572,129.20,162.60,0.6171,1410,-20.54,False,False
32,29.6,64,1024,4096,1305,1410,0.5523,137.04,162.60,0.6171,1410,-15.72,False,False
32,29.6,64,1024,4096,1410,300,1.2174,209.50,162.60,0.6171,1410,+28.84,False,False
32,29.6,64,1024,4096,1410,510,1.0333,190.83,162.60,0.6171,1410,+17.36,False,False
32,29.6,64,1024,4096,1410,705,0.9004,176.93,162.60,0.6171,1410,+8.81,False,False
32,29.6,64,1024,4096,1410,900,0.7378,160.21,162.60,0.6171,1410,-1.47,False,False
32,29.6,64,1024,4096,1410,1050,0.6402,149.05,162.60,0.6171,1410,-8.33,False,False
32,29.6,64,1024,4096,1410,1200,0.5789,148.12,162.60,0.6171,1410,-8.90,False,False
32,29.6,64,1024,4096,1410,1305,0.5572,146.19,162.60,0.6171,1410,-10.09,False,False
32,29.6,64,1024,4096,1410,1410,0.5523,154.01,162.60,0.6171,1410,-5.28,False,False
32,29.6,64,1024,8192,300,300,2.9503,365.89,391.59,1.0051,1365,-6.56,False,False
32,29.6,64,1024,8192,300,510,2.8767,357.88,391.59,1.0051,1365,-8.61,False,False
32,29.6,64,1024,8192,300,705,2.8235,352.22,391.59,1.0051,1365,-10.05,False,False
32,29.6,64,1024,8192,300,900,2.7585,345.59,391.59,1.0051,1365,-11.75,False,False
32,29.6,64,1024,8192,300,1050,2.7194,342.37,391.59,1.0051,1365,-12.57,False,False
32,29.6,64,1024,8192,300,1200,2.6949,347.47,391.59,1.0051,1365,-11.27,False,False
32,29.6,64,1024,8192,300,1305,2.6862,351.73,391.59,1.0051,1365,-10.18,False,False
32,29.6,64,1024,8192,300,1410,2.6842,364.79,391.59,1.0051,1365,-6.84,False,False
32,29.6,64,1024,8192,510,300,1.9590,305.32,391.59,1.0051,1365,-22.03,False,False
32,29.6,64,1024,8192,510,510,1.8853,296.89,391.59,1.0051,1365,-24.18,False,False
32,29.6,64,1024,8192,510,705,1.8322,290.67,391.59,1.0051,1365,-25.77,False,False
32,29.6,64,1024,8192,510,900,1.7671,283.40,391.59,1.0051,1365,-27.63,False,False
32,29.6,64,1024,8192,510,1050,1.7281,278.93,391.59,1.0051,1365,-28.77,False,False
32,29.6,64,1024,8192,510,1200,1.7036,282.78,391.59,1.0051,1365,-27.79,False,False
32,29.6,64,1024,8192,510,1305,1.6949,284.73,391.59,1.0051,1365,-27.29,False,False
32,29.6,64,1024,8192,510,1410,1.6929,295.48,391.59,1.0051,1365,-24.54,False,False
32,29.6,64,1024,8192,705,300,1.5124,279.70,391.59,1.0051,1365,-28.57,False,False
32,29.6,64,1024,8192,705,510,1.4936,274.24,391.59,1.0051,1365,-29.97,False,False
32,29.6,64,1024,8192,705,705,1.4405,267.75,391.59,1.0051,1365,-31.63,False,False
32,29.6,64,1024,8192,705,900,1.3754,260.17,391.59,1.0051,1365,-33.56,False,False
32,29.6,64,1024,8192,705,1050,1.3364,255.16,391.59,1.0051,1365,-34.84,False,False
32,29.6,64,1024,8192,705,1200,1.3119,258.51,391.59,1.0051,1365,-33.98,False,False
32,29.6,64,1024,8192,705,1305,1.3032,259.53,391.59,1.0051,1365,-33.72,False,False
32,29.6,64,1024,8192,705,1410,1.3012,269.37,391.59,1.0051,1365,-31.21,False,False
32,29.6,64,1024,8192,900,300,1.2174,264.44,391.59,1.0051,1365,-32.47,False,False
32,29.6,64,1024,8192,900,510,1.1989,258.86,391.59,1.0051,1365,-33.89,False,False
32,29.6,64,1024,8192,900,705,1.1989,255.37,391.59,1.0051,1365,-34.79,False,False
32,29.6,64,1024,8192,900,900,1.1515,248.64,391.59,1.0051,1365,-36.51,False,False
32,29.6,64,1024,8192,900,1050,1.1124,243.30,391.59,1.0051,1365,-37.87,False,True
32,29.6,64,1024,8192,900,1200,1.0879,246.34,391.59,1.0051,1365,-37.09,False,False
32,29.6,64,1024,8192,900,1305,1.0792,246.83,391.59,1.0051,1365,-36.97,False,False
32,29.6,64,1024,8192,900,1410,1.0773,256.14,391.59,1.0051,1365,-34.59,False,False
32,29.6,64,1024,8192,1050,300,1.2174,269.21,391.59,1.0051,1365,-31.25,False,False
32,29.6,64,1024,8192,1050,510,1.0381,253.42,391.59,1.0051,1365,-35.28,False,False
32,29.6,64,1024,8192,1050,705,1.0381,249.83,391.59,1.0051,1365,-36.20,False,False
32,29.6,64,1024,8192,1050,900,1.0366,245.83,391.59,1.0051,1365,-37.22,False,False
32,29.6,64,1024,8192,1050,1050,0.9975,240.24,391.59,1.0051,1365,-38.65,True,False
32,29.6,64,1024,8192,1050,1200,0.9730,243.06,391.59,1.0051,1365,-37.93,False,False
32,29.6,64,1024,8192,1050,1305,0.9643,243.25,391.59,1.0051,1365,-37.88,False,False
32,29.6,64,1024,8192,1050,1410,0.9624,252.30,391.59,1.0051,1365,-35.57,False,False
32,29.6,64,1024,8192,1200,300,1.2174,304.47,391.59,1.0051,1365,-22.25,False,False
32,29.6,64,1024,8192,1200,510,1.0333,287.84,391.59,1.0051,1365,-26.49,False,False
32,29.6,64,1024,8192,1200,705,0.9130,276.25,391.59,1.0051,1365,-29.45,False,False
32,29.6,64,1024,8192,1200,900,0.9130,272.26,391.59,1.0051,1365,-30.47,False,False
32,29.6,64,1024,8192,1200,1050,0.9082,268.75,391.59,1.0051,1365,-31.37,False,False
32,29.6,64,1024,8192,1200,1200,0.8837,271.39,391.59,1.0051,1365,-30.69,False,False
32,29.6,64,1024,8192,1200,1305,0.8750,271.35,391.59,1.0051,1365,-30.70,False,False
32,29.6,64,1024,8192,1200,1410,0.8731,280.18,391.59,1.0051,1365,-28.45,False,False
32,29.6,64,2048,4096,300,300,1.8713,232.55,238.34,0.7041,1410,-2.43,False,False
32,29.6,64,2048,4096,300,510,1.8099,224.85,238.34,0.7041,1410,-5.66,False,False
32,29.6,64,2048,4096,300,705,1.7656,219.14,238.34,0.7041,1410,-8.06,False,False
32,29.6,64,2048,4096,300,900,1.7114,212.51,238.34,0.7041,1410,-10.83,False,False
32,29.6,64,2048,4096,300,1050,1.6789,208.39,238.34,0.7041,1410,-12.56,False,False
32,29.6,64,2048,4096,300,1200,1.6585,212.46,238.34,0.7041,1410,-10.86,False,False
32,29.6,64,2048,4096,300,1305,1.6512,214.39,238.34,0.7041,1410,-10.05,False,False
32,29.6,64,2048,4096,300,1410,1.6496,225.07,238.34,0.7041,1410,-5.57,False,False
32,29.6,64,2048,4096,510,300,1.2174,193.04,238.34,0.7041,1410,-19.01,False,False
32,29.6,64,2048,4096,510,510,1.1714,185.93,238.34,0.7041,1410,-21.99,False,False
32,29.6,64,2048,4096,510,705,1.1714,182.41,238.34,0.7041,1410,-23.46,False,False
32,29.6,64,2048,4096,510,900,1.1245,175.82,238.34,0.7041,1410,-26.23,False,False
32,29.6,64,2048,4096,510,1050,1.0920,170.95,238.34,0.7041,1410,-28.27,False,False
32,29.6,64,2048,4096,510,1200,1.0715,174.27,238.34,0.7041,1410,-26.88,False,False
32,29.6,64,2048,4096,510,1305,1.0643,174.84,238.34,0.7041,1410,-26.64,False,False
32,29.6,64,2048,4096,510,1410,1.0627,184.15,238.34,0.7041,1410,-22.74,False,False
32,29.6,64,2048,4096,705,300,1.2174,193.42,238.34,0.7041,1410,-18.85,False,False
32,29.6,64,2048,4096,705,510,1.0333,178.13,238.34,0.7041,1410,-25.26,False,False
32,29.6,64,2048,4096,705,705,0.9004,166.65,238.34,0.7041,1410,-30.08,False,False
32,29.6,64,2048,4096,705,900,0.8587,160.16,238.34,0.7041,1410,-32.80,False,False
32,29.6,64,2048,4096,705,1050,0.8574,156.83,238.34,0.7041,1410,-34.20,False,False
32,29.6,64,2048,4096,705,1200,0.8370,159.84,238.34,0.7041,1410,-32.94,False,False
32,29.6,64,2048,4096,705,1305,0.8298,159.85,238.34,0.7041,1410,-32.93,False,False
32,29.6,64,2048,4096,705,1410,0.8281,168.61,238.34,0.7041,1410,-29.26,False,False
32,29.6,64,2048,4096,900,300,1.2174,195.07,238.34,0.7041,1410,-18.15,False,False
32,29.6,64,2048,4096,900,510,1.0333,179.52,238.34,0.7041,1410,-24.68,False,False
32,29.6,64,2048,4096,900,705,0.9004,167.86,238.34,0.7041,1410,-29.57,False,False
32,29.6,64,2048,4096,900,900,0.7378,153.88,238.34,0.7041,1410,-35.43,False,False
32,29.6,64,2048,4096,900,1050,0.6810,146.93,238.34,0.7041,1410,-38.35,False,True
32,29.6,64,2048,4096,900,1200,0.6810,151.00,238.34,0.7041,1410,-36.64,False,False
32,29.6,64,2048,4096,900,1305,0.6810,151.11,238.34,0.7041,1410,-36.60,False,False
32,29.6,64,2048,4096,900,1410,0.6810,159.64,238.34,0.7041,1410,-33.02,False,False
32,29.6,64,2048,4096,1050,300,1.2174,199.08,238.34,0.7041,1410,-16.47,False,False
32,29.6,64,2048,4096,1050,510,1.0333,182.99,238.34,0.7041,1410,-23.22,False,False
32,29.6,64,2048,4096,1050,705,0.9004,170.95,238.34,0.7041,1410,-28.28,False,False
32,29.6,64,2048,4096,1050,900,0.7378,156.50,238.34,0.7041,1410,-34.34,False,False
32,29.6,64,2048,4096,1050,1050,0.6402,146.70,238.34,0.7041,1410,-38.45,True,False
32,29.6,64,2048,4096,1050,1200,0.5910,147.44,238.34,0.7041,1410,-38.14,False,False
32,29.6,64,2048,4096,1050,1305,0.5910,147.35,238.34,0.7041,1410,-38.18,False,False
32,29.6,64,2048,4096,1050,1410,0.5910,155.66,238.34,0.7041,1410,-34.69,False,False
32,29.6,64,2048,4096,1200,300,1.2174,218.25,238.34,0.7041,1410,-8.43,False,False
32,29.6,64,2048,4096,1200,510,1.0333,201.62,238.34,0.7041,1410,-15.41,False,False
32,29.6,64,2048,4096,1200,705,0.9004,189.18,238.34,0.7041,1410,-20.62,False,False
32,29.6,64,2048,4096,1200,900,0.7378,174.26,238.34,0.7041,1410,-26.89,False,False
32,29.6,64,2048,4096,1200,1050,0.6402,164.18,238.34,0.7041,1410,-31.12,False,False
32,29.6,64,2048,4096,1200,1200,0.5789,163.93,238.34,0.7041,1410,-31.22,False,False
32,29.6,64,2048,4096,1200,1305,0.5572,162.24,238.34,0.7041,1410,-31.93,False,False
32,29.6,64,2048,4096,1200,1410,0.5523,170.11,238.34,0.7041,1410,-28.63,False,False
32,29.6,64,2048,4096,1305,300,1.2174,237.19,238.34,0.7041,1410,-0.48,False,False
32,29.6,64,2048,4096,1305,510,1.0333,219.54,238.34,0.7041,1410,-7.89,False,False
32,29.6,64,2048,4096,1305,705,0.9004,206.38,238.34,0.7041,1410,-13.41,False,False
32,29.6,64,2048,4096,1305,900,0.7378,190.55,238.34,0.7041,1410,-20.05,False,False
32,29.6,64,2048,4096,1305,1050,0.6402,179.93,238.34,0.7041,1410,-24.51,False,False
32,29.6,64,2048,4096,1305,1200,0.5789,179.35,238.34,0.7041,1410,-24.75,False,False
32,29.6,64,2048,4096,1305,1305,0.5572,177.54,238.34,0.7041,1410,-25.51,False,False
32,29.6,64,2048,4096,1305,1410,0.5523,185.38,238.34,0.7041,1410,-22.22,False,False
32,29.6,64,2048,8192,300,300,5.1544,617.10,588.68,1.4664,1275,+4.83,False,False
32,29.6,64,2048,8192,300,510,5.0808,609.91,588.68,1.4664,1275,+3.61,False,False
32,29.6,64,2048,8192,300,705,5.0277,605.41,588.68,1.4664,1275,+2.84,False,False
32,29.6,64,2048,8192,300,900,4.9626,600.07,588.68,1.4664,1275,+1.93,False,False
32,29.6,64,2048,8192,300,1050,4.9235,599.56,588.68,1.4664,1275,+1.85,False,False
32,29.6,64,2048,8192,300,1200,4.8990,607.37,588.68,1.4664,1275,+3.18,False,False
32,29.6,64,2048,8192,300,1305,4.8903,616.76,588.68,1.4664,1275,+4.77,False,False
32,29.6,64,2048,8192,300,1410,4.8884,634.96,588.68,1.4664,1275,+7.86,False,False
32,29.6,64,2048,8192,510,300,3.2517,502.15,588.68,1.4664,1275,-14.70,False,False
32,29.6,64,2048,8192,510,510,3.1780,494.20,588.68,1.4664,1275,-16.05,False,False
32,29.6,64,2048,8192,510,705,3.1249,488.65,588.68,1.4664,1275,-16.99,False,False
32,29.6,64,2048,8192,510,900,3.0598,482.14,588.68,1.4664,1275,-18.10,False,False
32,29.6,64,2048,8192,510,1050,3.0208,479.26,588.68,1.4664,1275,-18.59,False,False
32,29.6,64,2048,8192,510,1200,2.9963,484.70,588.68,1.4664,1275,-17.66,False,False
32,29.6,64,2048,8192,510,1305,2.9876,489.66,588.68,1.4664,1275,-16.82,False,False
32,29.6,64,2048,8192,510,1410,2.9856,503.42,588.68,1.4664,1275,-14.48,False,False
32,29.6,64,2048,8192,705,300,2.4980,459.05,588.68,1.4664,1275,-22.02,False,False
32,29.6,64,2048,8192,705,510,2.4243,450.72,588.68,1.4664,1275,-23.44,False,False
32,29.6,64,2048,8192,705,705,2.3712,444.71,588.68,1.4664,1275,-24.46,False,False
32,29.6,64,2048,8192,705,900,2.3061,437.68,588.68,1.4664,1275,-25.65,False,False
32,29.6,64,2048,8192,705,1050,2.2671,433.82,588.68,1.4664,1275,-26.31,False,False
32,29.6,64,2048,8192,705,1200,2.2426,438.31,588.68,1.4664,1275,-25.54,False,False
32,29.6,64,2048,8192,705,1305,2.2339,441.50,588.68,1.4664,1275,-25.00,False,False
32,29.6,64,2048,8192,705,1410,2.2319,453.50,588.68,1.4664,1275,-22.96,False,False
32,29.6,64,2048,8192,900,300,2.0706,438.47,588.68,1.4664,1275,-25.52,False,False
32,29.6,64,2048,8192,900,510,1.9969,429.89,588.68,1.4664,1275,-26.97,False,False
32,29.6,64,2048,8192,900,705,1.9438,423.58,588.68,1.4664,1275,-28.05,False,False
32,29.6,64,2048,8192,900,900,1.8787,416.20,588.68,1.4664,1275,-29.30,False,False
32,29.6,64,2048,8192,900,1050,1.8397,411.76,588.68,1.4664,1275,-30.05,False,True
32,29.6,64,2048,8192,900,1200,1.8152,415.70,588.68,1.4664,1275,-29.39,False,False
32,29.6,64,2048,8192,900,1305,1.8065,417.88,588.68,1.4664,1275,-29.01,False,False
32,29.6,64,2048,8192,900,1410,1.8045,428.88,588.68,1.4664,1275,-27.14,False,False
32,29.6,64,2048,8192,1050,300,1.8521,433.18,588.68,1.4664,1275,-26.42,False,False
32,29.6,64,2048,8192,1050,510,1.7784,424.30,588.68,1.4664,1275,-27.92,False,False
32,29.6,64,2048,8192,1050,705,1.7253,417.72,588.68,1.4664,1275,-29.04,False,False
32,29.6,64,2048,8192,1050,900,1.6602,410.03,588.68,1.4664,1275,-30.35,False,False
32,29.6,64,2048,8192,1050,1050,1.6211,405.20,588.68,1.4664,1275,-31.17,True,False
32,29.6,64,2048,8192,1050,1200,1.5966,408.79,588.68,1.4664,1275,-30.56,False,False
32,29.6,64,2048,8192,1050,1305,1.5880,410.44,588.68,1.4664,1275,-30.28,False,False
32,29.6,64,2048,8192,1050,1410,1.5860,420.93,588.68,1.4664,1275,-28.50,False,False
32,29.6,64,2048,8192,1200,300,1.6801,491.09,588.68,1.4664,1275,-16.58,False,False
32,29.6,64,2048,8192,1200,510,1.6134,482.40,588.68,1.4664,1275,-18.05,False,False
32,29.6,64,2048,8192,1200,705,1.5602,475.58,588.68,1.4664,1275,-19.21,False,False
32,29.6,64,2048,8192,1200,900,1.4952,467.60,588.68,1.4664,1275,-20.57,False,False
32,29.6,64,2048,8192,1200,1050,1.4561,462.46,588.68,1.4664,1275,-21.44,False,False
32,29.6,64,2048,8192,1200,1200,1.4316,465.77,588.68,1.4664,1275,-20.88,False,False
32,29.6,64,2048,8192,1200,1305,1.4229,467.01,588.68,1.4664,1275,-20.67,False,False
32,29.6,64,2048,8192,1200,1410,1.4209,477.11,588.68,1.4664,1275,-18.95,False,False
32,29.6,64,4096,4096,300,300,2.9047,358.34,392.76,0.9998,1365,-8.76,False,False
32,29.6,64,4096,4096,300,510,2.8310,350.32,392.76,0.9998,1365,-10.80,False,False
32,29.6,64,4096,4096,300,705,2.7779,344.64,392.76,0.9998,1365,-12.25,False,False
32,29.6,64,4096,4096,300,900,2.7128,337.98,392.76,0.9998,1365,-13.95,False,False
32,29.6,64,4096,4096,300,1050,2.6738,334.71,392.76,0.9998,1365,-14.78,False,False
32,29.6,64,4096,4096,300,1200,2.6493,339.75,392.76,0.9998,1365,-13.50,False,False
32,29.6,64,4096,4096,300,1305,2.6406,343.90,392.76,0.9998,1365,-12.44,False,False
32,29.6,64,4096,4096,300,1410,2.6386,356.86,392.76,0.9998,1365,-9.14,False,False
32,29.6,64,4096,4096,510,300,1.9283,298.94,392.76,0.9998,1365,-23.89,False,False
32,29.6,64,4096,4096,510,510,1.8547,290.49,392.76,0.9998,1365,-26.04,False,False
32,29.6,64,4096,4096,510,705,1.8015,284.25,392.76,0.9998,1365,-27.63,False,False
32,29.6,64,4096,4096,510,900,1.7365,276.97,392.76,0.9998,1365,-29.48,False,False
32,29.6,64,4096,4096,510,1050,1.6974,272.45,392.76,0.9998,1365,-30.63,False,False
32,29.6,64,4096,4096,510,1200,1.6729,276.28,392.76,0.9998,1365,-29.66,False,False
32,29.6,64,4096,4096,510,1305,1.6642,278.15,392.76,0.9998,1365,-29.18,False,False
32,29.6,64,4096,4096,510,1410,1.6622,288.83,392.76,0.9998,1365,-26.46,False,False
32,29.6,64,4096,4096,705,300,1.4749,273.36,392.76,0.9998,1365,-30.40,False,False
32,29.6,64,4096,4096,705,510,1.4668,268.51,392.76,0.9998,1365,-31.63,False,False
32,29.6,64,4096,4096,705,705,1.4137,262.00,392.76,0.9998,1365,-33.29,False,False
32,29.6,64,4096,4096,705,900,1.3486,254.41,392.76,0.9998,1365,-35.23,False,False
32,29.6,64,4096,4096,705,1050,1.3096,249.37,392.76,0.9998,1365,-36.51,False,False
32,29.6,64,4096,4096,705,1200,1.2851,252.68,392.76,0.9998,1365,-35.66,False,False
32,29.6,64,4096,4096,705,1305,1.2764,253.64,392.76,0.9998,1365,-35.42,False,False
32,29.6,64,4096,4096,705,1410,1.2744,263.42,392.76,0.9998,1365,-32.93,False,False
32,29.6,64,4096,4096,900,300,1.2174,260.48,392.76,0.9998,1365,-33.68,False,False
32,29.6,64,4096,4096,900,510,1.1657,252.90,392.76,0.9998,1365,-35.61,False,False
32,29.6,64,4096,4096,900,705,1.1657,249.39,392.76,0.9998,1365,-36.50,False,False
32,29.6,64,4096,4096,900,900,1.1278,243.22,392.76,0.9998,1365,-38.07,False,False
32,29.6,64,4096,4096,900,1050,1.0887,237.86,392.76,0.9998,1365,-39.44,False,True
32,29.6,64,4096,4096,900,1200,1.0642,240.87,392.76,0.9998,1365,-38.67,False,False
32,29.6,64,4096,4096,900,1305,1.0555,241.30,392.76,0.9998,1365,-38.56,False,False
32,29.6,64,4096,4096,900,1410,1.0536,250.56,392.76,0.9998,1365,-36.21,False,False
32,29.6,64,4096,4096,1050,300,1.2174,265.07,392.76,0.9998,1365,-32.51,False,False
32,29.6,64,4096,4096,1050,510,1.0333,248.97,392.76,0.9998,1365,-36.61,False,False
32,29.6,64,4096,4096,1050,705,1.0066,243.69,392.76,0.9998,1365,-37.95,False,False
32,29.6,64,4096,4096,1050,900,1.0066,239.76,392.76,0.9998,1365,-38.96,False,False
32,29.6,64,4096,4096,1050,1050,0.9751,234.62,392.76,0.9998,1365,-40.26,True,False
32,29.6,64,4096,4096,1050,1200,0.9506,237.42,392.76,0.9998,1365,-39.55,False,False
32,29.6,64,4096,4096,1050,1305,0.9419,237.56,392.76,0.9998,1365,-39.51,False,False
32,29.6,64,4096,4096,1050,1410,0.9399,246.55,392.76,0.9998,1365,-37.22,False,False
32,29.6,64,4096,4096,1200,300,1.2174,301.35,392.76,0.9998,1365,-23.27,False,False
32,29.6,64,4096,4096,1200,510,1.0333,284.72,392.76,0.9998,1365,-27.51,False,False
32,29.6,64,4096,4096,1200,705,0.9004,272.28,392.76,0.9998,1365,-30.67,False,False
32,29.6,64,4096,4096,1200,900,0.8842,267.20,392.76,0.9998,1365,-31.97,False,False
32,29.6,64,4096,4096,1200,1050,0.8842,263.98,392.76,0.9998,1365,-32.79,False,False
32,29.6,64,4096,4096,1200,1200,0.8632,266.83,392.76,0.9998,1365,-32.06,False,False
32,29.6,64,4096,4096,1200,1305,0.8545,266.74,392.76,0.9998,1365,-32.08,False,False
32,29.6,64,4096,4096,1200,1410,0.8525,275.53,392.76,0.9998,1365,-29.85,False,False
32,29.6,64,8192,8192,300,300,18.0976,2157.27,1926.26,4.8475,1230,+11.99,False,False
32,29.6,64,8192,8192,300,510,18.0201,2154.59,1926.26,4.8475,1230,+11.85,False,False
32,29.6,64,8192,8192,300,705,17.9642,2156.73,1926.26,4.8475,1230,+11.96,False,False
32,29.6,64,8192,8192,300,900,17.8957,2158.79,1926.26,4.8475,1230,+12.07,False,False
32,29.6,64,8192,8192,300,1050,17.8546,2174.07,1926.26,4.8475,1230,+12.86,False,False
32,29.6,64,8192,8192,300,1200,17.8288,2197.70,1926.26,4.8475,1230,+14.09,False,False
32,29.6,64,8192,8192,300,1305,17.8196,2237.16,1926.26,4.8475,1230,+16.14,False,False
32,29.6,64,8192,8192,300,1410,17.8176,2285.45,1926.26,4.8475,1230,+18.65,False,False
32,29.6,64,8192,8192,510,300,10.8804,1721.00,1926.26,4.8475,1230,-10.66,False,False
32,29.6,64,8192,8192,510,510,10.8028,1715.61,1926.26,4.8475,1230,-10.94,False,False
32,29.6,64,8192,8192,510,705,10.7469,1713.91,1926.26,4.8475,1230,-11.02,False,False
32,29.6,64,8192,8192,510,900,10.6784,1711.67,1926.26,4.8475,1230,-11.14,False,False
32,29.6,64,8192,8192,510,1050,10.6373,1718.03,1926.26,4.8475,1230,-10.81,False,False
32,29.6,64,8192,8192,510,1200,10.6115,1732.77,1926.26,4.8475,1230,-10.04,False,False
32,29.6,64,8192,8192,510,1305,10.6024,1755.42,1926.26,4.8475,1230,-8.87,False,False
32,29.6,64,8192,8192,510,1410,10.6003,1786.91,1926.26,4.8475,1230,-7.23,False,False
32,29.6,64,8192,8192,705,300,8.0275,1560.65,1926.26,4.8475,1230,-18.98,False,False
32,29.6,64,8192,8192,705,510,7.9500,1554.12,1926.26,4.8475,1230,-19.32,False,False
32,29.6,64,8192,8192,705,705,7.8941,1550.85,1926.26,4.8475,1230,-19.49,False,False
32,29.6,64,8192,8192,705,900,7.8256,1546.85,1926.26,4.8475,1230,-19.70,False,False
32,29.6,64,8192,8192,705,1050,7.7845,1549.66,1926.26,4.8475,1230,-19.55,False,False
32,29.6,64,8192,8192,705,1200,7.7587,1560.85,1926.26,4.8475,1230,-18.97,False,False
32,29.6,64,8192,8192,705,1305,7.7495,1576.85,1926.26,4.8475,1230,-18.14,False,False
32,29.6,64,8192,8192,705,1410,7.7475,1601.69,1926.26,4.8475,1230,-16.85,False,False
32,29.6,64,8192,8192,900,300,6.4094,1478.14,1926.26,4.8475,1230,-23.26,False,False
32,29.6,64,8192,8192,900,510,6.3318,1470.91,1926.26,4.8475,1230,-23.64,False,False
32,29.6,64,8192,8192,900,705,6.2759,1466.71,1926.26,4.8475,1230,-23.86,False,False
32,29.6,64,8192,8192,900,900,6.2074,1461.67,1926.26,4.8475,1230,-24.12,False,False
32,29.6,64,8192,8192,900,1050,6.1663,1462.43,1926.26,4.8475,1230,-24.08,False,True
32,29.6,64,8192,8192,900,1200,6.1405,1471.60,1926.26,4.8475,1230,-23.60,False,False
32,29.6,64,8192,8192,900,1305,6.1314,1483.82,1926.26,4.8475,1230,-22.97,False,False
32,29.6,64,8192,8192,900,1410,6.1293,1504.89,1926.26,4.8475,1230,-21.88,False,False
32,29.6,64,8192,8192,1050,300,5.5859,1464.61,1926.26,4.8475,1230,-23.97,False,False
32,29.6,64,8192,8192,1050,510,5.5083,1456.85,1926.26,4.8475,1230,-24.37,False,False
32,29.6,64,8192,8192,1050,705,5.4524,1452.06,1926.26,4.8475,1230,-24.62,False,False
32,29.6,64,8192,8192,1050,900,5.3839,1446.33,1926.26,4.8475,1230,-24.92,False,False
32,29.6,64,8192,8192,1050,1050,5.3428,1445.95,1926.26,4.8475,1230,-24.93,True,False
32,29.6,64,8192,8192,1050,1200,5.3170,1454.04,1926.26,4.8475,1230,-24.52,False,False
32,29.6,64,8192,8192,1050,1305,5.3079,1464.31,1926.26,4.8475,1230,-23.98,False,False
32,29.6,64,8192,8192,1050,1410,5.3058,1483.46,1926.26,4.8475,1230,-22.99,False,False
32,29.6,64,8192,8192,1200,300,4.9615,1696.57,1926.26,4.8475,1230,-11.92,False,False
32,29.6,64,8192,8192,1200,510,4.8839,1688.36,1926.26,4.8475,1230,-12.35,False,False
32,29.6,64,8192,8192,1200,705,4.8280,1683.07,1926.26,4.8475,1230,-12.63,False,False
32,29.6,64,8192,8192,1200,900,4.7595,1676.78,1926.26,4.8475,1230,-12.95,False,False
32,29.6,64,8192,8192,1200,1050,4.7184,1675.51,1926.26,4.8475,1230,-13.02,False,False
32,29.6,64,8192,8192,1200,1200,4.6926,1682.75,1926.26,4.8475,1230,-12.64,False,False
32,29.6,64,8192,8192,1200,1305,4.6835,1691.55,1926.26,4.8475,1230,-12.19,False,False
32,29.6,64,8192,8192,1200,1410,4.6814,1709.23,1926.26,4.8475,1230,-11.27,False,False
32,29.6,128,1024,4096,300,300,2.1242,259.16,244.89,1.0899,1410,+5.83,False,False
32,29.6,128,1024,4096,300,510,1.9070,241.34,244.89,1.0899,1410,-1.45,False,False
32,29.6,128,1024,4096,300,705,1.6749,223.08,244.89,1.0899,1410,-8.90,False,False
32,29.6,128,1024,4096,300,900,1.3725,198.66,244.89,1.0899,1410,-18.87,False,False
32,29.6,128,1024,4096,300,1050,1.1874,182.58,244.89,1.0899,1410,-25.44,False,False
32,29.6,128,1024,4096,300,1200,1.0680,179.69,244.89,1.0899,1410,-26.62,False,False
32,29.6,128,1024,4096,300,1305,1.0385,182.03,244.89,1.0899,1410,-25.67,False,False
32,29.6,128,1024,4096,300,1410,1.0231,184.35,244.89,1.0899,1410,-24.72,False,False
32,29.6,128,1024,4096,510,300,2.1242,258.41,244.89,1.0899,1410,+5.52,False,False
32,29.6,128,1024,4096,510,510,1.9070,240.41,244.89,1.0899,1410,-1.83,False,False
32,29.6,128,1024,4096,510,705,1.6749,221.95,244.89,1.0899,1410,-9.37,False,False
32,29.6,128,1024,4096,510,900,1.3725,197.27,244.89,1.0899,1410,-19.44,False,False
32,29.6,128,1024,4096,510,1050,1.1874,181.03,244.89,1.0899,1410,-26.08,False,False
32,29.6,128,1024,4096,510,1200,1.0680,178.03,244.89,1.0899,1410,-27.30,True,False
32,29.6,128,1024,4096,510,1305,1.0385,180.34,244.89,1.0899,1410,-26.36,False,False
32,29.6,128,1024,4096,510,1410,1.0231,182.66,244.89,1.0899,1410,-25.41,False,False
32,29.6,128,1024,4096,705,300,2.1242,260.18,244.89,1.0899,1410,+6.25,False,False
32,29.6,128,1024,4096,705,510,1.9070,241.91,244.89,1.0899,1410,-1.22,False,False
32,29.6,128,1024,4096,705,705,1.6749,223.16,244.89,1.0899,1410,-8.87,False,False
32,29.6,128,1024,4096,705,900,1.3725,198.10,244.89,1.0899,1410,-19.11,False,False
32,29.6,128,1024,4096,705,1050,1.1874,181.62,244.89,1.0899,1410,-25.83,False,False
32,29.6,128,1024,4096,705,1200,1.0680,178.48,244.89,1.0899,1410,-27.12,False,False
32,29.6,128,1024,4096,705,1305,1.0385,180.75,244.89,1.0899,1410,-26.19,False,False
32,29.6,128,1024,4096,705,1410,1.0231,183.05,244.89,1.0899,1410,-25.25,False,False
32,29.6,128,1024,4096,900,300,2.1242,262.83,244.89,1.0899,1410,+7.33,False,False
32,29.6,128,1024,4096,900,510,1.9070,244.26,244.89,1.0899,1410,-0.26,False,False
32,29.6,128,1024,4096,900,705,1.6749,225.18,244.89,1.0899,1410,-8.05,False,False
32,29.6,128,1024,4096,900,900,1.3725,199.70,244.89,1.0899,1410,-18.45,False,False
32,29.6,128,1024,4096,900,1050,1.1874,182.97,244.89,1.0899,1410,-25.28,False,True
32,29.6,128,1024,4096,900,1200,1.0680,179.66,244.89,1.0899,1410,-26.64,False,False
32,29.6,128,1024,4096,900,1305,1.0385,181.90,244.89,1.0899,1410,-25.72,False,False
32,29.6,128,1024,4096,900,1410,1.0231,184.17,244.89,1.0899,1410,-24.79,False,False
32,29.6,128,1024,4096,1050,300,2.1242,268.92,244.89,1.0899,1410,+9.82,False,False
32,29.6,128,1024,4096,1050,510,1.9070,249.71,244.89,1.0899,1410,+1.97,False,False
32,29.6,128,1024,4096,1050,705,1.6749,229.96,244.89,1.0899,1410,-6.10,False,False
32,29.6,128,1024,4096,1050,900,1.3725,203.59,244.89,1.0899,1410,-16.86,False,False
32,29.6,128,1024,4096,1050,1050,1.1874,186.32,244.89,1.0899,1410,-23.92,False,False
32,29.6,128,1024,4096,1050,1200,1.0680,182.66,244.89,1.0899,1410,-25.41,False,False
32,29.6,128,1024,4096,1050,1305,1.0385,184.81,244.89,1.0899,1410,-24.53,False,False
32,29.6,128,1024,4096,1050,1410,1.0231,187.04,244.89,1.0899,1410,-23.62,False,False
32,29.6,128,1024,4096,1200,300,2.1242,282.55,244.89,1.0899,1410,+15.38,False,False
32,29.6,128,1024,4096,1200,510,1.9070,262.70,244.89,1.0899,1410,+7.27,False,False
32,29.6,128,1024,4096,1200,705,1.6749,242.27,244.89,1.0899,1410,-1.07,False,False
32,29.6,128,1024,4096,1200,900,1.3725,215.02,244.89,1.0899,1410,-12.19,False,False
32,29.6,128,1024,4096,1200,1050,1.1874,197.21,244.89,1.0899,1410,-19.47,False,False
32,29.6,128,1024,4096,1200,1200,1.0680,193.20,244.89,1.0899,1410,-21.11,False,False
32,29.6,128,1024,4096,1200,1305,1.0385,195.26,244.89,1.0899,1410,-20.26,False,False
32,29.6,128,1024,4096,1200,1410,1.0231,197.44,244.89,1.0899,1410,-19.37,False,False
32,29.6,128,1024,4096,1305,300,2.1242,299.46,244.89,1.0899,1410,+22.28,False,False
32,29.6,128,1024,4096,1305,510,1.9070,278.41,244.89,1.0899,1410,+13.69,False,False
32,29.6,128,1024,4096,1305,705,1.6749,256.70,244.89,1.0899,1410,+4.82,False,False
32,29.6,128,1024,4096,1305,900,1.3725,227.78,244.89,1.0899,1410,-6.99,False,False
32,29.6,128,1024,4096,1305,1050,1.1874,208.94,244.89,1.0899,1410,-14.68,False,False
32,29.6,128,1024,4096,1305,1200,1.0680,204.27,244.89,1.0899,1410,-16.59,False,False
32,29.6,128,1024,4096,1305,1305,1.0385,206.17,244.89,1.0899,1410,-15.81,False,False
32,29.6,128,1024,4096,1305,1410,1.0231,208.27,244.89,1.0899,1410,-14.95,False,False
32,29.6,128,1024,4096,1410,300,2.1242,325.11,244.89,1.0899,1410,+32.76,False,False
32,29.6,128,1024,4096,1410,510,1.9070,302.86,244.89,1.0899,1410,+23.68,False,False
32,29.6,128,1024,4096,1410,705,1.6749,279.87,244.89,1.0899,1410,+14.29,False,False
32,29.6,128,1024,4096,1410,900,1.3725,249.28,244.89,1.0899,1410,+1.79,False,False
32,29.6,128,1024,4096,1410,1050,1.1874,229.42,244.89,1.0899,1410,-6.32,False,False
32,29.6,128,1024,4096,1410,1200,1.0680,224.09,244.89,1.0899,1410,-8.49,False,False
32,29.6,128,1024,4096,1410,1305,1.0385,225.83,244.89,1.0899,1410,-7.78,False,False
32,29.6,128,1024,4096,1410,1410,1.0231,227.84,244.89,1.0899,1410,-6.96,False,False
32,29.6,128,1024,8192,300,300,3.3130,432.33,451.19,1.2627,1410,-4.18,False,False
32,29.6,128,1024,8192,300,510,3.2261,422.34,451.19,1.2627,1410,-6.39,False,False
32,29.6,128,1024,8192,300,705,3.1333,412.75,451.19,1.2627,1410,-8.52,False,False
32,29.6,128,1024,8192,300,900,3.0123,399.68,451.19,1.2627,1410,-11.42,False,False
32,29.6,128,1024,8192,300,1050,2.9383,392.18,451.19,1.2627,1410,-13.08,False,False
32,29.6,128,1024,8192,300,1200,2.8905,395.76,451.19,1.2627,1410,-12.29,False,False
32,29.6,128,1024,8192,300,1305,2.8787,403.45,451.19,1.2627,1410,-10.58,False,False
32,29.6,128,1024,8192,300,1410,2.8726,410.66,451.19,1.2627,1410,-8.98,False,False
32,29.6,128,1024,8192,510,300,2.1242,360.78,451.19,1.2627,1410,-20.04,False,False
32,29.6,128,1024,8192,510,510,2.0608,351.63,451.19,1.2627,1410,-22.07,False,False
32,29.6,128,1024,8192,510,705,2.0608,346.74,451.19,1.2627,1410,-23.15,False,False
32,29.6,128,1024,8192,510,900,2.0210,337.71,451.19,1.2627,1410,-25.15,False,False
32,29.6,128,1024,8192,510,1050,1.9470,328.92,451.19,1.2627,1410,-27.10,False,False
32,29.6,128,1024,8192,510,1200,1.8992,331.24,451.19,1.2627,1410,-26.59,False,False
32,29.6,128,1024,8192,510,1305,1.8874,336.61,451.19,1.2627,1410,-25.39,False,False
32,29.6,128,1024,8192,510,1410,1.8813,341.51,451.19,1.2627,1410,-24.31,False,False
32,29.6,128,1024,8192,705,300,2.1242,361.48,451.19,1.2627,1410,-19.88,False,False
32,29.6,128,1024,8192,705,510,1.9070,343.20,451.19,1.2627,1410,-23.93,False,False
32,29.6,128,1024,8192,705,705,1.6749,324.45,451.19,1.2627,1410,-28.09,False,False
32,29.6,128,1024,8192,705,900,1.5124,307.78,451.19,1.2627,1410,-31.78,False,False
32,29.6,128,1024,8192,705,1050,1.5124,302.81,451.19,1.2627,1410,-32.89,False,False
32,29.6,128,1024,8192,705,1200,1.5075,307.21,451.19,1.2627,1410,-31.91,False,False
32,29.6,128,1024,8192,705,1305,1.4957,311.66,451.19,1.2627,1410,-30.93,False,False
32,29.6,128,1024,8192,705,1410,1.4896,315.63,451.19,1.2627,1410,-30.04,False,False
32,29.6,128,1024,8192,900,300,2.1242,364.73,451.19,1.2627,1410,-19.16,False,False
32,29.6,128,1024,8192,900,510,1.9070,346.15,451.19,1.2627,1410,-23.28,False,False
32,29.6,128,1024,8192,900,705,1.6749,327.08,451.19,1.2627,1410,-27.51,False,False
32,29.6,128,1024,8192,900,900,1.3725,301.60,451.19,1.2627,1410,-33.15,False,False
32,29.6,128,1024,8192,900,1050,1.1989,285.59,451.19,1.2627,1410,-36.70,True,True
32,29.6,128,1024,8192,900,1200,1.1989,289.91,451.19,1.2627,1410,-35.75,False,False
32,29.6,128,1024,8192,900,1305,1.1989,294.40,451.19,1.2627,1410,-34.75,False,False
32,29.6,128,1024,8192,900,1410,1.1989,298.10,451.19,1.2627,1410,-33.93,False,False
32,29.6,128,1024,8192,1050,300,2.1242,372.15,451.19,1.2627,1410,-17.52,False,False
32,29.6,128,1024,8192,1050,510,1.9070,352.93,451.19,1.2627,1410,-21.78,False,False
32,29.6,128,1024,8192,1050,705,1.6749,333.18,451.19,1.2627,1410,-26.15,False,False
32,29.6,128,1024,8192,1050,900,1.3725,306.82,451.19,1.2627,1410,-32.00,False,False
32,29.6,128,1024,8192,1050,1050,1.1874,289.55,451.19,1.2627,1410,-35.83,False,False
32,29.6,128,1024,8192,1050,1200,1.0680,285.89,451.19,1.2627,1410,-36.64,False,False
32,29.6,128,1024,8192,1050,1305,1.0385,288.04,451.19,1.2627,1410,-36.16,False,False
32,29.6,128,1024,8192,1050,1410,1.0381,291.33,451.19,1.2627,1410,-35.43,False,False
32,29.6,128,1024,8192,1200,300,2.1242,410.06,451.19,1.2627,1410,-9.12,False,False
32,29.6,128,1024,8192,1200,510,1.9070,390.21,451.19,1.2627,1410,-13.51,False,False
32,29.6,128,1024,8192,1200,705,1.6749,369.79,451.19,1.2627,1410,-18.04,False,False
32,29.6,128,1024,8192,1200,900,1.3725,342.54,451.19,1.2627,1410,-24.08,False,False
32,29.6,128,1024,8192,1200,1050,1.1874,324.72,451.19,1.2627,1410,-28.03,False,False
32,29.6,128,1024,8192,1200,1200,1.0680,320.71,451.19,1.2627,1410,-28.92,False,False
32,29.6,128,1024,8192,1200,1305,1.0385,322.78,451.19,1.2627,1410,-28.46,False,False
32,29.6,128,1024,8192,1200,1410,1.0231,324.96,451.19,1.2627,1410,-27.98,False,False
32,29.6,128,2048,4096,300,300,2.1242,292.81,310.71,1.0840,1410,-5.76,False,False
32,29.6,128,2048,4096,300,510,1.9540,277.66,310.71,1.0840,1410,-10.64,False,False
32,29.6,128,2048,4096,300,705,1.9540,272.71,310.71,1.0840,1410,-12.23,False,False
32,29.6,128,2048,4096,300,900,1.9230,264.16,310.71,1.0840,1410,-14.98,False,False
32,29.6,128,2048,4096,300,1050,1.8613,256.04,310.71,1.0840,1410,-17.60,False,False
32,29.6,128,2048,4096,300,1200,1.8215,258.78,310.71,1.0840,1410,-16.72,False,False
32,29.6,128,2048,4096,300,1305,1.8116,264.10,310.71,1.0840,1410,-15.00,False,False
32,29.6,128,2048,4096,300,1410,1.8065,268.89,310.71,1.0840,1410,-13.46,False,False
32,29.6,128,2048,4096,510,300,2.1242,290.93,310.71,1.0840,1410,-6.37,False,False
32,29.6,128,2048,4096,510,510,1.9070,272.93,310.71,1.0840,1410,-12.16,False,False
32,29.6,128,2048,4096,510,705,1.6749,254.47,310.71,1.0840,1410,-18.10,False,False
32,29.6,128,2048,4096,510,900,1.3725,229.79,310.71,1.0840,1410,-26.05,False,False
32,29.6,128,2048,4096,510,1050,1.1874,213.54,310.71,1.0840,1410,-31.27,False,False
32,29.6,128,2048,4096,510,1200,1.1714,216.87,310.71,1.0840,1410,-30.20,False,False
32,29.6,128,2048,4096,510,1305,1.1714,221.30,310.71,1.0840,1410,-28.78,False,False
32,29.6,128,2048,4096,510,1410,1.1714,224.93,310.71,1.0840,1410,-27.61,False,False
32,29.6,128,2048,4096,705,300,2.1242,292.45,310.71,1.0840,1410,-5.88,False,False
32,29.6,128,2048,4096,705,510,1.9070,274.17,310.71,1.0840,1410,-11.76,False,False
32,29.6,128,2048,4096,705,705,1.6749,255.43,310.71,1.0840,1410,-17.79,False,False
32,29.6,128,2048,4096,705,900,1.3725,230.37,310.71,1.0840,1410,-25.86,False,False
32,29.6,128,2048,4096,705,1050,1.1874,213.89,310.71,1.0840,1410,-31.16,False,False
32,29.6,128,2048,4096,705,1200,1.0680,210.75,310.71,1.0840,1410,-32.17,True,False
32,29.6,128,2048,4096,705,1305,1.0385,213.02,310.71,1.0840,1410,-31.44,False,False
32,29.6,128,2048,4096,705,1410,1.0231,215.32,310.71,1.0840,1410,-30.70,False,False
32,29.6,128,2048,4096,900,300,2.1242,295.36,310.71,1.0840,1410,-4.94,False,False
32,29.6,128,2048,4096,900,510,1.9070,276.78,310.71,1.0840,1410,-10.92,False,False
32,29.6,128,2048,4096,900,705,1.6749,257.71,310.71,1.0840,1410,-17.06,False,False
32,29.6,128,2048,4096,900,900,1.3725,232.23,310.71,1.0840,1410,-25.26,False,False
32,29.6,128,2048,4096,900,1050,1.1874,215.50,310.71,1.0840,1410,-30.64,False,True
32,29.6,128,2048,4096,900,1200,1.0680,212.19,310.71,1.0840,1410,-31.71,False,False
32,29.6,128,2048,4096,900,1305,1.0385,214.42,310.71,1.0840,1410,-30.99,False,False
32,29.6,128,2048,4096,900,1410,1.0231,216.69,310.71,1.0840,1410,-30.26,False,False
32,29.6,128,2048,4096,1050,300,2.1242,302.02,310.71,1.0840,1410,-2.80,False,False
32,29.6,128,2048,4096,1050,510,1.9070,282.81,310.71,1.0840,1410,-8.98,False,False
32,29.6,128,2048,4096,1050,705,1.6749,263.06,310.71,1.0840,1410,-15.34,False,False
32,29.6,128,2048,4096,1050,900,1.3725,236.70,310.71,1.0840,1410,-23.82,False,False
32,29.6,128,2048,4096,1050,1050,1.1874,219.42,310.71,1.0840,1410,-29.38,False,False
32,29.6,128,2048,4096,1050,1200,1.0680,215.76,310.71,1.0840,1410,-30.56,False,False
32,29.6,128,2048,4096,1050,1305,1.0385,217.91,310.71,1.0840,1410,-29.87,False,False
32,29.6,128,2048,4096,1050,1410,1.0231,220.14,310.71,1.0840,1410,-29.15,False,False
32,29.6,128,2048,4096,1200,300,2.1242,323.84,310.71,1.0840,1410,+4.22,False,False
32,29.6,128,2048,4096,1200,510,1.9070,303.99,310.71,1.0840,1410,-2.17,False,False
32,29.6,128,2048,4096,1200,705,1.6749,283.56,310.71,1.0840,1410,-8.74,False,False
32,29.6,128,2048,4096,1200,900,1.3725,256.31,310.71,1.0840,1410,-17.51,False,False
32,29.6,128,2048,4096,1200,1050,1.1874,238.50,310.71,1.0840,1410,-23.24,False,False
32,29.6,128,2048,4096,1200,1200,1.0680,234.49,310.71,1.0840,1410,-24.53,False,False
32,29.6,128,2048,4096,1200,1305,1.0385,236.55,310.71,1.0840,1410,-23.87,False,False
32,29.6,128,2048,4096,1200,1410,1.0231,238.73,310.71,1.0840,1410,-23.17,False,False
32,29.6,128,2048,4096,1305,300,2.1242,347.80,310.71,1.0840,1410,+11.93,False,False
32,29.6,128,2048,4096,1305,510,1.9070,326.75,310.71,1.0840,1410,+5.16,False,False
32,29.6,128,2048,4096,1305,705,1.6749,305.04,310.71,1.0840,1410,-1.83,False,False
32,29.6,128,2048,4096,1305,900,1.3725,276.12,310.71,1.0840,1410,-11.14,False,False
32,29.6,128,2048,4096,1305,1050,1.1874,257.28,310.71,1.0840,1410,-17.20,False,False
32,29.6,128,2048,4096,1305,1200,1.0680,252.61,310.71,1.0840,1410,-18.70,False,False
32,29.6,128,2048,4096,1305,1305,1.0385,254.51,310.71,1.0840,1410,-18.09,False,False
32,29.6,128,2048,4096,1305,1410,1.0231,256.61,310.71,1.0840,1410,-17.41,False,False
32,29.6,128,2048,8192,300,300,5.5172,683.54,735.18,1.8354,1350,-7.02,False,False
32,29.6,128,2048,8192,300,510,5.4303,674.36,735.18,1.8354,1350,-8.27,False,False
32,29.6,128,2048,8192,300,705,5.3374,665.93,735.18,1.8354,1350,-9.42,False,False
32,29.6,128,2048,8192,300,900,5.2165,654.16,735.18,1.8354,1350,-11.02,False,False
32,29.6,128,2048,8192,300,1050,5.1424,649.36,735.18,1.8354,1350,-11.67,False,False
32,29.6,128,2048,8192,300,1200,5.0947,655.66,735.18,1.8354,1350,-10.82,False,False
32,29.6,128,2048,8192,300,1305,5.0829,668.48,735.18,1.8354,1350,-9.07,False,False
32,29.6,128,2048,8192,300,1410,5.0767,680.82,735.18,1.8354,1350,-7.39,False,False
32,29.6,128,2048,8192,510,300,3.6144,568.91,735.18,1.8354,1350,-22.62,False,False
32,29.6,128,2048,8192,510,510,3.5275,558.96,735.18,1.8354,1350,-23.97,False,False
32,29.6,128,2048,8192,510,705,3.4347,549.44,735.18,1.8354,1350,-25.26,False,False
32,29.6,128,2048,8192,510,900,3.3137,536.45,735.18,1.8354,1350,-27.03,False,False
32,29.6,128,2048,8192,510,1050,3.2397,529.25,735.18,1.8354,1350,-28.01,False,False
32,29.6,128,2048,8192,510,1200,3.1919,533.16,735.18,1.8354,1350,-27.48,False,False
32,29.6,128,2048,8192,510,1305,3.1801,541.54,735.18,1.8354,1350,-26.34,False,False
32,29.6,128,2048,8192,510,1410,3.1740,549.45,735.18,1.8354,1350,-25.26,False,False
32,29.6,128,2048,8192,705,300,2.8154,523.61,735.18,1.8354,1350,-28.78,False,False
32,29.6,128,2048,8192,705,510,2.7738,515.92,735.18,1.8354,1350,-29.82,False,False
32,29.6,128,2048,8192,705,705,2.6810,505.89,735.18,1.8354,1350,-31.19,False,False
32,29.6,128,2048,8192,705,900,2.5600,492.30,735.18,1.8354,1350,-33.04,False,False
32,29.6,128,2048,8192,705,1050,2.4860,484.09,735.18,1.8354,1350,-34.15,False,False
32,29.6,128,2048,8192,705,1200,2.4382,487.01,735.18,1.8354,1350,-33.76,False,False
32,29.6,128,2048,8192,705,1305,2.4264,493.63,735.18,1.8354,1350,-32.86,False,False
32,29.6,128,2048,8192,705,1410,2.4203,499.77,735.18,1.8354,1350,-32.02,False,False
32,29.6,128,2048,8192,900,300,2.2171,493.24,735.18,1.8354,1350,-32.91,False,False
32,29.6,128,2048,8192,900,510,2.2171,487.78,735.18,1.8354,1350,-33.65,False,False
32,29.6,128,2048,8192,900,705,2.2171,482.97,735.18,1.8354,1350,-34.31,False,False
32,29.6,128,2048,8192,900,900,2.1326,471.18,735.18,1.8354,1350,-35.91,False,False
32,29.6,128,2048,8192,900,1050,2.0586,462.34,735.18,1.8354,1350,-37.11,False,True
32,29.6,128,2048,8192,900,1200,2.0108,464.67,735.18,1.8354,1350,-36.80,False,False
32,29.6,128,2048,8192,900,1305,1.9990,470.27,735.18,1.8354,1350,-36.03,False,False
32,29.6,128,2048,8192,900,1410,1.9929,475.41,735.18,1.8354,1350,-35.33,False,False
32,29.6,128,2048,8192,1050,300,2.1242,496.26,735.18,1.8354,1350,-32.50,False,False
32,29.6,128,2048,8192,1050,510,1.9111,477.31,735.18,1.8354,1350,-35.08,False,False
32,29.6,128,2048,8192,1050,705,1.9111,472.34,735.18,1.8354,1350,-35.75,False,False
32,29.6,128,2048,8192,1050,900,1.9111,465.56,735.18,1.8354,1350,-36.67,False,False
32,29.6,128,2048,8192,1050,1050,1.8400,456.42,735.18,1.8354,1350,-37.92,True,False
32,29.6,128,2048,8192,1050,1200,1.7923,458.34,735.18,1.8354,1350,-37.66,False,False
32,29.6,128,2048,8192,1050,1305,1.7805,463.40,735.18,1.8354,1350,-36.97,False,False
32,29.6,128,2048,8192,1050,1410,1.7743,468.01,735.18,1.8354,1350,-36.34,False,False
32,29.6,128,2048,8192,1200,300,2.1242,566.28,735.18,1.8354,1350,-22.97,False,False
32,29.6,128,2048,8192,1200,510,1.9070,546.43,735.18,1.8354,1350,-25.67,False,False
32,29.6,128,2048,8192,1200,705,1.6801,526.35,735.18,1.8354,1350,-28.41,False,False
32,29.6,128,2048,8192,1200,900,1.6801,519.42,735.18,1.8354,1350,-29.35,False,False
32,29.6,128,2048,8192,1200,1050,1.6750,514.31,735.18,1.8354,1350,-30.04,False,False
32,29.6,128,2048,8192,1200,1200,1.6272,515.89,735.18,1.8354,1350,-29.83,False,False
32,29.6,128,2048,8192,1200,1305,1.6154,520.53,735.18,1.8354,1350,-29.20,False,False
32,29.6,128,2048,8192,1200,1410,1.6093,524.74,735.18,1.8354,1350,-28.62,False,False
32,29.6,128,4096,4096,300,300,3.2674,424.78,462.85,1.2481,1410,-8.22,False,False
32,29.6,128,4096,4096,300,510,3.1805,414.78,462.85,1.2481,1410,-10.39,False,False
32,29.6,128,4096,4096,300,705,3.0877,405.17,462.85,1.2481,1410,-12.46,False,False
32,29.6,128,4096,4096,300,900,2.9667,392.07,462.85,1.2481,1410,-15.29,False,False
32,29.6,128,4096,4096,300,1050,2.8927,384.51,462.85,1.2481,1410,-16.93,False,False
32,29.6,128,4096,4096,300,1200,2.8449,388.04,462.85,1.2481,1410,-16.16,False,False
32,29.6,128,4096,4096,300,1305,2.8331,395.62,462.85,1.2481,1410,-14.53,False,False
32,29.6,128,4096,4096,300,1410,2.8270,402.72,462.85,1.2481,1410,-12.99,False,False
32,29.6,128,4096,4096,510,300,2.1242,356.14,462.85,1.2481,1410,-23.05,False,False
32,29.6,128,4096,4096,510,510,2.0179,344.53,462.85,1.2481,1410,-25.56,False,False
32,29.6,128,4096,4096,510,705,2.0179,339.62,462.85,1.2481,1410,-26.63,False,False
32,29.6,128,4096,4096,510,900,1.9903,331.27,462.85,1.2481,1410,-28.43,False,False
32,29.6,128,4096,4096,510,1050,1.9163,322.45,462.85,1.2481,1410,-30.33,False,False
32,29.6,128,4096,4096,510,1200,1.8685,324.73,462.85,1.2481,1410,-29.84,False,False
32,29.6,128,4096,4096,510,1305,1.8567,330.03,462.85,1.2481,1410,-28.70,False,False
32,29.6,128,4096,4096,510,1410,1.8506,334.86,462.85,1.2481,1410,-27.65,False,False
32,29.6,128,4096,4096,705,300,2.1242,357.32,462.85,1.2481,1410,-22.80,False,False
32,29.6,128,4096,4096,705,510,1.9070,339.05,462.85,1.2481,1410,-26.75,False,False
32,29.6,128,4096,4096,705,705,1.6749,320.30,462.85,1.2481,1410,-30.80,False,False
32,29.6,128,4096,4096,705,900,1.4749,301.38,462.85,1.2481,1410,-34.89,False,False
32,29.6,128,4096,4096,705,1050,1.4749,296.36,462.85,1.2481,1410,-35.97,False,False
32,29.6,128,4096,4096,705,1200,1.4749,301.02,462.85,1.2481,1410,-34.96,False,False
32,29.6,128,4096,4096,705,1305,1.4689,305.77,462.85,1.2481,1410,-33.94,False,False
32,29.6,128,4096,4096,705,1410,1.4628,309.68,462.85,1.2481,1410,-33.09,False,False
32,29.6,128,4096,4096,900,300,2.1242,360.77,462.85,1.2481,1410,-22.05,False,False
32,29.6,128,4096,4096,900,510,1.9070,342.19,462.85,1.2481,1410,-26.07,False,False
32,29.6,128,4096,4096,900,705,1.6749,323.12,462.85,1.2481,1410,-30.19,False,False
32,29.6,128,4096,4096,900,900,1.3725,297.64,462.85,1.2481,1410,-35.69,False,False
32,29.6,128,4096,4096,900,1050,1.1874,280.91,462.85,1.2481,1410,-39.31,True,True
32,29.6,128,4096,4096,900,1200,1.1657,283.83,462.85,1.2481,1410,-38.68,False,False
32,29.6,128,4096,4096,900,1305,1.1657,288.25,462.85,1.2481,1410,-37.72,False,False
32,29.6,128,4096,4096,900,1410,1.1657,291.87,462.85,1.2481,1410,-36.94,False,False
32,29.6,128,4096,4096,1050,300,2.1242,368.01,462.85,1.2481,1410,-20.49,False,False
32,29.6,128,4096,4096,1050,510,1.9070,348.79,462.85,1.2481,1410,-24.64,False,False
32,29.6,128,4096,4096,1050,705,1.6749,329.04,462.85,1.2481,1410,-28.91,False,False
32,29.6,128,4096,4096,1050,900,1.3725,302.68,462.85,1.2481,1410,-34.61,False,False
32,29.6,128,4096,4096,1050,1050,1.1874,285.41,462.85,1.2481,1410,-38.34,False,False
32,29.6,128,4096,4096,1050,1200,1.0680,281.74,462.85,1.2481,1410,-39.13,False,False
32,29.6,128,4096,4096,1050,1305,1.0385,283.90,462.85,1.2481,1410,-38.66,False,False
32,29.6,128,4096,4096,1050,1410,1.0231,286.12,462.85,1.2481,1410,-38.18,False,False
32,29.6,128,4096,4096,1200,300,2.1242,406.94,462.85,1.2481,1410,-12.08,False,False
32,29.6,128,4096,4096,1200,510,1.9070,387.09,462.85,1.2481,1410,-16.37,False,False
32,29.6,128,4096,4096,1200,705,1.6749,366.66,462.85,1.2481,1410,-20.78,False,False
32,29.6,128,4096,4096,1200,900,1.3725,339.41,462.85,1.2481,1410,-26.67,False,False
32,29.6,128,4096,4096,1200,1050,1.1874,321.60,462.85,1.2481,1410,-30.52,False,False
32,29.6,128,4096,4096,1200,1200,1.0680,317.59,462.85,1.2481,1410,-31.38,False,False
32,29.6,128,4096,4096,1200,1305,1.0385,319.65,462.85,1.2481,1410,-30.94,False,False
32,29.6,128,4096,4096,1200,1410,1.0231,321.84,462.85,1.2481,1410,-30.47,False,False
32,29.6,128,8192,8192,300,300,18.4794,2224.78,2005.42,5.0485,1230,+10.94,False,False
32,29.6,128,8192,8192,300,510,18.3880,2220.09,2005.42,5.0485,1230,+10.70,False,False
32,29.6,128,8192,8192,300,705,18.2903,2218.19,2005.42,5.0485,1230,+10.61,False,False
32,29.6,128,8192,8192,300,900,18.1629,2213.65,2005.42,5.0485,1230,+10.38,False,False
32,29.6,128,8192,8192,300,1050,18.0850,2224.55,2005.42,5.0485,1230,+10.93,False,False
32,29.6,128,8192,8192,300,1200,18.0347,2246.61,2005.42,5.0485,1230,+12.03,False,False
32,29.6,128,8192,8192,300,1305,18.0223,2289.52,2005.42,5.0485,1230,+14.17,False,False
32,29.6,128,8192,8192,300,1410,18.0158,2331.96,2005.42,5.0485,1230,+16.28,False,False
32,29.6,128,8192,8192,510,300,11.2622,1788.85,2005.42,5.0485,1230,-10.80,False,False
32,29.6,128,8192,8192,510,510,11.1707,1781.43,2005.42,5.0485,1230,-11.17,False,False
32,29.6,128,8192,8192,510,705,11.0730,1775.65,2005.42,5.0485,1230,-11.46,False,False
32,29.6,128,8192,8192,510,900,10.9457,1766.76,2005.42,5.0485,1230,-11.90,False,False
32,29.6,128,8192,8192,510,1050,10.8677,1768.72,2005.42,5.0485,1230,-11.80,False,False
32,29.6,128,8192,8192,510,1200,10.8174,1781.86,2005.42,5.0485,1230,-11.15,False,False
32,29.6,128,8192,8192,510,1305,10.8050,1807.95,2005.42,5.0485,1230,-9.85,False,False
32,29.6,128,8192,8192,510,1410,10.7986,1833.59,2005.42,5.0485,1230,-8.57,False,False
32,29.6,128,8192,8192,705,300,8.4094,1628.97,2005.42,5.0485,1230,-18.77,False,False
32,29.6,128,8192,8192,705,510,8.3179,1620.40,2005.42,5.0485,1230,-19.20,False,False
32,29.6,128,8192,8192,705,705,8.2202,1613.00,2005.42,5.0485,1230,-19.57,False,False
32,29.6,128,8192,8192,705,900,8.0928,1602.28,2005.42,5.0485,1230,-20.10,False,False
32,29.6,128,8192,8192,705,1050,8.0149,1600.63,2005.42,5.0485,1230,-20.19,False,False
32,29.6,128,8192,8192,705,1200,7.9646,1610.20,2005.42,5.0485,1230,-19.71,False,False
32,29.6,128,8192,8192,705,1305,7.9522,1629.63,2005.42,5.0485,1230,-18.74,False,False
32,29.6,128,8192,8192,705,1410,7.9457,1648.62,2005.42,5.0485,1230,-17.79,False,False
32,29.6,128,8192,8192,900,300,6.7912,1547.00,2005.42,5.0485,1230,-22.86,False,False
32,29.6,128,8192,8192,900,510,6.6997,1537.71,2005.42,5.0485,1230,-23.32,False,False
32,29.6,128,8192,8192,900,705,6.6020,1529.32,2005.42,5.0485,1230,-23.74,False,False
32,29.6,128,8192,8192,900,900,6.4746,1517.47,2005.42,5.0485,1230,-24.33,False,False
32,29.6,128,8192,8192,900,1050,6.3967,1513.72,2005.42,5.0485,1230,-24.52,False,True
32,29.6,128,8192,8192,900,1200,6.3464,1521.23,2005.42,5.0485,1230,-24.14,False,False
32,29.6,128,8192,8192,900,1305,6.3340,1536.88,2005.42,5.0485,1230,-23.36,False,False
32,29.6,128,8192,8192,900,1410,6.3275,1552.09,2005.42,5.0485,1230,-22.61,False,False
32,29.6,128,8192,8192,1050,300,5.9677,1534.58,2005.42,5.0485,1230,-23.48,False,False
32,29.6,128,8192,8192,1050,510,5.8762,1524.72,2005.42,5.0485,1230,-23.97,False,False
32,29.6,128,8192,8192,1050,705,5.7785,1515.61,2005.42,5.0485,1230,-24.42,False,False
32,29.6,128,8192,8192,1050,900,5.6512,1502.91,2005.42,5.0485,1230,-25.06,False,False
32,29.6,128,8192,8192,1050,1050,5.5732,1497.92,2005.42,5.0485,1230,-25.31,True,False
32,29.6,128,8192,8192,1050,1200,5.5229,1504.27,2005.42,5.0485,1230,-24.99,False,False
32,29.6,128,8192,8192,1050,1305,5.5105,1517.97,2005.42,5.0485,1230,-24.31,False,False
32,29.6,128,8192,8192,1050,1410,5.5041,1531.24,2005.42,5.0485,1230,-23.64,False,False
32,29.6,128,8192,8192,1200,300,5.3433,1767.66,2005.42,5.0485,1230,-11.86,False,False
32,29.6,128,8192,8192,1200,510,5.2518,1757.30,2005.42,5.0485,1230,-12.37,False,False
32,29.6,128,8192,8192,1200,705,5.1541,1747.58,2005.42,5.0485,1230,-12.86,False,False
32,29.6,128,8192,8192,1200,900,5.0268,1734.14,2005.42,5.0485,1230,-13.53,False,False
32,29.6,128,8192,8192,1200,1050,4.9488,1728.15,2005.42,5.0485,1230,-13.83,False,False
32,29.6,128,8192,8192,1200,1200,4.8986,1733.58,2005.42,5.0485,1230,-13.56,False,False
32,29.6,128,8192,8192,1200,1305,4.8861,1745.80,2005.42,5.0485,1230,-12.95,False,False
32,29.6,128,8192,8192,1200,1410,4.8797,1757.60,2005.42,5.0485,1230,-12.36,False,False
32,29.6,256,1024,4096,300,300,3.9024,448.92,407.63,2.0205,1410,+10.13,False,False
32,29.6,256,1024,4096,300,510,3.6120,425.90,407.63,2.0205,1410,+4.48,False,False
32,29.6,256,1024,4096,300,705,3.1925,393.13,407.63,2.0205,1410,-3.56,False,False
32,29.6,256,1024,4096,300,900,2.6220,347.20,407.63,2.0205,1410,-14.82,False,False
32,29.6,256,1024,4096,300,1050,2.2370,310.74,407.63,2.0205,1410,-23.77,False,False
32,29.6,256,1024,4096,300,1200,2.0612,315.17,407.63,2.0205,1410,-22.68,False,False
32,29.6,256,1024,4096,300,1305,1.9662,312.04,407.63,2.0205,1410,-23.45,False,False
32,29.6,256,1024,4096,300,1410,1.9839,332.11,407.63,2.0205,1410,-18.53,False,False
32,29.6,256,1024,4096,510,300,3.9024,449.72,407.63,2.0205,1410,+10.33,False,False
32,29.6,256,1024,4096,510,510,3.6120,426.45,407.63,2.0205,1410,+4.62,False,False
32,29.6,256,1024,4096,510,705,3.1925,393.32,407.63,2.0205,1410,-3.51,False,False
32,29.6,256,1024,4096,510,900,2.6220,346.89,407.63,2.0205,1410,-14.90,False,False
32,29.6,256,1024,4096,510,1050,2.2370,310.10,407.63,2.0205,1410,-23.93,True,False
32,29.6,256,1024,4096,510,1200,2.0612,314.38,407.63,2.0205,1410,-22.88,False,False
32,29.6,256,1024,4096,510,1305,1.9662,311.16,407.63,2.0205,1410,-23.67,False,False
32,29.6,256,1024,4096,510,1410,1.9839,331.24,407.63,2.0205,1410,-18.74,False,False
32,29.6,256,1024,4096,705,300,3.9024,453.71,407.63,2.0205,1410,+11.30,False,False
32,29.6,256,1024,4096,705,510,3.6120,430.08,407.63,2.0205,1410,+5.51,False,False
32,29.6,256,1024,4096,705,705,3.1925,396.42,407.63,2.0205,1410,-2.75,False,False
32,29.6,256,1024,4096,705,900,2.6220,349.28,407.63,2.0205,1410,-14.31,False,False
32,29.6,256,1024,4096,705,1050,2.2370,312.00,407.63,2.0205,1410,-23.46,False,False
32,29.6,256,1024,4096,705,1200,2.0612,316.06,407.63,2.0205,1410,-22.46,False,False
32,29.6,256,1024,4096,705,1305,1.9662,312.73,407.63,2.0205,1410,-23.28,False,False
32,29.6,256,1024,4096,705,1410,1.9839,332.84,407.63,2.0205,1410,-18.35,False,False
32,29.6,256,1024,4096,900,300,3.9024,458.84,407.63,2.0205,1410,+12.56,False,False
32,29.6,256,1024,4096,900,510,3.6120,434.80,407.63,2.0205,1410,+6.67,False,False
32,29.6,256,1024,4096,900,705,3.1925,400.56,407.63,2.0205,1410,-1.73,False,False
32,29.6,256,1024,4096,900,900,2.6220,352.63,407.63,2.0205,1410,-13.49,False,False
32,29.6,256,1024,4096,900,1050,2.2370,314.81,407.63,2.0205,1410,-22.77,False,True
32,29.6,256,1024,4096,900,1200,2.0612,318.63,407.63,2.0205,1410,-21.83,False,False
32,29.6,256,1024,4096,900,1305,1.9662,315.17,407.63,2.0205,1410,-22.68,False,False
32,29.6,256,1024,4096,900,1410,1.9839,335.29,407.63,2.0205,1410,-17.75,False,False
32,29.6,256,1024,4096,1050,300,3.9024,470.12,407.63,2.0205,1410,+15.33,False,False
32,29.6,256,1024,4096,1050,510,3.6120,445.24,407.63,2.0205,1410,+9.23,False,False
32,29.6,256,1024,4096,1050,705,3.1925,409.77,407.63,2.0205,1410,+0.52,False,False
32,29.6,256,1024,4096,1050,900,2.6220,360.17,407.63,2.0205,1410,-11.64,False,False
32,29.6,256,1024,4096,1050,1050,2.2370,321.23,407.63,2.0205,1410,-21.20,False,False
32,29.6,256,1024,4096,1050,1200,2.0612,324.53,407.63,2.0205,1410,-20.39,False,False
32,29.6,256,1024,4096,1050,1305,1.9662,320.79,407.63,2.0205,1410,-21.30,False,False
32,29.6,256,1024,4096,1050,1410,1.9839,340.97,407.63,2.0205,1410,-16.35,False,False
32,29.6,256,1024,4096,1200,300,3.9024,488.94,407.63,2.0205,1410,+19.95,False,False
32,29.6,256,1024,4096,1200,510,3.6120,463.21,407.63,2.0205,1410,+13.63,False,False
32,29.6,256,1024,4096,1200,705,3.1925,426.51,407.63,2.0205,1410,+4.63,False,False
32,29.6,256,1024,4096,1200,900,2.6220,375.25,407.63,2.0205,1410,-7.94,False,False
32,29.6,256,1024,4096,1200,1050,2.2370,335.18,407.63,2.0205,1410,-17.77,False,False
32,29.6,256,1024,4096,1200,1200,2.0612,337.97,407.63,2.0205,1410,-17.09,False,False
32,29.6,256,1024,4096,1200,1305,1.9662,333.95,407.63,2.0205,1410,-18.07,False,False
32,29.6,256,1024,4096,1200,1410,1.9839,354.19,407.63,2.0205,1410,-13.11,False,False
32,29.6,256,1024,4096,1305,300,3.9024,515.68,407.63,2.0205,1410,+26.51,False,False
32,29.6,256,1024,4096,1305,510,3.6120,488.34,407.63,2.0205,1410,+19.80,False,False
32,29.6,256,1024,4096,1305,705,3.1925,449.33,407.63,2.0205,1410,+10.23,False,False
32,29.6,256,1024,4096,1305,900,2.6220,394.91,407.63,2.0205,1410,-3.12,False,False
32,29.6,256,1024,4096,1305,1050,2.2370,352.72,407.63,2.0205,1410,-13.47,False,False
32,29.6,256,1024,4096,1305,1200,2.0612,354.53,407.63,2.0205,1410,-13.03,False,False
32,29.6,256,1024,4096,1305,1305,1.9662,349.99,407.63,2.0205,1410,-14.14,False,False
32,29.6,256,1024,4096,1305,1410,1.9839,370.32,407.63,2.0205,1410,-9.15,False,False
32,29.6,256,1024,4096,1410,300,3.9024,551.17,407.63,2.0205,1410,+35.21,False,False
32,29.6,256,1024,4096,1410,510,3.6120,522.23,407.63,2.0205,1410,+28.11,False,False
32,29.6,256,1024,4096,1410,705,3.1925,480.89,407.63,2.0205,1410,+17.97,False,False
32,29.6,256,1024,4096,1410,900,2.6220,423.32,407.63,2.0205,1410,+3.85,False,False
32,29.6,256,1024,4096,1410,1050,2.2370,379.00,407.63,2.0205,1410,-7.02,False,False
32,29.6,256,1024,4096,1410,1200,2.0612,379.85,407.63,2.0205,1410,-6.82,False,False
32,29.6,256,1024,4096,1410,1305,1.9662,374.78,407.63,2.0205,1410,-8.06,False,False
32,29.6,256,1024,4096,1410,1410,1.9839,395.20,407.63,2.0205,1410,-3.05,False,False
32,29.6,256,1024,8192,300,300,3.9024,555.08,591.33,2.0082,1410,-6.13,False,False
32,29.6,256,1024,8192,300,510,3.6120,532.06,591.33,2.0082,1410,-10.02,False,False
32,29.6,256,1024,8192,300,705,3.4487,513.96,591.33,2.0082,1410,-13.08,False,False
32,29.6,256,1024,8192,300,900,3.4487,501.18,591.33,2.0082,1410,-15.24,False,False
32,29.6,256,1024,8192,300,1050,3.3581,483.13,591.33,2.0082,1410,-18.30,False,False
32,29.6,256,1024,8192,300,1200,3.2878,495.30,591.33,2.0082,1410,-16.24,False,False
32,29.6,256,1024,8192,300,1305,3.2498,498.60,591.33,2.0082,1410,-15.68,False,False
32,29.6,256,1024,8192,300,1410,3.2569,520.96,591.33,2.0082,1410,-11.90,False,False
32,29.6,256,1024,8192,510,300,3.9024,552.08,591.33,2.0082,1410,-6.64,False,False
32,29.6,256,1024,8192,510,510,3.6120,528.82,591.33,2.0082,1410,-10.57,False,False
32,29.6,256,1024,8192,510,705,3.1925,495.68,591.33,2.0082,1410,-16.18,False,False
32,29.6,256,1024,8192,510,900,2.6220,449.25,591.33,2.0082,1410,-24.03,False,False
32,29.6,256,1024,8192,510,1050,2.2370,412.46,591.33,2.0082,1410,-30.25,True,False
32,29.6,256,1024,8192,510,1200,2.0612,416.74,591.33,2.0082,1410,-29.52,False,False
32,29.6,256,1024,8192,510,1305,2.0608,419.53,591.33,2.0082,1410,-29.05,False,False
32,29.6,256,1024,8192,510,1410,2.0608,438.67,591.33,2.0082,1410,-25.82,False,False
32,29.6,256,1024,8192,705,300,3.9024,555.00,591.33,2.0082,1410,-6.14,False,False
32,29.6,256,1024,8192,705,510,3.6120,531.37,591.33,2.0082,1410,-10.14,False,False
32,29.6,256,1024,8192,705,705,3.1925,497.71,591.33,2.0082,1410,-15.83,False,False
32,29.6,256,1024,8192,705,900,2.6220,450.58,591.33,2.0082,1410,-23.80,False,False
32,29.6,256,1024,8192,705,1050,2.2370,413.30,591.33,2.0082,1410,-30.11,False,False
32,29.6,256,1024,8192,705,1200,2.0612,417.36,591.33,2.0082,1410,-29.42,False,False
32,29.6,256,1024,8192,705,1305,1.9662,414.03,591.33,2.0082,1410,-29.98,False,False
32,29.6,256,1024,8192,705,1410,1.9839,434.13,591.33,2.0082,1410,-26.58,False,False
32,29.6,256,1024,8192,900,300,3.9024,560.74,591.33,2.0082,1410,-5.17,False,False
32,29.6,256,1024,8192,900,510,3.6120,536.70,591.33,2.0082,1410,-9.24,False,False
32,29.6,256,1024,8192,900,705,3.1925,502.46,591.33,2.0082,1410,-15.03,False,False
32,29.6,256,1024,8192,900,900,2.6220,454.52,591.33,2.0082,1410,-23.13,False,False
32,29.6,256,1024,8192,900,1050,2.2370,416.71,591.33,2.0082,1410,-29.53,False,True
32,29.6,256,1024,8192,900,1200,2.0612,420.53,591.33,2.0082,1410,-28.88,False,False
32,29.6,256,1024,8192,900,1305,1.9662,417.06,591.33,2.0082,1410,-29.47,False,False
32,29.6,256,1024,8192,900,1410,1.9839,437.19,591.33,2.0082,1410,-26.07,False,False
32,29.6,256,1024,8192,1050,300,3.9024,573.35,591.33,2.0082,1410,-3.04,False,False
32,29.6,256,1024,8192,1050,510,3.6120,548.46,591.33,2.0082,1410,-7.25,False,False
32,29.6,256,1024,8192,1050,705,3.1925,512.99,591.33,2.0082,1410,-13.25,False,False
32,29.6,256,1024,8192,1050,900,2.6220,463.39,591.33,2.0082,1410,-21.63,False,False
32,29.6,256,1024,8192,1050,1050,2.2370,424.46,591.33,2.0082,1410,-28.22,False,False
32,29.6,256,1024,8192,1050,1200,2.0612,427.76,591.33,2.0082,1410,-27.66,False,False
32,29.6,256,1024,8192,1050,1305,1.9662,424.02,591.33,2.0082,1410,-28.29,False,False
32,29.6,256,1024,8192,1050,1410,1.9839,444.20,591.33,2.0082,1410,-24.88,False,False
32,29.6,256,1024,8192,1200,300,3.9024,616.46,591.33,2.0082,1410,+4.25,False,False
32,29.6,256,1024,8192,1200,510,3.6120,590.72,591.33,2.0082,1410,-0.10,False,False
32,29.6,256,1024,8192,1200,705,3.1925,554.03,591.33,2.0082,1410,-6.31,False,False
32,29.6,256,1024,8192,1200,900,2.6220,502.76,591.33,2.0082,1410,-14.98,False,False
32,29.6,256,1024,8192,1200,1050,2.2370,462.70,591.33,2.0082,1410,-21.75,False,False
32,29.6,256,1024,8192,1200,1200,2.0612,465.49,591.33,2.0082,1410,-21.28,False,False
32,29.6,256,1024,8192,1200,1305,1.9662,461.47,591.33,2.0082,1410,-21.96,False,False
32,29.6,256,1024,8192,1200,1410,1.9839,481.70,591.33,2.0082,1410,-18.54,False,False
32,29.6,256,2048,4096,300,300,3.9024,482.56,473.86,1.9996,1410,+1.84,False,False
32,29.6,256,2048,4096,300,510,3.6120,459.55,473.86,1.9996,1410,-3.02,False,False
32,29.6,256,2048,4096,300,705,3.1925,426.78,473.86,1.9996,1410,-9.94,False,False
32,29.6,256,2048,4096,300,900,2.6220,380.85,473.86,1.9996,1410,-19.63,False,False
32,29.6,256,2048,4096,300,1050,2.2370,344.39,473.86,1.9996,1410,-27.32,False,False
32,29.6,256,2048,4096,300,1200,2.0612,348.82,473.86,1.9996,1410,-26.39,False,False
32,29.6,256,2048,4096,300,1305,1.9662,345.69,473.86,1.9996,1410,-27.05,False,False
32,29.6,256,2048,4096,300,1410,1.9839,365.76,473.86,1.9996,1410,-22.81,False,False
32,29.6,256,2048,4096,510,300,3.9024,482.24,473.86,1.9996,1410,+1.77,False,False
32,29.6,256,2048,4096,510,510,3.6120,458.97,473.86,1.9996,1410,-3.14,False,False
32,29.6,256,2048,4096,510,705,3.1925,425.83,473.86,1.9996,1410,-10.13,False,False
32,29.6,256,2048,4096,510,900,2.6220,379.41,473.86,1.9996,1410,-19.93,False,False
32,29.6,256,2048,4096,510,1050,2.2370,342.61,473.86,1.9996,1410,-27.70,True,False
32,29.6,256,2048,4096,510,1200,2.0612,346.89,473.86,1.9996,1410,-26.79,False,False
32,29.6,256,2048,4096,510,1305,1.9662,343.68,473.86,1.9996,1410,-27.47,False,False
32,29.6,256,2048,4096,510,1410,1.9839,363.76,473.86,1.9996,1410,-23.23,False,False
32,29.6,256,2048,4096,705,300,3.9024,485.98,473.86,1.9996,1410,+2.56,False,False
32,29.6,256,2048,4096,705,510,3.6120,462.35,473.86,1.9996,1410,-2.43,False,False
32,29.6,256,2048,4096,705,705,3.1925,428.69,473.86,1.9996,1410,-9.53,False,False
32,29.6,256,2048,4096,705,900,2.6220,381.55,473.86,1.9996,1410,-19.48,False,False
32,29.6,256,2048,4096,705,1050,2.2370,344.27,473.86,1.9996,1410,-27.35,False,False
32,29.6,256,2048,4096,705,1200,2.0612,348.33,473.86,1.9996,1410,-26.49,False,False
32,29.6,256,2048,4096,705,1305,1.9662,345.00,473.86,1.9996,1410,-27.19,False,False
32,29.6,256,2048,4096,705,1410,1.9839,365.11,473.86,1.9996,1410,-22.95,False,False
32,29.6,256,2048,4096,900,300,3.9024,491.37,473.86,1.9996,1410,+3.69,False,False
32,29.6,256,2048,4096,900,510,3.6120,467.33,473.86,1.9996,1410,-1.38,False,False
32,29.6,256,2048,4096,900,705,3.1925,433.09,473.86,1.9996,1410,-8.60,False,False
32,29.6,256,2048,4096,900,900,2.6220,385.15,473.86,1.9996,1410,-18.72,False,False
32,29.6,256,2048,4096,900,1050,2.2370,347.34,473.86,1.9996,1410,-26.70,False,True
32,29.6,256,2048,4096,900,1200,2.0612,351.16,473.86,1.9996,1410,-25.89,False,False
32,29.6,256,2048,4096,900,1305,1.9662,347.69,473.86,1.9996,1410,-26.63,False,False
32,29.6,256,2048,4096,900,1410,1.9839,367.82,473.86,1.9996,1410,-22.38,False,False
32,29.6,256,2048,4096,1050,300,3.9024,503.22,473.86,1.9996,1410,+6.20,False,False
32,29.6,256,2048,4096,1050,510,3.6120,478.34,473.86,1.9996,1410,+0.95,False,False
32,29.6,256,2048,4096,1050,705,3.1925,442.87,473.86,1.9996,1410,-6.54,False,False
32,29.6,256,2048,4096,1050,900,2.6220,393.27,473.86,1.9996,1410,-17.01,False,False
32,29.6,256,2048,4096,1050,1050,2.2370,354.33,473.86,1.9996,1410,-25.22,False,False
32,29.6,256,2048,4096,1050,1200,2.0612,357.64,473.86,1.9996,1410,-24.53,False,False
32,29.6,256,2048,4096,1050,1305,1.9662,353.89,473.86,1.9996,1410,-25.32,False,False
32,29.6,256,2048,4096,1050,1410,1.9839,374.07,473.86,1.9996,1410,-21.06,False,False
32,29.6,256,2048,4096,1200,300,3.9024,530.23,473.86,1.9996,1410,+11.90,False,False
32,29.6,256,2048,4096,1200,510,3.6120,504.50,473.86,1.9996,1410,+6.47,False,False
32,29.6,256,2048,4096,1200,705,3.1925,467.80,473.86,1.9996,1410,-1.28,False,False
32,29.6,256,2048,4096,1200,900,2.6220,416.54,473.86,1.9996,1410,-12.10,False,False
32,29.6,256,2048,4096,1200,1050,2.2370,376.47,473.86,1.9996,1410,-20.55,False,False
32,29.6,256,2048,4096,1200,1200,2.0612,379.26,473.86,1.9996,1410,-19.96,False,False
32,29.6,256,2048,4096,1200,1305,1.9662,375.24,473.86,1.9996,1410,-20.81,False,False
32,29.6,256,2048,4096,1200,1410,1.9839,395.47,473.86,1.9996,1410,-16.54,False,False
32,29.6,256,2048,4096,1305,300,3.9024,564.02,473.86,1.9996,1410,+19.03,False,False
32,29.6,256,2048,4096,1305,510,3.6120,536.68,473.86,1.9996,1410,+13.26,False,False
32,29.6,256,2048,4096,1305,705,3.1925,497.67,473.86,1.9996,1410,+5.02,False,False
32,29.6,256,2048,4096,1305,900,2.6220,443.25,473.86,1.9996,1410,-6.46,False,False
32,29.6,256,2048,4096,1305,1050,2.2370,401.06,473.86,1.9996,1410,-15.36,False,False
32,29.6,256,2048,4096,1305,1200,2.0612,402.87,473.86,1.9996,1410,-14.98,False,False
32,29.6,256,2048,4096,1305,1305,1.9662,398.33,473.86,1.9996,1410,-15.94,False,False
32,29.6,256,2048,4096,1305,1410,1.9839,418.66,473.86,1.9996,1410,-11.65,False,False
32,29.6,256,2048,8192,300,300,6.2284,813.17,875.13,2.2951,1395,-7.08,False,False
32,29.6,256,2048,8192,300,510,6.1123,800.89,875.13,2.2951,1395,-8.48,False,False
32,29.6,256,2048,8192,300,705,5.9445,783.84,875.13,2.2951,1395,-10.43,False,False
32,29.6,256,2048,8192,300,900,5.7163,759.33,875.13,2.2951,1395,-13.23,False,False
32,29.6,256,2048,8192,300,1050,5.5622,740.32,875.13,2.2951,1395,-15.40,False,False
32,29.6,256,2048,8192,300,1200,5.4920,755.20,875.13,2.2951,1395,-13.70,False,False
32,29.6,256,2048,8192,300,1305,5.4540,763.63,875.13,2.2951,1395,-12.74,False,False
32,29.6,256,2048,8192,300,1410,5.4610,791.12,875.13,2.2951,1395,-9.60,False,False
32,29.6,256,2048,8192,510,300,3.9024,674.92,875.13,2.2951,1395,-22.88,False,False
32,29.6,256,2048,8192,510,510,3.8706,666.55,875.13,2.2951,1395,-23.83,False,False
32,29.6,256,2048,8192,510,705,3.8706,657.94,875.13,2.2951,1395,-24.82,False,False
32,29.6,256,2048,8192,510,900,3.8135,642.05,875.13,2.2951,1395,-26.63,False,False
32,29.6,256,2048,8192,510,1050,3.6595,620.57,875.13,2.2951,1395,-29.09,False,False
32,29.6,256,2048,8192,510,1200,3.5892,633.05,875.13,2.2951,1395,-27.66,False,False
32,29.6,256,2048,8192,510,1305,3.5512,637.02,875.13,2.2951,1395,-27.21,False,False
32,29.6,256,2048,8192,510,1410,3.5583,660.09,875.13,2.2951,1395,-24.57,False,False
32,29.6,256,2048,8192,705,300,3.9024,676.71,875.13,2.2951,1395,-22.67,False,False
32,29.6,256,2048,8192,705,510,3.6120,653.08,875.13,2.2951,1395,-25.37,False,False
32,29.6,256,2048,8192,705,705,3.1925,619.42,875.13,2.2951,1395,-29.22,False,False
32,29.6,256,2048,8192,705,900,2.8154,583.88,875.13,2.2951,1395,-33.28,False,False
32,29.6,256,2048,8192,705,1050,2.8154,570.40,875.13,2.2951,1395,-34.82,False,False
32,29.6,256,2048,8192,705,1200,2.8154,586.14,875.13,2.2951,1395,-33.02,False,False
32,29.6,256,2048,8192,705,1305,2.7975,589.56,875.13,2.2951,1395,-32.63,False,False
32,29.6,256,2048,8192,705,1410,2.8046,610.89,875.13,2.2951,1395,-30.19,False,False
32,29.6,256,2048,8192,900,300,3.9024,683.68,875.13,2.2951,1395,-21.88,False,False
32,29.6,256,2048,8192,900,510,3.6120,659.65,875.13,2.2951,1395,-24.62,False,False
32,29.6,256,2048,8192,900,705,3.1925,625.40,875.13,2.2951,1395,-28.54,False,False
32,29.6,256,2048,8192,900,900,2.6220,577.47,875.13,2.2951,1395,-34.01,False,False
32,29.6,256,2048,8192,900,1050,2.2370,539.66,875.13,2.2951,1395,-38.33,True,True
32,29.6,256,2048,8192,900,1200,2.2171,553.42,875.13,2.2951,1395,-36.76,False,False
32,29.6,256,2048,8192,900,1305,2.2171,556.60,875.13,2.2951,1395,-36.40,False,False
32,29.6,256,2048,8192,900,1410,2.2171,576.10,875.13,2.2951,1395,-34.17,False,False
32,29.6,256,2048,8192,1050,300,3.9024,697.46,875.13,2.2951,1395,-20.30,False,False
32,29.6,256,2048,8192,1050,510,3.6120,672.58,875.13,2.2951,1395,-23.15,False,False
32,29.6,256,2048,8192,1050,705,3.1925,637.11,875.13,2.2951,1395,-27.20,False,False
32,29.6,256,2048,8192,1050,900,2.6220,587.51,875.13,2.2951,1395,-32.87,False,False
32,29.6,256,2048,8192,1050,1050,2.2370,548.57,875.13,2.2951,1395,-37.32,False,False
32,29.6,256,2048,8192,1050,1200,2.0612,551.88,875.13,2.2951,1395,-36.94,False,False
32,29.6,256,2048,8192,1050,1305,1.9662,548.13,875.13,2.2951,1395,-37.37,False,False
32,29.6,256,2048,8192,1050,1410,1.9839,568.31,875.13,2.2951,1395,-35.06,False,False
32,29.6,256,2048,8192,1200,300,3.9024,772.67,875.13,2.2951,1395,-11.71,False,False
32,29.6,256,2048,8192,1200,510,3.6120,746.94,875.13,2.2951,1395,-14.65,False,False
32,29.6,256,2048,8192,1200,705,3.1925,710.25,875.13,2.2951,1395,-18.84,False,False
32,29.6,256,2048,8192,1200,900,2.6220,658.98,875.13,2.2951,1395,-24.70,False,False
32,29.6,256,2048,8192,1200,1050,2.2370,618.92,875.13,2.2951,1395,-29.28,False,False
32,29.6,256,2048,8192,1200,1200,2.0612,621.71,875.13,2.2951,1395,-28.96,False,False
32,29.6,256,2048,8192,1200,1305,1.9662,617.69,875.13,2.2951,1395,-29.42,False,False
32,29.6,256,2048,8192,1200,1410,1.9839,637.92,875.13,2.2951,1395,-27.11,False,False
32,29.6,256,4096,4096,300,300,3.9024,550.11,602.18,2.0049,1410,-8.65,False,False
32,29.6,256,4096,4096,300,510,3.6120,527.09,602.18,2.0049,1410,-12.47,False,False
32,29.6,256,4096,4096,300,705,3.3848,505.33,602.18,2.0049,1410,-16.08,False,False
32,29.6,256,4096,4096,300,900,3.3848,492.52,602.18,2.0049,1410,-18.21,False,False
32,29.6,256,4096,4096,300,1050,3.3125,475.47,602.18,2.0049,1410,-21.04,False,False
32,29.6,256,4096,4096,300,1200,3.2422,487.58,602.18,2.0049,1410,-19.03,False,False
32,29.6,256,4096,4096,300,1305,3.2042,490.77,602.18,2.0049,1410,-18.50,False,False
32,29.6,256,4096,4096,300,1410,3.2113,513.03,602.18,2.0049,1410,-14.80,False,False
32,29.6,256,4096,4096,510,300,3.9024,547.45,602.18,2.0049,1410,-9.09,False,False
32,29.6,256,4096,4096,510,510,3.6120,524.18,602.18,2.0049,1410,-12.95,False,False
32,29.6,256,4096,4096,510,705,3.1925,491.05,602.18,2.0049,1410,-18.46,False,False
32,29.6,256,4096,4096,510,900,2.6220,444.62,602.18,2.0049,1410,-26.16,False,False
32,29.6,256,4096,4096,510,1050,2.2370,407.83,602.18,2.0049,1410,-32.28,True,False
32,29.6,256,4096,4096,510,1200,2.0612,412.11,602.18,2.0049,1410,-31.56,False,False
32,29.6,256,4096,4096,510,1305,2.0179,412.17,602.18,2.0049,1410,-31.55,False,False
32,29.6,256,4096,4096,510,1410,2.0179,431.21,602.18,2.0049,1410,-28.39,False,False
32,29.6,256,4096,4096,705,300,3.9024,550.85,602.18,2.0049,1410,-8.52,False,False
32,29.6,256,4096,4096,705,510,3.6120,527.22,602.18,2.0049,1410,-12.45,False,False
32,29.6,256,4096,4096,705,705,3.1925,493.56,602.18,2.0049,1410,-18.04,False,False
32,29.6,256,4096,4096,705,900,2.6220,446.42,602.18,2.0049,1410,-25.87,False,False
32,29.6,256,4096,4096,705,1050,2.2370,409.15,602.18,2.0049,1410,-32.06,False,False
32,29.6,256,4096,4096,705,1200,2.0612,413.21,602.18,2.0049,1410,-31.38,False,False
32,29.6,256,4096,4096,705,1305,1.9662,409.88,602.18,2.0049,1410,-31.93,False,False
32,29.6,256,4096,4096,705,1410,1.9839,429.98,602.18,2.0049,1410,-28.60,False,False
32,29.6,256,4096,4096,900,300,3.9024,556.77,602.18,2.0049,1410,-7.54,False,False
32,29.6,256,4096,4096,900,510,3.6120,532.74,602.18,2.0049,1410,-11.53,False,False
32,29.6,256,4096,4096,900,705,3.1925,498.49,602.18,2.0049,1410,-17.22,False,False
32,29.6,256,4096,4096,900,900,2.6220,450.56,602.18,2.0049,1410,-25.18,False,False
32,29.6,256,4096,4096,900,1050,2.2370,412.75,602.18,2.0049,1410,-31.46,False,True
32,29.6,256,4096,4096,900,1200,2.0612,416.57,602.18,2.0049,1410,-30.82,False,False
32,29.6,256,4096,4096,900,1305,1.9662,413.10,602.18,2.0049,1410,-31.40,False,False
32,29.6,256,4096,4096,900,1410,1.9839,433.23,602.18,2.0049,1410,-28.06,False,False
32,29.6,256,4096,4096,1050,300,3.9024,569.21,602.18,2.0049,1410,-5.48,False,False
32,29.6,256,4096,4096,1050,510,3.6120,544.32,602.18,2.0049,1410,-9.61,False,False
32,29.6,256,4096,4096,1050,705,3.1925,508.85,602.18,2.0049,1410,-15.50,False,False
32,29.6,256,4096,4096,1050,900,2.6220,459.25,602.18,2.0049,1410,-23.74,False,False
32,29.6,256,4096,4096,1050,1050,2.2370,420.32,602.18,2.0049,1410,-30.20,False,False
32,29.6,256,4096,4096,1050,1200,2.0612,423.62,602.18,2.0049,1410,-29.65,False,False
32,29.6,256,4096,4096,1050,1305,1.9662,419.88,602.18,2.0049,1410,-30.27,False,False
32,29.6,256,4096,4096,1050,1410,1.9839,440.06,602.18,2.0049,1410,-26.92,False,False
32,29.6,256,4096,4096,1200,300,3.9024,613.33,602.18,2.0049,1410,+1.85,False,False
32,29.6,256,4096,4096,1200,510,3.6120,587.60,602.18,2.0049,1410,-2.42,False,False
32,29.6,256,4096,4096,1200,705,3.1925,550.90,602.18,2.0049,1410,-8.52,False,False
32,29.6,256,4096,4096,1200,900,2.6220,499.64,602.18,2.0049,1410,-17.03,False,False
32,29.6,256,4096,4096,1200,1050,2.2370,459.57,602.18,2.0049,1410,-23.68,False,False
32,29.6,256,4096,4096,1200,1200,2.0612,462.36,602.18,2.0049,1410,-23.22,False,False
32,29.6,256,4096,4096,1200,1305,1.9662,458.35,602.18,2.0049,1410,-23.89,False,False
32,29.6,256,4096,4096,1200,1410,1.9839,478.58,602.18,2.0049,1410,-20.53,False,False
32,29.6,256,8192,8192,300,300,19.2281,2356.52,2212.40,5.5329,1230,+6.51,False,False
32,29.6,256,8192,8192,300,510,19.1059,2348.65,2212.40,5.5329,1230,+6.16,False,False
32,29.6,256,8192,8192,300,705,18.9292,2337.93,2212.40,5.5329,1230,+5.67,False,False
32,29.6,256,8192,8192,300,900,18.6890,2320.34,2212.40,5.5329,1230,+4.88,False,False
32,29.6,256,8192,8192,300,1050,18.5269,2316.81,2212.40,5.5329,1230,+4.72,False,False
32,29.6,256,8192,8192,300,1200,18.4529,2347.42,2212.40,5.5329,1230,+6.10,False,False
32,29.6,256,8192,8192,300,1305,18.4129,2385.89,2212.40,5.5329,1230,+7.84,False,False
32,29.6,256,8192,8192,300,1410,18.4204,2443.58,2212.40,5.5329,1230,+10.45,False,False
32,29.6,256,8192,8192,510,300,12.0109,1921.23,2212.40,5.5329,1230,-13.16,False,False
32,29.6,256,8192,8192,510,510,11.8886,1910.62,2212.40,5.5329,1230,-13.64,False,False
32,29.6,256,8192,8192,510,705,11.7120,1895.95,2212.40,5.5329,1230,-14.30,False,False
32,29.6,256,8192,8192,510,900,11.4718,1873.91,2212.40,5.5329,1230,-15.30,False,False
32,29.6,256,8192,8192,510,1050,11.3096,1861.37,2212.40,5.5329,1230,-15.87,False,False
32,29.6,256,8192,8192,510,1200,11.2357,1883.03,2212.40,5.5329,1230,-14.89,False,False
32,29.6,256,8192,8192,510,1305,11.1957,1904.67,2212.40,5.5329,1230,-13.91,False,False
32,29.6,256,8192,8192,510,1410,11.2031,1945.56,2212.40,5.5329,1230,-12.06,False,False
32,29.6,256,8192,8192,705,300,9.1580,1762.29,2212.40,5.5329,1230,-20.34,False,False
32,29.6,256,8192,8192,705,510,9.0358,1750.48,2212.40,5.5329,1230,-20.88,False,False
32,29.6,256,8192,8192,705,705,8.8591,1734.09,2212.40,5.5329,1230,-21.62,False,False
32,29.6,256,8192,8192,705,900,8.6189,1710.09,2212.40,5.5329,1230,-22.70,False,False
32,29.6,256,8192,8192,705,1050,8.4568,1693.83,2212.40,5.5329,1230,-23.44,False,False
32,29.6,256,8192,8192,705,1200,8.3828,1711.89,2212.40,5.5329,1230,-22.62,False,False
32,29.6,256,8192,8192,705,1305,8.3428,1726.83,2212.40,5.5329,1230,-21.95,False,False
32,29.6,256,8192,8192,705,1410,8.3503,1761.09,2212.40,5.5329,1230,-20.40,False,False
32,29.6,256,8192,8192,900,300,7.5399,1681.36,2212.40,5.5329,1230,-24.00,False,False
32,29.6,256,8192,8192,900,510,7.4176,1668.79,2212.40,5.5329,1230,-24.57,False,False
32,29.6,256,8192,8192,900,705,7.2410,1651.30,2212.40,5.5329,1230,-25.36,False,False
32,29.6,256,8192,8192,900,900,7.0007,1626.01,2212.40,5.5329,1230,-26.50,False,False
32,29.6,256,8192,8192,900,1050,6.8386,1607.53,2212.40,5.5329,1230,-27.34,False,True
32,29.6,256,8192,8192,900,1200,6.7646,1623.50,2212.40,5.5329,1230,-26.62,False,False
32,29.6,256,8192,8192,900,1305,6.7246,1634.63,2212.40,5.5329,1230,-26.12,False,False
32,29.6,256,8192,8192,900,1410,6.7321,1665.13,2212.40,5.5329,1230,-24.74,False,False
32,29.6,256,8192,8192,1050,300,6.7164,1671.13,2212.40,5.5329,1230,-24.47,False,False
32,29.6,256,8192,8192,1050,510,6.5941,1657.90,2212.40,5.5329,1230,-25.06,False,False
32,29.6,256,8192,8192,1050,705,6.4175,1639.46,2212.40,5.5329,1230,-25.90,False,False
32,29.6,256,8192,8192,1050,900,6.1773,1612.99,2212.40,5.5329,1230,-27.09,False,False
32,29.6,256,8192,8192,1050,1050,6.0151,1593.03,2212.40,5.5329,1230,-28.00,True,False
32,29.6,256,8192,8192,1050,1200,5.9412,1607.77,2212.40,5.5329,1230,-27.33,False,False
32,29.6,256,8192,8192,1050,1305,5.9012,1616.85,2212.40,5.5329,1230,-26.92,False,False
32,29.6,256,8192,8192,1050,1410,5.9086,1645.46,2212.40,5.5329,1230,-25.63,False,False
32,29.6,256,8192,8192,1200,300,6.0920,1906.39,2212.40,5.5329,1230,-13.83,False,False
32,29.6,256,8192,8192,1200,510,5.9697,1892.57,2212.40,5.5329,1230,-14.46,False,False
32,29.6,256,8192,8192,1200,705,5.7931,1873.30,2212.40,5.5329,1230,-15.33,False,False
32,29.6,256,8192,8192,1200,900,5.5529,1845.75,2212.40,5.5329,1230,-16.57,False,False
32,29.6,256,8192,8192,1200,1050,5.3907,1824.55,2212.40,5.5329,1230,-17.53,False,False
32,29.6,256,8192,8192,1200,1200,5.3168,1838.30,2212.40,5.5329,1230,-16.91,False,False
32,29.6,256,8192,8192,1200,1305,5.2768,1845.82,2212.40,5.5329,1230,-16.57,False,False
32,29.6,256,8192,8192,1200,1410,5.2842,1873.00,2212.40,5.5329,1230,-15.34,False,False
32,29.6,512,1024,4096,300,300,7.6163,840.60,732.39,3.8219,1410,+14.78,False,False
32,29.6,512,1024,4096,300,510,7.0609,795.44,732.39,3.8219,1410,+8.61,False,False
32,29.6,512,1024,4096,300,705,6.2958,735.17,732.39,3.8219,1410,+0.38,False,False
32,29.6,512,1024,4096,300,900,5.1178,641.07,732.39,3.8219,1410,-12.47,False,False
32,29.6,512,1024,4096,300,1050,4.3687,570.51,732.39,3.8219,1410,-22.10,False,False
32,29.6,512,1024,4096,300,1200,3.9336,570.28,732.39,3.8219,1410,-22.13,False,False
32,29.6,512,1024,4096,300,1305,3.7957,569.61,732.39,3.8219,1410,-22.23,True,False
32,29.6,512,1024,4096,300,1410,3.7219,600.48,732.39,3.8219,1410,-18.01,False,False
32,29.6,512,1024,4096,510,300,7.6163,844.64,732.39,3.8219,1410,+15.33,False,False
32,29.6,512,1024,4096,510,510,7.0609,798.99,732.39,3.8219,1410,+9.09,False,False
32,29.6,512,1024,4096,510,705,6.2958,738.06,732.39,3.8219,1410,+0.77,False,False
32,29.6,512,1024,4096,510,900,5.1178,642.93,732.39,3.8219,1410,-12.21,False,False
32,29.6,512,1024,4096,510,1050,4.3687,571.72,732.39,3.8219,1410,-21.94,False,False
32,29.6,512,1024,4096,510,1200,3.9336,571.11,732.39,3.8219,1410,-22.02,False,False
32,29.6,512,1024,4096,510,1305,3.7957,570.32,732.39,3.8219,1410,-22.13,False,False
32,29.6,512,1024,4096,510,1410,3.7219,601.13,732.39,3.8219,1410,-17.92,False,False
32,29.6,512,1024,4096,705,300,7.6163,853.26,732.39,3.8219,1410,+16.50,False,False
32,29.6,512,1024,4096,705,510,7.0609,806.92,732.39,3.8219,1410,+10.18,False,False
32,29.6,512,1024,4096,705,705,6.2958,745.03,732.39,3.8219,1410,+1.73,False,False
32,29.6,512,1024,4096,705,900,5.1178,648.43,732.39,3.8219,1410,-11.46,False,False
32,29.6,512,1024,4096,705,1050,4.3687,576.29,732.39,3.8219,1410,-21.31,False,False
32,29.6,512,1024,4096,705,1200,3.9336,575.13,732.39,3.8219,1410,-21.47,False,False
32,29.6,512,1024,4096,705,1305,3.7957,574.18,732.39,3.8219,1410,-21.60,False,False
32,29.6,512,1024,4096,705,1410,3.7219,604.89,732.39,3.8219,1410,-17.41,False,False
32,29.6,512,1024,4096,900,300,7.6163,863.57,732.39,3.8219,1410,+17.91,False,False
32,29.6,512,1024,4096,900,510,7.0609,816.45,732.39,3.8219,1410,+11.48,False,False
32,29.6,512,1024,4096,900,705,6.2958,753.50,732.39,3.8219,1410,+2.88,False,False
32,29.6,512,1024,4096,900,900,5.1178,655.26,732.39,3.8219,1410,-10.53,False,False
32,29.6,512,1024,4096,900,1050,4.3687,582.07,732.39,3.8219,1410,-20.52,False,True
32,29.6,512,1024,4096,900,1200,3.9336,580.31,732.39,3.8219,1410,-20.76,False,False
32,29.6,512,1024,4096,900,1305,3.7957,579.16,732.39,3.8219,1410,-20.92,False,False
32,29.6,512,1024,4096,900,1410,3.7219,609.77,732.39,3.8219,1410,-16.74,False,False
32,29.6,512,1024,4096,1050,300,7.6163,885.70,732.39,3.8219,1410,+20.93,False,False
32,29.6,512,1024,4096,1050,510,7.0609,836.96,732.39,3.8219,1410,+14.28,False,False
32,29.6,512,1024,4096,1050,705,6.2958,771.77,732.39,3.8219,1410,+5.38,False,False
32,29.6,512,1024,4096,1050,900,5.1178,670.09,732.39,3.8219,1410,-8.51,False,False
32,29.6,512,1024,4096,1050,1050,4.3687,594.71,732.39,3.8219,1410,-18.80,False,False
32,29.6,512,1024,4096,1050,1200,3.9336,591.68,732.39,3.8219,1410,-19.21,False,False
32,29.6,512,1024,4096,1050,1305,3.7957,590.13,732.39,3.8219,1410,-19.42,False,False
32,29.6,512,1024,4096,1050,1410,3.7219,620.53,732.39,3.8219,1410,-15.27,False,False
32,29.6,512,1024,4096,1200,300,7.6163,915.37,732.39,3.8219,1410,+24.98,False,False
32,29.6,512,1024,4096,1200,510,7.0609,865.01,732.39,3.8219,1410,+18.11,False,False
32,29.6,512,1024,4096,1200,705,6.2958,797.58,732.39,3.8219,1410,+8.90,False,False
32,29.6,512,1024,4096,1200,900,5.1178,692.46,732.39,3.8219,1410,-5.45,False,False
32,29.6,512,1024,4096,1200,1050,4.3687,614.90,732.39,3.8219,1410,-16.04,False,False
32,29.6,512,1024,4096,1200,1200,3.9336,610.59,732.39,3.8219,1410,-16.63,False,False
32,29.6,512,1024,4096,1200,1305,3.7957,608.64,732.39,3.8219,1410,-16.90,False,False
32,29.6,512,1024,4096,1200,1410,3.7219,638.82,732.39,3.8219,1410,-12.78,False,False
32,29.6,512,1024,4096,1305,300,7.6163,962.64,732.39,3.8219,1410,+31.44,False,False
32,29.6,512,1024,4096,1305,510,7.0609,909.21,732.39,3.8219,1410,+24.14,False,False
32,29.6,512,1024,4096,1305,705,6.2958,837.56,732.39,3.8219,1410,+14.36,False,False
32,29.6,512,1024,4096,1305,900,5.1178,725.92,732.39,3.8219,1410,-0.88,False,False
32,29.6,512,1024,4096,1305,1050,4.3687,644.21,732.39,3.8219,1410,-12.04,False,False
32,29.6,512,1024,4096,1305,1200,3.9336,637.51,732.39,3.8219,1410,-12.96,False,False
32,29.6,512,1024,4096,1305,1305,3.7957,634.79,732.39,3.8219,1410,-13.33,False,False
32,29.6,512,1024,4096,1305,1410,3.7219,664.56,732.39,3.8219,1410,-9.26,False,False
32,29.6,512,1024,4096,1410,300,7.6163,1018.66,732.39,3.8219,1410,+39.09,False,False
32,29.6,512,1024,4096,1410,510,7.0609,962.16,732.39,3.8219,1410,+31.37,False,False
32,29.6,512,1024,4096,1410,705,6.2958,886.28,732.39,3.8219,1410,+21.01,False,False
32,29.6,512,1024,4096,1410,900,5.1178,768.13,732.39,3.8219,1410,+4.88,False,False
32,29.6,512,1024,4096,1410,1050,4.3687,682.28,732.39,3.8219,1410,-6.84,False,False
32,29.6,512,1024,4096,1410,1200,3.9336,673.17,732.39,3.8219,1410,-8.09,False,False
32,29.6,512,1024,4096,1410,1305,3.7957,669.69,732.39,3.8219,1410,-8.56,False,False
32,29.6,512,1024,4096,1410,1410,3.7219,699.05,732.39,3.8219,1410,-4.55,False,False
32,29.6,512,1024,8192,300,300,7.6163,946.76,905.38,3.7910,1410,+4.57,False,False
32,29.6,512,1024,8192,300,510,7.0609,901.60,905.38,3.7910,1410,-0.42,False,False
32,29.6,512,1024,8192,300,705,6.2958,841.33,905.38,3.7910,1410,-7.07,False,False
32,29.6,512,1024,8192,300,900,5.1178,747.23,905.38,3.7910,1410,-17.47,False,False
32,29.6,512,1024,8192,300,1050,4.3687,676.67,905.38,3.7910,1410,-25.26,False,False
32,29.6,512,1024,8192,300,1200,3.9336,676.44,905.38,3.7910,1410,-25.29,False,False
32,29.6,512,1024,8192,300,1305,3.7957,675.77,905.38,3.7910,1410,-25.36,False,False
32,29.6,512,1024,8192,300,1410,3.7219,706.65,905.38,3.7910,1410,-21.95,False,False
32,29.6,512,1024,8192,510,300,7.6163,947.00,905.38,3.7910,1410,+4.60,False,False
32,29.6,512,1024,8192,510,510,7.0609,901.35,905.38,3.7910,1410,-0.44,False,False
32,29.6,512,1024,8192,510,705,6.2958,840.42,905.38,3.7910,1410,-7.17,False,False
32,29.6,512,1024,8192,510,900,5.1178,745.29,905.38,3.7910,1410,-17.68,False,False
32,29.6,512,1024,8192,510,1050,4.3687,674.08,905.38,3.7910,1410,-25.55,False,False
32,29.6,512,1024,8192,510,1200,3.9336,673.47,905.38,3.7910,1410,-25.61,False,False
32,29.6,512,1024,8192,510,1305,3.7957,672.69,905.38,3.7910,1410,-25.70,True,False
32,29.6,512,1024,8192,510,1410,3.7219,703.49,905.38,3.7910,1410,-22.30,False,False
32,29.6,512,1024,8192,705,300,7.6163,954.56,905.38,3.7910,1410,+5.43,False,False
32,29.6,512,1024,8192,705,510,7.0609,908.22,905.38,3.7910,1410,+0.31,False,False
32,29.6,512,1024,8192,705,705,6.2958,846.33,905.38,3.7910,1410,-6.52,False,False
32,29.6,512,1024,8192,705,900,5.1178,749.73,905.38,3.7910,1410,-17.19,False,False
32,29.6,512,1024,8192,705,1050,4.3687,677.59,905.38,3.7910,1410,-25.16,False,False
32,29.6,512,1024,8192,705,1200,3.9336,676.43,905.38,3.7910,1410,-25.29,False,False
32,29.6,512,1024,8192,705,1305,3.7957,675.47,905.38,3.7910,1410,-25.39,False,False
32,29.6,512,1024,8192,705,1410,3.7219,706.19,905.38,3.7910,1410,-22.00,False,False
32,29.6,512,1024,8192,900,300,7.6163,965.46,905.38,3.7910,1410,+6.64,False,False
32,29.6,512,1024,8192,900,510,7.0609,918.35,905.38,3.7910,1410,+1.43,False,False
32,29.6,512,1024,8192,900,705,6.2958,855.40,905.38,3.7910,1410,-5.52,False,False
32,29.6,512,1024,8192,900,900,5.1178,757.16,905.38,3.7910,1410,-16.37,False,False
32,29.6,512,1024,8192,900,1050,4.3687,683.97,905.38,3.7910,1410,-24.46,False,True
32,29.6,512,1024,8192,900,1200,3.9336,682.21,905.38,3.7910,1410,-24.65,False,False
32,29.6,512,1024,8192,900,1305,3.7957,681.06,905.38,3.7910,1410,-24.78,False,False
32,29.6,512,1024,8192,900,1410,3.7219,711.67,905.38,3.7910,1410,-21.40,False,False
32,29.6,512,1024,8192,1050,300,7.6163,988.92,905.38,3.7910,1410,+9.23,False,False
32,29.6,512,1024,8192,1050,510,7.0609,940.19,905.38,3.7910,1410,+3.84,False,False
32,29.6,512,1024,8192,1050,705,6.2958,875.00,905.38,3.7910,1410,-3.36,False,False
32,29.6,512,1024,8192,1050,900,5.1178,773.32,905.38,3.7910,1410,-14.59,False,False
32,29.6,512,1024,8192,1050,1050,4.3687,697.94,905.38,3.7910,1410,-22.91,False,False
32,29.6,512,1024,8192,1050,1200,3.9336,694.91,905.38,3.7910,1410,-23.25,False,False
32,29.6,512,1024,8192,1050,1305,3.7957,693.36,905.38,3.7910,1410,-23.42,False,False
32,29.6,512,1024,8192,1050,1410,3.7219,723.75,905.38,3.7910,1410,-20.06,False,False
32,29.6,512,1024,8192,1200,300,7.6163,1042.88,905.38,3.7910,1410,+15.19,False,False
32,29.6,512,1024,8192,1200,510,7.0609,992.52,905.38,3.7910,1410,+9.63,False,False
32,29.6,512,1024,8192,1200,705,6.2958,925.10,905.38,3.7910,1410,+2.18,False,False
32,29.6,512,1024,8192,1200,900,5.1178,819.98,905.38,3.7910,1410,-9.43,False,False
32,29.6,512,1024,8192,1200,1050,4.3687,742.41,905.38,3.7910,1410,-18.00,False,False
32,29.6,512,1024,8192,1200,1200,3.9336,738.11,905.38,3.7910,1410,-18.48,False,False
32,29.6,512,1024,8192,1200,1305,3.7957,736.15,905.38,3.7910,1410,-18.69,False,False
32,29.6,512,1024,8192,1200,1410,3.7219,766.34,905.38,3.7910,1410,-15.36,False,False
32,29.6,512,2048,4096,300,300,7.6163,874.25,790.03,3.7725,1410,+10.66,False,False
32,29.6,512,2048,4096,300,510,7.0609,829.09,790.03,3.7725,1410,+4.94,False,False
32,29.6,512,2048,4096,300,705,6.2958,768.82,790.03,3.7725,1410,-2.68,False,False
32,29.6,512,2048,4096,300,900,5.1178,674.72,790.03,3.7725,1410,-14.60,False,False
32,29.6,512,2048,4096,300,1050,4.3687,604.16,790.03,3.7725,1410,-23.53,False,False
32,29.6,512,2048,4096,300,1200,3.9336,603.93,790.03,3.7725,1410,-23.56,False,False
32,29.6,512,2048,4096,300,1305,3.7957,603.26,790.03,3.7725,1410,-23.64,False,False
32,29.6,512,2048,4096,300,1410,3.7219,634.13,790.03,3.7725,1410,-19.73,False,False
32,29.6,512,2048,4096,510,300,7.6163,877.15,790.03,3.7725,1410,+11.03,False,False
32,29.6,512,2048,4096,510,510,7.0609,831.51,790.03,3.7725,1410,+5.25,False,False
32,29.6,512,2048,4096,510,705,6.2958,770.58,790.03,3.7725,1410,-2.46,False,False
32,29.6,512,2048,4096,510,900,5.1178,675.45,790.03,3.7725,1410,-14.50,False,False
32,29.6,512,2048,4096,510,1050,4.3687,604.24,790.03,3.7725,1410,-23.52,False,False
32,29.6,512,2048,4096,510,1200,3.9336,603.63,790.03,3.7725,1410,-23.59,False,False
32,29.6,512,2048,4096,510,1305,3.7957,602.84,790.03,3.7725,1410,-23.69,True,False
32,29.6,512,2048,4096,510,1410,3.7219,633.65,790.03,3.7725,1410,-19.79,False,False
32,29.6,512,2048,4096,705,300,7.6163,885.53,790.03,3.7725,1410,+12.09,False,False
32,29.6,512,2048,4096,705,510,7.0609,839.19,790.03,3.7725,1410,+6.22,False,False
32,29.6,512,2048,4096,705,705,6.2958,777.30,790.03,3.7725,1410,-1.61,False,False
32,29.6,512,2048,4096,705,900,5.1178,680.70,790.03,3.7725,1410,-13.84,False,False
32,29.6,512,2048,4096,705,1050,4.3687,608.56,790.03,3.7725,1410,-22.97,False,False
32,29.6,512,2048,4096,705,1200,3.9336,607.40,790.03,3.7725,1410,-23.12,False,False
32,29.6,512,2048,4096,705,1305,3.7957,606.45,790.03,3.7725,1410,-23.24,False,False
32,29.6,512,2048,4096,705,1410,3.7219,637.16,790.03,3.7725,1410,-19.35,False,False
32,29.6,512,2048,4096,900,300,7.6163,896.09,790.03,3.7725,1410,+13.42,False,False
32,29.6,512,2048,4096,900,510,7.0609,848.98,790.03,3.7725,1410,+7.46,False,False
32,29.6,512,2048,4096,900,705,6.2958,786.03,790.03,3.7725,1410,-0.51,False,False
32,29.6,512,2048,4096,900,900,5.1178,687.79,790.03,3.7725,1410,-12.94,False,False
32,29.6,512,2048,4096,900,1050,4.3687,614.60,790.03,3.7725,1410,-22.21,False,True
32,29.6,512,2048,4096,900,1200,3.9336,612.84,790.03,3.7725,1410,-22.43,False,False
32,29.6,512,2048,4096,900,1305,3.7957,611.69,790.03,3.7725,1410,-22.57,False,False
32,29.6,512,2048,4096,900,1410,3.7219,642.30,790.03,3.7725,1410,-18.70,False,False
32,29.6,512,2048,4096,1050,300,7.6163,918.80,790.03,3.7725,1410,+16.30,False,False
32,29.6,512,2048,4096,1050,510,7.0609,870.06,790.03,3.7725,1410,+10.13,False,False
32,29.6,512,2048,4096,1050,705,6.2958,804.88,790.03,3.7725,1410,+1.88,False,False
32,29.6,512,2048,4096,1050,900,5.1178,703.19,790.03,3.7725,1410,-10.99,False,False
32,29.6,512,2048,4096,1050,1050,4.3687,627.82,790.03,3.7725,1410,-20.53,False,False
32,29.6,512,2048,4096,1050,1200,3.9336,624.78,790.03,3.7725,1410,-20.92,False,False
32,29.6,512,2048,4096,1050,1305,3.7957,623.23,790.03,3.7725,1410,-21.11,False,False
32,29.6,512,2048,4096,1050,1410,3.7219,653.63,790.03,3.7725,1410,-17.27,False,False
32,29.6,512,2048,4096,1200,300,7.6163,956.66,790.03,3.7725,1410,+21.09,False,False
32,29.6,512,2048,4096,1200,510,7.0609,906.30,790.03,3.7725,1410,+14.72,False,False
32,29.6,512,2048,4096,1200,705,6.2958,838.87,790.03,3.7725,1410,+6.18,False,False
32,29.6,512,2048,4096,1200,900,5.1178,733.75,790.03,3.7725,1410,-7.12,False,False
32,29.6,512,2048,4096,1200,1050,4.3687,656.19,790.03,3.7725,1410,-16.94,False,False
32,29.6,512,2048,4096,1200,1200,3.9336,651.88,790.03,3.7725,1410,-17.49,False,False
32,29.6,512,2048,4096,1200,1305,3.7957,649.93,790.03,3.7725,1410,-17.73,False,False
32,29.6,512,2048,4096,1200,1410,3.7219,680.11,790.03,3.7725,1410,-13.91,False,False
32,29.6,512,2048,4096,1305,300,7.6163,1010.98,790.03,3.7725,1410,+27.97,False,False
32,29.6,512,2048,4096,1305,510,7.0609,957.55,790.03,3.7725,1410,+21.20,False,False
32,29.6,512,2048,4096,1305,705,6.2958,885.90,790.03,3.7725,1410,+12.13,False,False
32,29.6,512,2048,4096,1305,900,5.1178,774.26,790.03,3.7725,1410,-2.00,False,False
32,29.6,512,2048,4096,1305,1050,4.3687,692.55,790.03,3.7725,1410,-12.34,False,False
32,29.6,512,2048,4096,1305,1200,3.9336,685.85,790.03,3.7725,1410,-13.19,False,False
32,29.6,512,2048,4096,1305,1305,3.7957,683.13,790.03,3.7725,1410,-13.53,False,False
32,29.6,512,2048,4096,1305,1410,3.7219,712.90,790.03,3.7725,1410,-9.76,False,False
32,29.6,512,2048,8192,300,300,7.6163,1073.74,1150.35,3.8067,1410,-6.66,False,False
32,29.6,512,2048,8192,300,510,7.0609,1028.58,1150.35,3.8067,1410,-10.59,False,False
32,29.6,512,2048,8192,300,705,6.5345,981.98,1150.35,3.8067,1410,-14.64,False,False
32,29.6,512,2048,8192,300,900,6.5345,956.16,1150.35,3.8067,1410,-16.88,False,False
32,29.6,512,2048,8192,300,1050,6.4150,924.53,1150.35,3.8067,1410,-19.63,False,False
32,29.6,512,2048,8192,300,1200,6.2409,942.56,1150.35,3.8067,1410,-18.06,False,False
32,29.6,512,2048,8192,300,1305,6.1857,952.45,1150.35,3.8067,1410,-17.20,False,False
32,29.6,512,2048,8192,300,1410,6.1562,991.76,1150.35,3.8067,1410,-13.79,False,False
32,29.6,512,2048,8192,510,300,7.6163,1069.84,1150.35,3.8067,1410,-7.00,False,False
32,29.6,512,2048,8192,510,510,7.0609,1024.19,1150.35,3.8067,1410,-10.97,False,False
32,29.6,512,2048,8192,510,705,6.2958,963.26,1150.35,3.8067,1410,-16.26,False,False
32,29.6,512,2048,8192,510,900,5.1178,868.13,1150.35,3.8067,1410,-24.53,False,False
32,29.6,512,2048,8192,510,1050,4.3687,796.92,1150.35,3.8067,1410,-30.72,False,False
32,29.6,512,2048,8192,510,1200,3.9336,796.31,1150.35,3.8067,1410,-30.78,True,False
32,29.6,512,2048,8192,510,1305,3.8706,800.28,1150.35,3.8067,1410,-30.43,False,False
32,29.6,512,2048,8192,510,1410,3.8706,836.13,1150.35,3.8067,1410,-27.32,False,False
32,29.6,512,2048,8192,705,300,7.6163,1076.26,1150.35,3.8067,1410,-6.44,False,False
32,29.6,512,2048,8192,705,510,7.0609,1029.92,1150.35,3.8067,1410,-10.47,False,False
32,29.6,512,2048,8192,705,705,6.2958,968.03,1150.35,3.8067,1410,-15.85,False,False
32,29.6,512,2048,8192,705,900,5.1178,871.44,1150.35,3.8067,1410,-24.25,False,False
32,29.6,512,2048,8192,705,1050,4.3687,799.29,1150.35,3.8067,1410,-30.52,False,False
32,29.6,512,2048,8192,705,1200,3.9336,798.14,1150.35,3.8067,1410,-30.62,False,False
32,29.6,512,2048,8192,705,1305,3.7957,797.18,1150.35,3.8067,1410,-30.70,False,False
32,29.6,512,2048,8192,705,1410,3.7219,827.90,1150.35,3.8067,1410,-28.03,False,False
32,29.6,512,2048,8192,900,300,7.6163,1088.41,1150.35,3.8067,1410,-5.38,False,False
32,29.6,512,2048,8192,900,510,7.0609,1041.30,1150.35,3.8067,1410,-9.48,False,False
32,29.6,512,2048,8192,900,705,6.2958,978.34,1150.35,3.8067,1410,-14.95,False,False
32,29.6,512,2048,8192,900,900,5.1178,880.10,1150.35,3.8067,1410,-23.49,False,False
32,29.6,512,2048,8192,900,1050,4.3687,806.91,1150.35,3.8067,1410,-29.85,False,True
32,29.6,512,2048,8192,900,1200,3.9336,805.15,1150.35,3.8067,1410,-30.01,False,False
32,29.6,512,2048,8192,900,1305,3.7957,804.00,1150.35,3.8067,1410,-30.11,False,False
32,29.6,512,2048,8192,900,1410,3.7219,834.62,1150.35,3.8067,1410,-27.45,False,False
32,29.6,512,2048,8192,1050,300,7.6163,1113.04,1150.35,3.8067,1410,-3.24,False,False
32,29.6,512,2048,8192,1050,510,7.0609,1064.30,1150.35,3.8067,1410,-7.48,False,False
32,29.6,512,2048,8192,1050,705,6.2958,999.11,1150.35,3.8067,1410,-13.15,False,False
32,29.6,512,2048,8192,1050,900,5.1178,897.43,1150.35,3.8067,1410,-21.99,False,False
32,29.6,512,2048,8192,1050,1050,4.3687,822.06,1150.35,3.8067,1410,-28.54,False,False
32,29.6,512,2048,8192,1050,1200,3.9336,819.02,1150.35,3.8067,1410,-28.80,False,False
32,29.6,512,2048,8192,1050,1305,3.7957,817.47,1150.35,3.8067,1410,-28.94,False,False
32,29.6,512,2048,8192,1050,1410,3.7219,847.87,1150.35,3.8067,1410,-26.29,False,False
32,29.6,512,2048,8192,1200,300,7.6163,1199.10,1150.35,3.8067,1410,+4.24,False,False
32,29.6,512,2048,8192,1200,510,7.0609,1148.74,1150.35,3.8067,1410,-0.14,False,False
32,29.6,512,2048,8192,1200,705,6.2958,1081.32,1150.35,3.8067,1410,-6.00,False,False
32,29.6,512,2048,8192,1200,900,5.1178,976.19,1150.35,3.8067,1410,-15.14,False,False
32,29.6,512,2048,8192,1200,1050,4.3687,898.63,1150.35,3.8067,1410,-21.88,False,False
32,29.6,512,2048,8192,1200,1200,3.9336,894.33,1150.35,3.8067,1410,-22.26,False,False
32,29.6,512,2048,8192,1200,1305,3.7957,892.37,1150.35,3.8067,1410,-22.43,False,False
32,29.6,512,2048,8192,1200,1410,3.7219,922.55,1150.35,3.8067,1410,-19.80,False,False
32,29.6,512,4096,4096,300,300,7.6163,941.79,916.71,3.7865,1410,+2.74,False,False
32,29.6,512,4096,4096,300,510,7.0609,896.63,916.71,3.7865,1410,-2.19,False,False
32,29.6,512,4096,4096,300,705,6.2958,836.36,916.71,3.7865,1410,-8.76,False,False
32,29.6,512,4096,4096,300,900,5.1178,742.26,916.71,3.7865,1410,-19.03,False,False
32,29.6,512,4096,4096,300,1050,4.3687,671.70,916.71,3.7865,1410,-26.73,False,False
32,29.6,512,4096,4096,300,1200,3.9336,671.47,916.71,3.7865,1410,-26.75,False,False
32,29.6,512,4096,4096,300,1305,3.7957,670.80,916.71,3.7865,1410,-26.82,False,False
32,29.6,512,4096,4096,300,1410,3.7219,701.68,916.71,3.7865,1410,-23.46,False,False
32,29.6,512,4096,4096,510,300,7.6163,942.37,916.71,3.7865,1410,+2.80,False,False
32,29.6,512,4096,4096,510,510,7.0609,896.72,916.71,3.7865,1410,-2.18,False,False
32,29.6,512,4096,4096,510,705,6.2958,835.79,916.71,3.7865,1410,-8.83,False,False
32,29.6,512,4096,4096,510,900,5.1178,740.66,916.71,3.7865,1410,-19.20,False,False
32,29.6,512,4096,4096,510,1050,4.3687,669.45,916.71,3.7865,1410,-26.97,False,False
32,29.6,512,4096,4096,510,1200,3.9336,668.84,916.71,3.7865,1410,-27.04,False,False
32,29.6,512,4096,4096,510,1305,3.7957,668.05,916.71,3.7865,1410,-27.12,True,False
32,29.6,512,4096,4096,510,1410,3.7219,698.86,916.71,3.7865,1410,-23.76,False,False
32,29.6,512,4096,4096,705,300,7.6163,950.40,916.71,3.7865,1410,+3.68,False,False
32,29.6,512,4096,4096,705,510,7.0609,904.06,916.71,3.7865,1410,-1.38,False,False
32,29.6,512,4096,4096,705,705,6.2958,842.18,916.71,3.7865,1410,-8.13,False,False
32,29.6,512,4096,4096,705,900,5.1178,745.58,916.71,3.7865,1410,-18.67,False,False
32,29.6,512,4096,4096,705,1050,4.3687,673.43,916.71,3.7865,1410,-26.54,False,False
32,29.6,512,4096,4096,705,1200,3.9336,672.28,916.71,3.7865,1410,-26.66,False,False
32,29.6,512,4096,4096,705,1305,3.7957,671.32,916.71,3.7865,1410,-26.77,False,False
32,29.6,512,4096,4096,705,1410,3.7219,702.04,916.71,3.7865,1410,-23.42,False,False
32,29.6,512,4096,4096,900,300,7.6163,961.50,916.71,3.7865,1410,+4.89,False,False
32,29.6,512,4096,4096,900,510,7.0609,914.39,916.71,3.7865,1410,-0.25,False,False
32,29.6,512,4096,4096,900,705,6.2958,851.43,916.71,3.7865,1410,-7.12,False,False
32,29.6,512,4096,4096,900,900,5.1178,753.19,916.71,3.7865,1410,-17.84,False,False
32,29.6,512,4096,4096,900,1050,4.3687,680.01,916.71,3.7865,1410,-25.82,False,True
32,29.6,512,4096,4096,900,1200,3.9336,678.24,916.71,3.7865,1410,-26.01,False,False
32,29.6,512,4096,4096,900,1305,3.7957,677.10,916.71,3.7865,1410,-26.14,False,False
32,29.6,512,4096,4096,900,1410,3.7219,707.71,916.71,3.7865,1410,-22.80,False,False
32,29.6,512,4096,4096,1050,300,7.6163,984.78,916.71,3.7865,1410,+7.43,False,False
32,29.6,512,4096,4096,1050,510,7.0609,936.05,916.71,3.7865,1410,+2.11,False,False
32,29.6,512,4096,4096,1050,705,6.2958,870.86,916.71,3.7865,1410,-5.00,False,False
32,29.6,512,4096,4096,1050,900,5.1178,769.18,916.71,3.7865,1410,-16.09,False,False
32,29.6,512,4096,4096,1050,1050,4.3687,693.80,916.71,3.7865,1410,-24.32,False,False
32,29.6,512,4096,4096,1050,1200,3.9336,690.77,916.71,3.7865,1410,-24.65,False,False
32,29.6,512,4096,4096,1050,1305,3.7957,689.22,916.71,3.7865,1410,-24.82,False,False
32,29.6,512,4096,4096,1050,1410,3.7219,719.61,916.71,3.7865,1410,-21.50,False,False
32,29.6,512,4096,4096,1200,300,7.6163,1039.76,916.71,3.7865,1410,+13.42,False,False
32,29.6,512,4096,4096,1200,510,7.0609,989.40,916.71,3.7865,1410,+7.93,False,False
32,29.6,512,4096,4096,1200,705,6.2958,921.97,916.71,3.7865,1410,+0.57,False,False
32,29.6,512,4096,4096,1200,900,5.1178,816.85,916.71,3.7865,1410,-10.89,False,False
32,29.6,512,4096,4096,1200,1050,4.3687,739.29,916.71,3.7865,1410,-19.35,False,False
32,29.6,512,4096,4096,1200,1200,3.9336,734.98,916.71,3.7865,1410,-19.82,False,False
32,29.6,512,4096,4096,1200,1305,3.7957,733.03,916.71,3.7865,1410,-20.04,False,False
32,29.6,512,4096,4096,1200,1410,3.7219,763.21,916.71,3.7865,1410,-16.74,False,False
32,29.6,512,8192,8192,300,300,20.7919,2627.01,2541.70,6.3999,1275,+3.36,False,False
32,29.6,512,8192,8192,300,510,20.5581,2604.91,2541.70,6.3999,1275,+2.49,False,False
32,29.6,512,8192,8192,300,705,20.2359,2577.10,2541.70,6.3999,1275,+1.39,False,False
32,29.6,512,8192,8192,300,900,19.7399,2530.63,2541.70,6.3999,1275,-0.44,False,False
32,29.6,512,8192,8192,300,1050,19.4245,2503.67,2541.70,6.3999,1275,-1.50,False,False
32,29.6,512,8192,8192,300,1200,19.2413,2537.15,2541.70,6.3999,1275,-0.18,False,False
32,29.6,512,8192,8192,300,1305,19.1832,2577.12,2541.70,6.3999,1275,+1.39,False,False
32,29.6,512,8192,8192,300,1410,19.1521,2646.59,2541.70,6.3999,1275,+4.13,False,False
32,29.6,512,8192,8192,510,300,13.5746,2193.08,2541.70,6.3999,1275,-13.72,False,False
32,29.6,512,8192,8192,510,510,13.3408,2168.14,2541.70,6.3999,1275,-14.70,False,False
32,29.6,512,8192,8192,510,705,13.0186,2136.25,2541.70,6.3999,1275,-15.95,False,False
32,29.6,512,8192,8192,510,900,12.5226,2085.11,2541.70,6.3999,1275,-17.96,False,False
32,29.6,512,8192,8192,510,1050,12.2072,2049.01,2541.70,6.3999,1275,-19.38,False,False
32,29.6,512,8192,8192,510,1200,12.0240,2073.45,2541.70,6.3999,1275,-18.42,False,False
32,29.6,512,8192,8192,510,1305,11.9659,2096.57,2541.70,6.3999,1275,-17.51,False,False
32,29.6,512,8192,8192,510,1410,11.9349,2149.21,2541.70,6.3999,1275,-15.44,False,False
32,29.6,512,8192,8192,705,300,10.6791,2033.60,2541.70,6.3999,1275,-19.99,False,False
32,29.6,512,8192,8192,705,510,10.4880,2009.81,2541.70,6.3999,1275,-20.93,False,False
32,29.6,512,8192,8192,705,705,10.1658,1976.03,2541.70,6.3999,1275,-22.26,False,False
32,29.6,512,8192,8192,705,900,9.6698,1922.60,2541.70,6.3999,1275,-24.36,False,False
32,29.6,512,8192,8192,705,1050,9.3544,1882.59,2541.70,6.3999,1275,-25.93,False,False
32,29.6,512,8192,8192,705,1200,9.1712,1903.29,2541.70,6.3999,1275,-25.12,False,False
32,29.6,512,8192,8192,705,1305,9.1131,1919.70,2541.70,6.3999,1275,-24.47,False,False
32,29.6,512,8192,8192,705,1410,9.0820,1965.66,2541.70,6.3999,1275,-22.66,False,False
32,29.6,512,8192,8192,900,300,8.3796,1913.99,2541.70,6.3999,1275,-24.70,False,False
32,29.6,512,8192,8192,900,510,8.3796,1900.61,2541.70,6.3999,1275,-25.22,False,False
32,29.6,512,8192,8192,900,705,8.3796,1884.85,2541.70,6.3999,1275,-25.84,False,False
32,29.6,512,8192,8192,900,900,8.0516,1839.99,2541.70,6.3999,1275,-27.61,False,False
32,29.6,512,8192,8192,900,1050,7.7362,1797.55,2541.70,6.3999,1275,-29.28,False,True
32,29.6,512,8192,8192,900,1200,7.5530,1816.00,2541.70,6.3999,1275,-28.55,False,False
32,29.6,512,8192,8192,900,1305,7.4949,1828.56,2541.70,6.3999,1275,-28.06,False,False
32,29.6,512,8192,8192,900,1410,7.4639,1870.71,2541.70,6.3999,1275,-26.40,False,False
32,29.6,512,8192,8192,1050,300,7.6163,1909.99,2541.70,6.3999,1275,-24.85,False,False
32,29.6,512,8192,8192,1050,510,7.2094,1870.63,2541.70,6.3999,1275,-26.40,False,False
32,29.6,512,8192,8192,1050,705,7.2094,1854.25,2541.70,6.3999,1275,-27.05,False,False
32,29.6,512,8192,8192,1050,900,7.2094,1828.83,2541.70,6.3999,1275,-28.05,False,False
32,29.6,512,8192,8192,1050,1050,6.9127,1785.66,2541.70,6.3999,1275,-29.75,True,False
32,29.6,512,8192,8192,1050,1200,6.7295,1802.57,2541.70,6.3999,1275,-29.08,False,False
32,29.6,512,8192,8192,1050,1305,6.6714,1813.04,2541.70,6.3999,1275,-28.67,False,False
32,29.6,512,8192,8192,1050,1410,6.6404,1853.18,2541.70,6.3999,1275,-27.09,False,False
32,29.6,512,8192,8192,1200,300,7.6163,2188.92,2541.70,6.3999,1275,-13.88,False,False
32,29.6,512,8192,8192,1200,510,7.0609,2138.56,2541.70,6.3999,1275,-15.86,False,False
32,29.6,512,8192,8192,1200,705,6.3221,2072.89,2541.70,6.3999,1275,-18.44,False,False
32,29.6,512,8192,8192,1200,900,6.3221,2046.94,2541.70,6.3999,1275,-19.47,False,False
32,29.6,512,8192,8192,1200,1050,6.2883,2019.81,2541.70,6.3999,1275,-20.53,False,False
32,29.6,512,8192,8192,1200,1200,6.1051,2035.41,2541.70,6.3999,1275,-19.92,False,False
32,29.6,512,8192,8192,1200,1305,6.0471,2044.26,2541.70,6.3999,1275,-19.57,False,False
32,29.6,512,8192,8192,1200,1410,6.0160,2082.86,2541.70,6.3999,1275,-18.05,False,False
48,44.4,64,1024,4096,300,300,1.4882,176.01,176.78,0.7122,1410,-0.44,False,False
48,44.4,64,1024,4096,300,510,1.4882,173.31,176.78,0.7122,1410,-1.96,False,False
48,44.4,64,1024,4096,300,705,1.4356,168.22,176.78,0.7122,1410,-4.84,False,False
48,44.4,64,1024,4096,300,900,1.3545,160.29,176.78,0.7122,1410,-9.33,False,False
48,44.4,64,1024,4096,300,1050,1.3103,155.69,176.78,0.7122,1410,-11.93,False,False
48,44.4,64,1024,4096,300,1200,1.2841,160.14,176.78,0.7122,1410,-9.41,False,False
48,44.4,64,1024,4096,300,1305,1.2757,162.69,176.78,0.7122,1410,-7.97,False,False
48,44.4,64,1024,4096,300,1410,1.2723,174.20,176.78,0.7122,1410,-1.46,False,False
48,44.4,64,1024,4096,510,300,1.1329,154.17,176.78,0.7122,1410,-12.79,False,False
48,44.4,64,1024,4096,510,510,1.0051,143.92,176.78,0.7122,1410,-18.59,False,False
48,44.4,64,1024,4096,510,705,0.8951,135.06,176.78,0.7122,1410,-23.60,False,False
48,44.4,64,1024,4096,510,900,0.8951,131.40,176.78,0.7122,1410,-25.67,False,False
48,44.4,64,1024,4096,510,1050,0.8951,128.63,176.78,0.7122,1410,-27.24,False,False
48,44.4,64,1024,4096,510,1200,0.8887,133.54,176.78,0.7122,1410,-24.46,False,False
48,44.4,64,1024,4096,510,1305,0.8803,134.70,176.78,0.7122,1410,-23.80,False,False
48,44.4,64,1024,4096,510,1410,0.8769,144.83,176.78,0.7122,1410,-18.07,False,False
48,44.4,64,1024,4096,705,300,1.1329,154.40,176.78,0.7122,1410,-12.66,False,False
48,44.4,64,1024,4096,705,510,1.0051,144.03,176.78,0.7122,1410,-18.53,False,False
48,44.4,64,1024,4096,705,705,0.8870,134.57,176.78,0.7122,1410,-23.87,False,False
48,44.4,64,1024,4096,705,900,0.7248,121.13,176.78,0.7122,1410,-31.48,False,False
48,44.4,64,1024,4096,705,1050,0.6615,114.12,176.78,0.7122,1410,-35.44,False,False
48,44.4,64,1024,4096,705,1200,0.6615,118.99,176.78,0.7122,1410,-32.69,False,False
48,44.4,64,1024,4096,705,1305,0.6615,119.92,176.78,0.7122,1410,-32.16,False,False
48,44.4,64,1024,4096,705,1410,0.6615,129.53,176.78,0.7122,1410,-26.73,False,False
48,44.4,64,1024,4096,900,300,1.1329,155.34,176.78,0.7122,1410,-12.13,False,False
48,44.4,64,1024,4096,900,510,1.0051,144.82,176.78,0.7122,1410,-18.08,False,False
48,44.4,64,1024,4096,900,705,0.8870,135.24,176.78,0.7122,1410,-23.50,False,False
48,44.4,64,1024,4096,900,900,0.7248,121.63,176.78,0.7122,1410,-31.20,False,False
48,44.4,64,1024,4096,900,1050,0.6363,112.95,176.78,0.7122,1410,-36.11,True,False
48,44.4,64,1024,4096,900,1200,0.5841,114.38,176.78,0.7122,1410,-35.30,False,False
48,44.4,64,1024,4096,900,1305,0.5672,113.88,176.78,0.7122,1410,-35.58,False,False
48,44.4,64,1024,4096,900,1410,0.5603,122.67,176.78,0.7122,1410,-30.61,False,False
48,44.4,64,1024,4096,1050,300,1.1329,157.84,176.78,0.7122,1410,-10.72,False,False
48,44.4,64,1024,4096,1050,510,1.0051,147.02,176.78,0.7122,1410,-16.83,False,False
48,44.4,64,1024,4096,1050,705,0.8870,137.17,176.78,0.7122,1410,-22.41,False,False
48,44.4,64,1024,4096,1050,900,0.7248,123.18,176.78,0.7122,1410,-30.32,False,False
48,44.4,64,1024,4096,1050,1050,0.6363,114.30,176.78,0.7122,1410,-35.34,False,True
48,44.4,64,1024,4096,1050,1200,0.5841,115.61,176.78,0.7122,1410,-34.60,False,False
48,44.4,64,1024,4096,1050,1305,0.5672,115.07,176.78,0.7122,1410,-34.91,False,False
48,44.4,64,1024,4096,1050,1410,0.5603,123.84,176.78,0.7122,1410,-29.95,False,False
48,44.4,64,1024,4096,1200,300,1.1329,167.87,176.78,0.7122,1410,-5.04,False,False
48,44.4,64,1024,4096,1200,510,1.0051,156.76,176.78,0.7122,1410,-11.32,False,False
48,44.4,64,1024,4096,1200,705,0.8870,146.63,176.78,0.7122,1410,-17.05,False,False
48,44.4,64,1024,4096,1200,900,0.7248,132.27,176.78,0.7122,1410,-25.18,False,False
48,44.4,64,1024,4096,1200,1050,0.6363,123.19,176.78,0.7122,1410,-30.32,False,False
48,44.4,64,1024,4096,1200,1200,0.5841,124.37,176.78,0.7122,1410,-29.64,False,False
48,44.4,64,1024,4096,1200,1305,0.5672,123.80,176.78,0.7122,1410,-29.97,False,False
48,44.4,64,1024,4096,1200,1410,0.5603,132.55,176.78,0.7122,1410,-25.02,False,False
48,44.4,64,1024,4096,1305,300,1.1329,177.98,176.78,0.7122,1410,+0.68,False,False
48,44.4,64,1024,4096,1305,510,1.0051,166.31,176.78,0.7122,1410,-5.92,False,False
48,44.4,64,1024,4096,1305,705,0.8870,155.67,176.78,0.7122,1410,-11.94,False,False
48,44.4,64,1024,4096,1305,900,0.7248,140.60,176.78,0.7122,1410,-20.47,False,False
48,44.4,64,1024,4096,1305,1050,0.6363,131.13,176.78,0.7122,1410,-25.82,False,False
48,44.4,64,1024,4096,1305,1200,0.5841,132.09,176.78,0.7122,1410,-25.28,False,False
48,44.4,64,1024,4096,1305,1305,0.5672,131.44,176.78,0.7122,1410,-25.65,False,False
48,44.4,64,1024,4096,1305,1410,0.5603,140.16,176.78,0.7122,1410,-20.71,False,False
48,44.4,64,1024,4096,1410,300,1.1329,196.84,176.78,0.7122,1410,+11.35,False,False
48,44.4,64,1024,4096,1410,510,1.0051,184.61,176.78,0.7122,1410,+4.43,False,False
48,44.4,64,1024,4096,1410,705,0.8870,173.46,176.78,0.7122,1410,-1.88,False,False
48,44.4,64,1024,4096,1410,900,0.7248,157.68,176.78,0.7122,1410,-10.81,False,False
48,44.4,64,1024,4096,1410,1050,0.6363,147.82,176.78,0.7122,1410,-16.38,False,False
48,44.4,64,1024,4096,1410,1200,0.5841,148.55,176.78,0.7122,1410,-15.97,False,False
48,44.4,64,1024,4096,1410,1305,0.5672,147.83,176.78,0.7122,1410,-16.37,False,False
48,44.4,64,1024,4096,1410,1410,0.5603,156.52,176.78,0.7122,1410,-11.46,False,False
48,44.4,64,1024,8192,300,300,3.3697,388.22,408.67,1.1021,1410,-5.00,False,False
48,44.4,64,1024,8192,300,510,3.2674,380.74,408.67,1.1021,1410,-6.83,False,False
48,44.4,64,1024,8192,300,705,3.1729,374.63,408.67,1.1021,1410,-8.33,False,False
48,44.4,64,1024,8192,300,900,3.0432,365.38,408.67,1.1021,1410,-10.59,False,False
48,44.4,64,1024,8192,300,1050,2.9724,362.30,408.67,1.1021,1410,-11.35,False,False
48,44.4,64,1024,8192,300,1200,2.9306,368.83,408.67,1.1021,1410,-9.75,False,False
48,44.4,64,1024,8192,300,1305,2.9171,376.80,408.67,1.1021,1410,-7.80,False,False
48,44.4,64,1024,8192,300,1410,2.9116,393.90,408.67,1.1021,1410,-3.61,False,False
48,44.4,64,1024,8192,510,300,2.3783,327.59,408.67,1.1021,1410,-19.84,False,False
48,44.4,64,1024,8192,510,510,2.2761,319.49,408.67,1.1021,1410,-21.82,False,False
48,44.4,64,1024,8192,510,705,2.1816,312.54,408.67,1.1021,1410,-23.52,False,False
48,44.4,64,1024,8192,510,900,2.0518,302.32,408.67,1.1021,1410,-26.02,False,False
48,44.4,64,1024,8192,510,1050,1.9811,297.36,408.67,1.1021,1410,-27.24,False,False
48,44.4,64,1024,8192,510,1200,1.9393,302.04,408.67,1.1021,1410,-26.09,False,False
48,44.4,64,1024,8192,510,1305,1.9258,306.54,408.67,1.1021,1410,-24.99,False,False
48,44.4,64,1024,8192,510,1410,1.9203,320.17,408.67,1.1021,1410,-21.65,False,False
48,44.4,64,1024,8192,705,300,1.9446,302.81,408.67,1.1021,1410,-25.90,False,False
48,44.4,64,1024,8192,705,510,1.8844,296.84,408.67,1.1021,1410,-27.36,False,False
48,44.4,64,1024,8192,705,705,1.7899,289.48,408.67,1.1021,1410,-29.16,False,False
48,44.4,64,1024,8192,705,900,1.6601,278.79,408.67,1.1021,1410,-31.78,False,False
48,44.4,64,1024,8192,705,1050,1.5894,273.04,408.67,1.1021,1410,-33.19,False,False
48,44.4,64,1024,8192,705,1200,1.5476,276.95,408.67,1.1021,1410,-32.23,False,False
48,44.4,64,1024,8192,705,1305,1.5341,280.07,408.67,1.1021,1410,-31.47,False,False
48,44.4,64,1024,8192,705,1410,1.5286,292.33,408.67,1.1021,1410,-28.47,False,False
48,44.4,64,1024,8192,900,300,1.5414,281.40,408.67,1.1021,1410,-31.14,False,False
48,44.4,64,1024,8192,900,510,1.5414,278.74,408.67,1.1021,1410,-31.79,False,False
48,44.4,64,1024,8192,900,705,1.5414,276.72,408.67,1.1021,1410,-32.29,False,False
48,44.4,64,1024,8192,900,900,1.4362,267.17,408.67,1.1021,1410,-34.62,False,False
48,44.4,64,1024,8192,900,1050,1.3654,260.93,408.67,1.1021,1410,-36.15,False,False
48,44.4,64,1024,8192,900,1200,1.3236,264.38,408.67,1.1021,1410,-35.31,False,False
48,44.4,64,1024,8192,900,1305,1.3101,266.70,408.67,1.1021,1410,-34.74,False,False
48,44.4,64,1024,8192,900,1410,1.3046,278.17,408.67,1.1021,1410,-31.93,False,False
48,44.4,64,1024,8192,1050,300,1.3346,273.46,408.67,1.1021,1410,-33.08,False,False
48,44.4,64,1024,8192,1050,510,1.3346,270.68,408.67,1.1021,1410,-33.76,False,False
48,44.4,64,1024,8192,1050,705,1.3346,268.50,408.67,1.1021,1410,-34.30,False,False
48,44.4,64,1024,8192,1050,900,1.3213,264.38,408.67,1.1021,1410,-35.31,False,False
48,44.4,64,1024,8192,1050,1050,1.2505,257.76,408.67,1.1021,1410,-36.93,True,True
48,44.4,64,1024,8192,1050,1200,1.2087,260.91,408.67,1.1021,1410,-36.16,False,False
48,44.4,64,1024,8192,1050,1305,1.1952,262.79,408.67,1.1021,1410,-35.70,False,False
48,44.4,64,1024,8192,1050,1410,1.1897,273.85,408.67,1.1021,1410,-32.99,False,False
48,44.4,64,1024,8192,1200,300,1.1739,298.00,408.67,1.1021,1410,-27.08,False,False
48,44.4,64,1024,8192,1200,510,1.1739,295.13,408.67,1.1021,1410,-27.78,False,False
48,44.4,64,1024,8192,1200,705,1.1739,292.83,408.67,1.1021,1410,-28.35,False,False
48,44.4,64,1024,8192,1200,900,1.1739,289.41,408.67,1.1021,1410,-29.18,False,False
48,44.4,64,1024,8192,1200,1050,1.1612,286.30,408.67,1.1021,1410,-29.94,False,False
48,44.4,64,1024,8192,1200,1200,1.1194,289.18,408.67,1.1021,1410,-29.24,False,False
48,44.4,64,1024,8192,1200,1305,1.1059,290.73,408.67,1.1021,1410,-28.86,False,False
48,44.4,64,1024,8192,1200,1410,1.1004,301.46,408.67,1.1021,1410,-26.23,False,False
48,44.4,64,2048,4096,300,300,2.2207,250.95,245.59,0.8149,1410,+2.18,False,False
48,44.4,64,2048,4096,300,510,2.1355,243.81,245.59,0.8149,1410,-0.72,False,False
48,44.4,64,2048,4096,300,705,2.0568,237.72,245.59,0.8149,1410,-3.20,False,False
48,44.4,64,2048,4096,300,900,1.9487,228.75,245.59,0.8149,1410,-6.86,False,False
48,44.4,64,2048,4096,300,1050,1.8897,224.36,245.59,0.8149,1410,-8.64,False,False
48,44.4,64,2048,4096,300,1200,1.8549,229.33,245.59,0.8149,1410,-6.62,False,False
48,44.4,64,2048,4096,300,1305,1.8436,233.69,245.59,0.8149,1410,-4.85,False,False
48,44.4,64,2048,4096,300,1410,1.8390,247.10,245.59,0.8149,1410,+0.62,False,False
48,44.4,64,2048,4096,510,300,1.4643,205.60,245.59,0.8149,1410,-16.28,False,False
48,44.4,64,2048,4096,510,510,1.4643,202.89,245.59,0.8149,1410,-17.39,False,False
48,44.4,64,2048,4096,510,705,1.4643,200.81,245.59,0.8149,1410,-18.23,False,False
48,44.4,64,2048,4096,510,900,1.3618,191.58,245.59,0.8149,1410,-21.99,False,False
48,44.4,64,2048,4096,510,1050,1.3028,186.07,245.59,0.8149,1410,-24.24,False,False
48,44.4,64,2048,4096,510,1200,1.2679,189.93,245.59,0.8149,1410,-22.66,False,False
48,44.4,64,2048,4096,510,1305,1.2567,192.23,245.59,0.8149,1410,-21.73,False,False
48,44.4,64,2048,4096,510,1410,1.2521,203.59,245.59,0.8149,1410,-17.10,False,False
48,44.4,64,2048,4096,705,300,1.1329,186.67,245.59,0.8149,1410,-23.99,False,False
48,44.4,64,2048,4096,705,510,1.0734,180.30,245.59,0.8149,1410,-26.58,False,False
48,44.4,64,2048,4096,705,705,1.0734,177.92,245.59,0.8149,1410,-27.55,False,False
48,44.4,64,2048,4096,705,900,1.0734,174.41,245.59,0.8149,1410,-28.98,False,False
48,44.4,64,2048,4096,705,1050,1.0683,171.65,245.59,0.8149,1410,-30.10,False,False
48,44.4,64,2048,4096,705,1200,1.0334,175.05,245.59,0.8149,1410,-28.72,False,False
48,44.4,64,2048,4096,705,1305,1.0222,176.52,245.59,0.8149,1410,-28.12,False,False
48,44.4,64,2048,4096,705,1410,1.0176,187.06,245.59,0.8149,1410,-23.83,False,False
48,44.4,64,2048,4096,900,300,1.1329,187.87,245.59,0.8149,1410,-23.50,False,False
48,44.4,64,2048,4096,900,510,1.0051,177.35,245.59,0.8149,1410,-27.78,False,False
48,44.4,64,2048,4096,900,705,0.8870,167.77,245.59,0.8149,1410,-31.69,False,False
48,44.4,64,2048,4096,900,900,0.8512,161.91,245.59,0.8149,1410,-34.07,False,False
48,44.4,64,2048,4096,900,1050,0.8512,159.06,245.59,0.8149,1410,-35.23,False,False
48,44.4,64,2048,4096,900,1200,0.8512,164.28,245.59,0.8149,1410,-33.11,False,False
48,44.4,64,2048,4096,900,1305,0.8512,165.88,245.59,0.8149,1410,-32.46,False,False
48,44.4,64,2048,4096,900,1410,0.8512,176.15,245.59,0.8149,1410,-28.28,False,False
48,44.4,64,2048,4096,1050,300,1.1329,190.94,245.59,0.8149,1410,-22.25,False,False
48,44.4,64,2048,4096,1050,510,1.0051,180.13,245.59,0.8149,1410,-26.65,False,False
48,44.4,64,2048,4096,1050,705,0.8870,170.27,245.59,0.8149,1410,-30.67,False,False
48,44.4,64,2048,4096,1050,900,0.7388,157.17,245.59,0.8149,1410,-36.00,False,False
48,44.4,64,2048,4096,1050,1050,0.7388,154.12,245.59,0.8149,1410,-37.25,True,True
48,44.4,64,2048,4096,1050,1200,0.7388,159.13,245.59,0.8149,1410,-35.20,False,False
48,44.4,64,2048,4096,1050,1305,0.7388,160.33,245.59,0.8149,1410,-34.72,False,False
48,44.4,64,2048,4096,1050,1410,0.7388,170.21,245.59,0.8149,1410,-30.69,False,False
48,44.4,64,2048,4096,1200,300,1.1329,209.16,245.59,0.8149,1410,-14.83,False,False
48,44.4,64,2048,4096,1200,510,1.0051,198.05,245.59,0.8149,1410,-19.36,False,False
48,44.4,64,2048,4096,1200,705,0.8870,187.92,245.59,0.8149,1410,-23.48,False,False
48,44.4,64,2048,4096,1200,900,0.7248,173.56,245.59,0.8149,1410,-29.33,False,False
48,44.4,64,2048,4096,1200,1050,0.6519,165.53,245.59,0.8149,1410,-32.60,False,False
48,44.4,64,2048,4096,1200,1200,0.6519,170.39,245.59,0.8149,1410,-30.62,False,False
48,44.4,64,2048,4096,1200,1305,0.6519,171.29,245.59,0.8149,1410,-30.25,False,False
48,44.4,64,2048,4096,1200,1410,0.6519,180.86,245.59,0.8149,1410,-26.36,False,False
48,44.4,64,2048,4096,1305,300,1.1329,226.32,245.59,0.8149,1410,-7.85,False,False
48,44.4,64,2048,4096,1305,510,1.0051,214.65,245.59,0.8149,1410,-12.60,False,False
48,44.4,64,2048,4096,1305,705,0.8870,204.01,245.59,0.8149,1410,-16.93,False,False
48,44.4,64,2048,4096,1305,900,0.7248,188.94,245.59,0.8149,1410,-23.07,False,False
48,44.4,64,2048,4096,1305,1050,0.6363,179.47,245.59,0.8149,1410,-26.92,False,False
48,44.4,64,2048,4096,1305,1200,0.6029,181.82,245.59,0.8149,1410,-25.96,False,False
48,44.4,64,2048,4096,1305,1305,0.6029,182.55,245.59,0.8149,1410,-25.67,False,False
48,44.4,64,2048,4096,1305,1410,0.6029,191.95,245.59,0.8149,1410,-21.84,False,False
48,44.4,64,2048,8192,300,300,5.5738,639.44,642.83,1.6187,1320,-0.53,False,False
48,44.4,64,2048,8192,300,510,5.4715,633.17,642.83,1.6187,1320,-1.50,False,False
48,44.4,64,2048,8192,300,705,5.3770,628.80,642.83,1.6187,1320,-2.18,False,False
48,44.4,64,2048,8192,300,900,5.2473,621.48,642.83,1.6187,1320,-3.32,False,False
48,44.4,64,2048,8192,300,1050,5.1765,622.47,642.83,1.6187,1320,-3.17,False,False
48,44.4,64,2048,8192,300,1200,5.1347,633.07,642.83,1.6187,1320,-1.52,False,False
48,44.4,64,2048,8192,300,1305,5.1212,648.73,642.83,1.6187,1320,+0.92,False,False
48,44.4,64,2048,8192,300,1410,5.1157,673.53,642.83,1.6187,1320,+4.78,False,False
48,44.4,64,2048,8192,510,300,3.6710,524.18,642.83,1.6187,1320,-18.46,False,False
48,44.4,64,2048,8192,510,510,3.5688,516.80,642.83,1.6187,1320,-19.61,False,False
48,44.4,64,2048,8192,510,705,3.4743,510.86,642.83,1.6187,1320,-20.53,False,False
48,44.4,64,2048,8192,510,900,3.3445,501.78,642.83,1.6187,1320,-21.94,False,False
48,44.4,64,2048,8192,510,1050,3.2738,499.21,642.83,1.6187,1320,-22.34,False,False
48,44.4,64,2048,8192,510,1200,3.2320,506.27,642.83,1.6187,1320,-21.24,False,False
48,44.4,64,2048,8192,510,1305,3.2185,515.28,642.83,1.6187,1320,-19.84,False,False
48,44.4,64,2048,8192,510,1410,3.2130,533.43,642.83,1.6187,1320,-17.02,False,False
48,44.4,64,2048,8192,705,300,2.9173,480.97,642.83,1.6187,1320,-25.18,False,False
48,44.4,64,2048,8192,705,510,2.8151,473.07,642.83,1.6187,1320,-26.41,False,False
48,44.4,64,2048,8192,705,705,2.7206,466.45,642.83,1.6187,1320,-27.44,False,False
48,44.4,64,2048,8192,705,900,2.5908,456.58,642.83,1.6187,1320,-28.97,False,False
48,44.4,64,2048,8192,705,1050,2.5201,452.54,642.83,1.6187,1320,-29.60,False,False
48,44.4,64,2048,8192,705,1200,2.4783,458.17,642.83,1.6187,1320,-28.73,False,False
48,44.4,64,2048,8192,705,1305,2.4648,464.54,642.83,1.6187,1320,-27.74,False,False
48,44.4,64,2048,8192,705,1410,2.4593,480.05,642.83,1.6187,1320,-25.32,False,False
48,44.4,64,2048,8192,900,300,2.4899,460.44,642.83,1.6187,1320,-28.37,False,False
48,44.4,64,2048,8192,900,510,2.3877,452.19,642.83,1.6187,1320,-29.66,False,False
48,44.4,64,2048,8192,900,705,2.2932,445.13,642.83,1.6187,1320,-30.75,False,False
48,44.4,64,2048,8192,900,900,2.1634,434.74,642.83,1.6187,1320,-32.37,False,False
48,44.4,64,2048,8192,900,1050,2.0927,429.84,642.83,1.6187,1320,-33.13,False,False
48,44.4,64,2048,8192,900,1200,2.0509,434.63,642.83,1.6187,1320,-32.39,False,False
48,44.4,64,2048,8192,900,1305,2.0374,439.49,642.83,1.6187,1320,-31.63,False,False
48,44.4,64,2048,8192,900,1410,2.0319,453.50,642.83,1.6187,1320,-29.45,False,False
48,44.4,64,2048,8192,1050,300,2.2714,455.13,642.83,1.6187,1320,-29.20,False,False
48,44.4,64,2048,8192,1050,510,2.1691,446.53,642.83,1.6187,1320,-30.54,False,False
48,44.4,64,2048,8192,1050,705,2.0746,439.08,642.83,1.6187,1320,-31.70,False,False
48,44.4,64,2048,8192,1050,900,1.9449,428.20,642.83,1.6187,1320,-33.39,False,False
48,44.4,64,2048,8192,1050,1050,1.8741,422.73,642.83,1.6187,1320,-34.24,True,True
48,44.4,64,2048,8192,1050,1200,1.8323,427.02,642.83,1.6187,1320,-33.57,False,False
48,44.4,64,2048,8192,1050,1305,1.8189,431.09,642.83,1.6187,1320,-32.94,False,False
48,44.4,64,2048,8192,1050,1410,1.8133,444.33,642.83,1.6187,1320,-30.88,False,False
48,44.4,64,2048,8192,1200,300,2.1064,513.66,642.83,1.6187,1320,-20.09,False,False
48,44.4,64,2048,8192,1200,510,2.0041,504.73,642.83,1.6187,1320,-21.48,False,False
48,44.4,64,2048,8192,1200,705,1.9096,496.93,642.83,1.6187,1320,-22.70,False,False
48,44.4,64,2048,8192,1200,900,1.7799,485.61,642.83,1.6187,1320,-24.46,False,False
48,44.4,64,2048,8192,1200,1050,1.7091,479.67,642.83,1.6187,1320,-25.38,False,False
48,44.4,64,2048,8192,1200,1200,1.6673,483.56,642.83,1.6187,1320,-24.78,False,False
48,44.4,64,2048,8192,1200,1305,1.6538,487.02,642.83,1.6187,1320,-24.24,False,False
48,44.4,64,2048,8192,1200,1410,1.6483,499.67,642.83,1.6187,1320,-22.27,False,False
48,44.4,64,4096,4096,300,300,3.3240,380.68,412.58,1.0923,1410,-7.73,False,False
48,44.4,64,4096,4096,300,510,3.2218,373.17,412.58,1.0923,1410,-9.55,False,False
48,44.4,64,4096,4096,300,705,3.1273,367.03,412.58,1.0923,1410,-11.04,False,False
48,44.4,64,4096,4096,300,900,2.9975,357.73,412.58,1.0923,1410,-13.29,False,False
48,44.4,64,4096,4096,300,1050,2.9268,354.57,412.58,1.0923,1410,-14.06,False,False
48,44.4,64,4096,4096,300,1200,2.8850,361.02,412.58,1.0923,1410,-12.50,False,False
48,44.4,64,4096,4096,300,1305,2.8715,368.83,412.58,1.0923,1410,-10.61,False,False
48,44.4,64,4096,4096,300,1410,2.8660,385.77,412.58,1.0923,1410,-6.50,False,False
48,44.4,64,4096,4096,510,300,2.3477,321.21,412.58,1.0923,1410,-22.15,False,False
48,44.4,64,4096,4096,510,510,2.2454,313.10,412.58,1.0923,1410,-24.11,False,False
48,44.4,64,4096,4096,510,705,2.1509,306.12,412.58,1.0923,1410,-25.80,False,False
48,44.4,64,4096,4096,510,900,2.0212,295.87,412.58,1.0923,1410,-28.29,False,False
48,44.4,64,4096,4096,510,1050,1.9504,290.86,412.58,1.0923,1410,-29.50,False,False
48,44.4,64,4096,4096,510,1200,1.9086,295.48,412.58,1.0923,1410,-28.38,False,False
48,44.4,64,4096,4096,510,1305,1.8951,299.87,412.58,1.0923,1410,-27.32,False,False
48,44.4,64,4096,4096,510,1410,1.8896,313.39,412.58,1.0923,1410,-24.04,False,False
48,44.4,64,4096,4096,705,300,1.8963,295.86,412.58,1.0923,1410,-28.29,False,False
48,44.4,64,4096,4096,705,510,1.8576,291.11,412.58,1.0923,1410,-29.44,False,False
48,44.4,64,4096,4096,705,705,1.7631,283.74,412.58,1.0923,1410,-31.23,False,False
48,44.4,64,4096,4096,705,900,1.6333,273.03,412.58,1.0923,1410,-33.83,False,False
48,44.4,64,4096,4096,705,1050,1.5626,267.22,412.58,1.0923,1410,-35.23,False,False
48,44.4,64,4096,4096,705,1200,1.5208,271.09,412.58,1.0923,1410,-34.29,False,False
48,44.4,64,4096,4096,705,1305,1.5073,274.11,412.58,1.0923,1410,-33.56,False,False
48,44.4,64,4096,4096,705,1410,1.5018,286.28,412.58,1.0923,1410,-30.61,False,False
48,44.4,64,4096,4096,900,300,1.4988,274.92,412.58,1.0923,1410,-33.37,False,False
48,44.4,64,4096,4096,900,510,1.4988,272.23,412.58,1.0923,1410,-34.02,False,False
48,44.4,64,4096,4096,900,705,1.4988,270.18,412.58,1.0923,1410,-34.51,False,False
48,44.4,64,4096,4096,900,900,1.4125,261.76,412.58,1.0923,1410,-36.56,False,False
48,44.4,64,4096,4096,900,1050,1.3417,255.47,412.58,1.0923,1410,-38.08,False,False
48,44.4,64,4096,4096,900,1200,1.2999,258.88,412.58,1.0923,1410,-37.25,False,False
48,44.4,64,4096,4096,900,1305,1.2864,261.11,412.58,1.0923,1410,-36.71,False,False
48,44.4,64,4096,4096,900,1410,1.2809,272.51,412.58,1.0923,1410,-33.95,False,False
48,44.4,64,4096,4096,1050,300,1.2942,266.84,412.58,1.0923,1410,-35.33,False,False
48,44.4,64,4096,4096,1050,510,1.2942,264.03,412.58,1.0923,1410,-36.00,False,False
48,44.4,64,4096,4096,1050,705,1.2942,261.83,412.58,1.0923,1410,-36.54,False,False
48,44.4,64,4096,4096,1050,900,1.2942,258.52,412.58,1.0923,1410,-37.34,False,False
48,44.4,64,4096,4096,1050,1050,1.2281,252.15,412.58,1.0923,1410,-38.88,True,True
48,44.4,64,4096,4096,1050,1200,1.1863,255.25,412.58,1.0923,1410,-38.13,False,False
48,44.4,64,4096,4096,1050,1305,1.1728,257.06,412.58,1.0923,1410,-37.69,False,False
48,44.4,64,4096,4096,1050,1410,1.1673,268.04,412.58,1.0923,1410,-35.03,False,False
48,44.4,64,4096,4096,1200,300,1.1369,292.51,412.58,1.0923,1410,-29.10,False,False
48,44.4,64,4096,4096,1200,510,1.1369,289.63,412.58,1.0923,1410,-29.80,False,False
48,44.4,64,4096,4096,1200,705,1.1369,287.29,412.58,1.0923,1410,-30.37,False,False
48,44.4,64,4096,4096,1200,900,1.1369,283.85,412.58,1.0923,1410,-31.20,False,False
48,44.4,64,4096,4096,1200,1050,1.1369,281.52,412.58,1.0923,1410,-31.77,False,False
48,44.4,64,4096,4096,1200,1200,1.0989,284.62,412.58,1.0923,1410,-31.01,False,False
48,44.4,64,4096,4096,1200,1305,1.0854,286.10,412.58,1.0923,1410,-30.66,False,False
48,44.4,64,4096,4096,1200,1410,1.0799,296.76,412.58,1.0923,1410,-28.07,False,False
48,44.4,64,8192,8192,300,300,18.5390,2180.85,1927.73,4.8418,1230,+13.13,False,False
48,44.4,64,8192,8192,300,510,18.4314,2181.39,1927.73,4.8418,1230,+13.16,False,False
48,44.4,64,8192,8192,300,705,18.3319,2186.96,1927.73,4.8418,1230,+13.45,False,False
48,44.4,64,8192,8192,300,900,18.1954,2190.64,1927.73,4.8418,1230,+13.64,False,False
48,44.4,64,8192,8192,300,1050,18.1209,2215.29,1927.73,4.8418,1230,+14.92,False,False
48,44.4,64,8192,8192,300,1200,18.0769,2249.64,1927.73,4.8418,1230,+16.70,False,False
48,44.4,64,8192,8192,300,1305,18.0627,2310.45,1927.73,4.8418,1230,+19.85,False,False
48,44.4,64,8192,8192,300,1410,18.0569,2380.41,1927.73,4.8418,1230,+23.48,False,False
48,44.4,64,8192,8192,510,300,11.3218,1742.89,1927.73,4.8418,1230,-9.59,False,False
48,44.4,64,8192,8192,510,510,11.2141,1739.40,1927.73,4.8418,1230,-9.77,False,False
48,44.4,64,8192,8192,510,705,11.1147,1739.20,1927.73,4.8418,1230,-9.78,False,False
48,44.4,64,8192,8192,510,900,10.9781,1736.44,1927.73,4.8418,1230,-9.92,False,False
48,44.4,64,8192,8192,510,1050,10.9036,1747.72,1927.73,4.8418,1230,-9.34,False,False
48,44.4,64,8192,8192,510,1200,10.8596,1768.72,1927.73,4.8418,1230,-8.25,False,False
48,44.4,64,8192,8192,510,1305,10.8454,1804.32,1927.73,4.8418,1230,-6.40,False,False
48,44.4,64,8192,8192,510,1410,10.8396,1849.08,1927.73,4.8418,1230,-4.08,False,False
48,44.4,64,8192,8192,705,300,8.4690,1581.39,1927.73,4.8418,1230,-17.97,False,False
48,44.4,64,8192,8192,705,510,8.3613,1576.22,1927.73,4.8418,1230,-18.23,False,False
48,44.4,64,8192,8192,705,705,8.2618,1573.68,1927.73,4.8418,1230,-18.37,False,False
48,44.4,64,8192,8192,705,900,8.1253,1568.27,1927.73,4.8418,1230,-18.65,False,False
48,44.4,64,8192,8192,705,1050,8.0508,1574.22,1927.73,4.8418,1230,-18.34,False,False
48,44.4,64,8192,8192,705,1200,8.0068,1589.91,1927.73,4.8418,1230,-17.52,False,False
48,44.4,64,8192,8192,705,1305,7.9926,1615.53,1927.73,4.8418,1230,-16.20,False,False
48,44.4,64,8192,8192,705,1410,7.9868,1650.33,1927.73,4.8418,1230,-14.39,False,False
48,44.4,64,8192,8192,900,300,6.8508,1498.21,1927.73,4.8418,1230,-22.28,False,False
48,44.4,64,8192,8192,900,510,6.7431,1492.03,1927.73,4.8418,1230,-22.60,False,False
48,44.4,64,8192,8192,900,705,6.6437,1488.11,1927.73,4.8418,1230,-22.81,False,False
48,44.4,64,8192,8192,900,900,6.5071,1481.12,1927.73,4.8418,1230,-23.17,False,False
48,44.4,64,8192,8192,900,1050,6.4326,1484.00,1927.73,4.8418,1230,-23.02,False,False
48,44.4,64,8192,8192,900,1200,6.3886,1496.66,1927.73,4.8418,1230,-22.36,False,False
48,44.4,64,8192,8192,900,1305,6.3744,1516.62,1927.73,4.8418,1230,-21.33,False,False
48,44.4,64,8192,8192,900,1410,6.3686,1545.75,1927.73,4.8418,1230,-19.81,False,False
48,44.4,64,8192,8192,1050,300,6.0273,1482.87,1927.73,4.8418,1230,-23.08,False,False
48,44.4,64,8192,8192,1050,510,5.9196,1475.99,1927.73,4.8418,1230,-23.43,False,False
48,44.4,64,8192,8192,1050,705,5.8202,1471.19,1927.73,4.8418,1230,-23.68,False,False
48,44.4,64,8192,8192,1050,900,5.6836,1463.17,1927.73,4.8418,1230,-24.10,True,False
48,44.4,64,8192,8192,1050,1050,5.6091,1464.35,1927.73,4.8418,1230,-24.04,False,True
48,44.4,64,8192,8192,1050,1200,5.5651,1475.39,1927.73,4.8418,1230,-23.46,False,False
48,44.4,64,8192,8192,1050,1305,5.5509,1492.44,1927.73,4.8418,1230,-22.58,False,False
48,44.4,64,8192,8192,1050,1410,5.5451,1518.69,1927.73,4.8418,1230,-21.22,False,False
48,44.4,64,8192,8192,1200,300,5.4029,1713.64,1927.73,4.8418,1230,-11.11,False,False
48,44.4,64,8192,8192,1200,510,5.2953,1706.17,1927.73,4.8418,1230,-11.49,False,False
48,44.4,64,8192,8192,1200,705,5.1958,1700.64,1927.73,4.8418,1230,-11.78,False,False
48,44.4,64,8192,8192,1200,900,5.0592,1691.76,1927.73,4.8418,1230,-12.24,False,False
48,44.4,64,8192,8192,1200,1050,4.9847,1691.62,1927.73,4.8418,1230,-12.25,False,False
48,44.4,64,8192,8192,1200,1200,4.9407,1701.41,1927.73,4.8418,1230,-11.74,False,False
48,44.4,64,8192,8192,1200,1305,4.9265,1716.24,1927.73,4.8418,1230,-10.97,False,False
48,44.4,64,8192,8192,1200,1410,4.9207,1740.30,1927.73,4.8418,1230,-9.72,False,False
48,44.4,128,1024,4096,300,300,1.9835,249.61,247.47,1.1384,1410,+0.87,False,False
48,44.4,128,1024,4096,300,510,1.8381,238.51,247.47,1.1384,1410,-3.62,False,False
48,44.4,128,1024,4096,300,705,1.6160,220.47,247.47,1.1384,1410,-10.91,False,False
48,44.4,128,1024,4096,300,900,1.4882,206.19,247.47,1.1384,1410,-16.68,False,False
48,44.4,128,1024,4096,300,1050,1.4882,202.55,247.47,1.1384,1410,-18.15,False,False
48,44.4,128,1024,4096,300,1200,1.4882,210.73,247.47,1.1384,1410,-14.85,False,False
48,44.4,128,1024,4096,300,1305,1.4882,217.06,247.47,1.1384,1410,-12.29,False,False
48,44.4,128,1024,4096,300,1410,1.4882,229.99,247.47,1.1384,1410,-7.06,False,False
48,44.4,128,1024,4096,510,300,1.9835,248.39,247.47,1.1384,1410,+0.37,False,False
48,44.4,128,1024,4096,510,510,1.8381,237.18,247.47,1.1384,1410,-4.16,False,False
48,44.4,128,1024,4096,510,705,1.6160,218.99,247.47,1.1384,1410,-11.51,False,False
48,44.4,128,1024,4096,510,900,1.3252,194.96,247.47,1.1384,1410,-21.22,False,False
48,44.4,128,1024,4096,510,1050,1.1596,180.91,247.47,1.1384,1410,-26.90,True,False
48,44.4,128,1024,4096,510,1200,1.0792,183.41,247.47,1.1384,1410,-25.89,False,False
48,44.4,128,1024,4096,510,1305,1.0517,186.49,247.47,1.1384,1410,-24.64,False,False
48,44.4,128,1024,4096,510,1410,1.0343,196.68,247.47,1.1384,1410,-20.52,False,False
48,44.4,128,1024,4096,705,300,1.9835,249.46,247.47,1.1384,1410,+0.80,False,False
48,44.4,128,1024,4096,705,510,1.8381,238.11,247.47,1.1384,1410,-3.78,False,False
48,44.4,128,1024,4096,705,705,1.6160,219.70,247.47,1.1384,1410,-11.22,False,False
48,44.4,128,1024,4096,705,900,1.3252,195.38,247.47,1.1384,1410,-21.05,False,False
48,44.4,128,1024,4096,705,1050,1.1596,181.16,247.47,1.1384,1410,-26.79,False,False
48,44.4,128,1024,4096,705,1200,1.0792,183.59,247.47,1.1384,1410,-25.81,False,False
48,44.4,128,1024,4096,705,1305,1.0517,186.64,247.47,1.1384,1410,-24.58,False,False
48,44.4,128,1024,4096,705,1410,1.0343,196.81,247.47,1.1384,1410,-20.47,False,False
48,44.4,128,1024,4096,900,300,1.9835,251.33,247.47,1.1384,1410,+1.56,False,False
48,44.4,128,1024,4096,900,510,1.8381,239.82,247.47,1.1384,1410,-3.09,False,False
48,44.4,128,1024,4096,900,705,1.6160,221.17,247.47,1.1384,1410,-10.63,False,False
48,44.4,128,1024,4096,900,900,1.3252,196.53,247.47,1.1384,1410,-20.58,False,False
48,44.4,128,1024,4096,900,1050,1.1596,182.13,247.47,1.1384,1410,-26.40,False,False
48,44.4,128,1024,4096,900,1200,1.0792,184.47,247.47,1.1384,1410,-25.46,False,False
48,44.4,128,1024,4096,900,1305,1.0517,187.49,247.47,1.1384,1410,-24.23,False,False
48,44.4,128,1024,4096,900,1410,1.0343,197.65,247.47,1.1384,1410,-20.13,False,False
48,44.4,128,1024,4096,1050,300,1.9835,255.79,247.47,1.1384,1410,+3.36,False,False
48,44.4,128,1024,4096,1050,510,1.8381,243.94,247.47,1.1384,1410,-1.42,False,False
48,44.4,128,1024,4096,1050,705,1.6160,224.78,247.47,1.1384,1410,-9.17,False,False
48,44.4,128,1024,4096,1050,900,1.3252,199.47,247.47,1.1384,1410,-19.40,False,False
48,44.4,128,1024,4096,1050,1050,1.1596,184.69,247.47,1.1384,1410,-25.37,False,True
48,44.4,128,1024,4096,1050,1200,1.0792,186.84,247.47,1.1384,1410,-24.50,False,False
48,44.4,128,1024,4096,1050,1305,1.0517,189.80,247.47,1.1384,1410,-23.30,False,False
48,44.4,128,1024,4096,1050,1410,1.0343,199.91,247.47,1.1384,1410,-19.22,False,False
48,44.4,128,1024,4096,1200,300,1.9835,267.78,247.47,1.1384,1410,+8.21,False,False
48,44.4,128,1024,4096,1200,510,1.8381,255.60,247.47,1.1384,1410,+3.29,False,False
48,44.4,128,1024,4096,1200,705,1.6160,235.92,247.47,1.1384,1410,-4.66,False,False
48,44.4,128,1024,4096,1200,900,1.3252,209.94,247.47,1.1384,1410,-15.16,False,False
48,44.4,128,1024,4096,1200,1050,1.1596,194.78,247.47,1.1384,1410,-21.29,False,False
48,44.4,128,1024,4096,1200,1200,1.0792,196.75,247.47,1.1384,1410,-20.50,False,False
48,44.4,128,1024,4096,1200,1305,1.0517,199.64,247.47,1.1384,1410,-19.32,False,False
48,44.4,128,1024,4096,1200,1410,1.0343,209.72,247.47,1.1384,1410,-15.25,False,False
48,44.4,128,1024,4096,1305,300,1.9835,281.60,247.47,1.1384,1410,+13.80,False,False
48,44.4,128,1024,4096,1305,510,1.8381,268.79,247.47,1.1384,1410,+8.62,False,False
48,44.4,128,1024,4096,1305,705,1.6160,248.14,247.47,1.1384,1410,+0.27,False,False
48,44.4,128,1024,4096,1305,900,1.3252,220.89,247.47,1.1384,1410,-10.74,False,False
48,44.4,128,1024,4096,1305,1050,1.1596,205.01,247.47,1.1384,1410,-17.16,False,False
48,44.4,128,1024,4096,1305,1200,1.0792,206.62,247.47,1.1384,1410,-16.51,False,False
48,44.4,128,1024,4096,1305,1305,1.0517,209.40,247.47,1.1384,1410,-15.38,False,False
48,44.4,128,1024,4096,1305,1410,1.0343,219.40,247.47,1.1384,1410,-11.34,False,False
48,44.4,128,1024,4096,1410,300,1.9835,304.18,247.47,1.1384,1410,+22.92,False,False
48,44.4,128,1024,4096,1410,510,1.8381,290.73,247.47,1.1384,1410,+17.48,False,False
48,44.4,128,1024,4096,1410,705,1.6160,269.11,247.47,1.1384,1410,+8.75,False,False
48,44.4,128,1024,4096,1410,900,1.3252,240.59,247.47,1.1384,1410,-2.78,False,False
48,44.4,128,1024,4096,1410,1050,1.1596,223.98,247.47,1.1384,1410,-9.49,False,False
48,44.4,128,1024,4096,1410,1200,1.0792,225.25,247.47,1.1384,1410,-8.98,False,False
48,44.4,128,1024,4096,1410,1305,1.0517,227.90,247.47,1.1384,1410,-7.90,False,False
48,44.4,128,1024,4096,1410,1410,1.0343,237.83,247.47,1.1384,1410,-3.90,False,False
48,44.4,128,1024,8192,300,300,4.0502,472.26,461.55,1.4939,1410,+2.32,False,False
48,44.4,128,1024,8192,300,510,3.9338,463.95,461.55,1.4939,1410,+0.52,False,False
48,44.4,128,1024,8192,300,705,3.7562,450.12,461.55,1.4939,1410,-2.48,False,False
48,44.4,128,1024,8192,300,900,3.5235,431.58,461.55,1.4939,1410,-6.49,False,False
48,44.4,128,1024,8192,300,1050,3.3910,423.70,461.55,1.4939,1410,-8.20,False,False
48,44.4,128,1024,8192,300,1200,3.3267,431.38,461.55,1.4939,1410,-6.54,False,False
48,44.4,128,1024,8192,300,1305,3.3047,442.69,461.55,1.4939,1410,-4.09,False,False
48,44.4,128,1024,8192,300,1410,3.2908,461.00,461.55,1.4939,1410,-0.12,False,False
48,44.4,128,1024,8192,510,300,2.6496,388.75,461.55,1.4939,1410,-15.77,False,False
48,44.4,128,1024,8192,510,510,2.6496,386.29,461.55,1.4939,1410,-16.31,False,False
48,44.4,128,1024,8192,510,705,2.6496,381.70,461.55,1.4939,1410,-17.30,False,False
48,44.4,128,1024,8192,510,900,2.5321,368.86,461.55,1.4939,1410,-20.08,False,False
48,44.4,128,1024,8192,510,1050,2.3997,359.06,461.55,1.4939,1410,-22.21,False,False
48,44.4,128,1024,8192,510,1200,2.3353,364.86,461.55,1.4939,1410,-20.95,False,False
48,44.4,128,1024,8192,510,1305,2.3134,372.69,461.55,1.4939,1410,-19.25,False,False
48,44.4,128,1024,8192,510,1410,2.2995,387.53,461.55,1.4939,1410,-16.04,False,False
48,44.4,128,1024,8192,705,300,1.9835,350.75,461.55,1.4939,1410,-24.01,False,False
48,44.4,128,1024,8192,705,510,1.9446,345.64,461.55,1.4939,1410,-25.11,False,False
48,44.4,128,1024,8192,705,705,1.9446,340.50,461.55,1.4939,1410,-26.23,False,False
48,44.4,128,1024,8192,705,900,1.9446,334.00,461.55,1.4939,1410,-27.64,False,False
48,44.4,128,1024,8192,705,1050,1.9446,331.21,461.55,1.4939,1410,-28.24,False,False
48,44.4,128,1024,8192,705,1200,1.9436,340.16,461.55,1.4939,1410,-26.30,False,False
48,44.4,128,1024,8192,705,1305,1.9217,346.61,461.55,1.4939,1410,-24.90,False,False
48,44.4,128,1024,8192,705,1410,1.9078,360.07,461.55,1.4939,1410,-21.99,False,False
48,44.4,128,1024,8192,900,300,1.9835,353.23,461.55,1.4939,1410,-23.47,False,False
48,44.4,128,1024,8192,900,510,1.8381,341.72,461.55,1.4939,1410,-25.96,False,False
48,44.4,128,1024,8192,900,705,1.6160,323.07,461.55,1.4939,1410,-30.00,False,False
48,44.4,128,1024,8192,900,900,1.5414,311.70,461.55,1.4939,1410,-32.47,False,False
48,44.4,128,1024,8192,900,1050,1.5414,308.16,461.55,1.4939,1410,-33.23,False,False
48,44.4,128,1024,8192,900,1200,1.5414,316.43,461.55,1.4939,1410,-31.44,False,False
48,44.4,128,1024,8192,900,1305,1.5414,322.95,461.55,1.4939,1410,-30.03,False,False
48,44.4,128,1024,8192,900,1410,1.5414,336.07,461.55,1.4939,1410,-27.19,False,False
48,44.4,128,1024,8192,1050,300,1.9835,359.01,461.55,1.4939,1410,-22.22,False,False
48,44.4,128,1024,8192,1050,510,1.8381,347.17,461.55,1.4939,1410,-24.78,False,False
48,44.4,128,1024,8192,1050,705,1.6160,328.00,461.55,1.4939,1410,-28.93,False,False
48,44.4,128,1024,8192,1050,900,1.3346,303.30,461.55,1.4939,1410,-34.29,False,False
48,44.4,128,1024,8192,1050,1050,1.3346,299.38,461.55,1.4939,1410,-35.14,True,True
48,44.4,128,1024,8192,1050,1200,1.3346,307.27,461.55,1.4939,1410,-33.43,False,False
48,44.4,128,1024,8192,1050,1305,1.3346,313.07,461.55,1.4939,1410,-32.17,False,False
48,44.4,128,1024,8192,1050,1410,1.3346,325.46,461.55,1.4939,1410,-29.49,False,False
48,44.4,128,1024,8192,1200,300,1.9835,395.30,461.55,1.4939,1410,-14.35,False,False
48,44.4,128,1024,8192,1200,510,1.8381,383.12,461.55,1.4939,1410,-16.99,False,False
48,44.4,128,1024,8192,1200,705,1.6160,363.44,461.55,1.4939,1410,-21.26,False,False
48,44.4,128,1024,8192,1200,900,1.3252,337.46,461.55,1.4939,1410,-26.89,False,False
48,44.4,128,1024,8192,1200,1050,1.1739,323.27,461.55,1.4939,1410,-29.96,False,False
48,44.4,128,1024,8192,1200,1200,1.1739,330.86,461.55,1.4939,1410,-28.32,False,False
48,44.4,128,1024,8192,1200,1305,1.1739,336.10,461.55,1.4939,1410,-27.18,False,False
48,44.4,128,1024,8192,1200,1410,1.1739,347.93,461.55,1.4939,1410,-24.62,False,False
48,44.4,128,2048,4096,300,300,2.4425,309.13,324.12,1.2501,1410,-4.62,False,False
48,44.4,128,2048,4096,300,510,2.4425,306.56,324.12,1.2501,1410,-5.42,False,False
48,44.4,128,2048,4096,300,705,2.4425,301.81,324.12,1.2501,1410,-6.88,False,False
48,44.4,128,2048,4096,300,900,2.3489,290.26,324.12,1.2501,1410,-10.45,False,False
48,44.4,128,2048,4096,300,1050,2.2386,281.55,324.12,1.2501,1410,-13.13,False,False
48,44.4,128,2048,4096,300,1200,2.1849,287.77,324.12,1.2501,1410,-11.22,False,False
48,44.4,128,2048,4096,300,1305,2.1666,295.33,324.12,1.2501,1410,-8.88,False,False
48,44.4,128,2048,4096,300,1410,2.1550,309.83,324.12,1.2501,1410,-4.41,False,False
48,44.4,128,2048,4096,510,300,1.9835,280.90,324.12,1.2501,1410,-13.33,False,False
48,44.4,128,2048,4096,510,510,1.8381,269.70,324.12,1.2501,1410,-16.79,False,False
48,44.4,128,2048,4096,510,705,1.6160,251.51,324.12,1.2501,1410,-22.40,False,False
48,44.4,128,2048,4096,510,900,1.4643,235.72,324.12,1.2501,1410,-27.27,False,False
48,44.4,128,2048,4096,510,1050,1.4643,232.04,324.12,1.2501,1410,-28.41,False,False
48,44.4,128,2048,4096,510,1200,1.4643,240.17,324.12,1.2501,1410,-25.90,False,False
48,44.4,128,2048,4096,510,1305,1.4643,246.42,324.12,1.2501,1410,-23.97,False,False
48,44.4,128,2048,4096,510,1410,1.4643,259.27,324.12,1.2501,1410,-20.01,False,False
48,44.4,128,2048,4096,705,300,1.9835,281.73,324.12,1.2501,1410,-13.08,False,False
48,44.4,128,2048,4096,705,510,1.8381,270.38,324.12,1.2501,1410,-16.58,False,False
48,44.4,128,2048,4096,705,705,1.6160,251.97,324.12,1.2501,1410,-22.26,False,False
48,44.4,128,2048,4096,705,900,1.3252,227.65,324.12,1.2501,1410,-29.76,False,False
48,44.4,128,2048,4096,705,1050,1.1596,213.43,324.12,1.2501,1410,-34.15,True,False
48,44.4,128,2048,4096,705,1200,1.0792,215.86,324.12,1.2501,1410,-33.40,False,False
48,44.4,128,2048,4096,705,1305,1.0734,220.38,324.12,1.2501,1410,-32.01,False,False
48,44.4,128,2048,4096,705,1410,1.0734,231.86,324.12,1.2501,1410,-28.47,False,False
48,44.4,128,2048,4096,900,300,1.9835,283.86,324.12,1.2501,1410,-12.42,False,False
48,44.4,128,2048,4096,900,510,1.8381,272.35,324.12,1.2501,1410,-15.97,False,False
48,44.4,128,2048,4096,900,705,1.6160,253.70,324.12,1.2501,1410,-21.73,False,False
48,44.4,128,2048,4096,900,900,1.3252,229.06,324.12,1.2501,1410,-29.33,False,False
48,44.4,128,2048,4096,900,1050,1.1596,214.66,324.12,1.2501,1410,-33.77,False,False
48,44.4,128,2048,4096,900,1200,1.0792,216.99,324.12,1.2501,1410,-33.05,False,False
48,44.4,128,2048,4096,900,1305,1.0517,220.02,324.12,1.2501,1410,-32.12,False,False
48,44.4,128,2048,4096,900,1410,1.0343,230.17,324.12,1.2501,1410,-28.98,False,False
48,44.4,128,2048,4096,1050,300,1.9835,288.89,324.12,1.2501,1410,-10.87,False,False
48,44.4,128,2048,4096,1050,510,1.8381,277.05,324.12,1.2501,1410,-14.52,False,False
48,44.4,128,2048,4096,1050,705,1.6160,257.88,324.12,1.2501,1410,-20.44,False,False
48,44.4,128,2048,4096,1050,900,1.3252,232.57,324.12,1.2501,1410,-28.24,False,False
48,44.4,128,2048,4096,1050,1050,1.1596,217.79,324.12,1.2501,1410,-32.81,False,True
48,44.4,128,2048,4096,1050,1200,1.0792,219.94,324.12,1.2501,1410,-32.14,False,False
48,44.4,128,2048,4096,1050,1305,1.0517,222.90,324.12,1.2501,1410,-31.23,False,False
48,44.4,128,2048,4096,1050,1410,1.0343,233.02,324.12,1.2501,1410,-28.11,False,False
48,44.4,128,2048,4096,1200,300,1.9835,309.07,324.12,1.2501,1410,-4.64,False,False
48,44.4,128,2048,4096,1200,510,1.8381,296.89,324.12,1.2501,1410,-8.40,False,False
48,44.4,128,2048,4096,1200,705,1.6160,277.21,324.12,1.2501,1410,-14.47,False,False
48,44.4,128,2048,4096,1200,900,1.3252,251.23,324.12,1.2501,1410,-22.49,False,False
48,44.4,128,2048,4096,1200,1050,1.1596,236.07,324.12,1.2501,1410,-27.17,False,False
48,44.4,128,2048,4096,1200,1200,1.0792,238.03,324.12,1.2501,1410,-26.56,False,False
48,44.4,128,2048,4096,1200,1305,1.0517,240.93,324.12,1.2501,1410,-25.67,False,False
48,44.4,128,2048,4096,1200,1410,1.0343,251.01,324.12,1.2501,1410,-22.56,False,False
48,44.4,128,2048,4096,1305,300,1.9835,329.94,324.12,1.2501,1410,+1.80,False,False
48,44.4,128,2048,4096,1305,510,1.8381,317.13,324.12,1.2501,1410,-2.16,False,False
48,44.4,128,2048,4096,1305,705,1.6160,296.48,324.12,1.2501,1410,-8.53,False,False
48,44.4,128,2048,4096,1305,900,1.3252,269.23,324.12,1.2501,1410,-16.93,False,False
48,44.4,128,2048,4096,1305,1050,1.1596,253.35,324.12,1.2501,1410,-21.83,False,False
48,44.4,128,2048,4096,1305,1200,1.0792,254.96,324.12,1.2501,1410,-21.34,False,False
48,44.4,128,2048,4096,1305,1305,1.0517,257.74,324.12,1.2501,1410,-20.48,False,False
48,44.4,128,2048,4096,1305,1410,1.0343,267.74,324.12,1.2501,1410,-17.40,False,False
48,44.4,128,2048,8192,300,300,6.2543,723.48,775.84,2.0194,1395,-6.75,False,False
48,44.4,128,2048,8192,300,510,6.1379,716.38,775.84,2.0194,1395,-7.66,False,False
48,44.4,128,2048,8192,300,705,5.9603,704.29,775.84,2.0194,1395,-9.22,False,False
48,44.4,128,2048,8192,300,900,5.7276,687.69,775.84,2.0194,1395,-11.36,False,False
48,44.4,128,2048,8192,300,1050,5.5952,683.87,775.84,2.0194,1395,-11.85,False,False
48,44.4,128,2048,8192,300,1200,5.5308,695.62,775.84,2.0194,1395,-10.34,False,False
48,44.4,128,2048,8192,300,1305,5.5088,714.63,775.84,2.0194,1395,-7.89,False,False
48,44.4,128,2048,8192,300,1410,5.4949,740.63,775.84,2.0194,1395,-4.54,False,False
48,44.4,128,2048,8192,510,300,4.3515,608.69,775.84,2.0194,1395,-21.54,False,False
48,44.4,128,2048,8192,510,510,4.2352,600.46,775.84,2.0194,1395,-22.60,False,False
48,44.4,128,2048,8192,510,705,4.0576,586.75,775.84,2.0194,1395,-24.37,False,False
48,44.4,128,2048,8192,510,900,3.8249,568.32,775.84,2.0194,1395,-26.75,False,False
48,44.4,128,2048,8192,510,1050,3.6924,560.90,775.84,2.0194,1395,-27.70,False,False
48,44.4,128,2048,8192,510,1200,3.6281,569.09,775.84,2.0194,1395,-26.65,False,False
48,44.4,128,2048,8192,510,1305,3.6061,581.44,775.84,2.0194,1395,-25.06,False,False
48,44.4,128,2048,8192,510,1410,3.5922,600.79,775.84,2.0194,1395,-22.56,False,False
48,44.4,128,2048,8192,705,300,3.5978,566.15,775.84,2.0194,1395,-27.03,False,False
48,44.4,128,2048,8192,705,510,3.4815,557.39,775.84,2.0194,1395,-28.16,False,False
48,44.4,128,2048,8192,705,705,3.3038,542.91,775.84,2.0194,1395,-30.02,False,False
48,44.4,128,2048,8192,705,900,3.0711,523.59,775.84,2.0194,1395,-32.51,False,False
48,44.4,128,2048,8192,705,1050,2.9387,514.65,775.84,2.0194,1395,-33.67,False,False
48,44.4,128,2048,8192,705,1200,2.8743,521.38,775.84,2.0194,1395,-32.80,False,False
48,44.4,128,2048,8192,705,1305,2.8524,531.08,775.84,2.0194,1395,-31.55,False,False
48,44.4,128,2048,8192,705,1410,2.8385,547.78,775.84,2.0194,1395,-29.39,False,False
48,44.4,128,2048,8192,900,300,2.8505,527.45,775.84,2.0194,1395,-32.02,False,False
48,44.4,128,2048,8192,900,510,2.8505,525.09,775.84,2.0194,1395,-32.32,False,False
48,44.4,128,2048,8192,900,705,2.8505,520.67,775.84,2.0194,1395,-32.89,False,False
48,44.4,128,2048,8192,900,900,2.6438,502.28,775.84,2.0194,1395,-35.26,False,False
48,44.4,128,2048,8192,900,1050,2.5113,492.40,775.84,2.0194,1395,-36.53,False,False
48,44.4,128,2048,8192,900,1200,2.4469,498.28,775.84,2.0194,1395,-35.78,False,False
48,44.4,128,2048,8192,900,1305,2.4250,506.46,775.84,2.0194,1395,-34.72,False,False
48,44.4,128,2048,8192,900,1410,2.4111,521.66,775.84,2.0194,1395,-32.76,False,False
48,44.4,128,2048,8192,1050,300,2.4571,512.23,775.84,2.0194,1395,-33.98,False,False
48,44.4,128,2048,8192,1050,510,2.4571,509.66,775.84,2.0194,1395,-34.31,False,False
48,44.4,128,2048,8192,1050,705,2.4571,504.93,775.84,2.0194,1395,-34.92,False,False
48,44.4,128,2048,8192,1050,900,2.4252,496.84,775.84,2.0194,1395,-35.96,False,False
48,44.4,128,2048,8192,1050,1050,2.2928,486.26,775.84,2.0194,1395,-37.32,True,True
48,44.4,128,2048,8192,1050,1200,2.2284,491.58,775.84,2.0194,1395,-36.64,False,False
48,44.4,128,2048,8192,1050,1305,2.2065,498.95,775.84,2.0194,1395,-35.69,False,False
48,44.4,128,2048,8192,1050,1410,2.1925,513.35,775.84,2.0194,1395,-33.83,False,False
48,44.4,128,2048,8192,1200,300,2.1601,562.77,775.84,2.0194,1395,-27.46,False,False
48,44.4,128,2048,8192,1200,510,2.1601,560.04,775.84,2.0194,1395,-27.81,False,False
48,44.4,128,2048,8192,1200,705,2.1601,555.07,775.84,2.0194,1395,-28.46,False,False
48,44.4,128,2048,8192,1200,900,2.1601,548.76,775.84,2.0194,1395,-29.27,False,False
48,44.4,128,2048,8192,1200,1050,2.1277,544.17,775.84,2.0194,1395,-29.86,False,False
48,44.4,128,2048,8192,1200,1200,2.0634,549.04,775.84,2.0194,1395,-29.23,False,False
48,44.4,128,2048,8192,1200,1305,2.0414,555.77,775.84,2.0194,1395,-28.36,False,False
48,44.4,128,2048,8192,1200,1410,2.0275,569.57,775.84,2.0194,1395,-26.59,False,False
48,44.4,128,4096,4096,300,300,4.0045,464.72,480.56,1.4812,1410,-3.29,False,False
48,44.4,128,4096,4096,300,510,3.8882,456.38,480.56,1.4812,1410,-5.03,False,False
48,44.4,128,4096,4096,300,705,3.7105,442.52,480.56,1.4812,1410,-7.91,False,False
48,44.4,128,4096,4096,300,900,3.4778,423.94,480.56,1.4812,1410,-11.78,False,False
48,44.4,128,4096,4096,300,1050,3.3454,415.97,480.56,1.4812,1410,-13.44,False,False
48,44.4,128,4096,4096,300,1200,3.2810,423.57,480.56,1.4812,1410,-11.86,False,False
48,44.4,128,4096,4096,300,1305,3.2591,434.72,480.56,1.4812,1410,-9.54,False,False
48,44.4,128,4096,4096,300,1410,3.2452,452.87,480.56,1.4812,1410,-5.76,False,False
48,44.4,128,4096,4096,510,300,2.5944,380.97,480.56,1.4812,1410,-20.72,False,False
48,44.4,128,4096,4096,510,510,2.5944,378.48,480.56,1.4812,1410,-21.24,False,False
48,44.4,128,4096,4096,510,705,2.5944,373.85,480.56,1.4812,1410,-22.21,False,False
48,44.4,128,4096,4096,510,900,2.5015,362.41,480.56,1.4812,1410,-24.59,False,False
48,44.4,128,4096,4096,510,1050,2.3690,352.55,480.56,1.4812,1410,-26.64,False,False
48,44.4,128,4096,4096,510,1200,2.3047,358.30,480.56,1.4812,1410,-25.44,False,False
48,44.4,128,4096,4096,510,1305,2.2827,366.02,480.56,1.4812,1410,-23.83,False,False
48,44.4,128,4096,4096,510,1410,2.2688,380.76,480.56,1.4812,1410,-20.77,False,False
48,44.4,128,4096,4096,705,300,1.9835,346.60,480.56,1.4812,1410,-27.88,False,False
48,44.4,128,4096,4096,705,510,1.8963,338.66,480.56,1.4812,1410,-29.53,False,False
48,44.4,128,4096,4096,705,705,1.8963,333.48,480.56,1.4812,1410,-30.60,False,False
48,44.4,128,4096,4096,705,900,1.8963,326.94,480.56,1.4812,1410,-31.97,False,False
48,44.4,128,4096,4096,705,1050,1.8963,324.06,480.56,1.4812,1410,-32.57,False,False
48,44.4,128,4096,4096,705,1200,1.8963,332.99,480.56,1.4812,1410,-30.71,False,False
48,44.4,128,4096,4096,705,1305,1.8949,340.65,480.56,1.4812,1410,-29.11,False,False
48,44.4,128,4096,4096,705,1410,1.8810,354.01,480.56,1.4812,1410,-26.33,False,False
48,44.4,128,4096,4096,900,300,1.9835,349.27,480.56,1.4812,1410,-27.32,False,False
48,44.4,128,4096,4096,900,510,1.8381,337.76,480.56,1.4812,1410,-29.72,False,False
48,44.4,128,4096,4096,900,705,1.6160,319.10,480.56,1.4812,1410,-33.60,False,False
48,44.4,128,4096,4096,900,900,1.4988,305.12,480.56,1.4812,1410,-36.51,False,False
48,44.4,128,4096,4096,900,1050,1.4988,301.51,480.56,1.4812,1410,-37.26,False,False
48,44.4,128,4096,4096,900,1200,1.4988,309.70,480.56,1.4812,1410,-35.55,False,False
48,44.4,128,4096,4096,900,1305,1.4988,316.07,480.56,1.4812,1410,-34.23,False,False
48,44.4,128,4096,4096,900,1410,1.4988,329.04,480.56,1.4812,1410,-31.53,False,False
48,44.4,128,4096,4096,1050,300,1.9835,354.87,480.56,1.4812,1410,-26.15,False,False
48,44.4,128,4096,4096,1050,510,1.8381,343.03,480.56,1.4812,1410,-28.62,False,False
48,44.4,128,4096,4096,1050,705,1.6160,323.86,480.56,1.4812,1410,-32.61,False,False
48,44.4,128,4096,4096,1050,900,1.3252,298.55,480.56,1.4812,1410,-37.87,False,False
48,44.4,128,4096,4096,1050,1050,1.2942,292.59,480.56,1.4812,1410,-39.11,True,True
48,44.4,128,4096,4096,1050,1200,1.2942,300.41,480.56,1.4812,1410,-37.49,False,False
48,44.4,128,4096,4096,1050,1305,1.2942,306.07,480.56,1.4812,1410,-36.31,False,False
48,44.4,128,4096,4096,1050,1410,1.2942,318.32,480.56,1.4812,1410,-33.76,False,False
48,44.4,128,4096,4096,1200,300,1.9835,392.17,480.56,1.4812,1410,-18.39,False,False
48,44.4,128,4096,4096,1200,510,1.8381,379.99,480.56,1.4812,1410,-20.93,False,False
48,44.4,128,4096,4096,1200,705,1.6160,360.31,480.56,1.4812,1410,-25.02,False,False
48,44.4,128,4096,4096,1200,900,1.3252,334.33,480.56,1.4812,1410,-30.43,False,False
48,44.4,128,4096,4096,1200,1050,1.1596,319.17,480.56,1.4812,1410,-33.58,False,False
48,44.4,128,4096,4096,1200,1200,1.1369,325.16,480.56,1.4812,1410,-32.34,False,False
48,44.4,128,4096,4096,1200,1305,1.1369,330.26,480.56,1.4812,1410,-31.27,False,False
48,44.4,128,4096,4096,1200,1410,1.1369,341.97,480.56,1.4812,1410,-28.84,False,False
48,44.4,128,8192,8192,300,300,19.2554,2266.91,2054.83,5.1670,1245,+10.32,False,False
48,44.4,128,8192,8192,300,510,19.1329,2266.60,2054.83,5.1670,1245,+10.31,False,False
48,44.4,128,8192,8192,300,705,18.9459,2264.22,2054.83,5.1670,1245,+10.19,False,False
48,44.4,128,8192,8192,300,900,18.7010,2258.33,2054.83,5.1670,1245,+9.90,False,False
48,44.4,128,8192,8192,300,1050,18.5615,2278.03,2054.83,5.1670,1245,+10.86,False,False
48,44.4,128,8192,8192,300,1200,18.4938,2313.49,2054.83,5.1670,1245,+12.59,False,False
48,44.4,128,8192,8192,300,1305,18.4707,2377.68,2054.83,5.1670,1245,+15.71,False,False
48,44.4,128,8192,8192,300,1410,18.4560,2448.89,2054.83,5.1670,1245,+19.18,False,False
48,44.4,128,8192,8192,510,300,12.0381,1829.44,2054.83,5.1670,1245,-10.97,False,False
48,44.4,128,8192,8192,510,510,11.9156,1825.08,2054.83,5.1670,1245,-11.18,False,False
48,44.4,128,8192,8192,510,705,11.7286,1816.88,2054.83,5.1670,1245,-11.58,False,False
48,44.4,128,8192,8192,510,900,11.4837,1804.47,2054.83,5.1670,1245,-12.18,False,False
48,44.4,128,8192,8192,510,1050,11.3443,1810.76,2054.83,5.1670,1245,-11.88,False,False
48,44.4,128,8192,8192,510,1200,11.2765,1832.86,2054.83,5.1670,1245,-10.80,False,False
48,44.4,128,8192,8192,510,1305,11.2534,1871.83,2054.83,5.1670,1245,-8.91,False,False
48,44.4,128,8192,8192,510,1410,11.2388,1917.84,2054.83,5.1670,1245,-6.67,False,False
48,44.4,128,8192,8192,705,300,9.1853,1668.65,2054.83,5.1670,1245,-18.79,False,False
48,44.4,128,8192,8192,705,510,9.0628,1662.60,2054.83,5.1670,1245,-19.09,False,False
48,44.4,128,8192,8192,705,705,8.8758,1651.97,2054.83,5.1670,1245,-19.61,False,False
48,44.4,128,8192,8192,705,900,8.6309,1636.81,2054.83,5.1670,1245,-20.34,False,False
48,44.4,128,8192,8192,705,1050,8.4915,1637.69,2054.83,5.1670,1245,-20.30,False,False
48,44.4,128,8192,8192,705,1200,8.4237,1654.46,2054.83,5.1670,1245,-19.48,False,False
48,44.4,128,8192,8192,705,1305,8.4006,1683.45,2054.83,5.1670,1245,-18.07,False,False
48,44.4,128,8192,8192,705,1410,8.3859,1719.48,2054.83,5.1670,1245,-16.32,False,False
48,44.4,128,8192,8192,900,300,7.5671,1586.25,2054.83,5.1670,1245,-22.80,False,False
48,44.4,128,8192,8192,900,510,7.4446,1579.18,2054.83,5.1670,1245,-23.15,False,False
48,44.4,128,8192,8192,900,705,7.2576,1567.07,2054.83,5.1670,1245,-23.74,False,False
48,44.4,128,8192,8192,900,900,7.0127,1550.21,2054.83,5.1670,1245,-24.56,False,False
48,44.4,128,8192,8192,900,1050,6.8733,1547.96,2054.83,5.1670,1245,-24.67,False,False
48,44.4,128,8192,8192,900,1200,6.8055,1561.67,2054.83,5.1670,1245,-24.00,False,False
48,44.4,128,8192,8192,900,1305,6.7824,1584.98,2054.83,5.1670,1245,-22.87,False,False
48,44.4,128,8192,8192,900,1410,6.7678,1615.34,2054.83,5.1670,1245,-21.39,False,False
48,44.4,128,8192,8192,1050,300,6.7436,1572.57,2054.83,5.1670,1245,-23.47,False,False
48,44.4,128,8192,8192,1050,510,6.6211,1564.76,2054.83,5.1670,1245,-23.85,False,False
48,44.4,128,8192,8192,1050,705,6.4341,1551.57,2054.83,5.1670,1245,-24.49,False,False
48,44.4,128,8192,8192,1050,900,6.1892,1533.42,2054.83,5.1670,1245,-25.37,False,False
48,44.4,128,8192,8192,1050,1050,6.0498,1529.33,2054.83,5.1670,1245,-25.57,True,True
48,44.4,128,8192,8192,1050,1200,5.9820,1541.36,2054.83,5.1670,1245,-24.99,False,False
48,44.4,128,8192,8192,1050,1305,5.9589,1561.74,2054.83,5.1670,1245,-24.00,False,False
48,44.4,128,8192,8192,1050,1410,5.9443,1589.20,2054.83,5.1670,1245,-22.66,False,False
48,44.4,128,8192,8192,1200,300,6.1192,1804.99,2054.83,5.1670,1245,-12.16,False,False
48,44.4,128,8192,8192,1200,510,5.9967,1796.56,2054.83,5.1670,1245,-12.57,False,False
48,44.4,128,8192,8192,1200,705,5.8097,1782.44,2054.83,5.1670,1245,-13.26,False,False
48,44.4,128,8192,8192,1200,900,5.5648,1763.18,2054.83,5.1670,1245,-14.19,False,False
48,44.4,128,8192,8192,1200,1050,5.4254,1757.61,2054.83,5.1670,1245,-14.46,False,False
48,44.4,128,8192,8192,1200,1200,5.3576,1768.33,2054.83,5.1670,1245,-13.94,False,False
48,44.4,128,8192,8192,1200,1305,5.3345,1786.49,2054.83,5.1670,1245,-13.06,False,False
48,44.4,128,8192,8192,1200,1410,5.3199,1811.73,2054.83,5.1670,1245,-11.83,False,False
48,44.4,256,1024,4096,300,300,3.6010,425.80,417.16,2.0181,1410,+2.07,False,False
48,44.4,256,1024,4096,300,510,3.4757,416.49,417.16,2.0181,1410,-0.16,False,False
48,44.4,256,1024,4096,300,705,3.0702,384.99,417.16,2.0181,1410,-7.71,False,False
48,44.4,256,1024,4096,300,900,2.5238,340.32,417.16,2.0181,1410,-18.42,False,False
48,44.4,256,1024,4096,300,1050,2.1719,310.18,417.16,2.0181,1410,-25.65,False,False
48,44.4,256,1024,4096,300,1200,2.0219,315.20,417.16,2.0181,1410,-24.44,False,False
48,44.4,256,1024,4096,300,1305,1.9765,321.78,417.16,2.0181,1410,-22.86,False,False
48,44.4,256,1024,4096,300,1410,1.9854,346.04,417.16,2.0181,1410,-17.05,False,False
48,44.4,256,1024,4096,510,300,3.6010,425.68,417.16,2.0181,1410,+2.04,False,False
48,44.4,256,1024,4096,510,510,3.4757,416.29,417.16,2.0181,1410,-0.21,False,False
48,44.4,256,1024,4096,510,705,3.0702,384.51,417.16,2.0181,1410,-7.83,False,False
48,44.4,256,1024,4096,510,900,2.5238,339.46,417.16,2.0181,1410,-18.63,False,False
48,44.4,256,1024,4096,510,1050,2.1719,309.08,417.16,2.0181,1410,-25.91,True,False
48,44.4,256,1024,4096,510,1200,2.0219,314.00,417.16,2.0181,1410,-24.73,False,False
48,44.4,256,1024,4096,510,1305,1.9765,320.54,417.16,2.0181,1410,-23.16,False,False
48,44.4,256,1024,4096,510,1410,1.9854,344.82,417.16,2.0181,1410,-17.34,False,False
48,44.4,256,1024,4096,705,300,3.6010,428.35,417.16,2.0181,1410,+2.68,False,False
48,44.4,256,1024,4096,705,510,3.4757,418.83,417.16,2.0181,1410,+0.40,False,False
48,44.4,256,1024,4096,705,705,3.0702,386.65,417.16,2.0181,1410,-7.31,False,False
48,44.4,256,1024,4096,705,900,2.5238,341.06,417.16,2.0181,1410,-18.24,False,False
48,44.4,256,1024,4096,705,1050,2.1719,310.34,417.16,2.0181,1410,-25.61,False,False
48,44.4,256,1024,4096,705,1200,2.0219,315.10,417.16,2.0181,1410,-24.46,False,False
48,44.4,256,1024,4096,705,1305,1.9765,321.61,417.16,2.0181,1410,-22.91,False,False
48,44.4,256,1024,4096,705,1410,1.9854,345.89,417.16,2.0181,1410,-17.09,False,False
48,44.4,256,1024,4096,900,300,3.6010,432.00,417.16,2.0181,1410,+3.56,False,False
48,44.4,256,1024,4096,900,510,3.4757,422.34,417.16,2.0181,1410,+1.24,False,False
48,44.4,256,1024,4096,900,705,3.0702,389.72,417.16,2.0181,1410,-6.58,False,False
48,44.4,256,1024,4096,900,900,2.5238,343.53,417.16,2.0181,1410,-17.65,False,False
48,44.4,256,1024,4096,900,1050,2.1719,312.42,417.16,2.0181,1410,-25.11,False,False
48,44.4,256,1024,4096,900,1200,2.0219,317.02,417.16,2.0181,1410,-24.00,False,False
48,44.4,256,1024,4096,900,1305,1.9765,323.47,417.16,2.0181,1410,-22.46,False,False
48,44.4,256,1024,4096,900,1410,1.9854,347.76,417.16,2.0181,1410,-16.64,False,False
48,44.4,256,1024,4096,1050,300,3.6010,440.19,417.16,2.0181,1410,+5.52,False,False
48,44.4,256,1024,4096,1050,510,3.4757,430.24,417.16,2.0181,1410,+3.14,False,False
48,44.4,256,1024,4096,1050,705,3.0702,396.68,417.16,2.0181,1410,-4.91,False,False
48,44.4,256,1024,4096,1050,900,2.5238,349.23,417.16,2.0181,1410,-16.28,False,False
48,44.4,256,1024,4096,1050,1050,2.1719,317.31,417.16,2.0181,1410,-23.94,False,True
48,44.4,256,1024,4096,1050,1200,2.0219,321.56,417.16,2.0181,1410,-22.92,False,False
48,44.4,256,1024,4096,1050,1305,1.9765,327.91,417.16,2.0181,1410,-21.39,False,False
48,44.4,256,1024,4096,1050,1410,1.9854,352.22,417.16,2.0181,1410,-15.57,False,False
48,44.4,256,1024,4096,1200,300,3.6010,455.91,417.16,2.0181,1410,+9.29,False,False
48,44.4,256,1024,4096,1200,510,3.4757,445.68,417.16,2.0181,1410,+6.84,False,False
48,44.4,256,1024,4096,1200,705,3.0702,411.18,417.16,2.0181,1410,-1.43,False,False
48,44.4,256,1024,4096,1200,900,2.5238,362.47,417.16,2.0181,1410,-13.11,False,False
48,44.4,256,1024,4096,1200,1050,2.1719,329.74,417.16,2.0181,1410,-20.96,False,False
48,44.4,256,1024,4096,1200,1200,2.0219,333.65,417.16,2.0181,1410,-20.02,False,False
48,44.4,256,1024,4096,1200,1305,1.9765,339.89,417.16,2.0181,1410,-18.52,False,False
48,44.4,256,1024,4096,1200,1410,1.9854,364.22,417.16,2.0181,1410,-12.69,False,False
48,44.4,256,1024,4096,1305,300,3.6010,476.80,417.16,2.0181,1410,+14.30,False,False
48,44.4,256,1024,4096,1305,510,3.4757,466.01,417.16,2.0181,1410,+11.71,False,False
48,44.4,256,1024,4096,1305,705,3.0702,429.75,417.16,2.0181,1410,+3.02,False,False
48,44.4,256,1024,4096,1305,900,2.5238,378.66,417.16,2.0181,1410,-9.23,False,False
48,44.4,256,1024,4096,1305,1050,2.1719,344.38,417.16,2.0181,1410,-17.45,False,False
48,44.4,256,1024,4096,1305,1200,2.0219,347.64,417.16,2.0181,1410,-16.67,False,False
48,44.4,256,1024,4096,1305,1305,1.9765,353.68,417.16,2.0181,1410,-15.22,False,False
48,44.4,256,1024,4096,1305,1410,1.9854,378.05,417.16,2.0181,1410,-9.37,False,False
48,44.4,256,1024,4096,1410,300,3.6010,506.43,417.16,2.0181,1410,+21.40,False,False
48,44.4,256,1024,4096,1410,510,3.4757,495.10,417.16,2.0181,1410,+18.68,False,False
48,44.4,256,1024,4096,1410,705,3.0702,457.06,417.16,2.0181,1410,+9.57,False,False
48,44.4,256,1024,4096,1410,900,2.5238,403.59,417.16,2.0181,1410,-3.25,False,False
48,44.4,256,1024,4096,1410,1050,2.1719,367.78,417.16,2.0181,1410,-11.84,False,False
48,44.4,256,1024,4096,1410,1200,2.0219,370.38,417.16,2.0181,1410,-11.21,False,False
48,44.4,256,1024,4096,1410,1305,1.9765,376.23,417.16,2.0181,1410,-9.81,False,False
48,44.4,256,1024,4096,1410,1410,1.9854,400.63,417.16,2.0181,1410,-3.96,False,False
48,44.4,256,1024,8192,300,300,4.4340,578.91,630.83,2.2680,1410,-8.23,False,False
48,44.4,256,1024,8192,300,510,4.4340,577.19,630.83,2.2680,1410,-8.50,False,False
48,44.4,256,1024,8192,300,705,4.4340,569.85,630.83,2.2680,1410,-9.67,False,False
48,44.4,256,1024,8192,300,900,4.4340,558.39,630.83,2.2680,1410,-11.48,False,False
48,44.4,256,1024,8192,300,1050,4.2008,538.95,630.83,2.2680,1410,-14.57,False,False
48,44.4,256,1024,8192,300,1200,4.0808,549.58,630.83,2.2680,1410,-12.88,False,False
48,44.4,256,1024,8192,300,1305,4.0445,563.94,630.83,2.2680,1410,-10.60,False,False
48,44.4,256,1024,8192,300,1410,4.0517,595.31,630.83,2.2680,1410,-5.63,False,False
48,44.4,256,1024,8192,510,300,3.6010,528.05,630.83,2.2680,1410,-16.29,False,False
48,44.4,256,1024,8192,510,510,3.4757,518.65,630.83,2.2680,1410,-17.78,False,False
48,44.4,256,1024,8192,510,705,3.0702,486.87,630.83,2.2680,1410,-22.82,False,False
48,44.4,256,1024,8192,510,900,2.6496,449.28,630.83,2.2680,1410,-28.78,False,False
48,44.4,256,1024,8192,510,1050,2.6496,440.64,630.83,2.2680,1410,-30.15,False,False
48,44.4,256,1024,8192,510,1200,2.6496,455.88,630.83,2.2680,1410,-27.73,False,False
48,44.4,256,1024,8192,510,1305,2.6496,467.64,630.83,2.2680,1410,-25.87,False,False
48,44.4,256,1024,8192,510,1410,2.6496,493.63,630.83,2.2680,1410,-21.75,False,False
48,44.4,256,1024,8192,705,300,3.6010,529.64,630.83,2.2680,1410,-16.04,False,False
48,44.4,256,1024,8192,705,510,3.4757,520.12,630.83,2.2680,1410,-17.55,False,False
48,44.4,256,1024,8192,705,705,3.0702,487.95,630.83,2.2680,1410,-22.65,False,False
48,44.4,256,1024,8192,705,900,2.5238,442.36,630.83,2.2680,1410,-29.88,False,False
48,44.4,256,1024,8192,705,1050,2.1719,411.63,630.83,2.2680,1410,-34.75,True,False
48,44.4,256,1024,8192,705,1200,2.0219,416.40,630.83,2.2680,1410,-33.99,False,False
48,44.4,256,1024,8192,705,1305,1.9765,422.90,630.83,2.2680,1410,-32.96,False,False
48,44.4,256,1024,8192,705,1410,1.9854,447.18,630.83,2.2680,1410,-29.11,False,False
48,44.4,256,1024,8192,900,300,3.6010,533.90,630.83,2.2680,1410,-15.37,False,False
48,44.4,256,1024,8192,900,510,3.4757,524.24,630.83,2.2680,1410,-16.90,False,False
48,44.4,256,1024,8192,900,705,3.0702,491.62,630.83,2.2680,1410,-22.07,False,False
48,44.4,256,1024,8192,900,900,2.5238,445.43,630.83,2.2680,1410,-29.39,False,False
48,44.4,256,1024,8192,900,1050,2.1719,414.32,630.83,2.2680,1410,-34.32,False,False
48,44.4,256,1024,8192,900,1200,2.0219,418.92,630.83,2.2680,1410,-33.59,False,False
48,44.4,256,1024,8192,900,1305,1.9765,425.37,630.83,2.2680,1410,-32.57,False,False
48,44.4,256,1024,8192,900,1410,1.9854,449.66,630.83,2.2680,1410,-28.72,False,False
48,44.4,256,1024,8192,1050,300,3.6010,543.42,630.83,2.2680,1410,-13.86,False,False
48,44.4,256,1024,8192,1050,510,3.4757,533.47,630.83,2.2680,1410,-15.43,False,False
48,44.4,256,1024,8192,1050,705,3.0702,499.91,630.83,2.2680,1410,-20.75,False,False
48,44.4,256,1024,8192,1050,900,2.5238,452.46,630.83,2.2680,1410,-28.28,False,False
48,44.4,256,1024,8192,1050,1050,2.1719,420.54,630.83,2.2680,1410,-33.34,False,True
48,44.4,256,1024,8192,1050,1200,2.0219,424.79,630.83,2.2680,1410,-32.66,False,False
48,44.4,256,1024,8192,1050,1305,1.9765,431.14,630.83,2.2680,1410,-31.65,False,False
48,44.4,256,1024,8192,1050,1410,1.9854,455.45,630.83,2.2680,1410,-27.80,False,False
48,44.4,256,1024,8192,1200,300,3.6010,583.43,630.83,2.2680,1410,-7.51,False,False
48,44.4,256,1024,8192,1200,510,3.4757,573.19,630.83,2.2680,1410,-9.14,False,False
48,44.4,256,1024,8192,1200,705,3.0702,538.70,630.83,2.2680,1410,-14.60,False,False
48,44.4,256,1024,8192,1200,900,2.5238,489.99,630.83,2.2680,1410,-22.33,False,False
48,44.4,256,1024,8192,1200,1050,2.1719,457.25,630.83,2.2680,1410,-27.52,False,False
48,44.4,256,1024,8192,1200,1200,2.0219,461.16,630.83,2.2680,1410,-26.90,False,False
48,44.4,256,1024,8192,1200,1305,1.9765,467.41,630.83,2.2680,1410,-25.91,False,False
48,44.4,256,1024,8192,1200,1410,1.9854,491.74,630.83,2.2680,1410,-22.05,False,False
48,44.4,256,2048,4096,300,300,3.6010,459.45,490.27,2.0105,1410,-6.29,False,False
48,44.4,256,2048,4096,300,510,3.4757,450.14,490.27,2.0105,1410,-8.19,False,False
48,44.4,256,2048,4096,300,705,3.0702,418.64,490.27,2.0105,1410,-14.61,False,False
48,44.4,256,2048,4096,300,900,2.5238,373.97,490.27,2.0105,1410,-23.72,False,False
48,44.4,256,2048,4096,300,1050,2.4425,360.18,490.27,2.0105,1410,-26.53,False,False
48,44.4,256,2048,4096,300,1200,2.4425,375.04,490.27,2.0105,1410,-23.50,False,False
48,44.4,256,2048,4096,300,1305,2.4425,386.07,490.27,2.0105,1410,-21.25,False,False
48,44.4,256,2048,4096,300,1410,2.4425,411.35,490.27,2.0105,1410,-16.10,False,False
48,44.4,256,2048,4096,510,300,3.6010,458.20,490.27,2.0105,1410,-6.54,False,False
48,44.4,256,2048,4096,510,510,3.4757,448.80,490.27,2.0105,1410,-8.46,False,False
48,44.4,256,2048,4096,510,705,3.0702,417.03,490.27,2.0105,1410,-14.94,False,False
48,44.4,256,2048,4096,510,900,2.5238,371.98,490.27,2.0105,1410,-24.13,False,False
48,44.4,256,2048,4096,510,1050,2.1719,341.60,490.27,2.0105,1410,-30.33,True,False
48,44.4,256,2048,4096,510,1200,2.0219,346.51,490.27,2.0105,1410,-29.32,False,False
48,44.4,256,2048,4096,510,1305,1.9765,353.06,490.27,2.0105,1410,-27.99,False,False
48,44.4,256,2048,4096,510,1410,1.9854,377.33,490.27,2.0105,1410,-23.04,False,False
48,44.4,256,2048,4096,705,300,3.6010,460.62,490.27,2.0105,1410,-6.05,False,False
48,44.4,256,2048,4096,705,510,3.4757,451.10,490.27,2.0105,1410,-7.99,False,False
48,44.4,256,2048,4096,705,705,3.0702,418.92,490.27,2.0105,1410,-14.55,False,False
48,44.4,256,2048,4096,705,900,2.5238,373.33,490.27,2.0105,1410,-23.85,False,False
48,44.4,256,2048,4096,705,1050,2.1719,342.61,490.27,2.0105,1410,-30.12,False,False
48,44.4,256,2048,4096,705,1200,2.0219,347.37,490.27,2.0105,1410,-29.15,False,False
48,44.4,256,2048,4096,705,1305,1.9765,353.88,490.27,2.0105,1410,-27.82,False,False
48,44.4,256,2048,4096,705,1410,1.9854,378.16,490.27,2.0105,1410,-22.87,False,False
48,44.4,256,2048,4096,900,300,3.6010,464.53,490.27,2.0105,1410,-5.25,False,False
48,44.4,256,2048,4096,900,510,3.4757,454.87,490.27,2.0105,1410,-7.22,False,False
48,44.4,256,2048,4096,900,705,3.0702,422.25,490.27,2.0105,1410,-13.88,False,False
48,44.4,256,2048,4096,900,900,2.5238,376.06,490.27,2.0105,1410,-23.30,False,False
48,44.4,256,2048,4096,900,1050,2.1719,344.95,490.27,2.0105,1410,-29.64,False,False
48,44.4,256,2048,4096,900,1200,2.0219,349.55,490.27,2.0105,1410,-28.70,False,False
48,44.4,256,2048,4096,900,1305,1.9765,356.00,490.27,2.0105,1410,-27.39,False,False
48,44.4,256,2048,4096,900,1410,1.9854,380.29,490.27,2.0105,1410,-22.43,False,False
48,44.4,256,2048,4096,1050,300,3.6010,473.29,490.27,2.0105,1410,-3.46,False,False
48,44.4,256,2048,4096,1050,510,3.4757,463.34,490.27,2.0105,1410,-5.49,False,False
48,44.4,256,2048,4096,1050,705,3.0702,429.79,490.27,2.0105,1410,-12.34,False,False
48,44.4,256,2048,4096,1050,900,2.5238,382.34,490.27,2.0105,1410,-22.02,False,False
48,44.4,256,2048,4096,1050,1050,2.1719,350.41,490.27,2.0105,1410,-28.53,False,True
48,44.4,256,2048,4096,1050,1200,2.0219,354.67,490.27,2.0105,1410,-27.66,False,False
48,44.4,256,2048,4096,1050,1305,1.9765,361.02,490.27,2.0105,1410,-26.36,False,False
48,44.4,256,2048,4096,1050,1410,1.9854,385.33,490.27,2.0105,1410,-21.41,False,False
48,44.4,256,2048,4096,1200,300,3.6010,497.20,490.27,2.0105,1410,+1.41,False,False
48,44.4,256,2048,4096,1200,510,3.4757,486.96,490.27,2.0105,1410,-0.67,False,False
48,44.4,256,2048,4096,1200,705,3.0702,452.47,490.27,2.0105,1410,-7.71,False,False
48,44.4,256,2048,4096,1200,900,2.5238,403.76,490.27,2.0105,1410,-17.65,False,False
48,44.4,256,2048,4096,1200,1050,2.1719,371.03,490.27,2.0105,1410,-24.32,False,False
48,44.4,256,2048,4096,1200,1200,2.0219,374.94,490.27,2.0105,1410,-23.53,False,False
48,44.4,256,2048,4096,1200,1305,1.9765,381.18,490.27,2.0105,1410,-22.25,False,False
48,44.4,256,2048,4096,1200,1410,1.9854,405.51,490.27,2.0105,1410,-17.29,False,False
48,44.4,256,2048,4096,1305,300,3.6010,525.14,490.27,2.0105,1410,+7.11,False,False
48,44.4,256,2048,4096,1305,510,3.4757,514.35,490.27,2.0105,1410,+4.91,False,False
48,44.4,256,2048,4096,1305,705,3.0702,478.09,490.27,2.0105,1410,-2.49,False,False
48,44.4,256,2048,4096,1305,900,2.5238,427.00,490.27,2.0105,1410,-12.91,False,False
48,44.4,256,2048,4096,1305,1050,2.1719,392.72,490.27,2.0105,1410,-19.90,False,False
48,44.4,256,2048,4096,1305,1200,2.0219,395.98,490.27,2.0105,1410,-19.23,False,False
48,44.4,256,2048,4096,1305,1305,1.9765,402.02,490.27,2.0105,1410,-18.00,False,False
48,44.4,256,2048,4096,1305,1410,1.9854,426.39,490.27,2.0105,1410,-13.03,False,False
48,44.4,256,2048,8192,300,300,7.5483,881.43,962.42,2.7796,1410,-8.42,False,False
48,44.4,256,2048,8192,300,510,7.4480,875.72,962.42,2.7796,1410,-9.01,False,False
48,44.4,256,2048,8192,300,705,7.1237,852.03,962.42,2.7796,1410,-11.47,False,False
48,44.4,256,2048,8192,300,900,6.6865,817.33,962.42,2.7796,1410,-15.08,False,False
48,44.4,256,2048,8192,300,1050,6.4049,799.12,962.42,2.7796,1410,-16.97,False,False
48,44.4,256,2048,8192,300,1200,6.2850,813.82,962.42,2.7796,1410,-15.44,False,False
48,44.4,256,2048,8192,300,1305,6.2487,835.88,962.42,2.7796,1410,-13.15,False,False
48,44.4,256,2048,8192,300,1410,6.2558,874.94,962.42,2.7796,1410,-9.09,False,False
48,44.4,256,2048,8192,510,300,4.9765,729.36,962.42,2.7796,1410,-24.22,False,False
48,44.4,256,2048,8192,510,510,4.9765,727.94,962.42,2.7796,1410,-24.36,False,False
48,44.4,256,2048,8192,510,705,4.9765,721.02,962.42,2.7796,1410,-25.08,False,False
48,44.4,256,2048,8192,510,900,4.7838,698.61,962.42,2.7796,1410,-27.41,False,False
48,44.4,256,2048,8192,510,1050,4.5022,676.70,962.42,2.7796,1410,-29.69,False,False
48,44.4,256,2048,8192,510,1200,4.3822,687.81,962.42,2.7796,1410,-28.53,False,False
48,44.4,256,2048,8192,510,1305,4.3459,703.20,962.42,2.7796,1410,-26.93,False,False
48,44.4,256,2048,8192,510,1410,4.3531,735.62,962.42,2.7796,1410,-23.57,False,False
48,44.4,256,2048,8192,705,300,3.6198,652.44,962.42,2.7796,1410,-32.21,False,False
48,44.4,256,2048,8192,705,510,3.6198,650.27,962.42,2.7796,1410,-32.43,False,False
48,44.4,256,2048,8192,705,705,3.6198,642.28,962.42,2.7796,1410,-33.26,False,False
48,44.4,256,2048,8192,705,900,3.6198,630.11,962.42,2.7796,1410,-34.53,False,False
48,44.4,256,2048,8192,705,1050,3.6198,623.26,962.42,2.7796,1410,-35.24,False,False
48,44.4,256,2048,8192,705,1200,3.6198,640.29,962.42,2.7796,1410,-33.47,False,False
48,44.4,256,2048,8192,705,1305,3.5922,653.57,962.42,2.7796,1410,-32.09,False,False
48,44.4,256,2048,8192,705,1410,3.5993,683.36,962.42,2.7796,1410,-29.00,False,False
48,44.4,256,2048,8192,900,300,3.6010,656.85,962.42,2.7796,1410,-31.75,False,False
48,44.4,256,2048,8192,900,510,3.4757,647.19,962.42,2.7796,1410,-32.75,False,False
48,44.4,256,2048,8192,900,705,3.0702,614.56,962.42,2.7796,1410,-36.14,False,False
48,44.4,256,2048,8192,900,900,2.8505,588.42,962.42,2.7796,1410,-38.86,False,False
48,44.4,256,2048,8192,900,1050,2.8505,580.15,962.42,2.7796,1410,-39.72,False,False
48,44.4,256,2048,8192,900,1200,2.8505,595.76,962.42,2.7796,1410,-38.10,False,False
48,44.4,256,2048,8192,900,1305,2.8505,608.22,962.42,2.7796,1410,-36.80,False,False
48,44.4,256,2048,8192,900,1410,2.8505,634.92,962.42,2.7796,1410,-34.03,False,False
48,44.4,256,2048,8192,1050,300,3.6010,667.53,962.42,2.7796,1410,-30.64,False,False
48,44.4,256,2048,8192,1050,510,3.4757,657.58,962.42,2.7796,1410,-31.67,False,False
48,44.4,256,2048,8192,1050,705,3.0702,624.02,962.42,2.7796,1410,-35.16,False,False
48,44.4,256,2048,8192,1050,900,2.5238,576.58,962.42,2.7796,1410,-40.09,False,False
48,44.4,256,2048,8192,1050,1050,2.4571,563.34,962.42,2.7796,1410,-41.47,True,True
48,44.4,256,2048,8192,1050,1200,2.4571,578.22,962.42,2.7796,1410,-39.92,False,False
48,44.4,256,2048,8192,1050,1305,2.4571,589.31,962.42,2.7796,1410,-38.77,False,False
48,44.4,256,2048,8192,1050,1410,2.4571,614.63,962.42,2.7796,1410,-36.14,False,False
48,44.4,256,2048,8192,1200,300,3.6010,739.65,962.42,2.7796,1410,-23.15,False,False
48,44.4,256,2048,8192,1200,510,3.4757,729.41,962.42,2.7796,1410,-24.21,False,False
48,44.4,256,2048,8192,1200,705,3.0702,694.92,962.42,2.7796,1410,-27.80,False,False
48,44.4,256,2048,8192,1200,900,2.5238,646.21,962.42,2.7796,1410,-32.86,False,False
48,44.4,256,2048,8192,1200,1050,2.1719,613.47,962.42,2.7796,1410,-36.26,False,False
48,44.4,256,2048,8192,1200,1200,2.1601,627.01,962.42,2.7796,1410,-34.85,False,False
48,44.4,256,2048,8192,1200,1305,2.1601,637.06,962.42,2.7796,1410,-33.81,False,False
48,44.4,256,2048,8192,1200,1410,2.1601,661.34,962.42,2.7796,1410,-31.28,False,False
48,44.4,256,4096,4096,300,300,4.3519,569.31,649.00,2.2513,1410,-12.28,False,False
48,44.4,256,4096,4096,300,510,4.3519,567.55,649.00,2.2513,1410,-12.55,False,False
48,44.4,256,4096,4096,300,705,4.3519,560.14,649.00,2.2513,1410,-13.69,False,False
48,44.4,256,4096,4096,300,900,4.3519,548.61,649.00,2.2513,1410,-15.47,False,False
48,44.4,256,4096,4096,300,1050,4.1552,531.22,649.00,2.2513,1410,-18.15,False,False
48,44.4,256,4096,4096,300,1200,4.0352,541.77,649.00,2.2513,1410,-16.52,False,False
48,44.4,256,4096,4096,300,1305,3.9989,555.97,649.00,2.2513,1410,-14.33,False,False
48,44.4,256,4096,4096,300,1410,4.0060,587.18,649.00,2.2513,1410,-9.53,False,False
48,44.4,256,4096,4096,510,300,3.6010,523.41,649.00,2.2513,1410,-19.35,False,False
48,44.4,256,4096,4096,510,510,3.4757,514.02,649.00,2.2513,1410,-20.80,False,False
48,44.4,256,4096,4096,510,705,3.0702,482.24,649.00,2.2513,1410,-25.70,False,False
48,44.4,256,4096,4096,510,900,2.5944,441.38,649.00,2.2513,1410,-31.99,False,False
48,44.4,256,4096,4096,510,1050,2.5944,432.64,649.00,2.2513,1410,-33.34,False,False
48,44.4,256,4096,4096,510,1200,2.5944,447.77,649.00,2.2513,1410,-31.01,False,False
48,44.4,256,4096,4096,510,1305,2.5944,459.34,649.00,2.2513,1410,-29.22,False,False
48,44.4,256,4096,4096,510,1410,2.5944,485.14,649.00,2.2513,1410,-25.25,False,False
48,44.4,256,4096,4096,705,300,3.6010,525.49,649.00,2.2513,1410,-19.03,False,False
48,44.4,256,4096,4096,705,510,3.4757,515.97,649.00,2.2513,1410,-20.50,False,False
48,44.4,256,4096,4096,705,705,3.0702,483.79,649.00,2.2513,1410,-25.46,False,False
48,44.4,256,4096,4096,705,900,2.5238,438.21,649.00,2.2513,1410,-32.48,False,False
48,44.4,256,4096,4096,705,1050,2.1719,407.48,649.00,2.2513,1410,-37.21,True,False
48,44.4,256,4096,4096,705,1200,2.0219,412.25,649.00,2.2513,1410,-36.48,False,False
48,44.4,256,4096,4096,705,1305,1.9765,418.75,649.00,2.2513,1410,-35.48,False,False
48,44.4,256,4096,4096,705,1410,1.9854,443.03,649.00,2.2513,1410,-31.74,False,False
48,44.4,256,4096,4096,900,300,3.6010,529.94,649.00,2.2513,1410,-18.35,False,False
48,44.4,256,4096,4096,900,510,3.4757,520.28,649.00,2.2513,1410,-19.83,False,False
48,44.4,256,4096,4096,900,705,3.0702,487.66,649.00,2.2513,1410,-24.86,False,False
48,44.4,256,4096,4096,900,900,2.5238,441.47,649.00,2.2513,1410,-31.98,False,False
48,44.4,256,4096,4096,900,1050,2.1719,410.35,649.00,2.2513,1410,-36.77,False,False
48,44.4,256,4096,4096,900,1200,2.0219,414.96,649.00,2.2513,1410,-36.06,False,False
48,44.4,256,4096,4096,900,1305,1.9765,421.41,649.00,2.2513,1410,-35.07,False,False
48,44.4,256,4096,4096,900,1410,1.9854,445.70,649.00,2.2513,1410,-31.33,False,False
48,44.4,256,4096,4096,1050,300,3.6010,539.27,649.00,2.2513,1410,-16.91,False,False
48,44.4,256,4096,4096,1050,510,3.4757,529.33,649.00,2.2513,1410,-18.44,False,False
48,44.4,256,4096,4096,1050,705,3.0702,495.77,649.00,2.2513,1410,-23.61,False,False
48,44.4,256,4096,4096,1050,900,2.5238,448.32,649.00,2.2513,1410,-30.92,False,False
48,44.4,256,4096,4096,1050,1050,2.1719,416.39,649.00,2.2513,1410,-35.84,False,True
48,44.4,256,4096,4096,1050,1200,2.0219,420.65,649.00,2.2513,1410,-35.19,False,False
48,44.4,256,4096,4096,1050,1305,1.9765,427.00,649.00,2.2513,1410,-34.21,False,False
48,44.4,256,4096,4096,1050,1410,1.9854,451.31,649.00,2.2513,1410,-30.46,False,False
48,44.4,256,4096,4096,1200,300,3.6010,580.30,649.00,2.2513,1410,-10.59,False,False
48,44.4,256,4096,4096,1200,510,3.4757,570.07,649.00,2.2513,1410,-12.16,False,False
48,44.4,256,4096,4096,1200,705,3.0702,535.57,649.00,2.2513,1410,-17.48,False,False
48,44.4,256,4096,4096,1200,900,2.5238,486.87,649.00,2.2513,1410,-24.98,False,False
48,44.4,256,4096,4096,1200,1050,2.1719,454.13,649.00,2.2513,1410,-30.03,False,False
48,44.4,256,4096,4096,1200,1200,2.0219,458.04,649.00,2.2513,1410,-29.42,False,False
48,44.4,256,4096,4096,1200,1305,1.9765,464.28,649.00,2.2513,1410,-28.46,False,False
48,44.4,256,4096,4096,1200,1410,1.9854,488.61,649.00,2.2513,1410,-24.71,False,False
48,44.4,256,8192,8192,300,300,20.6175,2428.70,2343.45,5.9349,1245,+3.64,False,False
48,44.4,256,8192,8192,300,510,20.5119,2429.86,2343.45,5.9349,1245,+3.69,False,False
48,44.4,256,8192,8192,300,705,20.1705,2415.49,2343.45,5.9349,1245,+3.07,False,False
48,44.4,256,8192,8192,300,900,19.7103,2390.92,2343.45,5.9349,1245,+2.03,False,False
48,44.4,256,8192,8192,300,1050,19.4140,2395.85,2343.45,5.9349,1245,+2.24,False,False
48,44.4,256,8192,8192,300,1200,19.2876,2434.16,2343.45,5.9349,1245,+3.87,False,False
48,44.4,256,8192,8192,300,1305,19.2494,2501.50,2343.45,5.9349,1245,+6.74,False,False
48,44.4,256,8192,8192,300,1410,19.2570,2585.98,2343.45,5.9349,1245,+10.35,False,False
48,44.4,256,8192,8192,510,300,13.4002,1992.17,2343.45,5.9349,1245,-14.99,False,False
48,44.4,256,8192,8192,510,510,13.2946,1989.29,2343.45,5.9349,1245,-15.11,False,False
48,44.4,256,8192,8192,510,705,12.9532,1968.99,2343.45,5.9349,1245,-15.98,False,False
48,44.4,256,8192,8192,510,900,12.4930,1937.76,2343.45,5.9349,1245,-17.31,False,False
48,44.4,256,8192,8192,510,1050,12.1967,1929.17,2343.45,5.9349,1245,-17.68,False,False
48,44.4,256,8192,8192,510,1200,12.0704,1954.07,2343.45,5.9349,1245,-16.62,False,False
48,44.4,256,8192,8192,510,1305,12.0322,1996.18,2343.45,5.9349,1245,-14.82,False,False
48,44.4,256,8192,8192,510,1410,12.0397,2055.47,2343.45,5.9349,1245,-12.29,False,False
48,44.4,256,8192,8192,705,300,10.5474,1832.72,2343.45,5.9349,1245,-21.79,False,False
48,44.4,256,8192,8192,705,510,10.4418,1828.17,2343.45,5.9349,1245,-21.99,False,False
48,44.4,256,8192,8192,705,705,10.1004,1805.28,2343.45,5.9349,1245,-22.96,False,False
48,44.4,256,8192,8192,705,900,9.6402,1771.08,2343.45,5.9349,1245,-24.42,False,False
48,44.4,256,8192,8192,705,1050,9.3439,1756.94,2343.45,5.9349,1245,-25.03,False,False
48,44.4,256,8192,8192,705,1200,9.2176,1776.45,2343.45,5.9349,1245,-24.20,False,False
48,44.4,256,8192,8192,705,1305,9.1793,1808.57,2343.45,5.9349,1245,-22.82,False,False
48,44.4,256,8192,8192,705,1410,9.1869,1857.90,2343.45,5.9349,1245,-20.72,False,False
48,44.4,256,8192,8192,900,300,8.9292,1751.82,2343.45,5.9349,1245,-25.25,False,False
48,44.4,256,8192,8192,900,510,8.8236,1746.27,2343.45,5.9349,1245,-25.48,False,False
48,44.4,256,8192,8192,900,705,8.4822,1721.73,2343.45,5.9349,1245,-26.53,False,False
48,44.4,256,8192,8192,900,900,8.0220,1685.60,2343.45,5.9349,1245,-28.07,False,False
48,44.4,256,8192,8192,900,1050,7.7257,1668.15,2343.45,5.9349,1245,-28.82,False,False
48,44.4,256,8192,8192,900,1200,7.5994,1684.54,2343.45,5.9349,1245,-28.12,False,False
48,44.4,256,8192,8192,900,1305,7.5612,1710.96,2343.45,5.9349,1245,-26.99,False,False
48,44.4,256,8192,8192,900,1410,7.5687,1754.65,2343.45,5.9349,1245,-25.13,False,False
48,44.4,256,8192,8192,1050,300,8.1057,1741.27,2343.45,5.9349,1245,-25.70,False,False
48,44.4,256,8192,8192,1050,510,8.0001,1735.03,2343.45,5.9349,1245,-25.96,False,False
48,44.4,256,8192,8192,1050,705,7.6587,1709.06,2343.45,5.9349,1245,-27.07,False,False
48,44.4,256,8192,8192,1050,900,7.1985,1671.14,2343.45,5.9349,1245,-28.69,False,False
48,44.4,256,8192,8192,1050,1050,6.9022,1651.48,2343.45,5.9349,1245,-29.53,True,True
48,44.4,256,8192,8192,1050,1200,6.7759,1666.06,2343.45,5.9349,1245,-28.91,False,False
48,44.4,256,8192,8192,1050,1305,6.7377,1689.51,2343.45,5.9349,1245,-27.90,False,False
48,44.4,256,8192,8192,1050,1410,6.7452,1730.34,2343.45,5.9349,1245,-26.16,False,False
48,44.4,256,8192,8192,1200,300,7.4813,1976.84,2343.45,5.9349,1245,-15.64,False,False
48,44.4,256,8192,8192,1200,510,7.3757,1970.01,2343.45,5.9349,1245,-15.94,False,False
48,44.4,256,8192,8192,1200,705,7.0343,1942.75,2343.45,5.9349,1245,-17.10,False,False
48,44.4,256,8192,8192,1200,900,6.5742,1903.23,2343.45,5.9349,1245,-18.79,False,False
48,44.4,256,8192,8192,1200,1050,6.2778,1881.73,2343.45,5.9349,1245,-19.70,False,False
48,44.4,256,8192,8192,1200,1200,6.1515,1894.87,2343.45,5.9349,1245,-19.14,False,False
48,44.4,256,8192,8192,1200,1305,6.1133,1916.06,2343.45,5.9349,1245,-18.24,False,False
48,44.4,256,8192,8192,1200,1410,6.1208,1954.72,2343.45,5.9349,1245,-16.59,False,False
48,44.4,512,1024,4096,300,300,6.9580,789.55,738.68,3.7718,1410,+6.89,False,False
48,44.4,512,1024,4096,300,510,6.7130,772.38,738.68,3.7718,1410,+4.56,False,False
48,44.4,512,1024,4096,300,705,5.9879,713.87,738.68,3.7718,1410,-3.36,False,False
48,44.4,512,1024,4096,300,900,4.8761,623.66,738.68,3.7718,1410,-15.57,False,False
48,44.4,512,1024,4096,300,1050,4.1850,563.17,738.68,3.7718,1410,-23.76,True,False
48,44.4,512,1024,4096,300,1200,3.8245,566.40,738.68,3.7718,1410,-23.32,False,False
48,44.4,512,1024,4096,300,1305,3.7363,579.84,738.68,3.7718,1410,-21.50,False,False
48,44.4,512,1024,4096,300,1410,3.6943,621.36,738.68,3.7718,1410,-15.88,False,False
48,44.4,512,1024,4096,510,300,6.9580,791.73,738.68,3.7718,1410,+7.18,False,False
48,44.4,512,1024,4096,510,510,6.7130,774.40,738.68,3.7718,1410,+4.84,False,False
48,44.4,512,1024,4096,510,705,5.9879,715.39,738.68,3.7718,1410,-3.15,False,False
48,44.4,512,1024,4096,510,900,4.8761,624.42,738.68,3.7718,1410,-15.47,False,False
48,44.4,512,1024,4096,510,1050,4.1850,563.45,738.68,3.7718,1410,-23.72,False,False
48,44.4,512,1024,4096,510,1200,3.8245,566.44,738.68,3.7718,1410,-23.32,False,False
48,44.4,512,1024,4096,510,1305,3.7363,579.82,738.68,3.7718,1410,-21.51,False,False
48,44.4,512,1024,4096,510,1410,3.6943,621.31,738.68,3.7718,1410,-15.89,False,False
48,44.4,512,1024,4096,705,300,6.9580,797.71,738.68,3.7718,1410,+7.99,False,False
48,44.4,512,1024,4096,705,510,6.7130,780.13,738.68,3.7718,1410,+5.61,False,False
48,44.4,512,1024,4096,705,705,5.9879,720.41,738.68,3.7718,1410,-2.47,False,False
48,44.4,512,1024,4096,705,900,4.8761,628.34,738.68,3.7718,1410,-14.94,False,False
48,44.4,512,1024,4096,705,1050,4.1850,566.69,738.68,3.7718,1410,-23.28,False,False
48,44.4,512,1024,4096,705,1200,3.8245,569.32,738.68,3.7718,1410,-22.93,False,False
48,44.4,512,1024,4096,705,1305,3.7363,582.61,738.68,3.7718,1410,-21.13,False,False
48,44.4,512,1024,4096,705,1410,3.6943,624.06,738.68,3.7718,1410,-15.52,False,False
48,44.4,512,1024,4096,900,300,6.9580,805.05,738.68,3.7718,1410,+8.99,False,False
48,44.4,512,1024,4096,900,510,6.7130,787.21,738.68,3.7718,1410,+6.57,False,False
48,44.4,512,1024,4096,900,705,5.9879,726.69,738.68,3.7718,1410,-1.62,False,False
48,44.4,512,1024,4096,900,900,4.8761,633.40,738.68,3.7718,1410,-14.25,False,False
48,44.4,512,1024,4096,900,1050,4.1850,570.99,738.68,3.7718,1410,-22.70,False,False
48,44.4,512,1024,4096,900,1200,3.8245,573.22,738.68,3.7718,1410,-22.40,False,False
48,44.4,512,1024,4096,900,1305,3.7363,586.42,738.68,3.7718,1410,-20.61,False,False
48,44.4,512,1024,4096,900,1410,3.6943,627.82,738.68,3.7718,1410,-15.01,False,False
48,44.4,512,1024,4096,1050,300,6.9580,820.98,738.68,3.7718,1410,+11.14,False,False
48,44.4,512,1024,4096,1050,510,6.7130,802.57,738.68,3.7718,1410,+8.65,False,False
48,44.4,512,1024,4096,1050,705,5.9879,740.38,738.68,3.7718,1410,+0.23,False,False
48,44.4,512,1024,4096,1050,900,4.8761,644.53,738.68,3.7718,1410,-12.75,False,False
48,44.4,512,1024,4096,1050,1050,4.1850,580.52,738.68,3.7718,1410,-21.41,False,True
48,44.4,512,1024,4096,1050,1200,3.8245,581.93,738.68,3.7718,1410,-21.22,False,False
48,44.4,512,1024,4096,1050,1305,3.7363,594.91,738.68,3.7718,1410,-19.46,False,False
48,44.4,512,1024,4096,1050,1410,3.6943,636.22,738.68,3.7718,1410,-13.87,False,False
48,44.4,512,1024,4096,1200,300,6.9580,844.45,738.68,3.7718,1410,+14.32,False,False
48,44.4,512,1024,4096,1200,510,6.7130,825.47,738.68,3.7718,1410,+11.75,False,False
48,44.4,512,1024,4096,1200,705,5.9879,761.61,738.68,3.7718,1410,+3.10,False,False
48,44.4,512,1024,4096,1200,900,4.8761,663.19,738.68,3.7718,1410,-10.22,False,False
48,44.4,512,1024,4096,1200,1050,4.1850,597.59,738.68,3.7718,1410,-19.10,False,False
48,44.4,512,1024,4096,1200,1200,3.8245,598.17,738.68,3.7718,1410,-19.02,False,False
48,44.4,512,1024,4096,1200,1305,3.7363,610.95,738.68,3.7718,1410,-17.29,False,False
48,44.4,512,1024,4096,1200,1410,3.6943,652.16,738.68,3.7718,1410,-11.71,False,False
48,44.4,512,1024,4096,1305,300,6.9580,879.98,738.68,3.7718,1410,+19.13,False,False
48,44.4,512,1024,4096,1305,510,6.7130,859.94,738.68,3.7718,1410,+16.42,False,False
48,44.4,512,1024,4096,1305,705,5.9879,792.91,738.68,3.7718,1410,+7.34,False,False
48,44.4,512,1024,4096,1305,900,4.8761,689.64,738.68,3.7718,1410,-6.64,False,False
48,44.4,512,1024,4096,1305,1050,4.1850,621.02,738.68,3.7718,1410,-15.93,False,False
48,44.4,512,1024,4096,1305,1200,3.8245,620.02,738.68,3.7718,1410,-16.06,False,False
48,44.4,512,1024,4096,1305,1305,3.7363,632.42,738.68,3.7718,1410,-14.38,False,False
48,44.4,512,1024,4096,1305,1410,3.6943,673.45,738.68,3.7718,1410,-8.83,False,False
48,44.4,512,1024,4096,1410,300,6.9580,924.27,738.68,3.7718,1410,+25.12,False,False
48,44.4,512,1024,4096,1410,510,6.7130,903.15,738.68,3.7718,1410,+22.27,False,False
48,44.4,512,1024,4096,1410,705,5.9879,832.96,738.68,3.7718,1410,+12.76,False,False
48,44.4,512,1024,4096,1410,900,4.8761,724.84,738.68,3.7718,1410,-1.87,False,False
48,44.4,512,1024,4096,1410,1050,4.1850,653.20,738.68,3.7718,1410,-11.57,False,False
48,44.4,512,1024,4096,1410,1200,3.8245,650.63,738.68,3.7718,1410,-11.92,False,False
48,44.4,512,1024,4096,1410,1305,3.7363,662.65,738.68,3.7718,1410,-10.29,False,False
48,44.4,512,1024,4096,1410,1410,3.6943,703.49,738.68,3.7718,1410,-4.76,False,False
48,44.4,512,1024,8192,300,300,6.9580,895.71,931.01,3.7976,1410,-3.79,False,False
48,44.4,512,1024,8192,300,510,6.7130,878.54,931.01,3.7976,1410,-5.64,False,False
48,44.4,512,1024,8192,300,705,5.9879,820.03,931.01,3.7976,1410,-11.92,False,False
48,44.4,512,1024,8192,300,900,4.8761,729.82,931.01,3.7976,1410,-21.61,False,False
48,44.4,512,1024,8192,300,1050,4.4340,684.37,931.01,3.7976,1410,-26.49,False,False
48,44.4,512,1024,8192,300,1200,4.4340,710.52,931.01,3.7976,1410,-23.68,False,False
48,44.4,512,1024,8192,300,1305,4.4340,731.89,931.01,3.7976,1410,-21.39,False,False
48,44.4,512,1024,8192,300,1410,4.4340,778.75,931.01,3.7976,1410,-16.35,False,False
48,44.4,512,1024,8192,510,300,6.9580,894.10,931.01,3.7976,1410,-3.96,False,False
48,44.4,512,1024,8192,510,510,6.7130,876.76,931.01,3.7976,1410,-5.83,False,False
48,44.4,512,1024,8192,510,705,5.9879,817.75,931.01,3.7976,1410,-12.16,False,False
48,44.4,512,1024,8192,510,900,4.8761,726.79,931.01,3.7976,1410,-21.94,False,False
48,44.4,512,1024,8192,510,1050,4.1850,665.81,931.01,3.7976,1410,-28.48,True,False
48,44.4,512,1024,8192,510,1200,3.8245,668.80,931.01,3.7976,1410,-28.16,False,False
48,44.4,512,1024,8192,510,1305,3.7363,682.18,931.01,3.7976,1410,-26.73,False,False
48,44.4,512,1024,8192,510,1410,3.6943,723.67,931.01,3.7976,1410,-22.27,False,False
48,44.4,512,1024,8192,705,300,6.9580,899.00,931.01,3.7976,1410,-3.44,False,False
48,44.4,512,1024,8192,705,510,6.7130,881.43,931.01,3.7976,1410,-5.33,False,False
48,44.4,512,1024,8192,705,705,5.9879,821.70,931.01,3.7976,1410,-11.74,False,False
48,44.4,512,1024,8192,705,900,4.8761,729.64,931.01,3.7976,1410,-21.63,False,False
48,44.4,512,1024,8192,705,1050,4.1850,667.99,931.01,3.7976,1410,-28.25,False,False
48,44.4,512,1024,8192,705,1200,3.8245,670.62,931.01,3.7976,1410,-27.97,False,False
48,44.4,512,1024,8192,705,1305,3.7363,683.91,931.01,3.7976,1410,-26.54,False,False
48,44.4,512,1024,8192,705,1410,3.6943,725.36,931.01,3.7976,1410,-22.09,False,False
48,44.4,512,1024,8192,900,300,6.9580,906.95,931.01,3.7976,1410,-2.58,False,False
48,44.4,512,1024,8192,900,510,6.7130,889.10,931.01,3.7976,1410,-4.50,False,False
48,44.4,512,1024,8192,900,705,5.9879,828.58,931.01,3.7976,1410,-11.00,False,False
48,44.4,512,1024,8192,900,900,4.8761,735.30,931.01,3.7976,1410,-21.02,False,False
48,44.4,512,1024,8192,900,1050,4.1850,672.88,931.01,3.7976,1410,-27.73,False,False
48,44.4,512,1024,8192,900,1200,3.8245,675.12,931.01,3.7976,1410,-27.48,False,False
48,44.4,512,1024,8192,900,1305,3.7363,688.31,931.01,3.7976,1410,-26.07,False,False
48,44.4,512,1024,8192,900,1410,3.6943,729.72,931.01,3.7976,1410,-21.62,False,False
48,44.4,512,1024,8192,1050,300,6.9580,924.21,931.01,3.7976,1410,-0.73,False,False
48,44.4,512,1024,8192,1050,510,6.7130,905.80,931.01,3.7976,1410,-2.71,False,False
48,44.4,512,1024,8192,1050,705,5.9879,843.60,931.01,3.7976,1410,-9.39,False,False
48,44.4,512,1024,8192,1050,900,4.8761,747.75,931.01,3.7976,1410,-19.68,False,False
48,44.4,512,1024,8192,1050,1050,4.1850,683.75,931.01,3.7976,1410,-26.56,False,True
48,44.4,512,1024,8192,1050,1200,3.8245,685.15,931.01,3.7976,1410,-26.41,False,False
48,44.4,512,1024,8192,1050,1305,3.7363,698.14,931.01,3.7976,1410,-25.01,False,False
48,44.4,512,1024,8192,1050,1410,3.6943,739.45,931.01,3.7976,1410,-20.58,False,False
48,44.4,512,1024,8192,1200,300,6.9580,971.97,931.01,3.7976,1410,+4.40,False,False
48,44.4,512,1024,8192,1200,510,6.7130,952.99,931.01,3.7976,1410,+2.36,False,False
48,44.4,512,1024,8192,1200,705,5.9879,889.12,931.01,3.7976,1410,-4.50,False,False
48,44.4,512,1024,8192,1200,900,4.8761,790.71,931.01,3.7976,1410,-15.07,False,False
48,44.4,512,1024,8192,1200,1050,4.1850,725.11,931.01,3.7976,1410,-22.12,False,False
48,44.4,512,1024,8192,1200,1200,3.8245,725.68,931.01,3.7976,1410,-22.05,False,False
48,44.4,512,1024,8192,1200,1305,3.7363,738.47,931.01,3.7976,1410,-20.68,False,False
48,44.4,512,1024,8192,1200,1410,3.6943,779.68,931.01,3.7976,1410,-16.25,False,False
48,44.4,512,2048,4096,300,300,6.9580,823.19,808.08,3.7375,1410,+1.87,False,False
48,44.4,512,2048,4096,300,510,6.7130,806.03,808.08,3.7375,1410,-0.25,False,False
48,44.4,512,2048,4096,300,705,5.9879,747.52,808.08,3.7375,1410,-7.49,False,False
48,44.4,512,2048,4096,300,900,4.8761,657.31,808.08,3.7375,1410,-18.66,False,False
48,44.4,512,2048,4096,300,1050,4.1850,596.82,808.08,3.7375,1410,-26.14,False,False
48,44.4,512,2048,4096,300,1200,3.8245,600.05,808.08,3.7375,1410,-25.74,False,False
48,44.4,512,2048,4096,300,1305,3.7363,613.49,808.08,3.7375,1410,-24.08,False,False
48,44.4,512,2048,4096,300,1410,3.6943,655.01,808.08,3.7375,1410,-18.94,False,False
48,44.4,512,2048,4096,510,300,6.9580,824.25,808.08,3.7375,1410,+2.00,False,False
48,44.4,512,2048,4096,510,510,6.7130,806.91,808.08,3.7375,1410,-0.14,False,False
48,44.4,512,2048,4096,510,705,5.9879,747.91,808.08,3.7375,1410,-7.45,False,False
48,44.4,512,2048,4096,510,900,4.8761,656.94,808.08,3.7375,1410,-18.70,False,False
48,44.4,512,2048,4096,510,1050,4.1850,595.97,808.08,3.7375,1410,-26.25,True,False
48,44.4,512,2048,4096,510,1200,3.8245,598.96,808.08,3.7375,1410,-25.88,False,False
48,44.4,512,2048,4096,510,1305,3.7363,612.33,808.08,3.7375,1410,-24.22,False,False
48,44.4,512,2048,4096,510,1410,3.6943,653.82,808.08,3.7375,1410,-19.09,False,False
48,44.4,512,2048,4096,705,300,6.9580,829.98,808.08,3.7375,1410,+2.71,False,False
48,44.4,512,2048,4096,705,510,6.7130,812.40,808.08,3.7375,1410,+0.53,False,False
48,44.4,512,2048,4096,705,705,5.9879,752.68,808.08,3.7375,1410,-6.86,False,False
48,44.4,512,2048,4096,705,900,4.8761,660.61,808.08,3.7375,1410,-18.25,False,False
48,44.4,512,2048,4096,705,1050,4.1850,598.96,808.08,3.7375,1410,-25.88,False,False
48,44.4,512,2048,4096,705,1200,3.8245,601.59,808.08,3.7375,1410,-25.55,False,False
48,44.4,512,2048,4096,705,1305,3.7363,614.88,808.08,3.7375,1410,-23.91,False,False
48,44.4,512,2048,4096,705,1410,3.6943,656.33,808.08,3.7375,1410,-18.78,False,False
48,44.4,512,2048,4096,900,300,6.9580,837.58,808.08,3.7375,1410,+3.65,False,False
48,44.4,512,2048,4096,900,510,6.7130,819.73,808.08,3.7375,1410,+1.44,False,False
48,44.4,512,2048,4096,900,705,5.9879,759.21,808.08,3.7375,1410,-6.05,False,False
48,44.4,512,2048,4096,900,900,4.8761,665.93,808.08,3.7375,1410,-17.59,False,False
48,44.4,512,2048,4096,900,1050,4.1850,603.51,808.08,3.7375,1410,-25.31,False,False
48,44.4,512,2048,4096,900,1200,3.8245,605.75,808.08,3.7375,1410,-25.04,False,False
48,44.4,512,2048,4096,900,1305,3.7363,618.94,808.08,3.7375,1410,-23.41,False,False
48,44.4,512,2048,4096,900,1410,3.6943,660.35,808.08,3.7375,1410,-18.28,False,False
48,44.4,512,2048,4096,1050,300,6.9580,854.09,808.08,3.7375,1410,+5.69,False,False
48,44.4,512,2048,4096,1050,510,6.7130,835.67,808.08,3.7375,1410,+3.42,False,False
48,44.4,512,2048,4096,1050,705,5.9879,773.48,808.08,3.7375,1410,-4.28,False,False
48,44.4,512,2048,4096,1050,900,4.8761,677.63,808.08,3.7375,1410,-16.14,False,False
48,44.4,512,2048,4096,1050,1050,4.1850,613.62,808.08,3.7375,1410,-24.06,False,True
48,44.4,512,2048,4096,1050,1200,3.8245,615.03,808.08,3.7375,1410,-23.89,False,False
48,44.4,512,2048,4096,1050,1305,3.7363,628.02,808.08,3.7375,1410,-22.28,False,False
48,44.4,512,2048,4096,1050,1410,3.6943,669.33,808.08,3.7375,1410,-17.17,False,False
48,44.4,512,2048,4096,1200,300,6.9580,885.74,808.08,3.7375,1410,+9.61,False,False
48,44.4,512,2048,4096,1200,510,6.7130,866.76,808.08,3.7375,1410,+7.26,False,False
48,44.4,512,2048,4096,1200,705,5.9879,802.90,808.08,3.7375,1410,-0.64,False,False
48,44.4,512,2048,4096,1200,900,4.8761,704.48,808.08,3.7375,1410,-12.82,False,False
48,44.4,512,2048,4096,1200,1050,4.1850,638.88,808.08,3.7375,1410,-20.94,False,False
48,44.4,512,2048,4096,1200,1200,3.8245,639.46,808.08,3.7375,1410,-20.87,False,False
48,44.4,512,2048,4096,1200,1305,3.7363,652.24,808.08,3.7375,1410,-19.28,False,False
48,44.4,512,2048,4096,1200,1410,3.6943,693.45,808.08,3.7375,1410,-14.18,False,False
48,44.4,512,2048,4096,1305,300,6.9580,928.32,808.08,3.7375,1410,+14.88,False,False
48,44.4,512,2048,4096,1305,510,6.7130,908.28,808.08,3.7375,1410,+12.40,False,False
48,44.4,512,2048,4096,1305,705,5.9879,841.25,808.08,3.7375,1410,+4.11,False,False
48,44.4,512,2048,4096,1305,900,4.8761,737.98,808.08,3.7375,1410,-8.67,False,False
48,44.4,512,2048,4096,1305,1050,4.1850,669.36,808.08,3.7375,1410,-17.17,False,False
48,44.4,512,2048,4096,1305,1200,3.8245,668.36,808.08,3.7375,1410,-17.29,False,False
48,44.4,512,2048,4096,1305,1305,3.7363,680.76,808.08,3.7375,1410,-15.75,False,False
48,44.4,512,2048,4096,1305,1410,3.6943,721.79,808.08,3.7375,1410,-10.68,False,False
48,44.4,512,2048,8192,300,300,8.4014,1104.05,1261.55,4.3167,1410,-12.48,False,False
48,44.4,512,2048,8192,300,510,8.4014,1101.62,1261.55,4.3167,1410,-12.68,False,False
48,44.4,512,2048,8192,300,705,8.4014,1086.28,1261.55,4.3167,1410,-13.89,False,False
48,44.4,512,2048,8192,300,900,8.4014,1063.33,1261.55,4.3167,1410,-15.71,False,False
48,44.4,512,2048,8192,300,1050,8.0155,1027.78,1261.55,4.3167,1410,-18.53,False,False
48,44.4,512,2048,8192,300,1200,7.7270,1042.57,1261.55,4.3167,1410,-17.36,False,False
48,44.4,512,2048,8192,300,1305,7.6565,1070.80,1261.55,4.3167,1410,-15.12,False,False
48,44.4,512,2048,8192,300,1410,7.6229,1126.59,1261.55,4.3167,1410,-10.70,False,False
48,44.4,512,2048,8192,510,300,6.9580,1016.94,1261.55,4.3167,1410,-19.39,False,False
48,44.4,512,2048,8192,510,510,6.7130,999.60,1261.55,4.3167,1410,-20.76,False,False
48,44.4,512,2048,8192,510,705,5.9879,940.59,1261.55,4.3167,1410,-25.44,False,False
48,44.4,512,2048,8192,510,900,4.9765,855.58,1261.55,4.3167,1410,-32.18,False,False
48,44.4,512,2048,8192,510,1050,4.9765,837.03,1261.55,4.3167,1410,-33.65,False,False
48,44.4,512,2048,8192,510,1200,4.9765,864.18,1261.55,4.3167,1410,-31.50,False,False
48,44.4,512,2048,8192,510,1305,4.9765,887.43,1261.55,4.3167,1410,-29.66,False,False
48,44.4,512,2048,8192,510,1410,4.9765,936.19,1261.55,4.3167,1410,-25.79,False,False
48,44.4,512,2048,8192,705,300,6.9580,1020.71,1261.55,4.3167,1410,-19.09,False,False
48,44.4,512,2048,8192,705,510,6.7130,1003.13,1261.55,4.3167,1410,-20.48,False,False
48,44.4,512,2048,8192,705,705,5.9879,943.41,1261.55,4.3167,1410,-25.22,False,False
48,44.4,512,2048,8192,705,900,4.8761,851.35,1261.55,4.3167,1410,-32.52,False,False
48,44.4,512,2048,8192,705,1050,4.1850,789.69,1261.55,4.3167,1410,-37.40,True,False
48,44.4,512,2048,8192,705,1200,3.8245,792.33,1261.55,4.3167,1410,-37.19,False,False
48,44.4,512,2048,8192,705,1305,3.7363,805.62,1261.55,4.3167,1410,-36.14,False,False
48,44.4,512,2048,8192,705,1410,3.6943,847.07,1261.55,4.3167,1410,-32.86,False,False
48,44.4,512,2048,8192,900,300,6.9580,1029.90,1261.55,4.3167,1410,-18.36,False,False
48,44.4,512,2048,8192,900,510,6.7130,1012.05,1261.55,4.3167,1410,-19.78,False,False
48,44.4,512,2048,8192,900,705,5.9879,951.53,1261.55,4.3167,1410,-24.57,False,False
48,44.4,512,2048,8192,900,900,4.8761,858.24,1261.55,4.3167,1410,-31.97,False,False
48,44.4,512,2048,8192,900,1050,4.1850,795.83,1261.55,4.3167,1410,-36.92,False,False
48,44.4,512,2048,8192,900,1200,3.8245,798.07,1261.55,4.3167,1410,-36.74,False,False
48,44.4,512,2048,8192,900,1305,3.7363,811.26,1261.55,4.3167,1410,-35.69,False,False
48,44.4,512,2048,8192,900,1410,3.6943,852.66,1261.55,4.3167,1410,-32.41,False,False
48,44.4,512,2048,8192,1050,300,6.9580,1048.33,1261.55,4.3167,1410,-16.90,False,False
48,44.4,512,2048,8192,1050,510,6.7130,1029.91,1261.55,4.3167,1410,-18.36,False,False
48,44.4,512,2048,8192,1050,705,5.9879,967.72,1261.55,4.3167,1410,-23.29,False,False
48,44.4,512,2048,8192,1050,900,4.8761,871.87,1261.55,4.3167,1410,-30.89,False,False
48,44.4,512,2048,8192,1050,1050,4.1850,807.86,1261.55,4.3167,1410,-35.96,False,True
48,44.4,512,2048,8192,1050,1200,3.8245,809.27,1261.55,4.3167,1410,-35.85,False,False
48,44.4,512,2048,8192,1050,1305,3.7363,822.26,1261.55,4.3167,1410,-34.82,False,False
48,44.4,512,2048,8192,1050,1410,3.6943,863.56,1261.55,4.3167,1410,-31.55,False,False
48,44.4,512,2048,8192,1200,300,6.9580,1128.18,1261.55,4.3167,1410,-10.57,False,False
48,44.4,512,2048,8192,1200,510,6.7130,1109.21,1261.55,4.3167,1410,-12.08,False,False
48,44.4,512,2048,8192,1200,705,5.9879,1045.34,1261.55,4.3167,1410,-17.14,False,False
48,44.4,512,2048,8192,1200,900,4.8761,946.93,1261.55,4.3167,1410,-24.94,False,False
48,44.4,512,2048,8192,1200,1050,4.1850,881.33,1261.55,4.3167,1410,-30.14,False,False
48,44.4,512,2048,8192,1200,1200,3.8245,881.90,1261.55,4.3167,1410,-30.09,False,False
48,44.4,512,2048,8192,1200,1305,3.7363,894.68,1261.55,4.3167,1410,-29.08,False,False
48,44.4,512,2048,8192,1200,1410,3.6943,935.90,1261.55,4.3167,1410,-25.81,False,False
48,44.4,512,4096,4096,300,300,6.9580,890.74,964.89,3.7845,1410,-7.69,False,False
48,44.4,512,4096,4096,300,510,6.7130,873.57,964.89,3.7845,1410,-9.46,False,False
48,44.4,512,4096,4096,300,705,5.9879,815.06,964.89,3.7845,1410,-15.53,False,False
48,44.4,512,4096,4096,300,900,4.8761,724.85,964.89,3.7845,1410,-24.88,False,False
48,44.4,512,4096,4096,300,1050,4.3519,674.44,964.89,3.7845,1410,-30.10,False,False
48,44.4,512,4096,4096,300,1200,4.3519,700.44,964.89,3.7845,1410,-27.41,False,False
48,44.4,512,4096,4096,300,1305,4.3519,721.52,964.89,3.7845,1410,-25.22,False,False
48,44.4,512,4096,4096,300,1410,4.3519,768.09,964.89,3.7845,1410,-20.40,False,False
48,44.4,512,4096,4096,510,300,6.9580,889.46,964.89,3.7845,1410,-7.82,False,False
48,44.4,512,4096,4096,510,510,6.7130,872.13,964.89,3.7845,1410,-9.61,False,False
48,44.4,512,4096,4096,510,705,5.9879,813.12,964.89,3.7845,1410,-15.73,False,False
48,44.4,512,4096,4096,510,900,4.8761,722.15,964.89,3.7845,1410,-25.16,False,False
48,44.4,512,4096,4096,510,1050,4.1850,661.18,964.89,3.7845,1410,-31.48,True,False
48,44.4,512,4096,4096,510,1200,3.8245,664.17,964.89,3.7845,1410,-31.17,False,False
48,44.4,512,4096,4096,510,1305,3.7363,677.55,964.89,3.7845,1410,-29.78,False,False
48,44.4,512,4096,4096,510,1410,3.6943,719.04,964.89,3.7845,1410,-25.48,False,False
48,44.4,512,4096,4096,705,300,6.9580,894.85,964.89,3.7845,1410,-7.26,False,False
48,44.4,512,4096,4096,705,510,6.7130,877.27,964.89,3.7845,1410,-9.08,False,False
48,44.4,512,4096,4096,705,705,5.9879,817.55,964.89,3.7845,1410,-15.27,False,False
48,44.4,512,4096,4096,705,900,4.8761,725.49,964.89,3.7845,1410,-24.81,False,False
48,44.4,512,4096,4096,705,1050,4.1850,663.83,964.89,3.7845,1410,-31.20,False,False
48,44.4,512,4096,4096,705,1200,3.8245,666.47,964.89,3.7845,1410,-30.93,False,False
48,44.4,512,4096,4096,705,1305,3.7363,679.76,964.89,3.7845,1410,-29.55,False,False
48,44.4,512,4096,4096,705,1410,3.6943,721.21,964.89,3.7845,1410,-25.25,False,False
48,44.4,512,4096,4096,900,300,6.9580,902.99,964.89,3.7845,1410,-6.42,False,False
48,44.4,512,4096,4096,900,510,6.7130,885.14,964.89,3.7845,1410,-8.26,False,False
48,44.4,512,4096,4096,900,705,5.9879,824.62,964.89,3.7845,1410,-14.54,False,False
48,44.4,512,4096,4096,900,900,4.8761,731.34,964.89,3.7845,1410,-24.21,False,False
48,44.4,512,4096,4096,900,1050,4.1850,668.92,964.89,3.7845,1410,-30.67,False,False
48,44.4,512,4096,4096,900,1200,3.8245,671.16,964.89,3.7845,1410,-30.44,False,False
48,44.4,512,4096,4096,900,1305,3.7363,684.35,964.89,3.7845,1410,-29.07,False,False
48,44.4,512,4096,4096,900,1410,3.6943,725.76,964.89,3.7845,1410,-24.78,False,False
48,44.4,512,4096,4096,1050,300,6.9580,920.07,964.89,3.7845,1410,-4.65,False,False
48,44.4,512,4096,4096,1050,510,6.7130,901.66,964.89,3.7845,1410,-6.55,False,False
48,44.4,512,4096,4096,1050,705,5.9879,839.46,964.89,3.7845,1410,-13.00,False,False
48,44.4,512,4096,4096,1050,900,4.8761,743.61,964.89,3.7845,1410,-22.93,False,False
48,44.4,512,4096,4096,1050,1050,4.1850,679.61,964.89,3.7845,1410,-29.57,False,True
48,44.4,512,4096,4096,1050,1200,3.8245,681.01,964.89,3.7845,1410,-29.42,False,False
48,44.4,512,4096,4096,1050,1305,3.7363,694.00,964.89,3.7845,1410,-28.07,False,False
48,44.4,512,4096,4096,1050,1410,3.6943,735.31,964.89,3.7845,1410,-23.79,False,False
48,44.4,512,4096,4096,1200,300,6.9580,968.84,964.89,3.7845,1410,+0.41,False,False
48,44.4,512,4096,4096,1200,510,6.7130,949.86,964.89,3.7845,1410,-1.56,False,False
48,44.4,512,4096,4096,1200,705,5.9879,886.00,964.89,3.7845,1410,-8.18,False,False
48,44.4,512,4096,4096,1200,900,4.8761,787.58,964.89,3.7845,1410,-18.38,False,False
48,44.4,512,4096,4096,1200,1050,4.1850,721.98,964.89,3.7845,1410,-25.17,False,False
48,44.4,512,4096,4096,1200,1200,3.8245,722.56,964.89,3.7845,1410,-25.12,False,False
48,44.4,512,4096,4096,1200,1305,3.7363,735.34,964.89,3.7845,1410,-23.79,False,False
48,44.4,512,4096,4096,1200,1410,3.6943,776.55,964.89,3.7845,1410,-19.52,False,False
48,44.4,512,8192,8192,300,300,23.4444,2762.57,2899.99,7.3179,1290,-4.74,False,False
48,44.4,512,8192,8192,300,510,23.2381,2756.66,2899.99,7.3179,1290,-4.94,False,False
48,44.4,512,8192,8192,300,705,22.6274,2717.78,2899.99,7.3179,1290,-6.28,False,False
48,44.4,512,8192,8192,300,900,21.6912,2652.51,2899.99,7.3179,1290,-8.53,False,False
48,44.4,512,8192,8192,300,1050,21.1092,2629.63,2899.99,7.3179,1290,-9.32,False,False
48,44.4,512,8192,8192,300,1200,20.8056,2667.64,2899.99,7.3179,1290,-8.01,False,False
48,44.4,512,8192,8192,300,1305,20.7314,2741.29,2899.99,7.3179,1290,-5.47,False,False
48,44.4,512,8192,8192,300,1410,20.6961,2842.61,2899.99,7.3179,1290,-1.98,False,False
48,44.4,512,8192,8192,510,300,16.2271,2327.98,2899.99,7.3179,1290,-19.72,False,False
48,44.4,512,8192,8192,510,510,16.0208,2317.96,2899.99,7.3179,1290,-20.07,False,False
48,44.4,512,8192,8192,510,705,15.4102,2272.98,2899.99,7.3179,1290,-21.62,False,False
48,44.4,512,8192,8192,510,900,14.4740,2200.71,2899.99,7.3179,1290,-24.11,False,False
48,44.4,512,8192,8192,510,1050,13.8920,2164.11,2899.99,7.3179,1290,-25.38,False,False
48,44.4,512,8192,8192,510,1200,13.5883,2188.60,2899.99,7.3179,1290,-24.53,False,False
48,44.4,512,8192,8192,510,1305,13.5141,2236.99,2899.99,7.3179,1290,-22.86,False,False
48,44.4,512,8192,8192,510,1410,13.4788,2313.09,2899.99,7.3179,1290,-20.24,False,False
48,44.4,512,8192,8192,705,300,13.3743,2171.31,2899.99,7.3179,1290,-25.13,False,False
48,44.4,512,8192,8192,705,510,13.1680,2159.52,2899.99,7.3179,1290,-25.53,False,False
48,44.4,512,8192,8192,705,705,12.5573,2111.69,2899.99,7.3179,1290,-27.18,False,False
48,44.4,512,8192,8192,705,900,11.6211,2035.98,2899.99,7.3179,1290,-29.79,False,False
48,44.4,512,8192,8192,705,1050,11.0392,1993.55,2899.99,7.3179,1290,-31.26,False,False
48,44.4,512,8192,8192,705,1200,10.7355,2012.47,2899.99,7.3179,1290,-30.60,False,False
48,44.4,512,8192,8192,705,1305,10.6613,2050.83,2899.99,7.3179,1290,-29.28,False,False
48,44.4,512,8192,8192,705,1410,10.6260,2116.93,2899.99,7.3179,1290,-27.00,False,False
48,44.4,512,8192,8192,900,300,10.8624,2040.67,2899.99,7.3179,1290,-29.63,False,False
48,44.4,512,8192,8192,900,510,10.8624,2039.59,2899.99,7.3179,1290,-29.67,False,False
48,44.4,512,8192,8192,900,705,10.8624,2026.20,2899.99,7.3179,1290,-30.13,False,False
48,44.4,512,8192,8192,900,900,10.0029,1952.68,2899.99,7.3179,1290,-32.67,False,False
48,44.4,512,8192,8192,900,1050,9.4210,1906.63,2899.99,7.3179,1290,-34.25,False,False
48,44.4,512,8192,8192,900,1200,9.1173,1922.23,2899.99,7.3179,1290,-33.72,False,False
48,44.4,512,8192,8192,900,1305,9.0431,1954.85,2899.99,7.3179,1290,-32.59,False,False
48,44.4,512,8192,8192,900,1410,9.0078,2015.27,2899.99,7.3179,1290,-30.51,False,False
48,44.4,512,8192,8192,1050,300,9.3455,1991.98,2899.99,7.3179,1290,-31.31,False,False
48,44.4,512,8192,8192,1050,510,9.3455,1990.06,2899.99,7.3179,1290,-31.38,False,False
48,44.4,512,8192,8192,1050,705,9.3455,1975.47,2899.99,7.3179,1290,-31.88,False,False
48,44.4,512,8192,8192,1050,900,9.1795,1942.79,2899.99,7.3179,1290,-33.01,False,False
48,44.4,512,8192,8192,1050,1050,8.5975,1893.87,2899.99,7.3179,1290,-34.69,True,True
48,44.4,512,8192,8192,1050,1200,8.2938,1907.25,2899.99,7.3179,1290,-34.23,False,False
48,44.4,512,8192,8192,1050,1305,8.2196,1936.83,2899.99,7.3179,1290,-33.21,False,False
48,44.4,512,8192,8192,1050,1410,8.1843,1994.28,2899.99,7.3179,1290,-31.23,False,False
48,44.4,512,8192,8192,1200,300,8.1953,2196.88,2899.99,7.3179,1290,-24.25,False,False
48,44.4,512,8192,8192,1200,510,8.1953,2194.34,2899.99,7.3179,1290,-24.33,False,False
48,44.4,512,8192,8192,1200,705,8.1953,2178.84,2899.99,7.3179,1290,-24.87,False,False
48,44.4,512,8192,8192,1200,900,8.1953,2155.71,2899.99,7.3179,1290,-25.67,False,False
48,44.4,512,8192,8192,1200,1050,7.9731,2128.03,2899.99,7.3179,1290,-26.62,False,False
48,44.4,512,8192,8192,1200,1200,7.6695,2139.56,2899.99,7.3179,1290,-26.22,False,False
48,44.4,512,8192,8192,1200,1305,7.5952,2166.79,2899.99,7.3179,1290,-25.28,False,False
48,44.4,512,8192,8192,1200,1410,7.5599,2221.98,2899.99,7.3179,1290,-23.38,False,False
64,59.3,64,1024,4096,300,300,1.4882,175.57,178.73,0.7495,1410,-1.76,False,False
64,59.3,64,1024,4096,300,510,1.4882,174.03,178.73,0.7495,1410,-2.63,False,False
64,59.3,64,1024,4096,300,705,1.4345,169.14,178.73,0.7495,1410,-5.37,False,False
64,59.3,64,1024,4096,300,900,1.3548,161.73,178.73,0.7495,1410,-9.51,False,False
64,59.3,64,1024,4096,300,1050,1.3084,157.87,178.73,0.7495,1410,-11.67,False,False
64,59.3,64,1024,4096,300,1200,1.2820,163.06,178.73,0.7495,1410,-8.77,False,False
64,59.3,64,1024,4096,300,1305,1.2687,166.80,178.73,0.7495,1410,-6.67,False,False
64,59.3,64,1024,4096,300,1410,1.2657,179.77,178.73,0.7495,1410,+0.58,False,False
64,59.3,64,1024,4096,510,300,1.0955,151.40,178.73,0.7495,1410,-15.29,False,False
64,59.3,64,1024,4096,510,510,0.9999,144.07,178.73,0.7495,1410,-19.39,False,False
64,59.3,64,1024,4096,510,705,0.8951,135.63,178.73,0.7495,1410,-24.11,False,False
64,59.3,64,1024,4096,510,900,0.8951,132.31,178.73,0.7495,1410,-25.97,False,False
64,59.3,64,1024,4096,510,1050,0.8951,130.19,178.73,0.7495,1410,-27.15,False,False
64,59.3,64,1024,4096,510,1200,0.8865,135.51,178.73,0.7495,1410,-24.18,False,False
64,59.3,64,1024,4096,510,1305,0.8733,137.41,178.73,0.7495,1410,-23.12,False,False
64,59.3,64,1024,4096,510,1410,0.8703,148.53,178.73,0.7495,1410,-16.89,False,False
64,59.3,64,1024,4096,705,300,1.0955,151.31,178.73,0.7495,1410,-15.34,False,False
64,59.3,64,1024,4096,705,510,0.9999,143.91,178.73,0.7495,1410,-19.48,False,False
64,59.3,64,1024,4096,705,705,0.8847,134.78,178.73,0.7495,1410,-24.59,False,False
64,59.3,64,1024,4096,705,900,0.7255,121.81,178.73,0.7495,1410,-31.85,False,False
64,59.3,64,1024,4096,705,1050,0.6615,115.24,178.73,0.7495,1410,-35.52,False,False
64,59.3,64,1024,4096,705,1200,0.6615,120.53,178.73,0.7495,1410,-32.56,False,False
64,59.3,64,1024,4096,705,1305,0.6615,122.30,178.73,0.7495,1410,-31.57,False,False
64,59.3,64,1024,4096,705,1410,0.6615,132.66,178.73,0.7495,1410,-25.77,False,False
64,59.3,64,1024,4096,900,300,1.0955,151.89,178.73,0.7495,1410,-15.02,False,False
64,59.3,64,1024,4096,900,510,0.9999,144.41,178.73,0.7495,1410,-19.20,False,False
64,59.3,64,1024,4096,900,705,0.8847,135.19,178.73,0.7495,1410,-24.36,False,False
64,59.3,64,1024,4096,900,900,0.7255,122.08,178.73,0.7495,1410,-31.69,False,False
64,59.3,64,1024,4096,900,1050,0.6326,113.62,178.73,0.7495,1410,-36.43,True,False
64,59.3,64,1024,4096,900,1200,0.5797,115.34,178.73,0.7495,1410,-35.47,False,False
64,59.3,64,1024,4096,900,1305,0.5533,114.85,178.73,0.7495,1410,-35.74,False,False
64,59.3,64,1024,4096,900,1410,0.5471,124.25,178.73,0.7495,1410,-30.48,False,False
64,59.3,64,1024,4096,1050,300,1.0955,153.62,178.73,0.7495,1410,-14.05,False,False
64,59.3,64,1024,4096,1050,510,0.9999,145.98,178.73,0.7495,1410,-18.32,False,False
64,59.3,64,1024,4096,1050,705,0.8847,136.56,178.73,0.7495,1410,-23.59,False,False
64,59.3,64,1024,4096,1050,900,0.7255,123.19,178.73,0.7495,1410,-31.07,False,False
64,59.3,64,1024,4096,1050,1050,0.6326,114.57,178.73,0.7495,1410,-35.89,False,True
64,59.3,64,1024,4096,1050,1200,0.5797,116.20,178.73,0.7495,1410,-34.98,False,False
64,59.3,64,1024,4096,1050,1305,0.5533,115.67,178.73,0.7495,1410,-35.28,False,False
64,59.3,64,1024,4096,1050,1410,0.5471,125.05,178.73,0.7495,1410,-30.03,False,False
64,59.3,64,1024,4096,1200,300,1.0955,162.89,178.73,0.7495,1410,-8.86,False,False
64,59.3,64,1024,4096,1200,510,0.9999,155.09,178.73,0.7495,1410,-13.23,False,False
64,59.3,64,1024,4096,1200,705,0.8847,145.48,178.73,0.7495,1410,-18.60,False,False
64,59.3,64,1024,4096,1200,900,0.7255,131.84,178.73,0.7495,1410,-26.24,False,False
64,59.3,64,1024,4096,1200,1050,0.6326,123.06,178.73,0.7495,1410,-31.14,False,False
64,59.3,64,1024,4096,1200,1200,0.5797,124.60,178.73,0.7495,1410,-30.28,False,False
64,59.3,64,1024,4096,1200,1305,0.5533,124.02,178.73,0.7495,1410,-30.61,False,False
64,59.3,64,1024,4096,1200,1410,0.5471,133.40,178.73,0.7495,1410,-25.36,False,False
64,59.3,64,1024,4096,1305,300,1.0955,171.57,178.73,0.7495,1410,-4.01,False,False
64,59.3,64,1024,4096,1305,510,0.9999,163.46,178.73,0.7495,1410,-8.55,False,False
64,59.3,64,1024,4096,1305,705,0.8847,153.48,178.73,0.7495,1410,-14.13,False,False
64,59.3,64,1024,4096,1305,900,0.7255,139.33,178.73,0.7495,1410,-22.05,False,False
64,59.3,64,1024,4096,1305,1050,0.6326,130.25,178.73,0.7495,1410,-27.12,False,False
64,59.3,64,1024,4096,1305,1200,0.5797,131.62,178.73,0.7495,1410,-26.36,False,False
64,59.3,64,1024,4096,1305,1305,0.5533,130.96,178.73,0.7495,1410,-26.73,False,False
64,59.3,64,1024,4096,1305,1410,0.5471,140.31,178.73,0.7495,1410,-21.49,False,False
64,59.3,64,1024,4096,1410,300,1.0955,188.99,178.73,0.7495,1410,+5.74,False,False
64,59.3,64,1024,4096,1410,510,0.9999,180.57,178.73,0.7495,1410,+1.03,False,False
64,59.3,64,1024,4096,1410,705,0.8847,170.22,178.73,0.7495,1410,-4.76,False,False
64,59.3,64,1024,4096,1410,900,0.7255,155.56,178.73,0.7495,1410,-12.96,False,False
64,59.3,64,1024,4096,1410,1050,0.6326,146.19,178.73,0.7495,1410,-18.20,False,False
64,59.3,64,1024,4096,1410,1200,0.5797,147.39,178.73,0.7495,1410,-17.53,False,False
64,59.3,64,1024,4096,1410,1305,0.5533,146.65,178.73,0.7495,1410,-17.95,False,False
64,59.3,64,1024,4096,1410,1410,0.5471,155.98,178.73,0.7495,1410,-12.73,False,False
64,59.3,64,1024,8192,300,300,3.9970,423.15,405.68,1.0996,1410,+4.31,False,False
64,59.3,64,1024,8192,300,510,3.8632,415.81,405.68,1.0996,1410,+2.50,False,False
64,59.3,64,1024,8192,300,705,3.7019,407.15,405.68,1.0996,1410,+0.36,False,False
64,59.3,64,1024,8192,300,900,3.4790,393.90,405.68,1.0996,1410,-2.90,False,False
64,59.3,64,1024,8192,300,1050,3.3490,390.11,405.68,1.0996,1410,-3.84,False,False
64,59.3,64,1024,8192,300,1200,3.2749,397.25,405.68,1.0996,1410,-2.08,False,False
64,59.3,64,1024,8192,300,1305,3.2379,408.64,405.68,1.0996,1410,+0.73,False,False
64,59.3,64,1024,8192,300,1410,3.2293,430.36,405.68,1.0996,1410,+6.09,False,False
64,59.3,64,1024,8192,510,300,3.0057,362.40,405.68,1.0996,1410,-10.67,False,False
64,59.3,64,1024,8192,510,510,2.8719,354.26,405.68,1.0996,1410,-12.67,False,False
64,59.3,64,1024,8192,510,705,2.7106,344.48,405.68,1.0996,1410,-15.08,False,False
64,59.3,64,1024,8192,510,900,2.4876,329.95,405.68,1.0996,1410,-18.67,False,False
64,59.3,64,1024,8192,510,1050,2.3577,323.66,405.68,1.0996,1410,-20.22,False,False
64,59.3,64,1024,8192,510,1200,2.2836,328.33,405.68,1.0996,1410,-19.07,False,False
64,59.3,64,1024,8192,510,1305,2.2466,335.08,405.68,1.0996,1410,-17.40,False,False
64,59.3,64,1024,8192,510,1410,2.2380,352.18,405.68,1.0996,1410,-13.19,False,False
64,59.3,64,1024,8192,705,300,2.5928,338.84,405.68,1.0996,1410,-16.48,False,False
64,59.3,64,1024,8192,705,510,2.4802,331.54,405.68,1.0996,1410,-18.27,False,False
64,59.3,64,1024,8192,705,705,2.3189,321.23,405.68,1.0996,1410,-20.82,False,False
64,59.3,64,1024,8192,705,900,2.0960,306.09,405.68,1.0996,1410,-24.55,False,False
64,59.3,64,1024,8192,705,1050,1.9660,298.73,405.68,1.0996,1410,-26.36,False,False
64,59.3,64,1024,8192,705,1200,1.8919,302.38,405.68,1.0996,1410,-25.46,False,False
64,59.3,64,1024,8192,705,1305,1.8549,307.29,405.68,1.0996,1410,-24.25,False,False
64,59.3,64,1024,8192,705,1410,1.8463,322.56,405.68,1.0996,1410,-20.49,False,False
64,59.3,64,1024,8192,900,300,2.0553,309.83,405.68,1.0996,1410,-23.63,False,False
64,59.3,64,1024,8192,900,510,2.0553,308.71,405.68,1.0996,1410,-23.90,False,False
64,59.3,64,1024,8192,900,705,2.0553,307.53,405.68,1.0996,1410,-24.19,False,False
64,59.3,64,1024,8192,900,900,1.8720,294.33,405.68,1.0996,1410,-27.45,False,False
64,59.3,64,1024,8192,900,1050,1.7420,286.32,405.68,1.0996,1410,-29.42,False,False
64,59.3,64,1024,8192,900,1200,1.6679,289.36,405.68,1.0996,1410,-28.67,False,False
64,59.3,64,1024,8192,900,1305,1.6309,293.19,405.68,1.0996,1410,-27.73,False,False
64,59.3,64,1024,8192,900,1410,1.6223,307.41,405.68,1.0996,1410,-24.22,False,False
64,59.3,64,1024,8192,1050,300,1.7795,297.95,405.68,1.0996,1410,-26.55,False,False
64,59.3,64,1024,8192,1050,510,1.7795,296.63,405.68,1.0996,1410,-26.88,False,False
64,59.3,64,1024,8192,1050,705,1.7795,295.16,405.68,1.0996,1410,-27.24,False,False
64,59.3,64,1024,8192,1050,900,1.7571,291.46,405.68,1.0996,1410,-28.15,False,False
64,59.3,64,1024,8192,1050,1050,1.6271,282.95,405.68,1.0996,1410,-30.25,True,True
64,59.3,64,1024,8192,1050,1200,1.5530,285.58,405.68,1.0996,1410,-29.60,False,False
64,59.3,64,1024,8192,1050,1305,1.5160,288.82,405.68,1.0996,1410,-28.81,False,False
64,59.3,64,1024,8192,1050,1410,1.5074,302.49,405.68,1.0996,1410,-25.44,False,False
64,59.3,64,1024,8192,1200,300,1.5652,319.43,405.68,1.0996,1410,-21.26,False,False
64,59.3,64,1024,8192,1200,510,1.5652,317.95,405.68,1.0996,1410,-21.63,False,False
64,59.3,64,1024,8192,1200,705,1.5652,316.25,405.68,1.0996,1410,-22.04,False,False
64,59.3,64,1024,8192,1200,900,1.5652,313.72,405.68,1.0996,1410,-22.67,False,False
64,59.3,64,1024,8192,1200,1050,1.5378,311.41,405.68,1.0996,1410,-23.24,False,False
64,59.3,64,1024,8192,1200,1200,1.4637,313.70,405.68,1.0996,1410,-22.67,False,False
64,59.3,64,1024,8192,1200,1305,1.4267,316.45,405.68,1.0996,1410,-21.99,False,False
64,59.3,64,1024,8192,1200,1410,1.4181,329.70,405.68,1.0996,1410,-18.73,False,False
64,59.3,64,2048,4096,300,300,2.5610,269.69,254.14,0.8544,1410,+6.12,False,False
64,59.3,64,2048,4096,300,510,2.4654,263.48,254.14,0.8544,1410,+3.67,False,False
64,59.3,64,2048,4096,300,705,2.3502,256.04,254.14,0.8544,1410,+0.74,False,False
64,59.3,64,2048,4096,300,900,2.1909,244.98,254.14,0.8544,1410,-3.61,False,False
64,59.3,64,2048,4096,300,1050,2.0981,240.31,254.14,0.8544,1410,-5.44,False,False
64,59.3,64,2048,4096,300,1200,2.0452,245.74,254.14,0.8544,1410,-3.31,False,False
64,59.3,64,2048,4096,300,1305,2.0188,252.13,254.14,0.8544,1410,-0.79,False,False
64,59.3,64,2048,4096,300,1410,2.0126,268.36,254.14,0.8544,1410,+5.59,False,False
64,59.3,64,2048,4096,510,300,1.7571,221.55,254.14,0.8544,1410,-12.83,False,False
64,59.3,64,2048,4096,510,510,1.7571,220.21,254.14,0.8544,1410,-13.35,False,False
64,59.3,64,2048,4096,510,705,1.7571,218.71,254.14,0.8544,1410,-13.94,False,False
64,59.3,64,2048,4096,510,900,1.6040,207.25,254.14,0.8544,1410,-18.45,False,False
64,59.3,64,2048,4096,510,1050,1.5112,201.09,254.14,0.8544,1410,-20.88,False,False
64,59.3,64,2048,4096,510,1200,1.4583,205.05,254.14,0.8544,1410,-19.32,False,False
64,59.3,64,2048,4096,510,1305,1.4318,208.69,254.14,0.8544,1410,-17.89,False,False
64,59.3,64,2048,4096,510,1410,1.4257,222.18,254.14,0.8544,1410,-12.58,False,False
64,59.3,64,2048,4096,705,300,1.2881,194.67,254.14,0.8544,1410,-23.40,False,False
64,59.3,64,2048,4096,705,510,1.2881,192.99,254.14,0.8544,1410,-24.06,False,False
64,59.3,64,2048,4096,705,705,1.2881,191.00,254.14,0.8544,1410,-24.84,False,False
64,59.3,64,2048,4096,705,900,1.2881,188.14,254.14,0.8544,1410,-25.97,False,False
64,59.3,64,2048,4096,705,1050,1.2767,186.27,254.14,0.8544,1410,-26.71,False,False
64,59.3,64,2048,4096,705,1200,1.2238,189.61,254.14,0.8544,1410,-25.39,False,False
64,59.3,64,2048,4096,705,1305,1.1973,192.15,254.14,0.8544,1410,-24.39,False,False
64,59.3,64,2048,4096,705,1410,1.1912,204.54,254.14,0.8544,1410,-19.52,False,False
64,59.3,64,2048,4096,900,300,1.0955,184.41,254.14,0.8544,1410,-27.44,False,False
64,59.3,64,2048,4096,900,510,1.0215,178.21,254.14,0.8544,1410,-29.88,False,False
64,59.3,64,2048,4096,900,705,1.0215,175.94,254.14,0.8544,1410,-30.77,False,False
64,59.3,64,2048,4096,900,900,1.0215,172.77,254.14,0.8544,1410,-32.02,False,False
64,59.3,64,2048,4096,900,1050,1.0215,170.97,254.14,0.8544,1410,-32.73,False,False
64,59.3,64,2048,4096,900,1200,1.0215,177.15,254.14,0.8544,1410,-30.30,False,False
64,59.3,64,2048,4096,900,1305,1.0215,180.59,254.14,0.8544,1410,-28.94,False,False
64,59.3,64,2048,4096,900,1410,1.0215,192.63,254.14,0.8544,1410,-24.21,False,False
64,59.3,64,2048,4096,1050,300,1.0955,186.72,254.14,0.8544,1410,-26.53,False,False
64,59.3,64,2048,4096,1050,510,0.9999,179.08,254.14,0.8544,1410,-29.53,False,False
64,59.3,64,2048,4096,1050,705,0.8865,169.78,254.14,0.8544,1410,-33.20,False,False
64,59.3,64,2048,4096,1050,900,0.8865,166.45,254.14,0.8544,1410,-34.51,False,False
64,59.3,64,2048,4096,1050,1050,0.8865,164.31,254.14,0.8544,1410,-35.35,True,True
64,59.3,64,2048,4096,1050,1200,0.8865,170.16,254.14,0.8544,1410,-33.05,False,False
64,59.3,64,2048,4096,1050,1305,0.8865,172.97,254.14,0.8544,1410,-31.94,False,False
64,59.3,64,2048,4096,1050,1410,0.8865,184.39,254.14,0.8544,1410,-27.45,False,False
64,59.3,64,2048,4096,1200,300,1.0955,204.18,254.14,0.8544,1410,-19.66,False,False
64,59.3,64,2048,4096,1200,510,0.9999,196.38,254.14,0.8544,1410,-22.73,False,False
64,59.3,64,2048,4096,1200,705,0.8847,186.77,254.14,0.8544,1410,-26.51,False,False
64,59.3,64,2048,4096,1200,900,0.7823,176.81,254.14,0.8544,1410,-30.43,False,False
64,59.3,64,2048,4096,1200,1050,0.7823,174.41,254.14,0.8544,1410,-31.37,False,False
64,59.3,64,2048,4096,1200,1200,0.7823,180.00,254.14,0.8544,1410,-29.17,False,False
64,59.3,64,2048,4096,1200,1305,0.7823,182.33,254.14,0.8544,1410,-28.26,False,False
64,59.3,64,2048,4096,1200,1410,0.7823,193.26,254.14,0.8544,1410,-23.96,False,False
64,59.3,64,2048,4096,1305,300,1.0955,219.91,254.14,0.8544,1410,-13.47,False,False
64,59.3,64,2048,4096,1305,510,0.9999,211.80,254.14,0.8544,1410,-16.66,False,False
64,59.3,64,2048,4096,1305,705,0.8847,201.82,254.14,0.8544,1410,-20.59,False,False
64,59.3,64,2048,4096,1305,900,0.7255,187.67,254.14,0.8544,1410,-26.16,False,False
64,59.3,64,2048,4096,1305,1050,0.7235,184.99,254.14,0.8544,1410,-27.21,False,False
64,59.3,64,2048,4096,1305,1200,0.7235,190.44,254.14,0.8544,1410,-25.07,False,False
64,59.3,64,2048,4096,1305,1305,0.7235,192.49,254.14,0.8544,1410,-24.26,False,False
64,59.3,64,2048,4096,1305,1410,0.7235,203.15,254.14,0.8544,1410,-20.07,False,False
64,59.3,64,2048,8192,300,300,6.2012,674.37,638.44,1.6100,1335,+5.63,False,False
64,59.3,64,2048,8192,300,510,6.0673,668.64,638.44,1.6100,1335,+4.73,False,False
64,59.3,64,2048,8192,300,705,5.9060,662.30,638.44,1.6100,1335,+3.74,False,False
64,59.3,64,2048,8192,300,900,5.6831,651.63,638.44,1.6100,1335,+2.07,False,False
64,59.3,64,2048,8192,300,1050,5.5531,653.26,638.44,1.6100,1335,+2.32,False,False
64,59.3,64,2048,8192,300,1200,5.4790,665.83,638.44,1.6100,1335,+4.29,False,False
64,59.3,64,2048,8192,300,1305,5.4420,687.48,638.44,1.6100,1335,+7.68,False,False
64,59.3,64,2048,8192,300,1410,5.4334,719.47,638.44,1.6100,1335,+12.69,False,False
64,59.3,64,2048,8192,510,300,4.2984,558.76,638.44,1.6100,1335,-12.48,False,False
64,59.3,64,2048,8192,510,510,4.1646,551.56,638.44,1.6100,1335,-13.61,False,False
64,59.3,64,2048,8192,510,705,4.0033,543.14,638.44,1.6100,1335,-14.93,False,False
64,59.3,64,2048,8192,510,900,3.7804,530.13,638.44,1.6100,1335,-16.96,False,False
64,59.3,64,2048,8192,510,1050,3.6504,527.02,638.44,1.6100,1335,-17.45,False,False
64,59.3,64,2048,8192,510,1200,3.5763,534.87,638.44,1.6100,1335,-16.22,False,False
64,59.3,64,2048,8192,510,1305,3.5393,547.64,638.44,1.6100,1335,-14.22,False,False
64,59.3,64,2048,8192,510,1410,3.5307,570.76,638.44,1.6100,1335,-10.60,False,False
64,59.3,64,2048,8192,705,300,3.5447,515.37,638.44,1.6100,1335,-19.28,False,False
64,59.3,64,2048,8192,705,510,3.4109,507.53,638.44,1.6100,1335,-20.51,False,False
64,59.3,64,2048,8192,705,705,3.2496,498.20,638.44,1.6100,1335,-21.97,False,False
64,59.3,64,2048,8192,705,900,3.0266,484.14,638.44,1.6100,1335,-24.17,False,False
64,59.3,64,2048,8192,705,1050,2.8967,479.08,638.44,1.6100,1335,-24.96,False,False
64,59.3,64,2048,8192,705,1200,2.8226,485.02,638.44,1.6100,1335,-24.03,False,False
64,59.3,64,2048,8192,705,1305,2.7856,494.26,638.44,1.6100,1335,-22.58,False,False
64,59.3,64,2048,8192,705,1410,2.7770,513.86,638.44,1.6100,1335,-19.51,False,False
64,59.3,64,2048,8192,900,300,3.1173,494.80,638.44,1.6100,1335,-22.50,False,False
64,59.3,64,2048,8192,900,510,2.9835,486.54,638.44,1.6100,1335,-23.79,False,False
64,59.3,64,2048,8192,900,705,2.8222,476.63,638.44,1.6100,1335,-25.34,False,False
64,59.3,64,2048,8192,900,900,2.5993,461.90,638.44,1.6100,1335,-27.65,False,False
64,59.3,64,2048,8192,900,1050,2.4693,455.68,638.44,1.6100,1335,-28.63,False,False
64,59.3,64,2048,8192,900,1200,2.3952,460.51,638.44,1.6100,1335,-27.87,False,False
64,59.3,64,2048,8192,900,1305,2.3582,467.72,638.44,1.6100,1335,-26.74,False,False
64,59.3,64,2048,8192,900,1410,2.3496,485.33,638.44,1.6100,1335,-23.98,False,False
64,59.3,64,2048,8192,1050,300,2.8988,489.32,638.44,1.6100,1335,-23.36,False,False
64,59.3,64,2048,8192,1050,510,2.7649,480.68,638.44,1.6100,1335,-24.71,False,False
64,59.3,64,2048,8192,1050,705,2.6036,470.27,638.44,1.6100,1335,-26.34,False,False
64,59.3,64,2048,8192,1050,900,2.3807,454.89,638.44,1.6100,1335,-28.75,False,False
64,59.3,64,2048,8192,1050,1050,2.2507,447.92,638.44,1.6100,1335,-29.84,True,True
64,59.3,64,2048,8192,1050,1200,2.1766,452.09,638.44,1.6100,1335,-29.19,False,False
64,59.3,64,2048,8192,1050,1305,2.1397,458.22,638.44,1.6100,1335,-28.23,False,False
64,59.3,64,2048,8192,1050,1410,2.1310,474.80,638.44,1.6100,1335,-25.63,False,False
64,59.3,64,2048,8192,1200,300,2.7337,547.84,638.44,1.6100,1335,-14.19,False,False
64,59.3,64,2048,8192,1200,510,2.5999,538.85,638.44,1.6100,1335,-15.60,False,False
64,59.3,64,2048,8192,1200,705,2.4386,527.99,638.44,1.6100,1335,-17.30,False,False
64,59.3,64,2048,8192,1200,900,2.2157,512.05,638.44,1.6100,1335,-19.80,False,False
64,59.3,64,2048,8192,1200,1050,2.0857,504.44,638.44,1.6100,1335,-20.99,False,False
64,59.3,64,2048,8192,1200,1200,2.0116,508.08,638.44,1.6100,1335,-20.42,False,False
64,59.3,64,2048,8192,1200,1305,1.9746,513.38,638.44,1.6100,1335,-19.59,False,False
64,59.3,64,2048,8192,1200,1410,1.9660,529.18,638.44,1.6100,1335,-17.11,False,False
64,59.3,64,4096,4096,300,300,3.9514,415.61,405.32,1.0873,1410,+2.54,False,False
64,59.3,64,4096,4096,300,510,3.8176,408.23,405.32,1.0873,1410,+0.72,False,False
64,59.3,64,4096,4096,300,705,3.6563,399.53,405.32,1.0873,1410,-1.43,False,False
64,59.3,64,4096,4096,300,900,3.4333,386.22,405.32,1.0873,1410,-4.71,False,False
64,59.3,64,4096,4096,300,1050,3.3034,382.32,405.32,1.0873,1410,-5.67,False,False
64,59.3,64,4096,4096,300,1200,3.2293,389.35,405.32,1.0873,1410,-3.94,False,False
64,59.3,64,4096,4096,300,1305,3.1923,400.53,405.32,1.0873,1410,-1.18,False,False
64,59.3,64,4096,4096,300,1410,3.1837,422.04,405.32,1.0873,1410,+4.13,False,False
64,59.3,64,4096,4096,510,300,2.9750,356.02,405.32,1.0873,1410,-12.16,False,False
64,59.3,64,4096,4096,510,510,2.8412,347.86,405.32,1.0873,1410,-14.18,False,False
64,59.3,64,4096,4096,510,705,2.6799,338.05,405.32,1.0873,1410,-16.60,False,False
64,59.3,64,4096,4096,510,900,2.4570,323.49,405.32,1.0873,1410,-20.19,False,False
64,59.3,64,4096,4096,510,1050,2.3270,317.12,405.32,1.0873,1410,-21.76,False,False
64,59.3,64,4096,4096,510,1200,2.2529,321.71,405.32,1.0873,1410,-20.63,False,False
64,59.3,64,4096,4096,510,1305,2.2159,328.32,405.32,1.0873,1410,-19.00,False,False
64,59.3,64,4096,4096,510,1410,2.2073,345.28,405.32,1.0873,1410,-14.81,False,False
64,59.3,64,4096,4096,705,300,2.5284,330.98,405.32,1.0873,1410,-18.34,False,False
64,59.3,64,4096,4096,705,510,2.4534,325.82,405.32,1.0873,1410,-19.61,False,False
64,59.3,64,4096,4096,705,705,2.2921,315.49,405.32,1.0873,1410,-22.16,False,False
64,59.3,64,4096,4096,705,900,2.0691,300.31,405.32,1.0873,1410,-25.91,False,False
64,59.3,64,4096,4096,705,1050,1.9392,292.89,405.32,1.0873,1410,-27.74,False,False
64,59.3,64,4096,4096,705,1200,1.8651,296.48,405.32,1.0873,1410,-26.85,False,False
64,59.3,64,4096,4096,705,1305,1.8281,301.25,405.32,1.0873,1410,-25.67,False,False
64,59.3,64,4096,4096,705,1410,1.8195,316.40,405.32,1.0873,1410,-21.94,False,False
64,59.3,64,4096,4096,900,300,1.9984,302.55,405.32,1.0873,1410,-25.35,False,False
64,59.3,64,4096,4096,900,510,1.9984,301.39,405.32,1.0873,1410,-25.64,False,False
64,59.3,64,4096,4096,900,705,1.9984,300.15,405.32,1.0873,1410,-25.95,False,False
64,59.3,64,4096,4096,900,900,1.8483,288.91,405.32,1.0873,1410,-28.72,False,False
64,59.3,64,4096,4096,900,1050,1.7183,280.85,405.32,1.0873,1410,-30.71,False,False
64,59.3,64,4096,4096,900,1200,1.6442,283.83,405.32,1.0873,1410,-29.97,False,False
64,59.3,64,4096,4096,900,1305,1.6072,287.55,405.32,1.0873,1410,-29.06,False,False
64,59.3,64,4096,4096,900,1410,1.5986,301.66,405.32,1.0873,1410,-25.57,False,False
64,59.3,64,4096,4096,1050,300,1.7256,290.57,405.32,1.0873,1410,-28.31,False,False
64,59.3,64,4096,4096,1050,510,1.7256,289.21,405.32,1.0873,1410,-28.65,False,False
64,59.3,64,4096,4096,1050,705,1.7256,287.68,405.32,1.0873,1410,-29.02,False,False
64,59.3,64,4096,4096,1050,900,1.7256,285.34,405.32,1.0873,1410,-29.60,False,False
64,59.3,64,4096,4096,1050,1050,1.6047,277.34,405.32,1.0873,1410,-31.57,True,True
64,59.3,64,4096,4096,1050,1200,1.5306,279.92,405.32,1.0873,1410,-30.94,False,False
64,59.3,64,4096,4096,1050,1305,1.4936,283.04,405.32,1.0873,1410,-30.17,False,False
64,59.3,64,4096,4096,1050,1410,1.4850,296.61,405.32,1.0873,1410,-26.82,False,False
64,59.3,64,4096,4096,1200,300,1.5158,313.25,405.32,1.0873,1410,-22.71,False,False
64,59.3,64,4096,4096,1200,510,1.5158,311.73,405.32,1.0873,1410,-23.09,False,False
64,59.3,64,4096,4096,1200,705,1.5158,309.99,405.32,1.0873,1410,-23.52,False,False
64,59.3,64,4096,4096,1200,900,1.5158,307.40,405.32,1.0873,1410,-24.16,False,False
64,59.3,64,4096,4096,1200,1050,1.5158,306.81,405.32,1.0873,1410,-24.30,False,False
64,59.3,64,4096,4096,1200,1200,1.4432,309.14,405.32,1.0873,1410,-23.73,False,False
64,59.3,64,4096,4096,1200,1305,1.4062,311.80,405.32,1.0873,1410,-23.07,False,False
64,59.3,64,4096,4096,1200,1410,1.3975,324.95,405.32,1.0873,1410,-19.83,False,False
64,59.3,64,8192,8192,300,300,19.1995,2217.64,1931.97,4.8526,1230,+14.79,False,False
64,59.3,64,8192,8192,300,510,19.0586,2221.03,1931.97,4.8526,1230,+14.96,False,False
64,59.3,64,8192,8192,300,705,18.8888,2227.85,1931.97,4.8526,1230,+15.32,False,False
64,59.3,64,8192,8192,300,900,18.6541,2231.72,1931.97,4.8526,1230,+15.52,False,False
64,59.3,64,8192,8192,300,1050,18.5173,2264.84,1931.97,4.8526,1230,+17.23,False,False
64,59.3,64,8192,8192,300,1200,18.4393,2309.05,1931.97,4.8526,1230,+19.52,False,False
64,59.3,64,8192,8192,300,1305,18.4004,2390.91,1931.97,4.8526,1230,+23.75,False,False
64,59.3,64,8192,8192,300,1410,18.3913,2483.19,1931.97,4.8526,1230,+28.53,False,False
64,59.3,64,8192,8192,510,300,11.9822,1777.94,1931.97,4.8526,1230,-7.97,False,False
64,59.3,64,8192,8192,510,510,11.8413,1775.97,1931.97,4.8526,1230,-8.07,False,False
64,59.3,64,8192,8192,510,705,11.6715,1775.12,1931.97,4.8526,1230,-8.12,False,False
64,59.3,64,8192,8192,510,900,11.4368,1770.41,1931.97,4.8526,1230,-8.36,False,False
64,59.3,64,8192,8192,510,1050,11.3000,1785.70,1931.97,4.8526,1230,-7.57,False,False
64,59.3,64,8192,8192,510,1200,11.2220,1812.12,1931.97,4.8526,1230,-6.20,False,False
64,59.3,64,8192,8192,510,1305,11.1831,1860.35,1931.97,4.8526,1230,-3.71,False,False
64,59.3,64,8192,8192,510,1410,11.1740,1919.03,1931.97,4.8526,1230,-0.67,False,False
64,59.3,64,8192,8192,705,300,9.1294,1615.21,1931.97,4.8526,1230,-16.40,False,False
64,59.3,64,8192,8192,705,510,8.9885,1611.05,1931.97,4.8526,1230,-16.61,False,False
64,59.3,64,8192,8192,705,705,8.8187,1607.08,1931.97,4.8526,1230,-16.82,False,False
64,59.3,64,8192,8192,705,900,8.5840,1598.85,1931.97,4.8526,1230,-17.24,False,False
64,59.3,64,8192,8192,705,1050,8.4472,1607.03,1931.97,4.8526,1230,-16.82,False,False
64,59.3,64,8192,8192,705,1200,8.3692,1626.37,1931.97,4.8526,1230,-15.82,False,False
64,59.3,64,8192,8192,705,1305,8.3303,1661.29,1931.97,4.8526,1230,-14.01,False,False
64,59.3,64,8192,8192,705,1410,8.3212,1706.68,1931.97,4.8526,1230,-11.66,False,False
64,59.3,64,8192,8192,900,300,7.5112,1531.28,1931.97,4.8526,1230,-20.74,False,False
64,59.3,64,8192,8192,900,510,7.3703,1525.82,1931.97,4.8526,1230,-21.02,False,False
64,59.3,64,8192,8192,900,705,7.2005,1520.01,1931.97,4.8526,1230,-21.32,False,False
64,59.3,64,8192,8192,900,900,6.9658,1509.69,1931.97,4.8526,1230,-21.86,False,False
64,59.3,64,8192,8192,900,1050,6.8290,1513.77,1931.97,4.8526,1230,-21.65,False,False
64,59.3,64,8192,8192,900,1200,6.7510,1529.07,1931.97,4.8526,1230,-20.85,False,False
64,59.3,64,8192,8192,900,1305,6.7121,1556.43,1931.97,4.8526,1230,-19.44,False,False
64,59.3,64,8192,8192,900,1410,6.7030,1594.28,1931.97,4.8526,1230,-17.48,False,False
64,59.3,64,8192,8192,1050,300,6.6877,1513.95,1931.97,4.8526,1230,-21.64,False,False
64,59.3,64,8192,8192,1050,510,6.5468,1507.65,1931.97,4.8526,1230,-21.96,False,False
64,59.3,64,8192,8192,1050,705,6.3770,1500.69,1931.97,4.8526,1230,-22.32,False,False
64,59.3,64,8192,8192,1050,900,6.1423,1489.01,1931.97,4.8526,1230,-22.93,True,False
64,59.3,64,8192,8192,1050,1050,6.0055,1490.84,1931.97,4.8526,1230,-22.83,False,True
64,59.3,64,8192,8192,1050,1200,5.9275,1503.98,1931.97,4.8526,1230,-22.15,False,False
64,59.3,64,8192,8192,1050,1305,5.8886,1527.44,1931.97,4.8526,1230,-20.94,False,False
64,59.3,64,8192,8192,1050,1410,5.8795,1561.43,1931.97,4.8526,1230,-19.18,False,False
64,59.3,64,8192,8192,1200,300,6.0633,1743.37,1931.97,4.8526,1230,-9.76,False,False
64,59.3,64,8192,8192,1200,510,5.9224,1736.37,1931.97,4.8526,1230,-10.12,False,False
64,59.3,64,8192,8192,1200,705,5.7526,1728.46,1931.97,4.8526,1230,-10.53,False,False
64,59.3,64,8192,8192,1200,900,5.5180,1715.65,1931.97,4.8526,1230,-11.20,False,False
64,59.3,64,8192,8192,1200,1050,5.3812,1715.71,1931.97,4.8526,1230,-11.19,False,False
64,59.3,64,8192,8192,1200,1200,5.3032,1727.19,1931.97,4.8526,1230,-10.60,False,False
64,59.3,64,8192,8192,1200,1305,5.2642,1747.67,1931.97,4.8526,1230,-9.54,False,False
64,59.3,64,8192,8192,1200,1410,5.2551,1778.74,1931.97,4.8526,1230,-7.93,False,False
64,59.3,128,1024,4096,300,300,1.9519,247.36,254.54,1.1805,1410,-2.82,False,False
64,59.3,128,1024,4096,300,510,1.8577,241.19,254.54,1.1805,1410,-5.25,False,False
64,59.3,128,1024,4096,300,705,1.6541,225.66,254.54,1.1805,1410,-11.34,False,False
64,59.3,128,1024,4096,300,900,1.4882,208.65,254.54,1.1805,1410,-18.03,False,False
64,59.3,128,1024,4096,300,1050,1.4882,205.78,254.54,1.1805,1410,-19.16,False,False
64,59.3,128,1024,4096,300,1200,1.4882,214.21,254.54,1.1805,1410,-15.84,False,False
64,59.3,128,1024,4096,300,1305,1.4882,221.83,254.54,1.1805,1410,-12.85,False,False
64,59.3,128,1024,4096,300,1410,1.4882,237.37,254.54,1.1805,1410,-6.74,False,False
64,59.3,128,1024,4096,510,300,1.9519,245.75,254.54,1.1805,1410,-3.45,False,False
64,59.3,128,1024,4096,510,510,1.8577,239.53,254.54,1.1805,1410,-5.89,False,False
64,59.3,128,1024,4096,510,705,1.6541,223.91,254.54,1.1805,1410,-12.03,False,False
64,59.3,128,1024,4096,510,900,1.3344,197.62,254.54,1.1805,1410,-22.36,False,False
64,59.3,128,1024,4096,510,1050,1.1529,183.06,254.54,1.1805,1410,-28.08,False,False
64,59.3,128,1024,4096,510,1200,1.0710,185.36,254.54,1.1805,1410,-27.18,False,False
64,59.3,128,1024,4096,510,1305,1.0241,187.78,254.54,1.1805,1410,-26.23,False,False
64,59.3,128,1024,4096,510,1410,1.0213,200.96,254.54,1.1805,1410,-21.05,False,False
64,59.3,128,1024,4096,705,300,1.9519,246.28,254.54,1.1805,1410,-3.25,False,False
64,59.3,128,1024,4096,705,510,1.8577,239.99,254.54,1.1805,1410,-5.72,False,False
64,59.3,128,1024,4096,705,705,1.6541,224.22,254.54,1.1805,1410,-11.91,False,False
64,59.3,128,1024,4096,705,900,1.3344,197.70,254.54,1.1805,1410,-22.33,False,False
64,59.3,128,1024,4096,705,1050,1.1529,183.00,254.54,1.1805,1410,-28.10,True,False
64,59.3,128,1024,4096,705,1200,1.0710,185.25,254.54,1.1805,1410,-27.22,False,False
64,59.3,128,1024,4096,705,1305,1.0241,187.63,254.54,1.1805,1410,-26.28,False,False
64,59.3,128,1024,4096,705,1410,1.0213,200.81,254.54,1.1805,1410,-21.11,False,False
64,59.3,128,1024,4096,900,300,1.9519,247.54,254.54,1.1805,1410,-2.75,False,False
64,59.3,128,1024,4096,900,510,1.8577,241.18,254.54,1.1805,1410,-5.25,False,False
64,59.3,128,1024,4096,900,705,1.6541,225.24,254.54,1.1805,1410,-11.51,False,False
64,59.3,128,1024,4096,900,900,1.3344,198.47,254.54,1.1805,1410,-22.03,False,False
64,59.3,128,1024,4096,900,1050,1.1529,183.63,254.54,1.1805,1410,-27.86,False,False
64,59.3,128,1024,4096,900,1200,1.0710,185.81,254.54,1.1805,1410,-27.00,False,False
64,59.3,128,1024,4096,900,1305,1.0241,188.15,254.54,1.1805,1410,-26.08,False,False
64,59.3,128,1024,4096,900,1410,1.0213,201.33,254.54,1.1805,1410,-20.90,False,False
64,59.3,128,1024,4096,1050,300,1.9519,250.73,254.54,1.1805,1410,-1.50,False,False
64,59.3,128,1024,4096,1050,510,1.8577,244.20,254.54,1.1805,1410,-4.06,False,False
64,59.3,128,1024,4096,1050,705,1.6541,227.92,254.54,1.1805,1410,-10.46,False,False
64,59.3,128,1024,4096,1050,900,1.3344,200.60,254.54,1.1805,1410,-21.19,False,False
64,59.3,128,1024,4096,1050,1050,1.1529,185.46,254.54,1.1805,1410,-27.14,False,True
64,59.3,128,1024,4096,1050,1200,1.0710,187.50,254.54,1.1805,1410,-26.34,False,False
64,59.3,128,1024,4096,1050,1305,1.0241,189.77,254.54,1.1805,1410,-25.45,False,False
64,59.3,128,1024,4096,1050,1410,1.0213,202.94,254.54,1.1805,1410,-20.27,False,False
64,59.3,128,1024,4096,1200,300,1.9519,261.45,254.54,1.1805,1410,+2.71,False,False
64,59.3,128,1024,4096,1200,510,1.8577,254.77,254.54,1.1805,1410,+0.09,False,False
64,59.3,128,1024,4096,1200,705,1.6541,238.14,254.54,1.1805,1410,-6.44,False,False
64,59.3,128,1024,4096,1200,900,1.3344,210.28,254.54,1.1805,1410,-17.39,False,False
64,59.3,128,1024,4096,1200,1050,1.1529,194.83,254.54,1.1805,1410,-23.46,False,False
64,59.3,128,1024,4096,1200,1200,1.0710,196.73,254.54,1.1805,1410,-22.71,False,False
64,59.3,128,1024,4096,1200,1305,1.0241,198.92,254.54,1.1805,1410,-21.85,False,False
64,59.3,128,1024,4096,1200,1410,1.0213,212.08,254.54,1.1805,1410,-16.68,False,False
64,59.3,128,1024,4096,1305,300,1.9519,272.86,254.54,1.1805,1410,+7.20,False,False
64,59.3,128,1024,4096,1305,510,1.8577,265.88,254.54,1.1805,1410,+4.46,False,False
64,59.3,128,1024,4096,1305,705,1.6541,248.60,254.54,1.1805,1410,-2.33,False,False
64,59.3,128,1024,4096,1305,900,1.3344,219.72,254.54,1.1805,1410,-13.68,False,False
64,59.3,128,1024,4096,1305,1050,1.1529,203.68,254.54,1.1805,1410,-19.98,False,False
64,59.3,128,1024,4096,1305,1200,1.0710,205.33,254.54,1.1805,1410,-19.33,False,False
64,59.3,128,1024,4096,1305,1305,1.0241,207.36,254.54,1.1805,1410,-18.53,False,False
64,59.3,128,1024,4096,1305,1410,1.0213,220.52,254.54,1.1805,1410,-13.37,False,False
64,59.3,128,1024,4096,1410,300,1.9519,293.02,254.54,1.1805,1410,+15.12,False,False
64,59.3,128,1024,4096,1410,510,1.8577,285.74,254.54,1.1805,1410,+12.26,False,False
64,59.3,128,1024,4096,1410,705,1.6541,267.81,254.54,1.1805,1410,+5.21,False,False
64,59.3,128,1024,4096,1410,900,1.3344,237.90,254.54,1.1805,1410,-6.53,False,False
64,59.3,128,1024,4096,1410,1050,1.1529,221.29,254.54,1.1805,1410,-13.06,False,False
64,59.3,128,1024,4096,1410,1200,1.0710,222.67,254.54,1.1805,1410,-12.52,False,False
64,59.3,128,1024,4096,1410,1305,1.0241,224.55,254.54,1.1805,1410,-11.78,False,False
64,59.3,128,1024,4096,1410,1410,1.0213,237.70,254.54,1.1805,1410,-6.61,False,False
64,59.3,128,1024,8192,300,300,5.1960,536.38,479.91,1.5543,1410,+11.76,False,False
64,59.3,128,1024,8192,300,510,5.0640,530.43,479.91,1.5543,1410,+10.53,False,False
64,59.3,128,1024,8192,300,705,4.7790,513.54,479.91,1.5543,1410,+7.01,False,False
64,59.3,128,1024,8192,300,900,4.3316,483.49,479.91,1.5543,1410,+0.75,False,False
64,59.3,128,1024,8192,300,1050,4.0774,471.91,479.91,1.5543,1410,-1.67,False,False
64,59.3,128,1024,8192,300,1200,3.9628,479.35,479.91,1.5543,1410,-0.12,False,False
64,59.3,128,1024,8192,300,1305,3.8971,493.96,479.91,1.5543,1410,+2.93,False,False
64,59.3,128,1024,8192,300,1410,3.8932,520.43,479.91,1.5543,1410,+8.44,False,False
64,59.3,128,1024,8192,510,300,3.5328,438.02,479.91,1.5543,1410,-8.73,False,False
64,59.3,128,1024,8192,510,510,3.5328,438.39,479.91,1.5543,1410,-8.65,False,False
64,59.3,128,1024,8192,510,705,3.5328,436.46,479.91,1.5543,1410,-9.05,False,False
64,59.3,128,1024,8192,510,900,3.3402,419.98,479.91,1.5543,1410,-12.49,False,False
64,59.3,128,1024,8192,510,1050,3.0861,405.83,479.91,1.5543,1410,-15.44,False,False
64,59.3,128,1024,8192,510,1200,2.9715,410.77,479.91,1.5543,1410,-14.41,False,False
64,59.3,128,1024,8192,510,1305,2.9057,420.73,479.91,1.5543,1410,-12.33,False,False
64,59.3,128,1024,8192,510,1410,2.9018,442.59,479.91,1.5543,1410,-7.78,False,False
64,59.3,128,1024,8192,705,300,2.5928,384.48,479.91,1.5543,1410,-19.89,False,False
64,59.3,128,1024,8192,705,510,2.5928,384.16,479.91,1.5543,1410,-19.95,False,False
64,59.3,128,1024,8192,705,705,2.5928,381.25,479.91,1.5543,1410,-20.56,False,False
64,59.3,128,1024,8192,705,900,2.5928,375.18,479.91,1.5543,1410,-21.82,False,False
64,59.3,128,1024,8192,705,1050,2.5928,375.02,479.91,1.5543,1410,-21.86,False,False
64,59.3,128,1024,8192,705,1200,2.5798,385.33,479.91,1.5543,1410,-19.71,False,False
64,59.3,128,1024,8192,705,1305,2.5140,393.41,479.91,1.5543,1410,-18.02,False,False
64,59.3,128,1024,8192,705,1410,2.5101,413.44,479.91,1.5543,1410,-13.85,False,False
64,59.3,128,1024,8192,900,300,2.0553,355.48,479.91,1.5543,1410,-25.93,False,False
64,59.3,128,1024,8192,900,510,2.0553,354.76,479.91,1.5543,1410,-26.08,False,False
64,59.3,128,1024,8192,900,705,2.0553,351.29,479.91,1.5543,1410,-26.80,False,False
64,59.3,128,1024,8192,900,900,2.0553,344.59,479.91,1.5543,1410,-28.20,False,False
64,59.3,128,1024,8192,900,1050,2.0553,343.11,479.91,1.5543,1410,-28.51,False,False
64,59.3,128,1024,8192,900,1200,2.0553,352.94,479.91,1.5543,1410,-26.46,False,False
64,59.3,128,1024,8192,900,1305,2.0553,363.19,479.91,1.5543,1410,-24.32,False,False
64,59.3,128,1024,8192,900,1410,2.0553,381.38,479.91,1.5543,1410,-20.53,False,False
64,59.3,128,1024,8192,1050,300,1.9519,353.95,479.91,1.5543,1410,-26.25,False,False
64,59.3,128,1024,8192,1050,510,1.8577,347.43,479.91,1.5543,1410,-27.61,False,False
64,59.3,128,1024,8192,1050,705,1.7795,338.91,479.91,1.5543,1410,-29.38,False,False
64,59.3,128,1024,8192,1050,900,1.7795,331.89,479.91,1.5543,1410,-30.84,False,False
64,59.3,128,1024,8192,1050,1050,1.7795,329.73,479.91,1.5543,1410,-31.29,True,True
64,59.3,128,1024,8192,1050,1200,1.7795,338.88,479.91,1.5543,1410,-29.39,False,False
64,59.3,128,1024,8192,1050,1305,1.7795,347.86,479.91,1.5543,1410,-27.52,False,False
64,59.3,128,1024,8192,1050,1410,1.7795,364.76,479.91,1.5543,1410,-24.00,False,False
64,59.3,128,1024,8192,1200,300,1.9519,388.96,479.91,1.5543,1410,-18.95,False,False
64,59.3,128,1024,8192,1200,510,1.8577,382.28,479.91,1.5543,1410,-20.34,False,False
64,59.3,128,1024,8192,1200,705,1.6541,365.65,479.91,1.5543,1410,-23.81,False,False
64,59.3,128,1024,8192,1200,900,1.5652,352.74,479.91,1.5543,1410,-26.50,False,False
64,59.3,128,1024,8192,1200,1050,1.5652,350.05,479.91,1.5543,1410,-27.06,False,False
64,59.3,128,1024,8192,1200,1200,1.5652,358.67,479.91,1.5543,1410,-25.26,False,False
64,59.3,128,1024,8192,1200,1305,1.5652,366.65,479.91,1.5543,1410,-23.60,False,False
64,59.3,128,1024,8192,1200,1410,1.5652,382.55,479.91,1.5543,1410,-20.29,False,False
64,59.3,128,2048,4096,300,300,2.9310,336.19,334.45,1.3073,1410,+0.52,False,False
64,59.3,128,2048,4096,300,510,2.9310,336.12,334.45,1.3073,1410,+0.50,False,False
64,59.3,128,2048,4096,300,705,2.9310,333.56,334.45,1.3073,1410,-0.27,False,False
64,59.3,128,2048,4096,300,900,2.7999,320.12,334.45,1.3073,1410,-4.28,False,False
64,59.3,128,2048,4096,300,1050,2.6184,309.26,334.45,1.3073,1410,-7.53,False,False
64,59.3,128,2048,4096,300,1200,2.5365,315.21,334.45,1.3073,1410,-5.75,False,False
64,59.3,128,2048,4096,300,1305,2.4896,324.47,334.45,1.3073,1410,-2.98,False,False
64,59.3,128,2048,4096,300,1410,2.4868,344.48,334.45,1.3073,1410,+3.00,False,False
64,59.3,128,2048,4096,510,300,1.9519,278.27,334.45,1.3073,1410,-16.80,False,False
64,59.3,128,2048,4096,510,510,1.8577,272.05,334.45,1.3073,1410,-18.66,False,False
64,59.3,128,2048,4096,510,705,1.7571,262.47,334.45,1.3073,1410,-21.52,False,False
64,59.3,128,2048,4096,510,900,1.7571,255.42,334.45,1.3073,1410,-23.63,False,False
64,59.3,128,2048,4096,510,1050,1.7571,253.21,334.45,1.3073,1410,-24.29,False,False
64,59.3,128,2048,4096,510,1200,1.7571,262.30,334.45,1.3073,1410,-21.57,False,False
64,59.3,128,2048,4096,510,1305,1.7571,271.17,334.45,1.3073,1410,-18.92,False,False
64,59.3,128,2048,4096,510,1410,1.7571,287.97,334.45,1.3073,1410,-13.90,False,False
64,59.3,128,2048,4096,705,300,1.9519,278.55,334.45,1.3073,1410,-16.72,False,False
64,59.3,128,2048,4096,705,510,1.8577,272.26,334.45,1.3073,1410,-18.60,False,False
64,59.3,128,2048,4096,705,705,1.6541,256.48,334.45,1.3073,1410,-23.31,False,False
64,59.3,128,2048,4096,705,900,1.3344,229.97,334.45,1.3073,1410,-31.24,False,False
64,59.3,128,2048,4096,705,1050,1.2881,223.79,334.45,1.3073,1410,-33.09,False,False
64,59.3,128,2048,4096,705,1200,1.2881,231.74,334.45,1.3073,1410,-30.71,False,False
64,59.3,128,2048,4096,705,1305,1.2881,238.42,334.45,1.3073,1410,-28.71,False,False
64,59.3,128,2048,4096,705,1410,1.2881,253.03,334.45,1.3073,1410,-24.34,False,False
64,59.3,128,2048,4096,900,300,1.9519,280.07,334.45,1.3073,1410,-16.26,False,False
64,59.3,128,2048,4096,900,510,1.8577,273.71,334.45,1.3073,1410,-18.16,False,False
64,59.3,128,2048,4096,900,705,1.6541,257.77,334.45,1.3073,1410,-22.93,False,False
64,59.3,128,2048,4096,900,900,1.3344,230.99,334.45,1.3073,1410,-30.93,False,False
64,59.3,128,2048,4096,900,1050,1.1529,216.15,334.45,1.3073,1410,-35.37,True,False
64,59.3,128,2048,4096,900,1200,1.0710,218.34,334.45,1.3073,1410,-34.72,False,False
64,59.3,128,2048,4096,900,1305,1.0241,220.68,334.45,1.3073,1410,-34.02,False,False
64,59.3,128,2048,4096,900,1410,1.0215,233.87,334.45,1.3073,1410,-30.07,False,False
64,59.3,128,2048,4096,1050,300,1.9519,283.83,334.45,1.3073,1410,-15.14,False,False
64,59.3,128,2048,4096,1050,510,1.8577,277.31,334.45,1.3073,1410,-17.09,False,False
64,59.3,128,2048,4096,1050,705,1.6541,261.03,334.45,1.3073,1410,-21.95,False,False
64,59.3,128,2048,4096,1050,900,1.3344,233.71,334.45,1.3073,1410,-30.12,False,False
64,59.3,128,2048,4096,1050,1050,1.1529,218.56,334.45,1.3073,1410,-34.65,False,True
64,59.3,128,2048,4096,1050,1200,1.0710,220.61,334.45,1.3073,1410,-34.04,False,False
64,59.3,128,2048,4096,1050,1305,1.0241,222.87,334.45,1.3073,1410,-33.36,False,False
64,59.3,128,2048,4096,1050,1410,1.0213,236.04,334.45,1.3073,1410,-29.42,False,False
64,59.3,128,2048,4096,1200,300,1.9519,302.74,334.45,1.3073,1410,-9.48,False,False
64,59.3,128,2048,4096,1200,510,1.8577,296.05,334.45,1.3073,1410,-11.48,False,False
64,59.3,128,2048,4096,1200,705,1.6541,279.43,334.45,1.3073,1410,-16.45,False,False
64,59.3,128,2048,4096,1200,900,1.3344,251.57,334.45,1.3073,1410,-24.78,False,False
64,59.3,128,2048,4096,1200,1050,1.1529,236.12,334.45,1.3073,1410,-29.40,False,False
64,59.3,128,2048,4096,1200,1200,1.0710,238.02,334.45,1.3073,1410,-28.83,False,False
64,59.3,128,2048,4096,1200,1305,1.0241,240.21,334.45,1.3073,1410,-28.18,False,False
64,59.3,128,2048,4096,1200,1410,1.0213,253.37,334.45,1.3073,1410,-24.24,False,False
64,59.3,128,2048,4096,1305,300,1.9519,321.20,334.45,1.3073,1410,-3.96,False,False
64,59.3,128,2048,4096,1305,510,1.8577,314.22,334.45,1.3073,1410,-6.05,False,False
64,59.3,128,2048,4096,1305,705,1.6541,296.94,334.45,1.3073,1410,-11.22,False,False
64,59.3,128,2048,4096,1305,900,1.3344,268.06,334.45,1.3073,1410,-19.85,False,False
64,59.3,128,2048,4096,1305,1050,1.1529,252.02,334.45,1.3073,1410,-24.65,False,False
64,59.3,128,2048,4096,1305,1200,1.0710,253.67,334.45,1.3073,1410,-24.15,False,False
64,59.3,128,2048,4096,1305,1305,1.0241,255.70,334.45,1.3073,1410,-23.55,False,False
64,59.3,128,2048,4096,1305,1410,1.0213,268.86,334.45,1.3073,1410,-19.61,False,False
64,59.3,128,2048,8192,300,300,7.4001,787.59,787.55,2.0404,1380,+0.01,False,False
64,59.3,128,2048,8192,300,510,7.2682,783.26,787.55,2.0404,1380,-0.54,False,False
64,59.3,128,2048,8192,300,705,6.9832,768.69,787.55,2.0404,1380,-2.39,False,False
64,59.3,128,2048,8192,300,900,6.5357,741.23,787.55,2.0404,1380,-5.88,False,False
64,59.3,128,2048,8192,300,1050,6.2816,735.07,787.55,2.0404,1380,-6.66,False,False
64,59.3,128,2048,8192,300,1200,6.1669,747.93,787.55,2.0404,1380,-5.03,False,False
64,59.3,128,2048,8192,300,1305,6.1012,772.80,787.55,2.0404,1380,-1.87,False,False
64,59.3,128,2048,8192,300,1410,6.0973,809.54,787.55,2.0404,1380,+2.79,False,False
64,59.3,128,2048,8192,510,300,5.4974,672.58,787.55,2.0404,1380,-14.60,False,False
64,59.3,128,2048,8192,510,510,5.3654,666.79,787.55,2.0404,1380,-15.33,False,False
64,59.3,128,2048,8192,510,705,5.0804,650.07,787.55,2.0404,1380,-17.46,False,False
64,59.3,128,2048,8192,510,900,4.6329,620.16,787.55,2.0404,1380,-21.25,False,False
64,59.3,128,2048,8192,510,1050,4.3788,609.19,787.55,2.0404,1380,-22.65,False,False
64,59.3,128,2048,8192,510,1200,4.2642,617.31,787.55,2.0404,1380,-21.62,False,False
64,59.3,128,2048,8192,510,1305,4.1985,633.29,787.55,2.0404,1380,-19.59,False,False
64,59.3,128,2048,8192,510,1410,4.1946,661.17,787.55,2.0404,1380,-16.05,False,False
64,59.3,128,2048,8192,705,300,4.7437,630.06,787.55,2.0404,1380,-20.00,False,False
64,59.3,128,2048,8192,705,510,4.6117,623.62,787.55,2.0404,1380,-20.81,False,False
64,59.3,128,2048,8192,705,705,4.3267,605.91,787.55,2.0404,1380,-23.06,False,False
64,59.3,128,2048,8192,705,900,3.8792,574.78,787.55,2.0404,1380,-27.02,False,False
64,59.3,128,2048,8192,705,1050,3.6251,561.78,787.55,2.0404,1380,-28.67,False,False
64,59.3,128,2048,8192,705,1200,3.5105,567.96,787.55,2.0404,1380,-27.88,False,False
64,59.3,128,2048,8192,705,1305,3.4447,580.39,787.55,2.0404,1380,-26.30,False,False
64,59.3,128,2048,8192,705,1410,3.4408,604.75,787.55,2.0404,1380,-23.21,False,False
64,59.3,128,2048,8192,900,300,3.8007,580.35,787.55,2.0404,1380,-26.31,False,False
64,59.3,128,2048,8192,900,510,3.8007,580.92,787.55,2.0404,1380,-26.24,False,False
64,59.3,128,2048,8192,900,705,3.8007,579.28,787.55,2.0404,1380,-26.45,False,False
64,59.3,128,2048,8192,900,900,3.4518,553.22,787.55,2.0404,1380,-29.75,False,False
64,59.3,128,2048,8192,900,1050,3.1977,538.96,787.55,2.0404,1380,-31.56,False,False
64,59.3,128,2048,8192,900,1200,3.0831,544.00,787.55,2.0404,1380,-30.92,False,False
64,59.3,128,2048,8192,900,1305,3.0173,554.38,787.55,2.0404,1380,-29.61,False,False
64,59.3,128,2048,8192,900,1410,3.0134,576.75,787.55,2.0404,1380,-26.77,False,False
64,59.3,128,2048,8192,1050,300,3.2762,557.65,787.55,2.0404,1380,-29.19,False,False
64,59.3,128,2048,8192,1050,510,3.2762,557.83,787.55,2.0404,1380,-29.17,False,False
64,59.3,128,2048,8192,1050,705,3.2762,555.63,787.55,2.0404,1380,-29.45,False,False
64,59.3,128,2048,8192,1050,900,3.2333,547.66,787.55,2.0404,1380,-30.46,False,False
64,59.3,128,2048,8192,1050,1050,2.9792,532.43,787.55,2.0404,1380,-32.39,True,True
64,59.3,128,2048,8192,1050,1200,2.8645,536.75,787.55,2.0404,1380,-31.85,False,False
64,59.3,128,2048,8192,1050,1305,2.7988,546.00,787.55,2.0404,1380,-30.67,False,False
64,59.3,128,2048,8192,1050,1410,2.7949,567.34,787.55,2.0404,1380,-27.96,False,False
64,59.3,128,2048,8192,1200,300,2.8801,602.53,787.55,2.0404,1380,-23.49,False,False
64,59.3,128,2048,8192,1200,510,2.8801,602.42,787.55,2.0404,1380,-23.51,False,False
64,59.3,128,2048,8192,1200,705,2.8801,599.81,787.55,2.0404,1380,-23.84,False,False
64,59.3,128,2048,8192,1200,900,2.8801,594.08,787.55,2.0404,1380,-24.57,False,False
64,59.3,128,2048,8192,1200,1050,2.8141,590.19,787.55,2.0404,1380,-25.06,False,False
64,59.3,128,2048,8192,1200,1200,2.6995,593.90,787.55,2.0404,1380,-24.59,False,False
64,59.3,128,2048,8192,1200,1305,2.6338,602.27,787.55,2.0404,1380,-23.53,False,False
64,59.3,128,2048,8192,1200,1410,2.6299,622.85,787.55,2.0404,1380,-20.91,False,False
64,59.3,128,4096,4096,300,300,5.1504,528.83,486.61,1.5403,1410,+8.68,False,False
64,59.3,128,4096,4096,300,510,5.0184,522.85,486.61,1.5403,1410,+7.45,False,False
64,59.3,128,4096,4096,300,705,4.7334,505.92,486.61,1.5403,1410,+3.97,False,False
64,59.3,128,4096,4096,300,900,4.2859,475.82,486.61,1.5403,1410,-2.22,False,False
64,59.3,128,4096,4096,300,1050,4.0318,464.12,486.61,1.5403,1410,-4.62,False,False
64,59.3,128,4096,4096,300,1200,3.9172,471.45,486.61,1.5403,1410,-3.12,False,False
64,59.3,128,4096,4096,300,1305,3.8514,485.85,486.61,1.5403,1410,-0.16,False,False
64,59.3,128,4096,4096,300,1410,3.8475,512.11,486.61,1.5403,1410,+5.24,False,False
64,59.3,128,4096,4096,510,300,3.4592,429.20,486.61,1.5403,1410,-11.80,False,False
64,59.3,128,4096,4096,510,510,3.4592,429.52,486.61,1.5403,1410,-11.73,False,False
64,59.3,128,4096,4096,510,705,3.4592,427.51,486.61,1.5403,1410,-12.14,False,False
64,59.3,128,4096,4096,510,900,3.3096,413.51,486.61,1.5403,1410,-15.02,False,False
64,59.3,128,4096,4096,510,1050,3.0554,399.29,486.61,1.5403,1410,-17.94,False,False
64,59.3,128,4096,4096,510,1200,2.9408,404.16,486.61,1.5403,1410,-16.94,False,False
64,59.3,128,4096,4096,510,1305,2.8751,413.97,486.61,1.5403,1410,-14.93,False,False
64,59.3,128,4096,4096,510,1410,2.8712,435.69,486.61,1.5403,1410,-10.46,False,False
64,59.3,128,4096,4096,705,300,2.5284,376.62,486.61,1.5403,1410,-22.60,False,False
64,59.3,128,4096,4096,705,510,2.5284,376.26,486.61,1.5403,1410,-22.68,False,False
64,59.3,128,4096,4096,705,705,2.5284,373.28,486.61,1.5403,1410,-23.29,False,False
64,59.3,128,4096,4096,705,900,2.5284,367.14,486.61,1.5403,1410,-24.55,False,False
64,59.3,128,4096,4096,705,1050,2.5284,366.82,486.61,1.5403,1410,-24.62,False,False
64,59.3,128,4096,4096,705,1200,2.5284,377.81,486.61,1.5403,1410,-22.36,False,False
64,59.3,128,4096,4096,705,1305,2.4872,387.38,486.61,1.5403,1410,-20.39,False,False
64,59.3,128,4096,4096,705,1410,2.4833,407.29,486.61,1.5403,1410,-16.30,False,False
64,59.3,128,4096,4096,900,300,1.9984,348.20,486.61,1.5403,1410,-28.44,False,False
64,59.3,128,4096,4096,900,510,1.9984,347.44,486.61,1.5403,1410,-28.60,False,False
64,59.3,128,4096,4096,900,705,1.9984,343.90,486.61,1.5403,1410,-29.33,False,False
64,59.3,128,4096,4096,900,900,1.9984,337.14,486.61,1.5403,1410,-30.72,False,False
64,59.3,128,4096,4096,900,1050,1.9984,335.52,486.61,1.5403,1410,-31.05,False,False
64,59.3,128,4096,4096,900,1200,1.9984,345.21,486.61,1.5403,1410,-29.06,False,False
64,59.3,128,4096,4096,900,1305,1.9984,355.20,486.61,1.5403,1410,-27.00,False,False
64,59.3,128,4096,4096,900,1410,1.9984,373.12,486.61,1.5403,1410,-23.32,False,False
64,59.3,128,4096,4096,1050,300,1.9519,349.81,486.61,1.5403,1410,-28.11,False,False
64,59.3,128,4096,4096,1050,510,1.8577,343.29,486.61,1.5403,1410,-29.45,False,False
64,59.3,128,4096,4096,1050,705,1.7256,331.44,486.61,1.5403,1410,-31.89,False,False
64,59.3,128,4096,4096,1050,900,1.7256,324.35,486.61,1.5403,1410,-33.34,False,False
64,59.3,128,4096,4096,1050,1050,1.7256,322.06,486.61,1.5403,1410,-33.82,True,True
64,59.3,128,4096,4096,1050,1200,1.7256,331.08,486.61,1.5403,1410,-31.96,False,False
64,59.3,128,4096,4096,1050,1305,1.7256,339.80,486.61,1.5403,1410,-30.17,False,False
64,59.3,128,4096,4096,1050,1410,1.7256,356.45,486.61,1.5403,1410,-26.75,False,False
64,59.3,128,4096,4096,1200,300,1.9519,385.84,486.61,1.5403,1410,-20.71,False,False
64,59.3,128,4096,4096,1200,510,1.8577,379.16,486.61,1.5403,1410,-22.08,False,False
64,59.3,128,4096,4096,1200,705,1.6541,362.53,486.61,1.5403,1410,-25.50,False,False
64,59.3,128,4096,4096,1200,900,1.5158,346.41,486.61,1.5403,1410,-28.81,False,False
64,59.3,128,4096,4096,1200,1050,1.5158,343.60,486.61,1.5403,1410,-29.39,False,False
64,59.3,128,4096,4096,1200,1200,1.5158,352.11,486.61,1.5403,1410,-27.64,False,False
64,59.3,128,4096,4096,1200,1305,1.5158,359.85,486.61,1.5403,1410,-26.05,False,False
64,59.3,128,4096,4096,1200,1410,1.5158,375.53,486.61,1.5403,1410,-22.83,False,False
64,59.3,128,8192,8192,300,300,20.4615,2334.42,2106.87,5.2812,1230,+10.80,False,False
64,59.3,128,8192,8192,300,510,20.3226,2339.26,2106.87,5.2812,1230,+11.03,False,False
64,59.3,128,8192,8192,300,705,20.0226,2337.54,2106.87,5.2812,1230,+10.95,False,False
64,59.3,128,8192,8192,300,900,19.5516,2323.98,2106.87,5.2812,1230,+10.30,False,False
64,59.3,128,8192,8192,300,1050,19.2841,2349.01,2106.87,5.2812,1230,+11.49,False,False
64,59.3,128,8192,8192,300,1200,19.1634,2393.48,2106.87,5.2812,1230,+13.60,False,False
64,59.3,128,8192,8192,300,1305,19.0942,2478.62,2106.87,5.2812,1230,+17.64,False,False
64,59.3,128,8192,8192,300,1410,19.0901,2575.83,2106.87,5.2812,1230,+22.26,False,False
64,59.3,128,8192,8192,510,300,13.2443,1895.36,2106.87,5.2812,1230,-10.04,False,False
64,59.3,128,8192,8192,510,510,13.1053,1894.84,2106.87,5.2812,1230,-10.06,False,False
64,59.3,128,8192,8192,510,705,12.8053,1885.38,2106.87,5.2812,1230,-10.51,False,False
64,59.3,128,8192,8192,510,900,12.3343,1863.12,2106.87,5.2812,1230,-11.57,False,False
64,59.3,128,8192,8192,510,1050,12.0668,1870.26,2106.87,5.2812,1230,-11.23,False,False
64,59.3,128,8192,8192,510,1200,11.9461,1896.91,2106.87,5.2812,1230,-9.97,False,False
64,59.3,128,8192,8192,510,1305,11.8769,1948.41,2106.87,5.2812,1230,-7.52,False,False
64,59.3,128,8192,8192,510,1410,11.8728,2012.02,2106.87,5.2812,1230,-4.50,False,False
64,59.3,128,8192,8192,705,300,10.3914,1733.54,2106.87,5.2812,1230,-17.72,False,False
64,59.3,128,8192,8192,705,510,10.2525,1730.83,2106.87,5.2812,1230,-17.85,False,False
64,59.3,128,8192,8192,705,705,9.9525,1718.16,2106.87,5.2812,1230,-18.45,False,False
64,59.3,128,8192,8192,705,900,9.4815,1692.21,2106.87,5.2812,1230,-19.68,False,False
64,59.3,128,8192,8192,705,1050,9.2140,1692.14,2106.87,5.2812,1230,-19.68,False,False
64,59.3,128,8192,8192,705,1200,9.0933,1711.68,2106.87,5.2812,1230,-18.76,False,False
64,59.3,128,8192,8192,705,1305,9.0241,1749.85,2106.87,5.2812,1230,-16.95,False,False
64,59.3,128,8192,8192,705,1410,9.0200,1800.18,2106.87,5.2812,1230,-14.56,False,False
64,59.3,128,8192,8192,900,300,8.7732,1650.62,2106.87,5.2812,1230,-21.66,False,False
64,59.3,128,8192,8192,900,510,8.6343,1646.62,2106.87,5.2812,1230,-21.85,False,False
64,59.3,128,8192,8192,900,705,8.3343,1632.00,2106.87,5.2812,1230,-22.54,False,False
64,59.3,128,8192,8192,900,900,7.8633,1603.77,2106.87,5.2812,1230,-23.88,False,False
64,59.3,128,8192,8192,900,1050,7.5958,1599.51,2106.87,5.2812,1230,-24.08,False,False
64,59.3,128,8192,8192,900,1200,7.4751,1614.97,2106.87,5.2812,1230,-23.35,False,False
64,59.3,128,8192,8192,900,1305,7.4059,1645.55,2106.87,5.2812,1230,-21.90,False,False
64,59.3,128,8192,8192,900,1410,7.4018,1688.34,2106.87,5.2812,1230,-19.87,False,False
64,59.3,128,8192,8192,1050,300,7.9498,1635.44,2106.87,5.2812,1230,-22.38,False,False
64,59.3,128,8192,8192,1050,510,7.8108,1630.59,2106.87,5.2812,1230,-22.61,False,False
64,59.3,128,8192,8192,1050,705,7.5108,1614.60,2106.87,5.2812,1230,-23.37,False,False
64,59.3,128,8192,8192,1050,900,7.0398,1584.61,2106.87,5.2812,1230,-24.79,False,False
64,59.3,128,8192,8192,1050,1050,6.7723,1577.87,2106.87,5.2812,1230,-25.11,True,True
64,59.3,128,8192,8192,1050,1200,6.6516,1591.10,2106.87,5.2812,1230,-24.48,False,False
64,59.3,128,8192,8192,1050,1305,6.5824,1617.73,2106.87,5.2812,1230,-23.22,False,False
64,59.3,128,8192,8192,1050,1410,6.5783,1656.68,2106.87,5.2812,1230,-21.37,False,False
64,59.3,128,8192,8192,1200,300,7.3254,1866.98,2106.87,5.2812,1230,-11.39,False,False
64,59.3,128,8192,8192,1200,510,7.1865,1861.44,2106.87,5.2812,1230,-11.65,False,False
64,59.3,128,8192,8192,1200,705,6.8864,1844.29,2106.87,5.2812,1230,-12.46,False,False
64,59.3,128,8192,8192,1200,900,6.4154,1812.77,2106.87,5.2812,1230,-13.96,False,False
64,59.3,128,8192,8192,1200,1050,6.1479,1804.04,2106.87,5.2812,1230,-14.37,False,False
64,59.3,128,8192,8192,1200,1200,6.0272,1815.53,2106.87,5.2812,1230,-13.83,False,False
64,59.3,128,8192,8192,1200,1305,5.9581,1839.14,2106.87,5.2812,1230,-12.71,False,False
64,59.3,128,8192,8192,1200,1410,5.9539,1875.17,2106.87,5.2812,1230,-11.00,False,False
64,59.3,256,1024,4096,300,300,3.6435,431.10,420.38,2.0691,1410,+2.55,False,False
64,59.3,256,1024,4096,300,510,3.5423,425.62,420.38,2.0691,1410,+1.25,False,False
64,59.3,256,1024,4096,300,705,3.1268,392.12,420.38,2.0691,1410,-6.72,False,False
64,59.3,256,1024,4096,300,900,2.5636,347.54,420.38,2.0691,1410,-17.33,False,False
64,59.3,256,1024,4096,300,1050,2.2171,319.20,420.38,2.0691,1410,-24.07,False,False
64,59.3,256,1024,4096,300,1200,2.0591,324.06,420.38,2.0691,1410,-22.91,False,False
64,59.3,256,1024,4096,300,1305,2.0060,333.21,420.38,2.0691,1410,-20.74,False,False
64,59.3,256,1024,4096,300,1410,1.9997,358.05,420.38,2.0691,1410,-14.83,False,False
64,59.3,256,1024,4096,510,300,3.6435,430.35,420.38,2.0691,1410,+2.37,False,False
64,59.3,256,1024,4096,510,510,3.5423,424.82,420.38,2.0691,1410,+1.06,False,False
64,59.3,256,1024,4096,510,705,3.1268,391.11,420.38,2.0691,1410,-6.96,False,False
64,59.3,256,1024,4096,510,900,2.5636,346.24,420.38,2.0691,1410,-17.64,False,False
64,59.3,256,1024,4096,510,1050,2.2171,317.73,420.38,2.0691,1410,-24.42,True,False
64,59.3,256,1024,4096,510,1200,2.0591,322.51,420.38,2.0691,1410,-23.28,False,False
64,59.3,256,1024,4096,510,1305,2.0060,331.63,420.38,2.0691,1410,-21.11,False,False
64,59.3,256,1024,4096,510,1410,1.9997,356.47,420.38,2.0691,1410,-15.20,False,False
64,59.3,256,1024,4096,705,300,3.6435,432.10,420.38,2.0691,1410,+2.79,False,False
64,59.3,256,1024,4096,705,510,3.5423,426.49,420.38,2.0691,1410,+1.45,False,False
64,59.3,256,1024,4096,705,705,3.1268,392.48,420.38,2.0691,1410,-6.64,False,False
64,59.3,256,1024,4096,705,900,2.5636,347.21,420.38,2.0691,1410,-17.41,False,False
64,59.3,256,1024,4096,705,1050,2.2171,318.45,420.38,2.0691,1410,-24.25,False,False
64,59.3,256,1024,4096,705,1200,2.0591,323.11,420.38,2.0691,1410,-23.14,False,False
64,59.3,256,1024,4096,705,1305,2.0060,332.19,420.38,2.0691,1410,-20.98,False,False
64,59.3,256,1024,4096,705,1410,1.9997,357.03,420.38,2.0691,1410,-15.07,False,False
64,59.3,256,1024,4096,900,300,3.6435,434.73,420.38,2.0691,1410,+3.41,False,False
64,59.3,256,1024,4096,900,510,3.5423,429.05,420.38,2.0691,1410,+2.06,False,False
64,59.3,256,1024,4096,900,705,3.1268,394.70,420.38,2.0691,1410,-6.11,False,False
64,59.3,256,1024,4096,900,900,2.5636,348.97,420.38,2.0691,1410,-16.99,False,False
64,59.3,256,1024,4096,900,1050,2.2171,319.93,420.38,2.0691,1410,-23.90,False,False
64,59.3,256,1024,4096,900,1200,2.0591,324.46,420.38,2.0691,1410,-22.82,False,False
64,59.3,256,1024,4096,900,1305,2.0060,333.50,420.38,2.0691,1410,-20.67,False,False
64,59.3,256,1024,4096,900,1410,1.9997,358.34,420.38,2.0691,1410,-14.76,False,False
64,59.3,256,1024,4096,1050,300,3.6435,440.77,420.38,2.0691,1410,+4.85,False,False
64,59.3,256,1024,4096,1050,510,3.5423,434.92,420.38,2.0691,1410,+3.46,False,False
64,59.3,256,1024,4096,1050,705,3.1268,399.86,420.38,2.0691,1410,-4.88,False,False
64,59.3,256,1024,4096,1050,900,2.5636,353.19,420.38,2.0691,1410,-15.98,False,False
64,59.3,256,1024,4096,1050,1050,2.2171,323.56,420.38,2.0691,1410,-23.03,False,True
64,59.3,256,1024,4096,1050,1200,2.0591,327.83,420.38,2.0691,1410,-22.02,False,False
64,59.3,256,1024,4096,1050,1305,2.0060,336.78,420.38,2.0691,1410,-19.89,False,False
64,59.3,256,1024,4096,1050,1410,1.9997,361.60,420.38,2.0691,1410,-13.98,False,False
64,59.3,256,1024,4096,1200,300,3.6435,454.35,420.38,2.0691,1410,+8.08,False,False
64,59.3,256,1024,4096,1200,510,3.5423,448.33,420.38,2.0691,1410,+6.65,False,False
64,59.3,256,1024,4096,1200,705,3.1268,412.57,420.38,2.0691,1410,-1.86,False,False
64,59.3,256,1024,4096,1200,900,2.5636,364.94,420.38,2.0691,1410,-13.19,False,False
64,59.3,256,1024,4096,1200,1050,2.2171,334.73,420.38,2.0691,1410,-20.37,False,False
64,59.3,256,1024,4096,1200,1200,2.0591,338.73,420.38,2.0691,1410,-19.42,False,False
64,59.3,256,1024,4096,1200,1305,2.0060,347.59,420.38,2.0691,1410,-17.32,False,False
64,59.3,256,1024,4096,1200,1410,1.9997,372.40,420.38,2.0691,1410,-11.41,False,False
64,59.3,256,1024,4096,1305,300,3.6435,471.18,420.38,2.0691,1410,+12.08,False,False
64,59.3,256,1024,4096,1305,510,3.5423,464.83,420.38,2.0691,1410,+10.57,False,False
64,59.3,256,1024,4096,1305,705,3.1268,427.75,420.38,2.0691,1410,+1.75,False,False
64,59.3,256,1024,4096,1305,900,2.5636,378.31,420.38,2.0691,1410,-10.01,False,False
64,59.3,256,1024,4096,1305,1050,2.2171,346.99,420.38,2.0691,1410,-17.46,False,False
64,59.3,256,1024,4096,1305,1200,2.0591,350.49,420.38,2.0691,1410,-16.63,False,False
64,59.3,256,1024,4096,1305,1305,2.0060,359.18,420.38,2.0691,1410,-14.56,False,False
64,59.3,256,1024,4096,1305,1410,1.9997,383.97,420.38,2.0691,1410,-8.66,False,False
64,59.3,256,1024,4096,1410,300,3.6435,496.76,420.38,2.0691,1410,+18.17,False,False
64,59.3,256,1024,4096,1410,510,3.5423,490.08,420.38,2.0691,1410,+16.58,False,False
64,59.3,256,1024,4096,1410,705,3.1268,451.67,420.38,2.0691,1410,+7.44,False,False
64,59.3,256,1024,4096,1410,900,2.5636,400.43,420.38,2.0691,1410,-4.75,False,False
64,59.3,256,1024,4096,1410,1050,2.2171,368.00,420.38,2.0691,1410,-12.46,False,False
64,59.3,256,1024,4096,1410,1200,2.0591,370.99,420.38,2.0691,1410,-11.75,False,False
64,59.3,256,1024,4096,1410,1305,2.0060,379.51,420.38,2.0691,1410,-9.72,False,False
64,59.3,256,1024,4096,1410,1410,1.9997,404.28,420.38,2.0691,1410,-3.83,False,False
64,59.3,256,1024,8192,300,300,5.9120,665.13,635.62,2.4083,1410,+4.64,False,False
64,59.3,256,1024,8192,300,510,5.9120,667.10,635.62,2.4083,1410,+4.95,False,False
64,59.3,256,1024,8192,300,705,5.9120,660.24,635.62,2.4083,1410,+3.87,False,False
64,59.3,256,1024,8192,300,900,5.9120,652.34,635.62,2.4083,1410,+2.63,False,False
64,59.3,256,1024,8192,300,1050,5.5673,632.35,635.62,2.4083,1410,-0.51,False,False
64,59.3,256,1024,8192,300,1200,5.3460,641.39,635.62,2.4083,1410,+0.91,False,False
64,59.3,256,1024,8192,300,1305,5.2718,664.38,635.62,2.4083,1410,+4.52,False,False
64,59.3,256,1024,8192,300,1410,5.2630,704.24,635.62,2.4083,1410,+10.80,False,False
64,59.3,256,1024,8192,510,300,3.6435,532.71,635.62,2.4083,1410,-16.19,False,False
64,59.3,256,1024,8192,510,510,3.5423,527.18,635.62,2.4083,1410,-17.06,False,False
64,59.3,256,1024,8192,510,705,3.5328,517.28,635.62,2.4083,1410,-18.62,False,False
64,59.3,256,1024,8192,510,900,3.5328,506.59,635.62,2.4083,1410,-20.30,False,False
64,59.3,256,1024,8192,510,1050,3.5328,502.05,635.62,2.4083,1410,-21.01,False,False
64,59.3,256,1024,8192,510,1200,3.5328,520.29,635.62,2.4083,1410,-18.14,False,False
64,59.3,256,1024,8192,510,1305,3.5328,539.95,635.62,2.4083,1410,-15.05,False,False
64,59.3,256,1024,8192,510,1410,3.5328,572.37,635.62,2.4083,1410,-9.95,False,False
64,59.3,256,1024,8192,705,300,3.6435,533.39,635.62,2.4083,1410,-16.08,False,False
64,59.3,256,1024,8192,705,510,3.5423,527.79,635.62,2.4083,1410,-16.96,False,False
64,59.3,256,1024,8192,705,705,3.1268,493.78,635.62,2.4083,1410,-22.32,False,False
64,59.3,256,1024,8192,705,900,2.5928,450.27,635.62,2.4083,1410,-29.16,False,False
64,59.3,256,1024,8192,705,1050,2.5928,443.42,635.62,2.4083,1410,-30.24,False,False
64,59.3,256,1024,8192,705,1200,2.5928,459.35,635.62,2.4083,1410,-27.73,False,False
64,59.3,256,1024,8192,705,1305,2.5928,474.63,635.62,2.4083,1410,-25.33,False,False
64,59.3,256,1024,8192,705,1410,2.5928,502.68,635.62,2.4083,1410,-20.92,False,False
64,59.3,256,1024,8192,900,300,3.6435,536.63,635.62,2.4083,1410,-15.57,False,False
64,59.3,256,1024,8192,900,510,3.5423,530.94,635.62,2.4083,1410,-16.47,False,False
64,59.3,256,1024,8192,900,705,3.1268,496.59,635.62,2.4083,1410,-21.87,False,False
64,59.3,256,1024,8192,900,900,2.5636,450.87,635.62,2.4083,1410,-29.07,False,False
64,59.3,256,1024,8192,900,1050,2.2171,421.83,635.62,2.4083,1410,-33.64,True,False
64,59.3,256,1024,8192,900,1200,2.0591,426.36,635.62,2.4083,1410,-32.92,False,False
64,59.3,256,1024,8192,900,1305,2.0553,438.89,635.62,2.4083,1410,-30.95,False,False
64,59.3,256,1024,8192,900,1410,2.0553,464.43,635.62,2.4083,1410,-26.93,False,False
64,59.3,256,1024,8192,1050,300,3.6435,544.00,635.62,2.4083,1410,-14.41,False,False
64,59.3,256,1024,8192,1050,510,3.5423,538.14,635.62,2.4083,1410,-15.34,False,False
64,59.3,256,1024,8192,1050,705,3.1268,503.09,635.62,2.4083,1410,-20.85,False,False
64,59.3,256,1024,8192,1050,900,2.5636,456.41,635.62,2.4083,1410,-28.19,False,False
64,59.3,256,1024,8192,1050,1050,2.2171,426.79,635.62,2.4083,1410,-32.85,False,True
64,59.3,256,1024,8192,1050,1200,2.0591,431.05,635.62,2.4083,1410,-32.18,False,False
64,59.3,256,1024,8192,1050,1305,2.0060,440.00,635.62,2.4083,1410,-30.78,False,False
64,59.3,256,1024,8192,1050,1410,1.9997,464.83,635.62,2.4083,1410,-26.87,False,False
64,59.3,256,1024,8192,1200,300,3.6435,581.87,635.62,2.4083,1410,-8.46,False,False
64,59.3,256,1024,8192,1200,510,3.5423,575.84,635.62,2.4083,1410,-9.40,False,False
64,59.3,256,1024,8192,1200,705,3.1268,540.09,635.62,2.4083,1410,-15.03,False,False
64,59.3,256,1024,8192,1200,900,2.5636,492.46,635.62,2.4083,1410,-22.52,False,False
64,59.3,256,1024,8192,1200,1050,2.2171,462.25,635.62,2.4083,1410,-27.28,False,False
64,59.3,256,1024,8192,1200,1200,2.0591,466.25,635.62,2.4083,1410,-26.65,False,False
64,59.3,256,1024,8192,1200,1305,2.0060,475.11,635.62,2.4083,1410,-25.25,False,False
64,59.3,256,1024,8192,1200,1410,1.9997,499.92,635.62,2.4083,1410,-21.35,False,False
64,59.3,256,2048,4096,300,300,3.6435,464.75,497.18,2.1655,1410,-6.52,False,False
64,59.3,256,2048,4096,300,510,3.5423,459.27,497.18,2.1655,1410,-7.62,False,False
64,59.3,256,2048,4096,300,705,3.1268,425.77,497.18,2.1655,1410,-14.36,False,False
64,59.3,256,2048,4096,300,900,2.9310,402.98,497.18,2.1655,1410,-18.95,False,False
64,59.3,256,2048,4096,300,1050,2.9310,396.96,497.18,2.1655,1410,-20.16,False,False
64,59.3,256,2048,4096,300,1200,2.9310,413.72,497.18,2.1655,1410,-16.79,False,False
64,59.3,256,2048,4096,300,1305,2.9310,430.58,497.18,2.1655,1410,-13.39,False,False
64,59.3,256,2048,4096,300,1410,2.9310,460.20,497.18,2.1655,1410,-7.44,False,False
64,59.3,256,2048,4096,510,300,3.6435,462.87,497.18,2.1655,1410,-6.90,False,False
64,59.3,256,2048,4096,510,510,3.5423,457.34,497.18,2.1655,1410,-8.01,False,False
64,59.3,256,2048,4096,510,705,3.1268,423.62,497.18,2.1655,1410,-14.79,False,False
64,59.3,256,2048,4096,510,900,2.5636,378.76,497.18,2.1655,1410,-23.82,False,False
64,59.3,256,2048,4096,510,1050,2.2171,350.25,497.18,2.1655,1410,-29.55,True,False
64,59.3,256,2048,4096,510,1200,2.0591,355.02,497.18,2.1655,1410,-28.59,False,False
64,59.3,256,2048,4096,510,1305,2.0060,364.14,497.18,2.1655,1410,-26.76,False,False
64,59.3,256,2048,4096,510,1410,1.9997,388.99,497.18,2.1655,1410,-21.76,False,False
64,59.3,256,2048,4096,705,300,3.6435,464.37,497.18,2.1655,1410,-6.60,False,False
64,59.3,256,2048,4096,705,510,3.5423,458.76,497.18,2.1655,1410,-7.73,False,False
64,59.3,256,2048,4096,705,705,3.1268,424.75,497.18,2.1655,1410,-14.57,False,False
64,59.3,256,2048,4096,705,900,2.5636,379.48,497.18,2.1655,1410,-23.67,False,False
64,59.3,256,2048,4096,705,1050,2.2171,350.72,497.18,2.1655,1410,-29.46,False,False
64,59.3,256,2048,4096,705,1200,2.0591,355.38,497.18,2.1655,1410,-28.52,False,False
64,59.3,256,2048,4096,705,1305,2.0060,364.46,497.18,2.1655,1410,-26.69,False,False
64,59.3,256,2048,4096,705,1410,1.9997,389.30,497.18,2.1655,1410,-21.70,False,False
64,59.3,256,2048,4096,900,300,3.6435,467.26,497.18,2.1655,1410,-6.02,False,False
64,59.3,256,2048,4096,900,510,3.5423,461.57,497.18,2.1655,1410,-7.16,False,False
64,59.3,256,2048,4096,900,705,3.1268,427.22,497.18,2.1655,1410,-14.07,False,False
64,59.3,256,2048,4096,900,900,2.5636,381.50,497.18,2.1655,1410,-23.27,False,False
64,59.3,256,2048,4096,900,1050,2.2171,352.46,497.18,2.1655,1410,-29.11,False,False
64,59.3,256,2048,4096,900,1200,2.0591,356.99,497.18,2.1655,1410,-28.20,False,False
64,59.3,256,2048,4096,900,1305,2.0060,366.03,497.18,2.1655,1410,-26.38,False,False
64,59.3,256,2048,4096,900,1410,1.9997,390.87,497.18,2.1655,1410,-21.38,False,False
64,59.3,256,2048,4096,1050,300,3.6435,473.88,497.18,2.1655,1410,-4.69,False,False
64,59.3,256,2048,4096,1050,510,3.5423,468.02,497.18,2.1655,1410,-5.86,False,False
64,59.3,256,2048,4096,1050,705,3.1268,432.97,497.18,2.1655,1410,-12.91,False,False
64,59.3,256,2048,4096,1050,900,2.5636,386.29,497.18,2.1655,1410,-22.30,False,False
64,59.3,256,2048,4096,1050,1050,2.2171,356.67,497.18,2.1655,1410,-28.26,False,True
64,59.3,256,2048,4096,1050,1200,2.0591,360.93,497.18,2.1655,1410,-27.40,False,False
64,59.3,256,2048,4096,1050,1305,2.0060,369.88,497.18,2.1655,1410,-25.60,False,False
64,59.3,256,2048,4096,1050,1410,1.9997,394.70,497.18,2.1655,1410,-20.61,False,False
64,59.3,256,2048,4096,1200,300,3.6435,495.64,497.18,2.1655,1410,-0.31,False,False
64,59.3,256,2048,4096,1200,510,3.5423,489.62,497.18,2.1655,1410,-1.52,False,False
64,59.3,256,2048,4096,1200,705,3.1268,453.86,497.18,2.1655,1410,-8.71,False,False
64,59.3,256,2048,4096,1200,900,2.5636,406.23,497.18,2.1655,1410,-18.29,False,False
64,59.3,256,2048,4096,1200,1050,2.2171,376.02,497.18,2.1655,1410,-24.37,False,False
64,59.3,256,2048,4096,1200,1200,2.0591,380.02,497.18,2.1655,1410,-23.56,False,False
64,59.3,256,2048,4096,1200,1305,2.0060,388.88,497.18,2.1655,1410,-21.78,False,False
64,59.3,256,2048,4096,1200,1410,1.9997,413.69,497.18,2.1655,1410,-16.79,False,False
64,59.3,256,2048,4096,1305,300,3.6435,519.52,497.18,2.1655,1410,+4.49,False,False
64,59.3,256,2048,4096,1305,510,3.5423,513.17,497.18,2.1655,1410,+3.22,False,False
64,59.3,256,2048,4096,1305,705,3.1268,476.09,497.18,2.1655,1410,-4.24,False,False
64,59.3,256,2048,4096,1305,900,2.5636,426.65,497.18,2.1655,1410,-14.19,False,False
64,59.3,256,2048,4096,1305,1050,2.2171,395.33,497.18,2.1655,1410,-20.48,False,False
64,59.3,256,2048,4096,1305,1200,2.0591,398.83,497.18,2.1655,1410,-19.78,False,False
64,59.3,256,2048,4096,1305,1305,2.0060,407.52,497.18,2.1655,1410,-18.03,False,False
64,59.3,256,2048,4096,1305,1410,1.9997,432.31,497.18,2.1655,1410,-13.05,False,False
64,59.3,256,2048,8192,300,300,9.7684,1009.48,975.36,2.9215,1410,+3.50,False,False
64,59.3,256,2048,8192,300,510,9.6266,1006.17,975.36,2.9215,1410,+3.16,False,False
64,59.3,256,2048,8192,300,705,9.0450,969.40,975.36,2.9215,1410,-0.61,False,False
64,59.3,256,2048,8192,300,900,8.2564,918.40,975.36,2.9215,1410,-5.84,False,False
64,59.3,256,2048,8192,300,1050,7.7714,895.51,975.36,2.9215,1410,-8.19,False,False
64,59.3,256,2048,8192,300,1200,7.5501,909.97,975.36,2.9215,1410,-6.70,False,False
64,59.3,256,2048,8192,300,1305,7.4759,943.22,975.36,2.9215,1410,-3.30,False,False
64,59.3,256,2048,8192,300,1410,7.4671,993.34,975.36,2.9215,1410,+1.84,False,False
64,59.3,256,2048,8192,510,300,6.6354,825.70,975.36,2.9215,1410,-15.34,False,False
64,59.3,256,2048,8192,510,510,6.6354,828.19,975.36,2.9215,1410,-15.09,False,False
64,59.3,256,2048,8192,510,705,6.6354,822.09,975.36,2.9215,1410,-15.71,False,False
64,59.3,256,2048,8192,510,900,6.3537,798.19,975.36,2.9215,1410,-18.16,False,False
64,59.3,256,2048,8192,510,1050,5.8687,770.38,975.36,2.9215,1410,-21.02,False,False
64,59.3,256,2048,8192,510,1200,5.6474,780.04,975.36,2.9215,1410,-20.03,False,False
64,59.3,256,2048,8192,510,1305,5.5732,804.40,975.36,2.9215,1410,-17.53,False,False
64,59.3,256,2048,8192,510,1410,5.5644,845.66,975.36,2.9215,1410,-13.30,False,False
64,59.3,256,2048,8192,705,300,4.8264,723.23,975.36,2.9215,1410,-25.85,False,False
64,59.3,256,2048,8192,705,510,4.8264,724.40,975.36,2.9215,1410,-25.73,False,False
64,59.3,256,2048,8192,705,705,4.8264,716.40,975.36,2.9215,1410,-26.55,False,False
64,59.3,256,2048,8192,705,900,4.8264,707.23,975.36,2.9215,1410,-27.49,False,False
64,59.3,256,2048,8192,705,1050,4.8264,705.86,975.36,2.9215,1410,-27.63,False,False
64,59.3,256,2048,8192,705,1200,4.8264,727.29,975.36,2.9215,1410,-25.43,False,False
64,59.3,256,2048,8192,705,1305,4.8195,752.49,975.36,2.9215,1410,-22.85,False,False
64,59.3,256,2048,8192,705,1410,4.8106,790.24,975.36,2.9215,1410,-18.98,False,False
64,59.3,256,2048,8192,900,300,3.8007,668.75,975.36,2.9215,1410,-31.44,False,False
64,59.3,256,2048,8192,900,510,3.8007,669.17,975.36,2.9215,1410,-31.39,False,False
64,59.3,256,2048,8192,900,705,3.8007,660.09,975.36,2.9215,1410,-32.32,False,False
64,59.3,256,2048,8192,900,900,3.8007,649.72,975.36,2.9215,1410,-33.39,False,False
64,59.3,256,2048,8192,900,1050,3.8007,645.83,975.36,2.9215,1410,-33.79,False,False
64,59.3,256,2048,8192,900,1200,3.8007,664.74,975.36,2.9215,1410,-31.85,False,False
64,59.3,256,2048,8192,900,1305,3.8007,685.64,975.36,2.9215,1410,-29.70,False,False
64,59.3,256,2048,8192,900,1410,3.8007,719.31,975.36,2.9215,1410,-26.25,False,False
64,59.3,256,2048,8192,1050,300,3.6435,668.12,975.36,2.9215,1410,-31.50,False,False
64,59.3,256,2048,8192,1050,510,3.5423,662.26,975.36,2.9215,1410,-32.10,False,False
64,59.3,256,2048,8192,1050,705,3.2762,636.45,975.36,2.9215,1410,-34.75,False,False
64,59.3,256,2048,8192,1050,900,3.2762,625.46,975.36,2.9215,1410,-35.87,False,False
64,59.3,256,2048,8192,1050,1050,3.2762,620.28,975.36,2.9215,1410,-36.40,True,True
64,59.3,256,2048,8192,1050,1200,3.2762,637.90,975.36,2.9215,1410,-34.60,False,False
64,59.3,256,2048,8192,1050,1305,3.2762,656.36,975.36,2.9215,1410,-32.71,False,False
64,59.3,256,2048,8192,1050,1410,3.2762,687.59,975.36,2.9215,1410,-29.50,False,False
64,59.3,256,2048,8192,1200,300,3.6435,738.09,975.36,2.9215,1410,-24.33,False,False
64,59.3,256,2048,8192,1200,510,3.5423,732.06,975.36,2.9215,1410,-24.94,False,False
64,59.3,256,2048,8192,1200,705,3.1268,696.31,975.36,2.9215,1410,-28.61,False,False
64,59.3,256,2048,8192,1200,900,2.8801,669.17,975.36,2.9215,1410,-31.39,False,False
64,59.3,256,2048,8192,1200,1050,2.8801,663.02,975.36,2.9215,1410,-32.02,False,False
64,59.3,256,2048,8192,1200,1200,2.8801,679.66,975.36,2.9215,1410,-30.32,False,False
64,59.3,256,2048,8192,1200,1305,2.8801,696.28,975.36,2.9215,1410,-28.61,False,False
64,59.3,256,2048,8192,1200,1410,2.8801,725.66,975.36,2.9215,1410,-25.60,False,False
64,59.3,256,4096,4096,300,300,5.8025,653.99,647.60,2.3927,1410,+0.99,False,False
64,59.3,256,4096,4096,300,510,5.8025,655.87,647.60,2.3927,1410,+1.28,False,False
64,59.3,256,4096,4096,300,705,5.8025,648.90,647.60,2.3927,1410,+0.20,False,False
64,59.3,256,4096,4096,300,900,5.8025,640.87,647.60,2.3927,1410,-1.04,False,False
64,59.3,256,4096,4096,300,1050,5.5217,624.56,647.60,2.3927,1410,-3.56,False,False
64,59.3,256,4096,4096,300,1200,5.3004,633.48,647.60,2.3927,1410,-2.18,False,False
64,59.3,256,4096,4096,300,1305,5.2262,656.26,647.60,2.3927,1410,+1.34,False,False
64,59.3,256,4096,4096,300,1410,5.2173,695.91,647.60,2.3927,1410,+7.46,False,False
64,59.3,256,4096,4096,510,300,3.6435,528.08,647.60,2.3927,1410,-18.46,False,False
64,59.3,256,4096,4096,510,510,3.5423,522.55,647.60,2.3927,1410,-19.31,False,False
64,59.3,256,4096,4096,510,705,3.4592,508.33,647.60,2.3927,1410,-21.51,False,False
64,59.3,256,4096,4096,510,900,3.4592,497.56,647.60,2.3927,1410,-23.17,False,False
64,59.3,256,4096,4096,510,1050,3.4592,492.83,647.60,2.3927,1410,-23.90,False,False
64,59.3,256,4096,4096,510,1200,3.4592,510.89,647.60,2.3927,1410,-21.11,False,False
64,59.3,256,4096,4096,510,1305,3.4592,530.21,647.60,2.3927,1410,-18.13,False,False
64,59.3,256,4096,4096,510,1410,3.4592,562.29,647.60,2.3927,1410,-13.17,False,False
64,59.3,256,4096,4096,705,300,3.6435,529.24,647.60,2.3927,1410,-18.28,False,False
64,59.3,256,4096,4096,705,510,3.5423,523.64,647.60,2.3927,1410,-19.14,False,False
64,59.3,256,4096,4096,705,705,3.1268,489.62,647.60,2.3927,1410,-24.39,False,False
64,59.3,256,4096,4096,705,900,2.5636,444.35,647.60,2.3927,1410,-31.38,False,False
64,59.3,256,4096,4096,705,1050,2.5284,435.21,647.60,2.3927,1410,-32.80,False,False
64,59.3,256,4096,4096,705,1200,2.5284,450.98,647.60,2.3927,1410,-30.36,False,False
64,59.3,256,4096,4096,705,1305,2.5284,465.97,647.60,2.3927,1410,-28.05,False,False
64,59.3,256,4096,4096,705,1410,2.5284,493.71,647.60,2.3927,1410,-23.76,False,False
64,59.3,256,4096,4096,900,300,3.6435,532.67,647.60,2.3927,1410,-17.75,False,False
64,59.3,256,4096,4096,900,510,3.5423,526.98,647.60,2.3927,1410,-18.63,False,False
64,59.3,256,4096,4096,900,705,3.1268,492.63,647.60,2.3927,1410,-23.93,False,False
64,59.3,256,4096,4096,900,900,2.5636,446.91,647.60,2.3927,1410,-30.99,False,False
64,59.3,256,4096,4096,900,1050,2.2171,417.87,647.60,2.3927,1410,-35.47,True,False
64,59.3,256,4096,4096,900,1200,2.0591,422.40,647.60,2.3927,1410,-34.77,False,False
64,59.3,256,4096,4096,900,1305,2.0060,431.44,647.60,2.3927,1410,-33.38,False,False
64,59.3,256,4096,4096,900,1410,1.9997,456.27,647.60,2.3927,1410,-29.54,False,False
64,59.3,256,4096,4096,1050,300,3.6435,539.86,647.60,2.3927,1410,-16.64,False,False
64,59.3,256,4096,4096,1050,510,3.5423,534.00,647.60,2.3927,1410,-17.54,False,False
64,59.3,256,4096,4096,1050,705,3.1268,498.95,647.60,2.3927,1410,-22.95,False,False
64,59.3,256,4096,4096,1050,900,2.5636,452.27,647.60,2.3927,1410,-30.16,False,False
64,59.3,256,4096,4096,1050,1050,2.2171,422.65,647.60,2.3927,1410,-34.74,False,True
64,59.3,256,4096,4096,1050,1200,2.0591,426.91,647.60,2.3927,1410,-34.08,False,False
64,59.3,256,4096,4096,1050,1305,2.0060,435.86,647.60,2.3927,1410,-32.70,False,False
64,59.3,256,4096,4096,1050,1410,1.9997,460.69,647.60,2.3927,1410,-28.86,False,False
64,59.3,256,4096,4096,1200,300,3.6435,578.75,647.60,2.3927,1410,-10.63,False,False
64,59.3,256,4096,4096,1200,510,3.5423,572.72,647.60,2.3927,1410,-11.56,False,False
64,59.3,256,4096,4096,1200,705,3.1268,536.96,647.60,2.3927,1410,-17.08,False,False
64,59.3,256,4096,4096,1200,900,2.5636,489.33,647.60,2.3927,1410,-24.44,False,False
64,59.3,256,4096,4096,1200,1050,2.2171,459.12,647.60,2.3927,1410,-29.10,False,False
64,59.3,256,4096,4096,1200,1200,2.0591,463.12,647.60,2.3927,1410,-28.49,False,False
64,59.3,256,4096,4096,1200,1305,2.0060,471.98,647.60,2.3927,1410,-27.12,False,False
64,59.3,256,4096,4096,1200,1410,1.9997,496.79,647.60,2.3927,1410,-23.29,False,False
64,59.3,256,8192,8192,300,300,22.9544,2563.33,2426.28,6.0607,1245,+5.65,False,False
64,59.3,256,8192,8192,300,510,22.8052,2569.26,2426.28,6.0607,1245,+5.89,False,False
64,59.3,256,8192,8192,300,705,22.1930,2544.56,2426.28,6.0607,1245,+4.88,False,False
64,59.3,256,8192,8192,300,900,21.3629,2506.52,2426.28,6.0607,1245,+3.31,False,False
64,59.3,256,8192,8192,300,1050,20.8523,2514.30,2426.28,6.0607,1245,+3.63,False,False
64,59.3,256,8192,8192,300,1200,20.6194,2560.19,2426.28,6.0607,1245,+5.52,False,False
64,59.3,256,8192,8192,300,1305,20.5413,2654.02,2426.28,6.0607,1245,+9.39,False,False
64,59.3,256,8192,8192,300,1410,20.5320,2764.94,2426.28,6.0607,1245,+13.96,False,False
64,59.3,256,8192,8192,510,300,15.7371,2125.52,2426.28,6.0607,1245,-12.40,False,False
64,59.3,256,8192,8192,510,510,15.5879,2126.09,2426.28,6.0607,1245,-12.37,False,False
64,59.3,256,8192,8192,510,705,14.9757,2093.50,2426.28,6.0607,1245,-13.72,False,False
64,59.3,256,8192,8192,510,900,14.1456,2046.57,2426.28,6.0607,1245,-15.65,False,False
64,59.3,256,8192,8192,510,1050,13.6351,2036.33,2426.28,6.0607,1245,-16.07,False,False
64,59.3,256,8192,8192,510,1200,13.4021,2064.35,2426.28,6.0607,1245,-14.92,False,False
64,59.3,256,8192,8192,510,1305,13.3240,2124.54,2426.28,6.0607,1245,-12.44,False,False
64,59.3,256,8192,8192,510,1410,13.3147,2201.85,2426.28,6.0607,1245,-9.25,False,False
64,59.3,256,8192,8192,705,300,12.8843,1965.51,2426.28,6.0607,1245,-18.99,False,False
64,59.3,256,8192,8192,705,510,12.7351,1963.88,2426.28,6.0607,1245,-19.06,False,False
64,59.3,256,8192,8192,705,705,12.1229,1927.84,2426.28,6.0607,1245,-20.54,False,False
64,59.3,256,8192,8192,705,900,11.2928,1876.97,2426.28,6.0607,1245,-22.64,False,False
64,59.3,256,8192,8192,705,1050,10.7823,1859.35,2426.28,6.0607,1245,-23.37,False,False
64,59.3,256,8192,8192,705,1200,10.5493,1880.18,2426.28,6.0607,1245,-22.51,False,False
64,59.3,256,8192,8192,705,1305,10.4712,1927.03,2426.28,6.0607,1245,-20.58,False,False
64,59.3,256,8192,8192,705,1410,10.4619,1991.05,2426.28,6.0607,1245,-17.94,False,False
64,59.3,256,8192,8192,900,300,11.2661,1884.60,2426.28,6.0607,1245,-22.33,False,False
64,59.3,256,8192,8192,900,510,11.1169,1881.67,2426.28,6.0607,1245,-22.45,False,False
64,59.3,256,8192,8192,900,705,10.5047,1843.44,2426.28,6.0607,1245,-24.02,False,False
64,59.3,256,8192,8192,900,900,9.6746,1790.00,2426.28,6.0607,1245,-26.22,False,False
64,59.3,256,8192,8192,900,1050,9.1641,1767.98,2426.28,6.0607,1245,-27.13,False,False
64,59.3,256,8192,8192,900,1200,8.9311,1784.64,2426.28,6.0607,1245,-26.45,False,False
64,59.3,256,8192,8192,900,1305,8.8530,1823.89,2426.28,6.0607,1245,-24.83,False,False
64,59.3,256,8192,8192,900,1410,8.8437,1880.38,2426.28,6.0607,1245,-22.50,False,False
64,59.3,256,8192,8192,1050,300,10.4426,1873.63,2426.28,6.0607,1245,-22.78,False,False
64,59.3,256,8192,8192,1050,510,10.2934,1869.84,2426.28,6.0607,1245,-22.93,False,False
64,59.3,256,8192,8192,1050,705,9.6812,1829.71,2426.28,6.0607,1245,-24.59,False,False
64,59.3,256,8192,8192,1050,900,8.8511,1773.90,2426.28,6.0607,1245,-26.89,False,False
64,59.3,256,8192,8192,1050,1050,8.3406,1748.99,2426.28,6.0607,1245,-27.91,True,True
64,59.3,256,8192,8192,1050,1200,8.1076,1763.23,2426.28,6.0607,1245,-27.33,False,False
64,59.3,256,8192,8192,1050,1305,8.0295,1798.52,2426.28,6.0607,1245,-25.87,False,False
64,59.3,256,8192,8192,1050,1410,8.0202,1851.16,2426.28,6.0607,1245,-23.70,False,False
64,59.3,256,8192,8192,1200,300,9.8183,2109.39,2426.28,6.0607,1245,-13.06,False,False
64,59.3,256,8192,8192,1200,510,9.6690,2104.89,2426.28,6.0607,1245,-13.25,False,False
64,59.3,256,8192,8192,1200,705,9.0568,2063.07,2426.28,6.0607,1245,-14.97,False,False
64,59.3,256,8192,8192,1200,900,8.2267,2005.12,2426.28,6.0607,1245,-17.36,False,False
64,59.3,256,8192,8192,1200,1050,7.7162,1977.82,2426.28,6.0607,1245,-18.48,False,False
64,59.3,256,8192,8192,1200,1200,7.4833,1990.13,2426.28,6.0607,1245,-17.98,False,False
64,59.3,256,8192,8192,1200,1305,7.4051,2022.38,2426.28,6.0607,1245,-16.65,False,False
64,59.3,256,8192,8192,1200,1410,7.3958,2072.09,2426.28,6.0607,1245,-14.60,False,False
64,59.3,512,1024,4096,300,300,6.9982,791.30,753.66,3.9517,1410,+4.99,False,False
64,59.3,512,1024,4096,300,510,6.8288,783.43,753.66,3.9517,1410,+3.95,False,False
64,59.3,512,1024,4096,300,705,6.0843,726.98,753.66,3.9517,1410,-3.54,False,False
64,59.3,512,1024,4096,300,900,4.8408,625.38,753.66,3.9517,1410,-17.02,False,False
64,59.3,512,1024,4096,300,1050,4.2934,579.48,753.66,3.9517,1410,-23.11,False,False
64,59.3,512,1024,4096,300,1200,3.9752,589.01,753.66,3.9517,1410,-21.85,False,False
64,59.3,512,1024,4096,300,1305,3.8972,608.56,753.66,3.9517,1410,-19.25,False,False
64,59.3,512,1024,4096,300,1410,3.8776,659.93,753.66,3.9517,1410,-12.44,False,False
64,59.3,512,1024,4096,510,300,6.9982,792.23,753.66,3.9517,1410,+5.12,False,False
64,59.3,512,1024,4096,510,510,6.8288,784.28,753.66,3.9517,1410,+4.06,False,False
64,59.3,512,1024,4096,510,705,6.0843,727.46,753.66,3.9517,1410,-3.48,False,False
64,59.3,512,1024,4096,510,900,4.8408,625.23,753.66,3.9517,1410,-17.04,False,False
64,59.3,512,1024,4096,510,1050,4.2934,579.05,753.66,3.9517,1410,-23.17,True,False
64,59.3,512,1024,4096,510,1200,3.9752,588.42,753.66,3.9517,1410,-21.93,False,False
64,59.3,512,1024,4096,510,1305,3.8972,607.94,753.66,3.9517,1410,-19.34,False,False
64,59.3,512,1024,4096,510,1410,3.8776,659.30,753.66,3.9517,1410,-12.52,False,False
64,59.3,512,1024,4096,705,300,6.9982,796.40,753.66,3.9517,1410,+5.67,False,False
64,59.3,512,1024,4096,705,510,6.8288,788.33,753.66,3.9517,1410,+4.60,False,False
64,59.3,512,1024,4096,705,705,6.0843,730.97,753.66,3.9517,1410,-3.01,False,False
64,59.3,512,1024,4096,705,900,4.8408,627.84,753.66,3.9517,1410,-16.69,False,False
64,59.3,512,1024,4096,705,1050,4.2934,581.27,753.66,3.9517,1410,-22.87,False,False
64,59.3,512,1024,4096,705,1200,3.9752,590.41,753.66,3.9517,1410,-21.66,False,False
64,59.3,512,1024,4096,705,1305,3.8972,609.87,753.66,3.9517,1410,-19.08,False,False
64,59.3,512,1024,4096,705,1410,3.8776,661.21,753.66,3.9517,1410,-12.27,False,False
64,59.3,512,1024,4096,900,300,6.9982,801.74,753.66,3.9517,1410,+6.38,False,False
64,59.3,512,1024,4096,900,510,6.8288,793.53,753.66,3.9517,1410,+5.29,False,False
64,59.3,512,1024,4096,900,705,6.0843,735.57,753.66,3.9517,1410,-2.40,False,False
64,59.3,512,1024,4096,900,900,4.8408,631.44,753.66,3.9517,1410,-16.22,False,False
64,59.3,512,1024,4096,900,1050,4.2934,584.43,753.66,3.9517,1410,-22.45,False,False
64,59.3,512,1024,4096,900,1200,3.9752,593.31,753.66,3.9517,1410,-21.28,False,False
64,59.3,512,1024,4096,900,1305,3.8972,612.70,753.66,3.9517,1410,-18.70,False,False
64,59.3,512,1024,4096,900,1410,3.8776,664.03,753.66,3.9517,1410,-11.89,False,False
64,59.3,512,1024,4096,1050,300,6.9982,813.46,753.66,3.9517,1410,+7.93,False,False
64,59.3,512,1024,4096,1050,510,6.8288,804.96,753.66,3.9517,1410,+6.81,False,False
64,59.3,512,1024,4096,1050,705,6.0843,745.74,753.66,3.9517,1410,-1.05,False,False
64,59.3,512,1024,4096,1050,900,4.8408,639.51,753.66,3.9517,1410,-15.15,False,False
64,59.3,512,1024,4096,1050,1050,4.2934,591.57,753.66,3.9517,1410,-21.51,False,True
64,59.3,512,1024,4096,1050,1200,3.9752,599.91,753.66,3.9517,1410,-20.40,False,False
64,59.3,512,1024,4096,1050,1305,3.8972,619.18,753.66,3.9517,1410,-17.84,False,False
64,59.3,512,1024,4096,1050,1410,3.8776,670.47,753.66,3.9517,1410,-11.04,False,False
64,59.3,512,1024,4096,1200,300,6.9982,832.72,753.66,3.9517,1410,+10.49,False,False
64,59.3,512,1024,4096,1200,510,6.8288,823.93,753.66,3.9517,1410,+9.32,False,False
64,59.3,512,1024,4096,1200,705,6.0843,763.45,753.66,3.9517,1410,+1.30,False,False
64,59.3,512,1024,4096,1200,900,4.8408,655.11,753.66,3.9517,1410,-13.08,False,False
64,59.3,512,1024,4096,1200,1050,4.2934,606.25,753.66,3.9517,1410,-19.56,False,False
64,59.3,512,1024,4096,1200,1200,3.9752,614.05,753.66,3.9517,1410,-18.52,False,False
64,59.3,512,1024,4096,1200,1305,3.8972,633.19,753.66,3.9517,1410,-15.99,False,False
64,59.3,512,1024,4096,1200,1410,3.8776,684.45,753.66,3.9517,1410,-9.18,False,False
64,59.3,512,1024,4096,1305,300,6.9982,860.28,753.66,3.9517,1410,+14.15,False,False
64,59.3,512,1024,4096,1305,510,6.8288,850.95,753.66,3.9517,1410,+12.91,False,False
64,59.3,512,1024,4096,1305,705,6.0843,788.09,753.66,3.9517,1410,+4.57,False,False
64,59.3,512,1024,4096,1305,900,4.8408,675.77,753.66,3.9517,1410,-10.33,False,False
64,59.3,512,1024,4096,1305,1050,4.2934,625.16,753.66,3.9517,1410,-17.05,False,False
64,59.3,512,1024,4096,1305,1200,3.9752,631.94,753.66,3.9517,1410,-16.15,False,False
64,59.3,512,1024,4096,1305,1305,3.8972,650.83,753.66,3.9517,1410,-13.64,False,False
64,59.3,512,1024,4096,1305,1410,3.8776,702.03,753.66,3.9517,1410,-6.85,False,False
64,59.3,512,1024,4096,1410,300,6.9982,896.59,753.66,3.9517,1410,+18.97,False,False
64,59.3,512,1024,4096,1410,510,6.8288,886.72,753.66,3.9517,1410,+17.66,False,False
64,59.3,512,1024,4096,1410,705,6.0843,821.48,753.66,3.9517,1410,+9.00,False,False
64,59.3,512,1024,4096,1410,900,4.8408,705.18,753.66,3.9517,1410,-6.43,False,False
64,59.3,512,1024,4096,1410,1050,4.2934,652.82,753.66,3.9517,1410,-13.38,False,False
64,59.3,512,1024,4096,1410,1200,3.9752,658.58,753.66,3.9517,1410,-12.62,False,False
64,59.3,512,1024,4096,1410,1305,3.8972,677.22,753.66,3.9517,1410,-10.14,False,False
64,59.3,512,1024,4096,1410,1410,3.8776,728.35,753.66,3.9517,1410,-3.36,False,False
64,59.3,512,1024,8192,300,300,6.9982,897.46,961.68,4.1794,1410,-6.68,False,False
64,59.3,512,1024,8192,300,510,6.8288,889.59,961.68,4.1794,1410,-7.50,False,False
64,59.3,512,1024,8192,300,705,6.0843,833.14,961.68,4.1794,1410,-13.37,False,False
64,59.3,512,1024,8192,300,900,5.9120,795.09,961.68,4.1794,1410,-17.32,False,False
64,59.3,512,1024,8192,300,1050,5.9120,785.65,961.68,4.1794,1410,-18.30,False,False
64,59.3,512,1024,8192,300,1200,5.9120,819.60,961.68,4.1794,1410,-14.77,False,False
64,59.3,512,1024,8192,300,1305,5.9120,853.54,961.68,4.1794,1410,-11.24,False,False
64,59.3,512,1024,8192,300,1410,5.9120,915.74,961.68,4.1794,1410,-4.78,False,False
64,59.3,512,1024,8192,510,300,6.9982,894.59,961.68,4.1794,1410,-6.98,False,False
64,59.3,512,1024,8192,510,510,6.8288,886.64,961.68,4.1794,1410,-7.80,False,False
64,59.3,512,1024,8192,510,705,6.0843,829.82,961.68,4.1794,1410,-13.71,False,False
64,59.3,512,1024,8192,510,900,4.8408,727.59,961.68,4.1794,1410,-24.34,False,False
64,59.3,512,1024,8192,510,1050,4.2934,681.42,961.68,4.1794,1410,-29.14,True,False
64,59.3,512,1024,8192,510,1200,3.9752,690.78,961.68,4.1794,1410,-28.17,False,False
64,59.3,512,1024,8192,510,1305,3.8972,710.30,961.68,4.1794,1410,-26.14,False,False
64,59.3,512,1024,8192,510,1410,3.8776,761.66,961.68,4.1794,1410,-20.80,False,False
64,59.3,512,1024,8192,705,300,6.9982,897.70,961.68,4.1794,1410,-6.65,False,False
64,59.3,512,1024,8192,705,510,6.8288,889.62,961.68,4.1794,1410,-7.49,False,False
64,59.3,512,1024,8192,705,705,6.0843,832.27,961.68,4.1794,1410,-13.46,False,False
64,59.3,512,1024,8192,705,900,4.8408,729.14,961.68,4.1794,1410,-24.18,False,False
64,59.3,512,1024,8192,705,1050,4.2934,682.57,961.68,4.1794,1410,-29.02,False,False
64,59.3,512,1024,8192,705,1200,3.9752,691.70,961.68,4.1794,1410,-28.07,False,False
64,59.3,512,1024,8192,705,1305,3.8972,711.16,961.68,4.1794,1410,-26.05,False,False
64,59.3,512,1024,8192,705,1410,3.8776,762.51,961.68,4.1794,1410,-20.71,False,False
64,59.3,512,1024,8192,900,300,6.9982,903.64,961.68,4.1794,1410,-6.04,False,False
64,59.3,512,1024,8192,900,510,6.8288,895.43,961.68,4.1794,1410,-6.89,False,False
64,59.3,512,1024,8192,900,705,6.0843,837.47,961.68,4.1794,1410,-12.92,False,False
64,59.3,512,1024,8192,900,900,4.8408,733.34,961.68,4.1794,1410,-23.74,False,False
64,59.3,512,1024,8192,900,1050,4.2934,686.33,961.68,4.1794,1410,-28.63,False,False
64,59.3,512,1024,8192,900,1200,3.9752,695.20,961.68,4.1794,1410,-27.71,False,False
64,59.3,512,1024,8192,900,1305,3.8972,714.60,961.68,4.1794,1410,-25.69,False,False
64,59.3,512,1024,8192,900,1410,3.8776,765.93,961.68,4.1794,1410,-20.35,False,False
64,59.3,512,1024,8192,1050,300,6.9982,916.69,961.68,4.1794,1410,-4.68,False,False
64,59.3,512,1024,8192,1050,510,6.8288,908.19,961.68,4.1794,1410,-5.56,False,False
64,59.3,512,1024,8192,1050,705,6.0843,848.97,961.68,4.1794,1410,-11.72,False,False
64,59.3,512,1024,8192,1050,900,4.8408,742.73,961.68,4.1794,1410,-22.77,False,False
64,59.3,512,1024,8192,1050,1050,4.2934,694.80,961.68,4.1794,1410,-27.75,False,True
64,59.3,512,1024,8192,1050,1200,3.9752,703.14,961.68,4.1794,1410,-26.88,False,False
64,59.3,512,1024,8192,1050,1305,3.8972,722.40,961.68,4.1794,1410,-24.88,False,False
64,59.3,512,1024,8192,1050,1410,3.8776,773.70,961.68,4.1794,1410,-19.55,False,False
64,59.3,512,1024,8192,1200,300,6.9982,960.23,961.68,4.1794,1410,-0.15,False,False
64,59.3,512,1024,8192,1200,510,6.8288,951.44,961.68,4.1794,1410,-1.06,False,False
64,59.3,512,1024,8192,1200,705,6.0843,890.97,961.68,4.1794,1410,-7.35,False,False
64,59.3,512,1024,8192,1200,900,4.8408,782.63,961.68,4.1794,1410,-18.62,False,False
64,59.3,512,1024,8192,1200,1050,4.2934,733.77,961.68,4.1794,1410,-23.70,False,False
64,59.3,512,1024,8192,1200,1200,3.9752,741.57,961.68,4.1794,1410,-22.89,False,False
64,59.3,512,1024,8192,1200,1305,3.8972,760.70,961.68,4.1794,1410,-20.90,False,False
64,59.3,512,1024,8192,1200,1410,3.8776,811.97,961.68,4.1794,1410,-15.57,False,False
64,59.3,512,2048,4096,300,300,6.9982,824.95,817.15,3.9081,1410,+0.95,False,False
64,59.3,512,2048,4096,300,510,6.8288,817.08,817.15,3.9081,1410,-0.01,False,False
64,59.3,512,2048,4096,300,705,6.0843,760.63,817.15,3.9081,1410,-6.92,False,False
64,59.3,512,2048,4096,300,900,4.8408,659.03,817.15,3.9081,1410,-19.35,False,False
64,59.3,512,2048,4096,300,1050,4.2934,613.13,817.15,3.9081,1410,-24.97,False,False
64,59.3,512,2048,4096,300,1200,3.9752,622.66,817.15,3.9081,1410,-23.80,False,False
64,59.3,512,2048,4096,300,1305,3.8972,642.21,817.15,3.9081,1410,-21.41,False,False
64,59.3,512,2048,4096,300,1410,3.8776,693.58,817.15,3.9081,1410,-15.12,False,False
64,59.3,512,2048,4096,510,300,6.9982,824.75,817.15,3.9081,1410,+0.93,False,False
64,59.3,512,2048,4096,510,510,6.8288,816.79,817.15,3.9081,1410,-0.04,False,False
64,59.3,512,2048,4096,510,705,6.0843,759.97,817.15,3.9081,1410,-7.00,False,False
64,59.3,512,2048,4096,510,900,4.8408,657.74,817.15,3.9081,1410,-19.51,False,False
64,59.3,512,2048,4096,510,1050,4.2934,611.57,817.15,3.9081,1410,-25.16,True,False
64,59.3,512,2048,4096,510,1200,3.9752,620.94,817.15,3.9081,1410,-24.01,False,False
64,59.3,512,2048,4096,510,1305,3.8972,640.45,817.15,3.9081,1410,-21.62,False,False
64,59.3,512,2048,4096,510,1410,3.8776,691.81,817.15,3.9081,1410,-15.34,False,False
64,59.3,512,2048,4096,705,300,6.9982,828.67,817.15,3.9081,1410,+1.41,False,False
64,59.3,512,2048,4096,705,510,6.8288,820.60,817.15,3.9081,1410,+0.42,False,False
64,59.3,512,2048,4096,705,705,6.0843,763.24,817.15,3.9081,1410,-6.60,False,False
64,59.3,512,2048,4096,705,900,4.8408,660.11,817.15,3.9081,1410,-19.22,False,False
64,59.3,512,2048,4096,705,1050,4.2934,613.54,817.15,3.9081,1410,-24.92,False,False
64,59.3,512,2048,4096,705,1200,3.9752,622.68,817.15,3.9081,1410,-23.80,False,False
64,59.3,512,2048,4096,705,1305,3.8972,642.14,817.15,3.9081,1410,-21.42,False,False
64,59.3,512,2048,4096,705,1410,3.8776,693.48,817.15,3.9081,1410,-15.13,False,False
64,59.3,512,2048,4096,900,300,6.9982,834.27,817.15,3.9081,1410,+2.10,False,False
64,59.3,512,2048,4096,900,510,6.8288,826.06,817.15,3.9081,1410,+1.09,False,False
64,59.3,512,2048,4096,900,705,6.0843,768.10,817.15,3.9081,1410,-6.00,False,False
64,59.3,512,2048,4096,900,900,4.8408,663.97,817.15,3.9081,1410,-18.75,False,False
64,59.3,512,2048,4096,900,1050,4.2934,616.96,817.15,3.9081,1410,-24.50,False,False
64,59.3,512,2048,4096,900,1200,3.9752,625.83,817.15,3.9081,1410,-23.41,False,False
64,59.3,512,2048,4096,900,1305,3.8972,645.23,817.15,3.9081,1410,-21.04,False,False
64,59.3,512,2048,4096,900,1410,3.8776,696.56,817.15,3.9081,1410,-14.76,False,False
64,59.3,512,2048,4096,1050,300,6.9982,846.56,817.15,3.9081,1410,+3.60,False,False
64,59.3,512,2048,4096,1050,510,6.8288,838.06,817.15,3.9081,1410,+2.56,False,False
64,59.3,512,2048,4096,1050,705,6.0843,778.85,817.15,3.9081,1410,-4.69,False,False
64,59.3,512,2048,4096,1050,900,4.8408,672.61,817.15,3.9081,1410,-17.69,False,False
64,59.3,512,2048,4096,1050,1050,4.2934,624.67,817.15,3.9081,1410,-23.55,False,True
64,59.3,512,2048,4096,1050,1200,3.9752,633.01,817.15,3.9081,1410,-22.53,False,False
64,59.3,512,2048,4096,1050,1305,3.8972,652.28,817.15,3.9081,1410,-20.18,False,False
64,59.3,512,2048,4096,1050,1410,3.8776,703.58,817.15,3.9081,1410,-13.90,False,False
64,59.3,512,2048,4096,1200,300,6.9982,874.00,817.15,3.9081,1410,+6.96,False,False
64,59.3,512,2048,4096,1200,510,6.8288,865.22,817.15,3.9081,1410,+5.88,False,False
64,59.3,512,2048,4096,1200,705,6.0843,804.74,817.15,3.9081,1410,-1.52,False,False
64,59.3,512,2048,4096,1200,900,4.8408,696.40,817.15,3.9081,1410,-14.78,False,False
64,59.3,512,2048,4096,1200,1050,4.2934,647.54,817.15,3.9081,1410,-20.76,False,False
64,59.3,512,2048,4096,1200,1200,3.9752,655.34,817.15,3.9081,1410,-19.80,False,False
64,59.3,512,2048,4096,1200,1305,3.8972,674.48,817.15,3.9081,1410,-17.46,False,False
64,59.3,512,2048,4096,1200,1410,3.8776,725.74,817.15,3.9081,1410,-11.19,False,False
64,59.3,512,2048,4096,1305,300,6.9982,908.62,817.15,3.9081,1410,+11.19,False,False
64,59.3,512,2048,4096,1305,510,6.8288,899.29,817.15,3.9081,1410,+10.05,False,False
64,59.3,512,2048,4096,1305,705,6.0843,836.43,817.15,3.9081,1410,+2.36,False,False
64,59.3,512,2048,4096,1305,900,4.8408,724.11,817.15,3.9081,1410,-11.39,False,False
64,59.3,512,2048,4096,1305,1050,4.2934,673.50,817.15,3.9081,1410,-17.58,False,False
64,59.3,512,2048,4096,1305,1200,3.9752,680.28,817.15,3.9081,1410,-16.75,False,False
64,59.3,512,2048,4096,1305,1305,3.8972,699.17,817.15,3.9081,1410,-14.44,False,False
64,59.3,512,2048,4096,1305,1410,3.8776,750.37,817.15,3.9081,1410,-8.17,False,False
64,59.3,512,2048,8192,300,300,11.2019,1261.39,1295.18,4.6707,1410,-2.61,False,False
64,59.3,512,2048,8192,300,510,11.2019,1266.26,1295.18,4.6707,1410,-2.23,False,False
64,59.3,512,2048,8192,300,705,11.2019,1257.71,1295.18,4.6707,1410,-2.89,False,False
64,59.3,512,2048,8192,300,900,11.2019,1235.88,1295.18,4.6707,1410,-4.58,False,False
64,59.3,512,2048,8192,300,1050,10.6782,1207.10,1295.18,4.6707,1410,-6.80,False,False
64,59.3,512,2048,8192,300,1200,10.2327,1224.15,1295.18,4.6707,1410,-5.48,False,False
64,59.3,512,2048,8192,300,1305,10.1236,1270.69,1295.18,4.6707,1410,-1.89,False,False
64,59.3,512,2048,8192,300,1410,10.0961,1350.47,1295.18,4.6707,1410,+4.27,False,False
64,59.3,512,2048,8192,510,300,6.9982,1017.43,1295.18,4.6707,1410,-21.44,False,False
64,59.3,512,2048,8192,510,510,6.8288,1009.48,1295.18,4.6707,1410,-22.06,False,False
64,59.3,512,2048,8192,510,705,6.6354,984.98,1295.18,4.6707,1410,-23.95,False,False
64,59.3,512,2048,8192,510,900,6.6354,957.79,1295.18,4.6707,1410,-26.05,False,False
64,59.3,512,2048,8192,510,1050,6.6354,950.13,1295.18,4.6707,1410,-26.64,False,False
64,59.3,512,2048,8192,510,1200,6.6354,985.86,1295.18,4.6707,1410,-23.88,False,False
64,59.3,512,2048,8192,510,1305,6.6354,1023.17,1295.18,4.6707,1410,-21.00,False,False
64,59.3,512,2048,8192,510,1410,6.6354,1088.73,1295.18,4.6707,1410,-15.94,False,False
64,59.3,512,2048,8192,705,300,6.9982,1019.41,1295.18,4.6707,1410,-21.29,False,False
64,59.3,512,2048,8192,705,510,6.8288,1011.33,1295.18,4.6707,1410,-21.92,False,False
64,59.3,512,2048,8192,705,705,6.0843,953.97,1295.18,4.6707,1410,-26.34,False,False
64,59.3,512,2048,8192,705,900,4.8408,850.84,1295.18,4.6707,1410,-34.31,False,False
64,59.3,512,2048,8192,705,1050,4.8264,837.86,1295.18,4.6707,1410,-35.31,False,False
64,59.3,512,2048,8192,705,1200,4.8264,869.14,1295.18,4.6707,1410,-32.89,False,False
64,59.3,512,2048,8192,705,1305,4.8264,898.03,1295.18,4.6707,1410,-30.66,False,False
64,59.3,512,2048,8192,705,1410,4.8264,955.17,1295.18,4.6707,1410,-26.25,False,False
64,59.3,512,2048,8192,900,300,6.9982,1026.59,1295.18,4.6707,1410,-20.74,False,False
64,59.3,512,2048,8192,900,510,6.8288,1018.37,1295.18,4.6707,1410,-21.37,False,False
64,59.3,512,2048,8192,900,705,6.0843,960.41,1295.18,4.6707,1410,-25.85,False,False
64,59.3,512,2048,8192,900,900,4.8408,856.28,1295.18,4.6707,1410,-33.89,False,False
64,59.3,512,2048,8192,900,1050,4.2934,809.27,1295.18,4.6707,1410,-37.52,True,False
64,59.3,512,2048,8192,900,1200,3.9752,818.15,1295.18,4.6707,1410,-36.83,False,False
64,59.3,512,2048,8192,900,1305,3.8972,837.55,1295.18,4.6707,1410,-35.33,False,False
64,59.3,512,2048,8192,900,1410,3.8776,888.88,1295.18,4.6707,1410,-31.37,False,False
64,59.3,512,2048,8192,1050,300,6.9982,1040.80,1295.18,4.6707,1410,-19.64,False,False
64,59.3,512,2048,8192,1050,510,6.8288,1032.30,1295.18,4.6707,1410,-20.30,False,False
64,59.3,512,2048,8192,1050,705,6.0843,973.09,1295.18,4.6707,1410,-24.87,False,False
64,59.3,512,2048,8192,1050,900,4.8408,866.85,1295.18,4.6707,1410,-33.07,False,False
64,59.3,512,2048,8192,1050,1050,4.2934,818.91,1295.18,4.6707,1410,-36.77,False,True
64,59.3,512,2048,8192,1050,1200,3.9752,827.25,1295.18,4.6707,1410,-36.13,False,False
64,59.3,512,2048,8192,1050,1305,3.8972,846.52,1295.18,4.6707,1410,-34.64,False,False
64,59.3,512,2048,8192,1050,1410,3.8776,897.82,1295.18,4.6707,1410,-30.68,False,False
64,59.3,512,2048,8192,1200,300,6.9982,1116.45,1295.18,4.6707,1410,-13.80,False,False
64,59.3,512,2048,8192,1200,510,6.8288,1107.66,1295.18,4.6707,1410,-14.48,False,False
64,59.3,512,2048,8192,1200,705,6.0843,1047.19,1295.18,4.6707,1410,-19.15,False,False
64,59.3,512,2048,8192,1200,900,4.8408,938.85,1295.18,4.6707,1410,-27.51,False,False
64,59.3,512,2048,8192,1200,1050,4.2934,889.99,1295.18,4.6707,1410,-31.28,False,False
64,59.3,512,2048,8192,1200,1200,3.9752,897.79,1295.18,4.6707,1410,-30.68,False,False
64,59.3,512,2048,8192,1200,1305,3.8972,916.92,1295.18,4.6707,1410,-29.20,False,False
64,59.3,512,2048,8192,1200,1410,3.8776,968.18,1295.18,4.6707,1410,-25.25,False,False
64,59.3,512,4096,4096,300,300,6.9982,892.49,976.32,4.1640,1410,-8.59,False,False
64,59.3,512,4096,4096,300,510,6.8288,884.62,976.32,4.1640,1410,-9.39,False,False
64,59.3,512,4096,4096,300,705,6.0843,828.17,976.32,4.1640,1410,-15.17,False,False
64,59.3,512,4096,4096,300,900,5.8025,783.62,976.32,4.1640,1410,-19.74,False,False
64,59.3,512,4096,4096,300,1050,5.8025,773.91,976.32,4.1640,1410,-20.73,False,False
64,59.3,512,4096,4096,300,1200,5.8025,807.59,976.32,4.1640,1410,-17.28,False,False
64,59.3,512,4096,4096,300,1305,5.8025,841.03,976.32,4.1640,1410,-13.86,False,False
64,59.3,512,4096,4096,300,1410,5.8025,902.71,976.32,4.1640,1410,-7.54,False,False
64,59.3,512,4096,4096,510,300,6.9982,889.96,976.32,4.1640,1410,-8.85,False,False
64,59.3,512,4096,4096,510,510,6.8288,882.01,976.32,4.1640,1410,-9.66,False,False
64,59.3,512,4096,4096,510,705,6.0843,825.19,976.32,4.1640,1410,-15.48,False,False
64,59.3,512,4096,4096,510,900,4.8408,722.96,976.32,4.1640,1410,-25.95,False,False
64,59.3,512,4096,4096,510,1050,4.2934,676.78,976.32,4.1640,1410,-30.68,True,False
64,59.3,512,4096,4096,510,1200,3.9752,686.15,976.32,4.1640,1410,-29.72,False,False
64,59.3,512,4096,4096,510,1305,3.8972,705.67,976.32,4.1640,1410,-27.72,False,False
64,59.3,512,4096,4096,510,1410,3.8776,757.03,976.32,4.1640,1410,-22.46,False,False
64,59.3,512,4096,4096,705,300,6.9982,893.55,976.32,4.1640,1410,-8.48,False,False
64,59.3,512,4096,4096,705,510,6.8288,885.47,976.32,4.1640,1410,-9.31,False,False
64,59.3,512,4096,4096,705,705,6.0843,828.11,976.32,4.1640,1410,-15.18,False,False
64,59.3,512,4096,4096,705,900,4.8408,724.98,976.32,4.1640,1410,-25.74,False,False
64,59.3,512,4096,4096,705,1050,4.2934,678.42,976.32,4.1640,1410,-30.51,False,False
64,59.3,512,4096,4096,705,1200,3.9752,687.55,976.32,4.1640,1410,-29.58,False,False
64,59.3,512,4096,4096,705,1305,3.8972,707.01,976.32,4.1640,1410,-27.58,False,False
64,59.3,512,4096,4096,705,1410,3.8776,758.36,976.32,4.1640,1410,-22.33,False,False
64,59.3,512,4096,4096,900,300,6.9982,899.68,976.32,4.1640,1410,-7.85,False,False
64,59.3,512,4096,4096,900,510,6.8288,891.46,976.32,4.1640,1410,-8.69,False,False
64,59.3,512,4096,4096,900,705,6.0843,833.51,976.32,4.1640,1410,-14.63,False,False
64,59.3,512,4096,4096,900,900,4.8408,729.37,976.32,4.1640,1410,-25.29,False,False
64,59.3,512,4096,4096,900,1050,4.2934,682.36,976.32,4.1640,1410,-30.11,False,False
64,59.3,512,4096,4096,900,1200,3.9752,691.24,976.32,4.1640,1410,-29.20,False,False
64,59.3,512,4096,4096,900,1305,3.8972,710.64,976.32,4.1640,1410,-27.21,False,False
64,59.3,512,4096,4096,900,1410,3.8776,761.97,976.32,4.1640,1410,-21.96,False,False
64,59.3,512,4096,4096,1050,300,6.9982,912.55,976.32,4.1640,1410,-6.53,False,False
64,59.3,512,4096,4096,1050,510,6.8288,904.04,976.32,4.1640,1410,-7.40,False,False
64,59.3,512,4096,4096,1050,705,6.0843,844.83,976.32,4.1640,1410,-13.47,False,False
64,59.3,512,4096,4096,1050,900,4.8408,738.59,976.32,4.1640,1410,-24.35,False,False
64,59.3,512,4096,4096,1050,1050,4.2934,690.66,976.32,4.1640,1410,-29.26,False,True
64,59.3,512,4096,4096,1050,1200,3.9752,699.00,976.32,4.1640,1410,-28.41,False,False
64,59.3,512,4096,4096,1050,1305,3.8972,718.26,976.32,4.1640,1410,-26.43,False,False
64,59.3,512,4096,4096,1050,1410,3.8776,769.56,976.32,4.1640,1410,-21.18,False,False
64,59.3,512,4096,4096,1200,300,6.9982,957.11,976.32,4.1640,1410,-1.97,False,False
64,59.3,512,4096,4096,1200,510,6.8288,948.32,976.32,4.1640,1410,-2.87,False,False
64,59.3,512,4096,4096,1200,705,6.0843,887.84,976.32,4.1640,1410,-9.06,False,False
64,59.3,512,4096,4096,1200,900,4.8408,779.50,976.32,4.1640,1410,-20.16,False,False
64,59.3,512,4096,4096,1200,1050,4.2934,730.64,976.32,4.1640,1410,-25.16,False,False
64,59.3,512,4096,4096,1200,1200,3.9752,738.44,976.32,4.1640,1410,-24.36,False,False
64,59.3,512,4096,4096,1200,1305,3.8972,757.58,976.32,4.1640,1410,-22.41,False,False
64,59.3,512,4096,4096,1200,1410,3.8776,808.84,976.32,4.1640,1410,-17.15,False,False
64,59.3,512,8192,8192,300,300,27.8982,3013.09,2980.90,7.6162,1335,+1.08,False,False
64,59.3,512,8192,8192,300,510,27.6486,3015.95,2980.90,7.6162,1335,+1.18,False,False
64,59.3,512,8192,8192,300,705,26.5514,2960.89,2980.90,7.6162,1335,-0.67,False,False
64,59.3,512,8192,8192,300,900,24.7189,2848.35,2980.90,7.6162,1335,-4.45,False,False
64,59.3,512,8192,8192,300,1050,23.9121,2835.34,2980.90,7.6162,1335,-4.88,False,False
64,59.3,512,8192,8192,300,1200,23.4432,2883.45,2980.90,7.6162,1335,-3.27,False,False
64,59.3,512,8192,8192,300,1305,23.3283,2991.10,2980.90,7.6162,1335,+0.34,False,False
64,59.3,512,8192,8192,300,1410,23.2994,3132.25,2980.90,7.6162,1335,+5.08,False,False
64,59.3,512,8192,8192,510,300,20.6809,2577.77,2980.90,7.6162,1335,-13.52,False,False
64,59.3,512,8192,8192,510,510,20.4313,2575.22,2980.90,7.6162,1335,-13.61,False,False
64,59.3,512,8192,8192,510,705,19.3342,2512.02,2980.90,7.6162,1335,-15.73,False,False
64,59.3,512,8192,8192,510,900,17.5016,2390.09,2980.90,7.6162,1335,-19.82,False,False
64,59.3,512,8192,8192,510,1050,16.6948,2358.91,2980.90,7.6162,1335,-20.87,False,False
64,59.3,512,8192,8192,510,1200,16.2259,2389.03,2980.90,7.6162,1335,-19.86,False,False
64,59.3,512,8192,8192,510,1305,16.1110,2463.02,2980.90,7.6162,1335,-17.37,False,False
64,59.3,512,8192,8192,510,1410,16.0821,2570.55,2980.90,7.6162,1335,-13.77,False,False
64,59.3,512,8192,8192,705,300,17.8281,2421.33,2980.90,7.6162,1335,-18.77,False,False
64,59.3,512,8192,8192,705,510,17.5785,2416.51,2980.90,7.6162,1335,-18.93,False,False
64,59.3,512,8192,8192,705,705,16.4814,2349.51,2980.90,7.6162,1335,-21.18,False,False
64,59.3,512,8192,8192,705,900,14.6488,2222.92,2980.90,7.6162,1335,-25.43,False,False
64,59.3,512,8192,8192,705,1050,13.8420,2184.14,2980.90,7.6162,1335,-26.73,False,False
64,59.3,512,8192,8192,705,1200,13.3731,2206.90,2980.90,7.6162,1335,-25.97,False,False
64,59.3,512,8192,8192,705,1305,13.2582,2267.52,2980.90,7.6162,1335,-23.93,False,False
64,59.3,512,8192,8192,705,1410,13.2293,2361.75,2980.90,7.6162,1335,-20.77,False,False
64,59.3,512,8192,8192,900,300,14.5867,2249.62,2980.90,7.6162,1335,-24.53,False,False
64,59.3,512,8192,8192,900,510,14.5867,2256.98,2980.90,7.6162,1335,-24.29,False,False
64,59.3,512,8192,8192,900,705,14.5867,2251.98,2980.90,7.6162,1335,-24.45,False,False
64,59.3,512,8192,8192,900,900,13.0306,2138.65,2980.90,7.6162,1335,-28.25,False,False
64,59.3,512,8192,8192,900,1050,12.2238,2095.24,2980.90,7.6162,1335,-29.71,False,False
64,59.3,512,8192,8192,900,1200,11.7549,2113.64,2980.90,7.6162,1335,-29.09,False,False
64,59.3,512,8192,8192,900,1305,11.6400,2166.64,2980.90,7.6162,1335,-27.32,False,False
64,59.3,512,8192,8192,900,1410,11.6111,2253.31,2980.90,7.6162,1335,-24.41,False,False
64,59.3,512,8192,8192,1050,300,12.5496,2171.35,2980.90,7.6162,1335,-27.16,False,False
64,59.3,512,8192,8192,1050,510,12.5496,2177.21,2980.90,7.6162,1335,-26.96,False,False
64,59.3,512,8192,8192,1050,705,12.5496,2170.07,2980.90,7.6162,1335,-27.20,False,False
64,59.3,512,8192,8192,1050,900,12.2071,2128.23,2980.90,7.6162,1335,-28.60,False,False
64,59.3,512,8192,8192,1050,1050,11.4003,2081.43,2980.90,7.6162,1335,-30.17,True,True
64,59.3,512,8192,8192,1050,1200,10.9314,2097.01,2980.90,7.6162,1335,-29.65,False,False
64,59.3,512,8192,8192,1050,1305,10.8165,2145.98,2980.90,7.6162,1335,-28.01,False,False
64,59.3,512,8192,8192,1050,1410,10.7876,2228.77,2980.90,7.6162,1335,-25.23,False,False
64,59.3,512,8192,8192,1200,300,11.0051,2353.82,2980.90,7.6162,1335,-21.04,False,False
64,59.3,512,8192,8192,1200,510,11.0051,2358.56,2980.90,7.6162,1335,-20.88,False,False
64,59.3,512,8192,8192,1200,705,11.0051,2349.80,2980.90,7.6162,1335,-21.17,False,False
64,59.3,512,8192,8192,1200,900,11.0051,2327.73,2980.90,7.6162,1335,-21.91,False,False
64,59.3,512,8192,8192,1200,1050,10.7759,2315.43,2980.90,7.6162,1335,-22.32,False,False
64,59.3,512,8192,8192,1200,1200,10.3070,2328.68,2980.90,7.6162,1335,-21.88,False,False
64,59.3,512,8192,8192,1200,1305,10.1921,2374.55,2980.90,7.6162,1335,-20.34,False,False
64,59.3,512,8192,8192,1200,1410,10.1632,2454.38,2980.90,7.6162,1335,-17.66,False,False
