rep,m,n,k,freq_req_mhz,n_squat,sm_avail,latency_ms,power_w,energy_mj,gflops,clock_sm_med,clock_sm_min,clock_held,throttle,temp_c,p_squat_w,probe_sm_count,probe_ok,iters,window_s,n_samples,power_min_w,power_max_w,status,p_static_w,p_static_squat_w,p_dynamic_w,energy_total_mj,energy_dynamic_mj,energy_static_mj,static_frac,p_dynamic_per_sm_w,e_dyn_squat_mj
1,2048,16384,16384,510,81,27,43.871071,91.98,4035.2611,25062.3,510,510,True,none,40,61.522,27,True,45,1.974,30,91.025,92.578,ok,57.602,60.923,34.378,4035.2611,1508.1997,2527.0614,0.6262,1.2733,1362.5039
1,2048,8192,8192,510,81,27,11.385541,89.386,1017.708,24142.7,510,510,True,none,40,61.522,27,True,173,1.97,30,88.703,89.655,ok,57.602,60.923,31.784,1017.708,361.878,655.8299,0.6444,1.1772,324.0667
1,8192,4096,4096,510,81,27,11.380061,85.247,970.1161,24154.3,510,510,True,none,40,61.522,27,True,173,1.969,30,84.925,85.336,ok,57.602,60.923,27.645,970.1161,314.6018,655.5143,0.6757,1.0239,276.8086
1,4096,4096,4096,510,81,27,5.842527,84.476,493.5533,23523.9,510,510,True,none,40,61.522,27,True,338,1.975,30,83.878,85.013,ok,57.602,60.923,26.874,493.5533,157.0121,336.5412,0.6819,0.9953,137.609
1,2048,4096,4096,510,81,27,3.145064,82.689,260.0622,21849.9,510,510,True,none,40,61.522,27,True,642,2.019,31,82.334,83.019,ok,57.602,60.923,25.087,260.0622,78.9002,181.162,0.6966,0.9291,68.4555
1,1024,4096,4096,510,81,27,1.582369,82.152,129.9948,21714.1,510,510,True,none,40,61.522,27,True,1180,1.867,28,81.83,82.42,ok,57.602,60.923,24.55,129.9948,38.8472,91.1476,0.7012,0.9093,33.5921
1,4096,16384,16384,510,81,27,87.276581,92.302,8055.803,25196.0,510,510,True,none,40,61.522,27,True,22,1.92,29,91.347,92.803,ok,57.602,60.923,34.7,8055.803,3028.4974,5027.3056,0.6241,1.2852,2738.6518
1,8192,16384,16384,510,81,27,174.32162,92.302,16090.2342,25229.5,510,510,True,none,40,61.522,27,True,11,1.918,29,91.615,92.578,ok,57.602,60.923,34.7,16090.2342,6048.9602,10041.274,0.6241,1.2852,5470.0381
1,1024,16384,16384,510,81,27,22.471718,89.118,2002.6345,24464.3,510,510,True,none,40,61.522,27,True,88,1.978,30,88.251,89.655,ok,57.602,60.923,31.516,2002.6346,708.2187,1294.4159,0.6464,1.1673,633.5901
1,8192,8192,8192,510,81,27,44.169988,90.481,3996.5447,24892.7,510,510,True,none,40,61.522,27,True,45,1.988,30,89.985,90.576,ok,57.602,60.923,32.879,3996.5447,1452.265,2544.2796,0.6366,1.2177,1305.5765
1,4096,8192,8192,510,81,27,22.229549,90.253,2006.2835,24730.9,510,510,True,none,40,61.522,27,True,89,1.978,30,89.891,90.576,ok,57.602,60.923,32.651,2006.2835,725.817,1280.4665,0.6382,1.2093,651.9927
1,1024,8192,8192,510,81,27,6.029762,83.609,504.1424,22793.4,510,510,True,none,40,61.522,27,True,330,1.99,30,83.287,83.878,ok,57.602,60.923,26.007,504.1424,156.816,347.3264,0.6889,0.9632,136.7912
1,4096,16384,16384,510,27,81,27.825238,137.423,3823.8276,79029.8,510,510,True,none,43,61.79,81,True,71,1.976,30,135.699,138.013,ok,57.602,60.923,79.821,3823.8277,2221.0383,1602.7894,0.4192,0.9854,2128.6307
1,8192,8192,8192,510,27,81,14.10459,135.171,1906.5316,77954.2,510,510,True,none,43,61.79,81,True,140,1.975,30,134.243,136.431,ok,57.602,60.923,77.569,1906.5315,1094.0789,812.4526,0.4261,0.9576,1047.2376
1,1024,8192,8192,510,27,81,2.001994,127.14,254.5336,68651.0,510,510,True,none,43,61.79,81,True,970,1.942,29,126.55,127.409,ok,57.602,60.923,69.538,254.5335,139.2147,115.3189,0.4531,0.8585,132.566
1,2048,8192,8192,510,27,81,3.813202,127.874,487.6094,72085.8,510,510,True,none,43,61.79,81,True,515,1.964,30,127.276,128.874,ok,57.602,60.923,70.272,487.6094,267.9613,219.6481,0.4505,0.8676,255.2977
1,1024,4096,4096,510,27,81,0.585328,117.458,68.7515,58701.7,510,510,True,none,43,61.79,81,True,3081,1.803,26,117.137,117.581,ok,57.602,60.923,59.856,68.7515,35.0354,33.7161,0.4904,0.739,33.0915
1,4096,4096,4096,510,27,81,1.960306,127.276,249.4999,70111.0,510,510,True,none,43,61.79,81,True,987,1.935,29,127.008,127.739,ok,57.602,60.923,69.674,249.4999,136.5824,112.9175,0.4526,0.8602,130.0722
1,8192,16384,16384,510,27,81,55.621932,138.157,7684.5592,79070.4,510,510,True,none,44,61.79,81,True,35,1.947,29,136.557,138.879,ok,57.602,60.923,80.555,7684.5593,4480.6247,3203.9345,0.4169,0.9945,4295.9043
1,2048,16384,16384,510,27,81,14.411171,134.833,1943.1014,76295.8,510,510,True,none,44,61.79,81,True,137,1.974,30,134.243,135.242,ok,57.602,60.923,77.231,1943.1014,1112.9891,830.1123,0.4272,0.9535,1065.1296
1,2048,4096,4096,510,27,81,1.129344,118.593,133.9323,60849.0,510,510,True,none,43,61.79,81,True,1694,1.913,29,117.727,118.985,ok,57.602,60.923,60.991,133.9323,68.8798,65.0525,0.4857,0.753,65.1293
1,1024,16384,16384,510,27,81,7.504999,129.734,973.6536,73251.9,510,510,True,none,44,61.79,81,True,263,1.974,30,128.74,131.191,ok,57.602,60.923,72.132,973.6535,541.3506,432.303,0.444,0.8905,516.4265
1,8192,4096,4096,510,27,81,3.741026,130.196,487.0666,73476.6,510,510,True,none,44,61.79,81,True,523,1.957,29,129.465,130.464,ok,57.602,60.923,72.594,487.0666,271.576,215.4906,0.4424,0.8962,259.1521
1,4096,8192,8192,510,27,81,7.30099,132.786,969.4692,75298.8,510,510,True,none,44,61.79,81,True,270,1.971,30,131.92,133.967,ok,57.602,60.923,75.184,969.4693,548.9176,420.5516,0.4338,0.9282,524.671
1,2048,8192,8192,510,54,54,5.865891,109.312,641.2123,46860.4,510,510,True,none,42,62.381,54,True,335,1.965,30,108.237,110.768,ok,57.602,60.923,51.71,641.2123,303.3252,337.8871,0.527,0.9576,283.8446
1,1024,16384,16384,510,54,54,11.577014,109.58,1268.6092,47486.8,510,510,True,none,43,62.381,54,True,171,1.98,30,107.7,110.615,ok,57.602,60.923,51.978,1268.6092,601.75,666.8592,0.5257,0.9626,563.3028
1,8192,8192,8192,510,54,54,21.697082,113.09,2453.723,50675.6,510,510,True,none,43,62.381,54,True,91,1.974,30,112.492,113.477,ok,57.602,60.923,55.488,2453.723,1203.9277,1249.7953,0.5093,1.0276,1131.8717
1,8192,16384,16384,510,54,54,85.59467,115.256,9865.2992,51382.2,510,510,True,none,43,62.381,54,True,23,1.969,30,112.94,116.002,ok,57.602,60.923,57.654,9865.2993,4934.8751,4930.4242,0.4998,1.0677,4650.6152
1,2048,4096,4096,510,54,54,1.51154,105.265,159.1122,45463.2,510,510,True,none,43,62.381,54,True,1278,1.932,29,104.943,105.643,ok,57.602,60.923,47.663,159.1123,72.0445,87.0677,0.5472,0.8826,67.0247
1,2048,16384,16384,510,54,54,21.981827,114.343,2513.4681,50019.1,510,510,True,none,43,62.381,54,True,90,1.978,30,112.492,114.666,ok,57.602,60.923,56.741,2513.468,1247.2708,1266.1972,0.5038,1.0508,1174.2692
1,1024,8192,8192,510,54,54,3.052421,104.675,319.5121,45026.2,510,510,True,none,42,62.381,54,True,640,1.954,29,104.399,105.265,ok,57.602,60.923,47.073,319.5122,143.6866,175.8256,0.5503,0.8717,133.5495
1,4096,4096,4096,510,54,54,2.998385,105.265,315.625,45837.7,510,510,True,none,42,62.381,54,True,651,1.952,29,104.399,105.809,ok,57.602,60.923,47.663,315.625,142.912,172.713,0.5472,0.8826,132.9544
1,1024,4096,4096,510,54,54,0.867534,100.628,87.2983,39606.2,510,510,True,none,42,62.381,54,True,2030,1.761,26,100.031,100.733,ok,57.602,60.923,43.026,87.2982,37.3265,49.9717,0.5724,0.7968,34.4454
1,4096,16384,16384,510,54,54,42.823289,115.136,4930.5022,51351.1,510,510,True,none,43,62.381,54,True,46,1.97,30,113.68,115.68,ok,57.602,60.923,57.534,4930.5022,2463.7951,2466.7071,0.5003,1.0654,2321.579
1,8192,4096,4096,510,54,54,5.697195,107.587,612.9441,48247.9,510,510,True,none,43,62.381,54,True,342,1.948,29,106.989,107.855,ok,57.602,60.923,49.985,612.9441,284.7743,328.1698,0.5354,0.9256,265.8539
1,4096,8192,8192,510,54,54,11.136006,111.634,1243.1569,49367.4,510,510,True,none,43,62.381,54,True,177,1.971,30,110.768,112.019,ok,57.602,60.923,54.032,1243.1569,601.7007,641.4562,0.516,1.0006,564.718
1,1024,4096,4096,510,0,108,0.56296,118.861,66.9139,61034.1,510,510,True,none,43,60.655,108,True,3313,1.865,28,118.324,119.183,ok,57.602,59.466,61.259,66.914,34.4864,32.4276,0.4846,0.5672,33.437
1,8192,16384,16384,510,0,108,40.666592,157.867,6419.9129,108148.9,510,510,True,none,46,60.655,108,True,48,1.952,29,155.441,158.135,ok,57.602,59.466,100.265,6419.9129,4077.4358,2342.477,0.3649,0.9284,4001.6333
1,1024,8192,8192,510,0,108,1.43544,150.326,215.7839,95746.9,510,510,True,none,46,60.655,108,True,1349,1.936,29,150.207,150.483,ok,57.602,59.466,92.724,215.784,133.0997,82.6842,0.3832,0.8586,130.4241
1,4096,8192,8192,510,0,108,5.43122,151.073,820.5107,101221.4,510,510,True,none,46,60.655,108,True,362,1.966,30,150.207,151.671,ok,57.602,59.466,93.471,820.5107,507.6616,312.8491,0.3813,0.8655,497.5378
1,2048,8192,8192,510,0,108,2.724272,150.483,409.9566,100899.6,510,510,True,none,46,60.655,108,True,722,1.967,30,149.938,151.073,ok,57.602,59.466,92.881,409.9566,253.0331,156.9235,0.3828,0.86,247.9551
1,2048,4096,4096,510,0,108,0.842716,136.155,114.74,81545.3,510,510,True,none,45,60.655,108,True,2250,1.896,28,131.652,139.477,ok,57.602,59.466,78.553,114.74,66.1979,48.5421,0.4231,0.7273,64.627
1,1024,16384,16384,510,0,108,5.364474,153.127,821.4459,102480.8,510,510,True,none,46,60.655,108,True,368,1.974,30,152.529,153.985,ok,57.602,59.466,95.525,821.4458,512.4414,309.0044,0.3762,0.8845,502.442
1,2048,16384,16384,510,0,108,10.70889,152.261,1630.5463,102672.8,510,510,True,none,46,60.655,108,True,184,1.97,30,149.617,153.663,ok,57.602,59.466,94.659,1630.5463,1013.6928,616.8535,0.3783,0.8765,993.7314
1,4096,16384,16384,510,0,108,20.351021,156.307,3181.0071,108054.7,510,510,True,none,47,60.655,108,True,97,1.974,30,155.985,156.897,ok,57.602,59.466,98.705,3181.007,2008.7475,1172.2595,0.3685,0.9139,1970.8132
1,4096,4096,4096,510,0,108,1.402778,150.207,210.7071,97976.3,510,510,True,none,47,60.655,108,True,1371,1.923,29,149.938,150.483,ok,57.602,59.466,92.605,210.7071,129.9043,80.8028,0.3835,0.8575,127.2895
1,8192,8192,8192,510,0,108,10.320999,155.985,1609.921,106531.5,510,510,True,none,47,60.655,108,True,191,1.971,29,155.88,156.307,ok,57.602,59.466,98.383,1609.921,1015.4108,594.5102,0.3693,0.911,996.1725
1,8192,4096,4096,510,0,108,2.786132,151.341,421.656,98659.3,510,510,True,none,47,60.655,108,True,679,1.892,28,150.805,151.939,ok,57.602,59.466,93.739,421.656,261.1692,160.4868,0.3806,0.868,255.9759
1,4096,8192,8192,510,94,14,43.347182,78.638,3408.7357,12682.6,510,510,True,none,41,62.542,14,True,45,1.951,29,78.288,78.638,ok,57.602,60.923,21.036,3408.7357,911.8513,2496.8844,0.7325,1.5026,767.8953
1,4096,4096,4096,510,94,14,11.115632,74.319,826.1027,12364.5,510,510,True,none,41,62.542,14,True,178,1.979,30,73.919,74.319,ok,57.602,60.923,16.717,826.1027,185.82,640.2826,0.7751,1.1941,148.905
1,8192,16384,16384,510,94,14,340.029773,80.096,27235.0247,12934.3,510,510,True,none,41,62.542,14,True,5,1.7,24,79.422,80.096,ok,57.602,60.923,22.494,27235.0247,7648.6297,19586.395,0.7192,1.6067,6519.3908
1,4096,16384,16384,510,94,14,170.045051,79.827,13574.1862,12932.0,510,510,True,none,40,62.542,14,True,11,1.87,27,79.505,80.096,ok,57.602,60.923,22.225,13574.1863,3779.2513,9794.935,0.7216,1.5875,3214.5316
1,1024,16384,16384,510,94,14,42.785441,78.968,3378.6807,12849.1,510,510,True,none,40,62.542,14,True,46,1.968,30,78.556,79.236,ok,57.602,60.923,21.366,3378.6807,914.1537,2464.527,0.7294,1.5261,772.0633
1,1024,8192,8192,510,94,14,11.476666,73.996,849.2274,11975.5,510,510,True,none,40,62.542,14,True,173,1.985,30,73.919,74.319,ok,57.602,60.923,16.394,849.2274,188.1485,661.0789,0.7784,1.171,150.0345
1,8192,4096,4096,510,94,14,22.152811,74.319,1646.3747,12408.3,510,510,True,none,40,62.542,14,True,89,1.972,30,73.996,74.587,ok,57.602,60.923,16.717,1646.3748,370.3285,1276.0462,0.7751,1.1941,296.7591
1,8192,8192,8192,510,94,14,86.127911,78.638,6772.9267,12766.0,510,510,True,none,40,62.542,14,True,23,1.981,30,78.288,78.886,ok,57.602,60.923,21.036,6772.9267,1811.7867,4961.1399,0.7325,1.5026,1525.7559
1,2048,16384,16384,510,94,14,85.579185,79.422,6796.87,12847.9,510,510,True,none,40,62.542,14,True,23,1.968,30,78.556,79.827,ok,57.602,60.923,21.82,6796.87,1867.3378,4929.5322,0.7253,1.5586,1583.1293
1,2048,8192,8192,510,94,14,21.678165,78.369,1698.8961,12679.9,510,510,True,none,40,62.542,14,True,91,1.973,30,78.047,78.638,ok,57.602,60.923,20.767,1698.8961,450.1905,1248.7057,0.735,1.4834,378.1973
1,2048,4096,4096,510,94,14,5.592226,73.651,411.873,12288.4,510,510,True,none,40,62.542,14,True,354,1.98,30,73.321,73.728,ok,57.602,60.923,16.049,411.873,89.7496,322.1234,0.7821,1.1464,71.1779
1,1024,4096,4096,510,94,14,2.904156,73.398,213.1592,11831.2,510,510,True,none,39,62.542,14,True,666,1.934,29,73.053,73.398,ok,57.602,60.923,15.796,213.1592,45.874,167.2852,0.7848,1.1283,36.2293
1,2048,4096,4096,1410,94,14,2.012443,146.16,294.1387,34147.3,1410,1410,True,none,43,89.985,14,True,968,1.948,29,144.114,146.704,ok,85.372,88.527,60.788,294.1387,122.3324,171.8063,0.5841,4.342,115.9831
1,4096,8192,8192,1410,94,14,15.46767,161.641,2500.2096,35542.3,1410,1410,True,none,44,89.985,14,True,128,1.98,30,160.776,161.909,ok,85.372,88.527,76.269,2500.2096,1179.7037,1320.5059,0.5282,5.4478,1130.9032
1,8192,16384,16384,1410,94,14,121.381494,165.416,20078.4412,36233.3,1410,1410,True,none,45,89.985,14,True,16,1.942,29,163.364,165.683,ok,85.372,88.527,80.044,20078.4412,9715.8603,10362.5809,0.5161,5.7174,9332.9017
1,4096,4096,4096,1410,94,14,3.988029,149.026,594.3201,34462.9,1410,1410,True,none,45,89.985,14,True,491,1.958,29,147.47,149.617,ok,85.372,88.527,63.654,594.32,253.854,340.466,0.5729,4.5467,241.2718
1,2048,8192,8192,1410,94,14,7.754598,161.591,1253.0733,35447.1,1410,1410,True,none,45,89.985,14,True,253,1.962,30,160.186,162.506,ok,85.372,88.527,76.219,1253.0732,591.0477,662.0255,0.5283,5.4442,566.5819
1,2048,16384,16384,1410,94,14,30.570269,165.588,5062.0698,35966.7,1410,1410,True,none,46,89.985,14,True,65,1.987,30,163.864,166.005,ok,85.372,88.527,80.216,5062.0697,2452.2247,2609.845,0.5156,5.7297,2355.7755
1,1024,4096,4096,1410,94,14,1.048398,145.838,152.8963,32773.6,1410,1410,True,none,45,89.985,14,True,1855,1.945,29,144.382,146.436,ok,85.372,88.527,60.466,152.8963,63.3924,89.5038,0.5854,4.319,60.0847
1,8192,8192,8192,1410,94,14,30.755345,163.266,5021.3022,35750.3,1410,1410,True,none,46,89.985,14,True,64,1.968,29,161.542,163.534,ok,85.372,88.527,77.894,5021.3022,2395.6568,2625.6453,0.5229,5.5639,2298.6237
1,1024,16384,16384,1410,94,14,15.289441,163.864,2505.3889,35956.6,1410,1410,True,none,46,89.985,14,True,128,1.957,29,161.81,164.4,ok,85.372,88.527,78.492,2505.389,1200.0988,1305.2902,0.521,5.6066,1151.8606
1,4096,16384,16384,1410,94,14,60.734376,166.179,10092.7778,36207.2,1410,1410,True,none,46,89.985,14,True,32,1.944,29,164.722,166.454,ok,85.372,88.527,80.807,10092.7779,4907.7627,5185.0151,0.5137,5.7719,4716.1458
1,8192,4096,4096,1410,94,14,7.902511,150.805,1191.7381,34783.6,1410,1410,True,none,46,89.985,14,True,248,1.96,30,150.483,151.073,ok,85.372,88.527,65.433,1191.7382,517.085,674.6532,0.5661,4.6738,492.1526
1,1024,8192,8192,1410,94,14,4.124243,148.482,612.3758,33324.7,1410,1410,True,none,46,89.985,14,True,473,1.951,29,147.026,149.348,ok,85.372,88.527,63.11,612.3758,260.281,352.0949,0.575,4.5079,247.269
1,4096,16384,16384,1410,81,27,31.301143,224.456,7025.7294,70253.8,1410,1410,True,none,49,92.481,27,True,63,1.972,30,222.133,225.912,ok,85.372,88.796,139.084,7025.7294,4353.4882,2672.2412,0.3804,5.1513,4246.3131
1,1024,8192,8192,1410,81,27,2.161009,196.88,425.4595,63599.4,1410,1410,True,none,49,92.481,27,True,903,1.951,29,196.014,197.202,ok,85.372,88.796,111.508,425.4595,240.9698,184.4897,0.4336,4.1299,233.5705
1,2048,4096,4096,1410,81,27,1.114655,194.558,216.865,61650.9,1410,1410,True,none,49,92.481,27,True,1725,1.923,29,194.29,195.156,ok,85.372,88.796,109.186,216.865,121.7047,95.1603,0.4388,4.0439,117.8881
1,4096,8192,8192,1410,81,27,8.025485,220.409,1768.8892,68501.3,1410,1410,True,none,50,92.481,27,True,246,1.974,30,218.945,221.304,ok,85.372,88.796,135.037,1768.8891,1083.7374,685.1517,0.3873,5.0014,1056.2582
1,1024,4096,4096,1410,81,27,0.561067,192.834,108.1927,61240.0,1410,1410,True,none,50,92.481,27,True,3027,1.698,24,192.244,193.432,ok,85.372,88.796,107.462,108.1928,60.2934,47.8994,0.4427,3.9801,58.3723
1,2048,16384,16384,1410,81,27,15.866127,225.046,3570.6083,69299.3,1410,1410,True,none,51,92.481,27,True,124,1.967,30,222.724,225.314,ok,85.372,88.796,139.674,3570.6084,2216.0854,1354.523,0.3794,5.1731,2161.7598
1,8192,16384,16384,1410,81,27,62.323468,227.636,14187.0649,70568.1,1410,1410,True,none,51,92.481,27,True,31,1.932,29,225.912,228.226,ok,85.372,88.796,142.264,14187.065,8866.3859,5320.6791,0.375,5.269,8652.9903
1,4096,4096,4096,1410,81,27,2.118062,204.169,432.4426,64889.0,1410,1410,True,none,51,92.481,27,True,923,1.955,29,203.359,205.027,ok,85.372,88.796,118.797,432.4426,251.6194,180.8232,0.4181,4.3999,244.3672
1,2048,8192,8192,1410,81,27,4.120112,219.582,904.7025,66716.1,1410,1410,True,none,51,92.481,27,True,476,1.961,30,214.725,222.259,ok,85.372,88.796,134.21,904.7024,552.9602,351.7422,0.3888,4.9707,538.853
1,1024,16384,16384,1410,81,27,8.127157,216.178,1756.9125,67644.3,1410,1410,True,none,51,92.481,27,True,242,1.967,30,213.54,217.631,ok,85.372,88.796,130.806,1756.9125,1063.0809,693.8316,0.3949,4.8447,1035.2535
1,8192,4096,4096,1410,81,27,4.119301,208.37,858.3388,66729.3,1410,1410,True,none,51,92.481,27,True,484,1.994,30,205.678,209.721,ok,85.372,88.796,122.998,858.3387,506.6658,351.673,0.4097,4.5555,492.5613
1,8192,8192,8192,1410,81,27,15.854433,222.259,3523.7904,69350.4,1410,1410,True,none,52,92.481,27,True,124,1.966,30,220.768,223.356,ok,85.372,88.796,136.887,3523.7904,2170.2658,1353.5247,0.3841,5.0699,2115.9802
1,2048,4096,4096,1410,0,108,0.320641,404.139,129.5837,214318.7,1350,1305,False,SwPowerCap,62,86.979,108,True,5798,1.859,28,366.668,412.701,ok,80.883,77.552,323.256,129.5835,103.6493,25.9343,0.2001,2.9931,104.7172
1,1024,4096,4096,1410,0,108,0.205739,388.547,79.9392,167006.6,1410,1410,True,none,64,86.979,108,True,7510,1.545,21,381.61,392.136,ok,85.372,81.285,303.175,79.9393,62.3749,17.5643,0.2197,2.8072,63.2158
1,8192,8192,8192,1410,0,108,4.233649,395.264,1673.4092,259707.8,1245,1230,False,SwPowerCap,65,86.979,108,True,496,2.1,32,384.781,411.949,ok,73.026,71.019,322.238,1673.409,1364.2423,309.1668,0.1848,2.9837,1372.7401
1,1024,8192,8192,1410,0,108,0.579992,396.495,229.9638,236967.1,1275,1275,False,SwPowerCap,65,86.979,108,True,3120,1.81,27,395.631,406.889,ok,75.271,72.885,321.224,229.9639,186.3075,43.6565,0.1898,2.9743,187.691
1,4096,4096,4096,1410,0,108,0.563859,400.266,225.6937,243746.9,1275,1260,False,SwPowerCap,66,86.979,108,True,3254,1.835,27,391.004,410.063,ok,75.271,72.885,324.995,225.6936,183.2515,42.4421,0.1881,3.0092,184.5965
1,2048,16384,16384,1410,0,108,4.342881,400.087,1737.5302,253175.6,1260,1245,False,SwPowerCap,67,86.979,108,True,452,1.963,30,384.327,409.795,ok,74.148,71.952,325.939,1737.5302,1415.5124,322.0178,0.1853,3.0179,1425.0506
1,4096,8192,8192,1410,0,108,2.200488,399.348,878.7603,249833.6,1260,1245,False,SwPowerCap,67,86.979,108,True,899,1.978,30,383.007,414.69,ok,74.148,71.952,325.2,878.7605,715.5978,163.1627,0.1857,3.0111,720.4307
1,8192,16384,16384,1410,0,108,16.725263,400.266,6694.5541,262958.3,1245,1230,False,SwPowerCap,67,86.979,108,True,116,1.94,29,389.551,405.757,ok,73.026,71.019,327.24,6694.5541,5473.1739,1221.3803,0.1824,3.03,5506.7451
1,2048,8192,8192,1410,0,108,1.1019,404.893,446.1515,249458.2,1275,1245,False,SwPowerCap,67,86.979,108,True,1675,1.846,27,380.289,412.105,ok,75.271,72.885,329.622,446.1516,363.2107,82.9409,0.1859,3.0521,365.8391
1,4096,16384,16384,1410,0,108,8.378738,401.122,3360.896,262452.8,1245,1215,False,SwPowerCap,68,86.979,108,True,231,1.935,29,382.01,401.665,ok,73.026,71.019,328.096,3360.8961,2749.0298,611.8663,0.1821,3.0379,2765.8477
1,8192,4096,4096,1410,0,108,1.130138,397.192,448.8817,243225.1,1260,1260,False,SwPowerCap,68,86.979,108,True,1668,1.885,28,390.683,413.237,ok,74.148,71.952,323.044,448.8818,365.0838,83.798,0.1867,2.9911,367.5659
1,1024,16384,16384,1410,0,108,2.184554,404.304,883.2239,251655.9,1260,1245,False,SwPowerCap,68,86.979,108,True,897,1.96,30,379.968,405.16,ok,74.148,71.952,330.156,883.2239,721.2427,161.9812,0.1834,3.057,726.0406
1,2048,16384,16384,1410,54,54,7.86228,345.056,2712.927,139846.4,1410,1410,True,none,62,99.601,54,True,248,1.95,29,342.744,348.777,ok,85.372,88.796,259.684,2712.9269,2041.7083,671.2186,0.2474,4.809,2014.7879
1,1024,16384,16384,1410,54,54,4.13934,330.234,1366.9507,132812.4,1410,1410,True,none,62,99.601,54,True,473,1.958,29,319.508,336.65,ok,85.372,88.796,244.862,1366.9508,1013.5671,353.3837,0.2585,4.5345,999.394
1,2048,8192,8192,1410,54,54,2.099068,331.153,695.1126,130952.4,1410,1410,True,none,62,99.601,54,True,934,1.961,30,327.057,333.74,ok,85.372,88.796,245.781,695.1127,515.911,179.2016,0.2578,4.5515,508.7238
1,1024,4096,4096,1410,54,54,0.310698,287.062,89.1897,110588.7,1410,1410,True,none,60,99.601,54,True,5861,1.821,27,285.929,288.281,ok,85.372,88.796,201.69,89.1896,62.6647,26.5249,0.2974,3.735,61.6008
1,8192,4096,4096,1410,54,54,2.045134,327.057,668.8754,134405.8,1410,1410,True,none,62,99.601,54,True,956,1.955,29,325.924,328.779,ok,85.372,88.796,241.685,668.8754,494.2782,174.5972,0.261,4.4756,487.2757
1,4096,8192,8192,1410,54,54,3.985002,342.415,1364.5243,137956.2,1410,1410,True,none,63,99.601,54,True,492,1.961,30,340.102,344.145,ok,85.372,88.796,257.043,1364.5245,1024.3169,340.2076,0.2493,4.7601,1010.6722
1,4096,4096,4096,1410,54,54,1.078979,318.212,343.3442,127378.7,1410,1410,True,none,62,99.601,54,True,1725,1.861,28,317.186,319.837,ok,85.372,88.796,232.84,343.3441,251.2295,92.1146,0.2683,4.3119,247.535
1,8192,16384,16384,1410,54,54,30.606961,355.678,10886.2228,143694.3,1410,1410,True,none,64,99.601,54,True,65,1.989,30,353.854,357.674,ok,85.372,88.796,270.306,10886.2227,8273.2452,2612.9775,0.24,5.0057,8168.447
1,2048,4096,4096,1410,54,54,0.542036,317.912,172.3196,126780.4,1410,1410,True,none,63,99.601,54,True,3630,1.968,30,316.589,318.906,ok,85.372,88.796,232.54,172.3197,126.0451,46.2747,0.2685,4.3063,124.1891
1,8192,8192,8192,1410,54,54,7.864912,347.146,2730.2729,139799.6,1410,1410,True,none,64,99.601,54,True,251,1.974,30,345.238,349.33,ok,85.372,88.796,261.774,2730.2727,2058.8295,671.4433,0.2459,4.8477,2031.9
1,4096,16384,16384,1410,54,54,15.494927,354.5,5492.9518,141918.9,1410,1410,True,none,64,99.601,54,True,128,1.983,30,351.915,356.326,ok,85.372,88.796,269.128,5492.9516,4170.1187,1322.8329,0.2408,4.9839,4117.0641
1,1024,8192,8192,1410,54,54,1.103157,315.198,347.7128,124587.0,1410,1410,True,none,63,99.601,54,True,1751,1.932,29,313.153,316.92,ok,85.372,88.796,229.826,347.7129,253.5342,94.1787,0.2709,4.256,249.757
1,4096,8192,8192,1410,27,81,2.733351,404.304,1105.1046,201128.9,1365,1335,False,SwPowerCap,65,99.601,81,True,729,1.993,30,376.786,406.614,ok,82.005,85.17,322.299,1105.1047,880.9565,224.1483,0.2028,3.979,872.3052
1,4096,16384,16384,1410,27,81,10.612165,396.629,4209.0923,207217.2,1335,1335,False,SwPowerCap,66,99.601,81,True,186,1.974,30,389.551,413.566,ok,79.76,82.932,316.869,4209.0924,3362.6638,846.4286,0.2011,3.912,3329.0043
1,2048,16384,16384,1410,27,81,5.431061,400.266,2173.8692,202448.8,1350,1350,False,SwPowerCap,67,99.601,81,True,360,1.955,29,395.899,402.254,ok,80.883,84.051,319.383,2173.8691,1734.5909,439.2782,0.2021,3.943,1717.383
1,1024,8192,8192,1410,27,81,0.751376,395.899,297.4691,182916.3,1380,1380,False,SwPowerCap,67,99.601,81,True,2468,1.854,27,386.048,411.837,ok,83.127,86.289,312.772,297.469,235.0092,62.4598,0.21,3.8614,232.6335
1,1024,4096,4096,1410,27,81,0.212073,385.78,81.8137,162018.1,1410,1410,True,none,67,99.601,81,True,7957,1.687,24,384.916,386.369,ok,85.372,88.527,300.408,81.8135,63.7084,18.1051,0.2213,3.7087,63.0393
1,2048,4096,4096,1410,27,81,0.411149,394.446,162.1761,167140.1,1410,1410,True,none,67,99.601,81,True,4338,1.784,26,376.197,407.636,ok,85.372,88.527,309.074,162.1761,127.0755,35.1006,0.2164,3.8157,125.7783
1,8192,16384,16384,1410,27,81,21.239123,396.468,8420.6325,207072.9,1335,1335,False,SwPowerCap,67,99.601,81,True,93,1.975,30,390.683,410.927,ok,79.76,82.932,316.708,8420.6326,6726.5956,1694.037,0.2012,3.91,6659.2297
1,8192,8192,8192,1410,27,81,5.367701,397.221,2132.1635,204838.5,1335,1335,False,SwPowerCap,67,99.601,81,True,368,1.975,30,385.184,406.614,ok,79.76,82.932,317.461,2132.1636,1704.0346,428.129,0.2008,3.9193,1687.0094
1,2048,8192,8192,1410,27,81,1.422687,394.178,560.792,193210.4,1365,1365,False,SwPowerCap,67,99.601,81,True,1336,1.901,28,382.606,407.21,ok,82.005,85.17,312.173,560.7919,444.1246,116.6673,0.208,3.854,439.6217
1,4096,4096,4096,1410,27,81,0.731005,400.399,292.6936,188013.8,1380,1365,False,SwPowerCap,67,99.601,81,True,2571,1.879,28,386.369,401.665,ok,83.127,86.289,317.272,292.6937,231.9272,60.7665,0.2076,3.9169,229.616
1,8192,4096,4096,1410,27,81,1.401121,401.665,562.7813,196184.3,1365,1350,False,SwPowerCap,68,99.601,81,True,1383,1.938,29,380.825,402.575,ok,82.005,85.17,319.66,562.7813,447.8824,114.8988,0.2042,3.9464,443.4478
1,1024,16384,16384,1410,27,81,2.809191,397.031,1115.3359,195699.0,1365,1365,False,SwPowerCap,67,99.601,81,True,696,1.955,29,388.954,414.154,ok,82.005,85.17,315.026,1115.3359,884.9684,230.3675,0.2065,3.8892,876.0771
1,8192,16384,16384,1200,27,81,23.56973,303.151,7145.1872,186597.2,1200,1200,True,none,60,79.919,81,True,84,1.98,30,301.562,306.194,ok,69.659,72.861,233.492,7145.1872,5503.3434,1641.8438,0.2298,2.8826,5427.8731
1,4096,4096,4096,1200,27,81,0.83891,273.779,229.676,163830.3,1200,1200,True,none,59,79.919,81,True,2240,1.879,28,263.022,276.665,ok,69.659,72.861,204.12,229.6759,171.2383,58.4376,0.2544,2.52,168.5521
1,4096,16384,16384,1200,27,81,11.831685,300.973,3561.0178,185858.8,1200,1200,True,none,60,79.919,81,True,167,1.976,30,298.974,302.427,ok,69.659,72.861,231.314,3561.0177,2736.8344,824.1833,0.2314,2.8557,2698.9493
1,1024,8192,8192,1200,27,81,0.863618,269.129,232.4246,159143.3,1200,1200,True,none,59,79.919,81,True,2109,1.821,27,265.663,271.436,ok,69.659,72.861,199.47,232.4246,172.2659,60.1588,0.2588,2.4626,169.5006
1,1024,4096,4096,1200,27,81,0.249086,241.034,60.0382,137943.4,1200,1200,True,none,58,79.919,81,True,7235,1.802,26,240.444,241.623,ok,69.659,72.861,171.375,60.0382,42.6871,17.3511,0.289,2.1157,41.8895
1,4096,8192,8192,1200,27,81,3.09913,287.383,890.6374,177390.3,1200,1200,True,none,59,79.919,81,True,631,1.956,29,285.071,288.846,ok,69.659,72.861,217.724,890.6373,674.755,215.8823,0.2424,2.688,664.8316
1,8192,8192,8192,1200,27,81,5.997902,296.333,1777.3763,183316.0,1200,1200,True,none,60,79.919,81,True,327,1.961,30,295.159,297.209,ok,69.659,72.861,226.674,1777.3763,1359.5684,417.8079,0.2351,2.7984,1340.3632
1,2048,8192,8192,1200,27,81,1.622991,279.817,454.1405,169365.0,1200,1200,True,none,59,79.919,81,True,1201,1.949,29,277.232,280.432,ok,69.659,72.861,210.158,454.1405,341.0845,113.0559,0.2489,2.5945,335.8877
1,2048,4096,4096,1200,27,81,0.482029,244.552,117.8812,142562.9,1200,1200,True,none,58,79.919,81,True,3828,1.845,27,244.211,245.666,ok,69.659,72.861,174.893,117.8812,84.3035,33.5777,0.2848,2.1592,82.76
1,1024,16384,16384,1200,27,81,3.191611,278.254,888.0786,172250.2,1200,1200,True,none,59,79.919,81,True,616,1.966,30,275.478,281.029,ok,69.659,72.861,208.595,888.0785,665.7541,222.3244,0.2503,2.5752,655.5346
1,8192,4096,4096,1200,27,81,1.590278,281.297,447.3405,172848.9,1200,1200,True,none,60,79.919,81,True,1206,1.918,29,279.245,282.751,ok,69.659,72.861,211.638,447.3404,336.5633,110.7772,0.2476,2.6128,331.4712
1,2048,16384,16384,1200,27,81,6.110749,293.156,1791.4027,179930.7,1200,1200,True,none,60,79.919,81,True,322,1.968,30,291.426,295.2,ok,69.659,72.861,223.497,1791.4027,1365.7341,425.6687,0.2376,2.7592,1346.1675
1,2048,8192,8192,1200,0,108,1.161372,349.076,405.407,236683.8,1200,1200,True,none,63,75.107,108,True,1641,1.906,28,346.457,349.963,ok,69.659,68.219,279.417,405.4071,324.5071,80.9,0.1996,2.5872,326.1795
1,2048,4096,4096,1200,0,108,0.360177,301.884,108.7315,190793.9,1200,1200,True,none,62,75.107,108,True,5055,1.821,27,301.294,302.427,ok,69.659,68.219,232.225,108.7317,83.6421,25.0896,0.2307,2.1502,84.1608
1,1024,8192,8192,1200,0,108,0.617715,345.056,213.1463,222495.7,1200,1200,True,none,64,75.107,108,True,2967,1.833,27,344.695,345.827,ok,69.659,68.219,275.397,213.1463,170.1169,43.0294,0.2019,2.55,171.0064
1,2048,16384,16384,1200,0,108,4.555319,355.089,1617.5436,241368.8,1200,1200,True,none,65,75.107,108,True,432,1.968,30,353.047,357.674,ok,69.659,68.219,285.43,1617.5437,1300.2247,317.319,0.1962,2.6429,1306.7844
1,8192,4096,4096,1200,0,108,1.188046,351.915,418.0913,231369.7,1200,1200,True,none,65,75.107,108,True,1622,1.927,29,351.319,353.141,ok,69.659,68.219,282.256,418.0912,335.3331,82.7581,0.1979,2.6135,337.0439
1,4096,16384,16384,1200,0,108,8.657173,371.027,3212.0449,254011.7,1200,1200,True,none,66,75.107,108,True,228,1.974,30,370.431,371.563,ok,69.659,68.219,301.368,3212.0449,2608.9949,603.05,0.1877,2.7904,2621.4612
1,8192,16384,16384,1200,0,108,17.293558,371.892,6431.336,254317.0,1200,1200,True,none,66,75.107,108,True,114,1.971,30,371.295,372.748,ok,69.659,68.219,302.233,6431.3359,5226.6839,1204.652,0.1873,2.7985,5251.5866
1,4096,8192,8192,1200,0,108,2.312514,355.678,822.5104,237730.8,1200,1200,True,none,65,75.107,108,True,841,1.945,29,354.225,356.915,ok,69.659,68.219,286.019,822.5104,661.4229,161.0874,0.1958,2.6483,664.753
1,1024,16384,16384,1200,0,108,2.282933,359.235,820.1096,240811.2,1200,1200,True,none,66,75.107,108,True,852,1.945,29,357.995,360.313,ok,69.659,68.219,289.576,820.1094,661.0826,159.0268,0.1939,2.6813,664.37
1,4096,4096,4096,1200,0,108,0.59867,349.009,208.9411,229573.9,1200,1200,True,none,65,75.107,108,True,3102,1.857,27,348.412,349.374,ok,69.659,68.219,279.35,208.9412,167.2385,41.7028,0.1996,2.5866,168.1005
1,1024,4096,4096,1200,0,108,0.240806,247.985,59.7163,142686.2,1200,1200,True,none,60,75.107,108,True,7002,1.686,24,247.664,249.119,ok,69.659,68.219,178.326,59.7163,42.942,16.7743,0.2809,1.6512,43.2887
1,8192,8192,8192,1200,0,108,4.394313,369.574,1624.0239,250212.4,1200,1200,True,none,66,75.107,108,True,446,1.96,29,368.389,370.55,ok,69.659,68.219,299.915,1624.0238,1317.9204,306.1034,0.1885,2.777,1324.2482
1,8192,4096,4096,1200,81,27,4.833448,144.382,697.8629,56869.9,1200,1200,True,none,51,80.012,27,True,406,1.962,30,143.846,144.704,ok,69.659,73.091,74.723,697.8629,361.1697,336.6932,0.4825,2.7675,344.5813
1,2048,16384,16384,1200,81,27,18.707621,158.898,2972.6036,58773.5,1200,1200,True,none,51,80.012,27,True,105,1.964,30,157.599,159.764,ok,69.659,73.091,89.239,2972.6036,1669.4494,1303.1542,0.4384,3.3051,1605.2448
1,1024,4096,4096,1200,81,27,0.663608,136.289,90.4425,51777.2,1200,1200,True,none,50,80.012,27,True,2674,1.774,26,136.021,136.887,ok,69.659,73.091,66.63,90.4425,44.2162,46.2263,0.5111,2.4678,41.9387
1,8192,16384,16384,1200,81,27,73.476749,160.622,11801.9825,59856.3,1200,1200,True,none,50,80.012,27,True,27,1.984,30,159.764,162.078,ok,69.659,73.091,90.963,11801.9824,6683.6655,5118.3169,0.4337,3.369,6431.4933
1,1024,16384,16384,1200,81,27,9.587922,150.805,1445.9066,57338.4,1200,1200,True,none,50,80.012,27,True,206,1.975,30,149.617,151.341,ok,69.659,73.091,81.146,1445.9066,778.0215,667.8851,0.4619,3.0054,745.1158
1,2048,4096,4096,1200,81,27,1.310889,137.155,179.795,52422.0,1200,1200,True,none,49,80.012,27,True,1492,1.956,29,136.557,138.013,ok,69.659,73.091,67.496,179.795,88.4798,91.3152,0.5079,2.4999,83.9808
1,4096,8192,8192,1200,81,27,9.464811,153.395,1451.8546,58084.2,1200,1200,True,none,49,80.012,27,True,209,1.978,30,152.261,153.663,ok,69.659,73.091,83.736,1451.8547,792.5454,659.3093,0.4541,3.1013,760.0622
1,1024,8192,8192,1200,81,27,2.552136,138.343,353.0701,53852.5,1200,1200,True,none,49,80.012,27,True,780,1.991,30,137.745,138.879,ok,69.659,73.091,68.684,353.0702,175.2909,177.7792,0.5035,2.5439,166.532
1,4096,16384,16384,1200,81,27,36.911629,158.629,5855.2549,59575.4,1200,1200,True,none,49,80.012,27,True,54,1.993,30,157.763,159.764,ok,69.659,73.091,88.97,5855.2548,3284.0276,2571.2272,0.4391,3.2952,3157.3469
1,8192,8192,8192,1200,81,27,18.706071,153.985,2880.4544,58778.3,1200,1200,True,none,49,80.012,27,True,105,1.964,30,153.127,154.583,ok,69.659,73.091,84.326,2880.4543,1577.4081,1303.0462,0.4524,3.1232,1513.2089
1,4096,4096,4096,1200,81,27,2.475475,141.912,351.2996,55520.2,1200,1200,True,none,48,80.012,27,True,788,1.951,29,139.477,143.963,ok,69.659,73.091,72.253,351.2996,178.8605,172.4391,0.4909,2.676,170.3647
1,2048,8192,8192,1200,81,27,4.850167,150.757,731.1967,56673.9,1200,1200,True,none,48,80.012,27,True,406,1.969,30,149.782,152.102,ok,69.659,73.091,81.098,731.1966,393.3388,337.8578,0.4621,3.0036,376.6931
1,2048,8192,8192,1200,94,14,9.160031,119.656,1096.0526,30008.4,1200,1200,True,none,46,76.483,14,True,214,1.96,30,119.334,119.656,ok,69.659,73.13,49.997,1096.0527,457.9741,638.0786,0.5822,3.5712,426.1796
1,8192,16384,16384,1200,94,14,143.011414,122.243,17482.1442,30753.1,1200,1200,True,none,46,76.483,14,True,13,1.859,27,121.646,122.833,ok,69.659,73.13,52.584,17482.1443,7520.1122,9962.0321,0.5698,3.756,7023.7196
1,4096,8192,8192,1200,94,14,18.22401,119.656,2180.6121,30166.6,1200,1200,True,none,46,76.483,14,True,108,1.968,30,119.334,119.924,ok,69.659,73.13,49.997,2180.6121,911.1458,1269.4663,0.5822,3.5712,847.8903
1,4096,16384,16384,1200,94,14,71.712225,121.975,8747.0987,30664.6,1200,1200,True,none,45,76.483,14,True,27,1.936,29,121.057,122.243,ok,69.659,73.13,52.316,8747.0986,3751.6968,4995.4019,0.5711,3.7369,3502.7836
1,8192,8192,8192,1200,94,14,36.313767,119.656,4345.1601,30278.1,1200,1200,True,none,45,76.483,14,True,54,1.961,30,118.737,119.656,ok,69.659,73.13,49.997,4345.1601,1815.5794,2529.5807,0.5822,3.5712,1689.5343
1,2048,16384,16384,1200,94,14,35.99526,121.378,4369.0327,30546.0,1200,1200,True,none,45,76.483,14,True,55,1.98,30,120.789,121.646,ok,69.659,73.13,51.719,4369.0327,1861.6389,2507.3938,0.5739,3.6942,1736.6993
1,4096,4096,4096,1200,94,14,4.68633,109.795,514.5355,29327.6,1200,1200,True,none,45,76.483,14,True,416,1.95,29,109.465,109.795,ok,69.659,73.13,40.136,514.5356,188.0905,326.4451,0.6344,2.8669,171.8243
1,1024,8192,8192,1200,94,14,4.961279,107.743,534.543,27702.3,1200,1200,True,none,44,76.483,14,True,393,1.95,29,107.153,108.011,ok,69.659,73.13,38.084,534.5431,188.9453,345.5977,0.6465,2.7203,171.7248
1,1024,16384,16384,1200,94,14,18.077123,119.495,2160.1258,30411.7,1200,1200,True,none,45,76.483,14,True,109,1.97,30,119.058,119.924,ok,69.659,73.13,49.836,2160.1258,900.8915,1259.2343,0.5829,3.5597,838.1458
1,2048,4096,4096,1200,94,14,2.386652,107.743,257.1451,28793.2,1200,1200,True,none,44,76.483,14,True,782,1.866,28,107.475,108.011,ok,69.659,73.13,38.084,257.145,90.8933,166.2518,0.6465,2.7203,82.6092
1,1024,4096,4096,1200,94,14,1.211402,107.475,130.1954,28363.6,1200,1200,True,none,44,76.483,14,True,1602,1.941,29,107.153,107.587,ok,69.659,73.13,37.816,130.1954,45.8104,84.3851,0.6481,2.7011,41.6056
1,8192,4096,4096,1200,94,14,9.325955,109.198,1018.3756,29474.5,1200,1200,True,none,44,76.483,14,True,211,1.968,30,108.93,109.465,ok,69.659,73.13,39.539,1018.3756,368.7389,649.6367,0.6379,2.8242,336.3685
1,1024,16384,16384,1200,54,54,4.874241,207.133,1009.6161,112788.0,1200,1200,True,none,49,74.739,54,True,400,1.95,29,205.081,211.443,ok,69.659,72.539,137.474,1009.6162,670.0814,339.5348,0.3363,2.5458,656.0436
1,2048,4096,4096,1200,54,54,0.638051,200.449,127.8967,107702.2,1200,1200,True,none,50,74.739,54,True,2833,1.808,26,199.584,201.039,ok,69.659,72.539,130.79,127.8967,83.4507,44.446,0.3475,2.422,81.6131
1,2048,16384,16384,1200,54,54,9.25657,221.402,2049.4231,118781.8,1200,1200,True,none,51,74.739,54,True,212,1.962,30,218.763,223.088,ok,69.659,72.539,151.743,2049.4231,1404.6197,644.8034,0.3146,2.8101,1377.9608
1,2048,8192,8192,1200,54,54,2.47208,211.765,523.5,111193.0,1200,1200,True,none,51,74.739,54,True,777,1.921,29,203.359,216.994,ok,69.659,72.539,142.106,523.5,351.2974,172.2026,0.3289,2.6316,344.1778
1,8192,4096,4096,1200,54,54,2.40533,207.998,500.3038,114278.7,1200,1200,True,none,51,74.739,54,True,819,1.97,30,206.812,208.37,ok,69.659,72.539,138.339,500.3038,332.7509,167.5529,0.3349,2.5618,325.8236
1,4096,16384,16384,1200,54,54,18.088588,227.988,4123.981,121569.6,1200,1200,True,none,52,74.739,54,True,108,1.954,29,226.893,229.718,ok,69.659,72.539,158.329,4123.981,2863.948,1260.033,0.3055,2.932,2811.8529
1,1024,4096,4096,1200,54,54,0.36512,184.816,67.48,94105.4,1200,1200,True,none,51,74.739,54,True,5029,1.836,27,183.629,185.084,ok,69.659,72.539,115.157,67.48,42.0461,25.4339,0.3769,2.1325,40.9946
1,4096,4096,4096,1200,54,54,1.265815,201.636,255.2339,108577.4,1200,1200,True,none,51,74.739,54,True,1538,1.947,29,200.771,202.769,ok,69.659,72.539,131.977,255.2339,167.0585,88.1754,0.3455,2.444,163.4129
1,4096,8192,8192,1200,54,54,4.691273,218.127,1023.2932,117186.9,1200,1200,True,none,52,74.739,54,True,416,1.952,29,216.404,218.717,ok,69.659,72.539,148.468,1023.2933,696.5039,326.7894,0.3194,2.7494,682.9931
1,8192,8192,8192,1200,54,54,9.174923,221.902,2035.9338,119838.8,1200,1200,True,none,52,74.739,54,True,216,1.982,30,220.447,223.123,ok,69.659,72.539,152.243,2035.9338,1396.8178,639.116,0.3139,2.8193,1370.394
1,1024,8192,8192,1200,54,54,1.294934,200.449,259.5683,106135.8,1200,1200,True,none,52,74.739,54,True,1494,1.935,29,199.852,201.315,ok,69.659,72.539,130.79,259.5682,169.3644,90.2038,0.3475,2.422,165.635
1,8192,16384,16384,1200,54,54,36.033619,229.958,8286.2189,122054.0,1200,1200,True,none,53,74.739,54,True,55,1.982,30,228.264,232.03,ok,69.659,72.539,160.299,8286.219,5776.1531,2510.0659,0.3029,2.9685,5672.3763
1,1024,8192,8192,705,94,14,8.244761,81.2,669.4746,16669.9,705,705,True,none,44,65.296,14,True,238,1.962,30,80.878,81.285,ok,59.376,62.381,21.824,669.4746,179.9337,489.5409,0.7312,1.5589,155.1582
1,8192,16384,16384,705,94,14,245.556298,88.159,21647.9977,17910.5,705,705,True,none,43,65.296,14,True,8,1.964,30,87.247,88.343,ok,59.376,62.381,28.783,21647.9977,7067.8469,14580.1508,0.6735,2.0559,6329.9502
1,2048,16384,16384,705,94,14,61.622006,88.067,5426.8652,17842.8,705,705,True,none,43,65.296,14,True,32,1.972,30,87.477,88.159,ok,59.376,62.381,28.691,5426.8652,1767.997,3658.8682,0.6742,2.0494,1582.8228
1,4096,16384,16384,705,94,14,123.077129,87.745,10799.4027,17867.0,705,705,True,none,43,65.296,14,True,16,1.969,30,87.156,87.837,ok,59.376,62.381,28.369,10799.4027,3491.5751,7307.8276,0.6767,2.0264,3121.7283
1,1024,16384,16384,705,94,14,30.965342,86.612,2681.9702,17753.9,705,705,True,none,42,65.296,14,True,64,1.982,30,86.023,86.703,ok,59.376,62.381,27.236,2681.9702,843.3721,1838.5981,0.6855,1.9454,750.3212
1,4096,4096,4096,705,94,14,8.040614,80.526,647.4785,17093.1,705,705,True,none,42,65.296,14,True,246,1.978,30,80.204,80.61,ok,59.376,62.381,21.15,647.4785,170.059,477.4195,0.7374,1.5107,145.8969
1,2048,4096,4096,705,94,14,4.032932,79.661,321.2674,17039.6,705,705,True,none,42,65.296,14,True,472,1.904,28,79.339,79.744,ok,59.376,62.381,20.285,321.2674,81.808,239.4594,0.7454,1.4489,69.6891
1,8192,4096,4096,705,94,14,15.956188,80.288,1281.0904,17227.0,705,705,True,none,42,65.296,14,True,123,1.963,30,80.012,80.61,ok,59.376,62.381,20.912,1281.0904,333.6758,947.4146,0.7395,1.4937,285.7275
1,1024,4096,4096,705,94,14,2.096803,79.154,165.9704,16386.7,705,705,True,none,41,65.296,14,True,903,1.893,28,79.071,79.422,ok,59.376,62.381,19.778,165.9703,41.4706,124.4998,0.7501,1.4127,35.1697
1,8192,8192,8192,705,94,14,62.334978,85.844,5351.0838,17638.8,705,705,True,none,41,65.296,14,True,31,1.932,29,85.336,85.934,ok,59.376,62.381,26.468,5351.0839,1649.8822,3701.2017,0.6917,1.8906,1462.5656
1,2048,8192,8192,705,94,14,15.733167,85.559,1346.1141,17471.2,705,705,True,none,41,65.296,14,True,126,1.982,30,84.925,85.844,ok,59.376,62.381,26.183,1346.114,411.9415,934.1725,0.694,1.8702,364.6633
1,4096,8192,8192,705,94,14,31.227845,85.515,2670.4492,17604.7,705,705,True,none,41,65.296,14,True,63,1.967,30,85.336,85.934,ok,59.376,62.381,26.139,2670.4492,816.2646,1854.1845,0.6943,1.8671,722.425
1,1024,16384,16384,705,81,27,16.253709,101.002,1641.6571,33823.4,705,705,True,none,42,63.57,27,True,122,1.983,30,99.866,101.593,ok,59.376,62.381,41.626,1641.6571,676.5769,965.0802,0.5879,1.5417,627.7345
1,4096,16384,16384,705,81,27,62.946377,105.265,6626.0504,34934.9,705,705,True,none,42,63.57,27,True,31,1.951,29,104.675,105.533,ok,59.376,62.381,45.889,6626.0504,2888.5463,3737.5041,0.5641,1.6996,2699.3924
1,1024,4096,4096,705,81,27,1.14303,91.884,105.0262,30060.2,705,705,True,none,42,63.57,27,True,1688,1.929,29,91.615,91.98,ok,59.376,62.381,32.508,105.0262,37.1576,67.8685,0.6462,1.204,33.7228
1,8192,16384,16384,705,81,27,125.89648,105.32,13259.4173,34933.8,705,705,True,none,42,63.57,27,True,15,1.888,28,104.943,105.643,ok,59.376,62.381,45.944,13259.4173,5784.1879,7475.2294,0.5638,1.7016,5405.869
1,2048,16384,16384,705,81,27,31.735719,105.159,3337.2965,34645.9,705,705,True,none,42,63.57,27,True,62,1.968,30,104.508,105.533,ok,59.376,62.381,45.783,3337.2965,1452.9564,1884.3401,0.5646,1.6957,1357.5906
1,8192,4096,4096,705,81,27,8.239407,95.762,789.0221,33361.4,705,705,True,none,42,63.57,27,True,240,1.977,30,95.126,96.353,ok,59.376,62.381,36.386,789.0221,299.7991,489.223,0.62,1.3476,275.0396
1,2048,8192,8192,705,81,27,8.239581,101.165,833.5572,33360.7,705,705,True,none,42,63.57,27,True,240,1.977,30,100.031,102.191,ok,59.376,62.381,41.789,833.5572,344.3239,489.2334,0.5869,1.5477,319.5639
1,2048,4096,4096,705,81,27,2.228441,93.072,207.4055,30837.5,705,705,True,none,42,63.57,27,True,878,1.957,29,92.803,93.169,ok,59.376,62.381,33.696,207.4055,75.0895,132.3159,0.638,1.248,68.3931
1,4096,4096,4096,705,81,27,4.226142,94.796,400.6214,32521.1,705,705,True,none,42,63.57,27,True,464,1.961,30,94.304,95.225,ok,59.376,62.381,35.42,400.6214,149.6899,250.9314,0.6264,1.3119,136.9904
1,4096,8192,8192,705,81,27,16.078261,102.272,1644.3559,34192.5,705,705,True,none,42,63.57,27,True,123,1.978,30,101.869,102.46,ok,59.376,62.381,42.896,1644.3559,689.6931,954.6628,0.5806,1.5887,641.3779
1,1024,8192,8192,705,81,27,4.358718,93.669,408.2768,31532.0,705,705,True,none,41,63.57,27,True,439,1.913,29,93.072,93.767,ok,59.376,62.381,34.293,408.2768,149.4735,258.8032,0.6339,1.2701,136.3756
1,8192,8192,8192,705,81,27,31.892065,102.621,3272.7956,34476.0,705,705,True,none,42,63.57,27,True,62,1.977,30,102.084,102.728,ok,59.376,62.381,43.245,3272.7956,1379.1724,1893.6233,0.5786,1.6017,1283.3367
1,1024,4096,4096,705,0,108,0.408926,141.792,57.9824,84024.4,705,705,True,none,44,61.522,108,True,4473,1.829,27,136.887,145.838,ok,59.376,60.386,82.416,57.9824,33.702,24.2804,0.4188,0.7631,33.289
1,8192,4096,4096,705,0,108,2.018514,186.465,376.3822,136178.3,705,705,True,none,47,61.522,108,True,965,1.948,29,185.607,187.063,ok,59.376,60.386,127.089,376.3822,256.5309,119.8513,0.3184,1.1767,254.4922
1,8192,16384,16384,705,0,108,29.425972,194.558,5725.0582,149461.4,705,705,True,none,49,61.522,108,True,67,1.972,30,194.022,195.156,ok,59.376,60.386,135.182,5725.0583,3977.8617,1747.1965,0.3052,1.2517,3948.1415
1,8192,8192,8192,705,0,108,7.471851,194.087,1450.1891,147153.8,705,705,True,none,49,61.522,108,True,262,1.958,29,193.7,194.355,ok,59.376,60.386,134.711,1450.1891,1006.5405,443.6486,0.3059,1.2473,998.994
1,1024,8192,8192,705,0,108,1.044675,185.681,193.9763,131561.5,705,705,True,none,49,61.522,108,True,1821,1.902,28,185.413,186.465,ok,59.376,60.386,126.305,193.9763,131.9477,62.0286,0.3198,1.1695,130.8926
1,2048,16384,16384,705,0,108,7.750261,187.725,1454.9177,141867.7,705,705,True,none,49,61.522,108,True,254,1.969,30,187.404,188.269,ok,59.376,60.386,128.349,1454.9177,994.7382,460.1795,0.3163,1.1884,986.9105
1,2048,4096,4096,705,0,108,0.611359,165.77,101.3449,112404.5,705,705,True,none,48,61.522,108,True,3071,1.877,28,165.416,166.549,ok,59.376,60.386,106.394,101.345,65.0449,36.3001,0.3582,0.9851,64.4275
1,2048,8192,8192,705,0,108,1.972953,186.868,368.6818,139323.1,705,705,True,none,49,61.522,108,True,975,1.924,29,186.27,187.331,ok,59.376,60.386,127.492,368.6818,251.5357,117.1461,0.3177,1.1805,249.543
1,4096,16384,16384,705,0,108,14.727394,195.424,2878.0863,149315.2,705,705,True,none,50,61.522,108,True,134,1.973,30,195.22,196.014,ok,59.376,60.386,136.048,2878.0862,2003.6325,874.4537,0.3038,1.2597,1988.7578
1,1024,16384,16384,705,0,108,3.882596,190.788,740.7528,141594.9,705,705,True,none,50,61.522,108,True,504,1.957,29,190.512,191.7,ok,59.376,60.386,131.412,740.7527,510.2197,230.533,0.3112,1.2168,506.2983
1,4096,8192,8192,705,0,108,3.932075,188.787,742.3246,139813.2,705,705,True,none,50,61.522,108,True,498,1.958,29,187.599,189.385,ok,59.376,60.386,129.411,742.3246,508.8538,233.4709,0.3145,1.1983,504.8824
1,4096,4096,4096,705,0,108,1.016452,186.465,189.5327,135214.4,705,705,True,none,50,61.522,108,True,1866,1.897,28,186.465,186.741,ok,59.376,60.386,127.089,189.5327,129.1799,60.3529,0.3184,1.1767,128.1533
1,4096,16384,16384,705,27,81,20.133543,166.454,3351.3087,109221.9,705,705,True,none,47,64.572,81,True,98,1.973,30,165.857,167.313,ok,59.376,62.381,107.078,3351.3088,2155.8595,1195.4492,0.3567,1.322,2095.3582
1,1024,4096,4096,705,27,81,0.424523,138.879,58.9574,80937.2,705,705,True,none,47,64.572,81,True,4124,1.751,25,138.611,139.745,ok,59.376,62.381,79.503,58.9573,33.7509,25.2065,0.4275,0.9815,32.4752
1,1024,8192,8192,705,27,81,1.468081,151.341,222.1809,93618.1,705,705,True,none,47,64.572,81,True,1325,1.945,29,151.073,152.261,ok,59.376,62.381,91.965,222.1808,135.0121,87.1688,0.3923,1.1354,130.6005
1,4096,8192,8192,705,27,81,5.287741,160.086,846.4934,103968.0,705,705,True,none,47,64.572,81,True,372,1.967,30,159.488,161.542,ok,59.376,62.381,100.71,846.4933,532.5284,313.9649,0.3709,1.2433,516.6387
1,2048,4096,4096,705,27,81,0.820439,139.178,114.1871,83759.4,705,705,True,none,47,64.572,81,True,2311,1.896,28,129.33,149.348,ok,59.376,62.381,79.802,114.1871,65.4727,48.7144,0.4266,0.9852,63.0073
1,8192,16384,16384,705,27,81,40.247314,167.911,6757.9668,109275.5,705,705,True,none,48,64.572,81,True,49,1.972,30,167.581,167.911,ok,59.376,62.381,108.535,6757.9667,4368.2422,2389.7245,0.3536,1.3399,4247.299
1,4096,4096,4096,705,27,81,1.421071,153.127,217.6043,96715.1,705,705,True,none,47,64.572,81,True,1365,1.94,29,152.261,153.395,ok,59.376,62.381,93.751,217.6043,133.2268,84.3775,0.3878,1.1574,128.9565
1,1024,16384,16384,705,27,81,5.433812,156.576,850.8045,101173.1,705,705,True,none,47,64.572,81,True,362,1.967,30,155.119,157.173,ok,59.376,62.381,97.2,850.8045,528.1665,322.638,0.3792,1.2,511.8379
1,8192,8192,8192,705,27,81,10.207877,164.4,1678.175,107712.1,705,705,True,none,48,64.572,81,True,193,1.97,30,163.266,164.991,ok,59.376,62.381,105.024,1678.175,1072.0721,606.1029,0.3612,1.2966,1041.3974
1,2048,8192,8192,705,27,81,2.759555,154.119,425.2999,99609.5,705,705,True,none,47,64.572,81,True,711,1.962,30,153.395,155.119,ok,59.376,62.381,94.743,425.2999,261.4485,163.8513,0.3853,1.1697,253.1561
1,8192,4096,4096,705,27,81,2.710983,156.576,424.4749,101394.2,705,705,True,none,48,64.572,81,True,718,1.946,29,155.717,157.173,ok,59.376,62.381,97.2,424.4749,263.5075,160.9673,0.3792,1.2,255.361
1,2048,16384,16384,705,27,81,10.429486,163.565,1705.8989,105423.4,705,705,True,none,48,64.572,81,True,189,1.971,30,161.81,164.991,ok,59.376,62.381,104.189,1705.8989,1086.6377,619.2612,0.363,1.2863,1055.2971
1,8192,4096,4096,705,54,54,4.124613,127.008,523.8589,66643.3,705,705,True,none,45,64.437,54,True,475,1.959,29,125.552,127.276,ok,59.376,62.381,67.632,523.8588,278.9558,244.903,0.4675,1.2524,266.5614
1,4096,16384,16384,705,54,54,30.969614,136.021,4212.5179,71005.8,705,705,True,none,45,64.437,54,True,64,1.982,30,134.565,136.289,ok,59.376,62.381,76.645,4212.5179,2373.6661,1838.8518,0.4365,1.4194,2280.6024
1,1024,16384,16384,705,54,54,8.367111,127.74,1068.8147,65704.4,705,705,True,none,45,64.437,54,True,236,1.975,30,126.74,128.74,ok,59.376,62.381,68.364,1068.8148,572.0092,496.8056,0.4648,1.266,546.866
1,2048,4096,4096,705,54,54,1.094793,122.103,133.6775,62769.4,705,705,True,none,45,64.437,54,True,1719,1.882,28,121.183,122.371,ok,59.376,62.381,62.727,133.6775,68.6731,65.0044,0.4863,1.1616,65.3832
1,2048,8192,8192,705,54,54,4.24091,128.464,544.8043,64815.8,705,705,True,none,45,64.437,54,True,464,1.968,30,126.418,129.33,ok,59.376,62.381,69.088,544.8043,292.996,251.8083,0.4622,1.2794,280.2521
1,1024,4096,4096,705,54,54,0.62553,114.975,71.9203,54929.0,705,705,True,none,44,64.437,54,True,2715,1.698,24,114.546,115.256,ok,59.376,62.381,55.599,71.9203,34.7788,37.1415,0.5164,1.0296,32.8991
1,2048,16384,16384,705,54,54,15.889977,133.516,2121.5662,69195.3,705,705,True,none,45,64.437,54,True,124,1.97,30,132.511,134.243,ok,59.376,62.381,74.14,2121.5662,1178.0829,943.4833,0.4447,1.373,1130.3335
1,4096,4096,4096,705,54,54,2.175139,122.103,265.591,63186.3,705,705,True,none,45,64.437,54,True,903,1.964,30,121.183,122.639,ok,59.376,62.381,62.727,265.591,136.4399,129.1511,0.4863,1.1616,129.9037
1,8192,8192,8192,705,54,54,15.722161,132.242,2079.13,69933.9,705,705,True,none,45,64.437,54,True,126,1.981,30,131.652,132.786,ok,59.376,62.381,72.866,2079.13,1145.611,933.519,0.449,1.3494,1098.3659
1,1024,8192,8192,705,54,54,2.213606,121.773,269.5575,62088.3,705,705,True,none,45,64.437,54,True,873,1.932,29,121.505,122.103,ok,59.376,62.381,62.397,269.5574,138.1224,131.4351,0.4876,1.1555,131.4705
1,8192,16384,16384,705,54,54,61.861906,135.423,8377.5249,71094.6,705,705,True,none,45,64.437,54,True,32,1.98,30,134.243,136.289,ok,59.376,62.381,76.047,8377.5249,4704.4124,3673.1125,0.4384,1.4083,4518.5173
1,4096,8192,8192,705,54,54,8.052441,130.786,1053.1466,68271.9,705,705,True,none,45,64.437,54,True,247,1.989,30,129.92,131.191,ok,59.376,62.381,71.41,1053.1465,575.0248,478.1217,0.454,1.3224,550.8272
1,8192,16384,16384,300,0,108,69.110957,118.593,8196.0757,63637.5,300,300,True,none,44,60.655,108,True,28,1.935,29,118.003,118.861,ok,56.366,58.929,62.227,8196.0757,4300.5675,3895.5082,0.4753,0.5762,4123.4361
1,1024,8192,8192,300,0,108,2.424201,115.68,280.4315,56694.5,300,300,True,none,44,60.655,108,True,804,1.949,29,115.412,116.123,ok,56.366,58.929,59.314,280.4316,143.7891,136.6425,0.4873,0.5492,137.5758
1,4096,4096,4096,300,0,108,2.378595,114.934,273.3815,57781.6,300,300,True,none,44,60.655,108,True,821,1.953,29,114.546,115.136,ok,56.366,58.929,58.568,273.3814,139.3096,134.0719,0.4904,0.5423,133.2132
1,1024,4096,4096,300,0,108,0.952348,95.712,91.1511,36079.0,300,300,True,none,43,60.655,108,True,1989,1.894,28,95.394,96.951,ok,56.366,58.929,39.346,91.1511,37.4711,53.68,0.5889,0.3643,35.0302
1,4096,8192,8192,300,0,108,9.224302,115.196,1062.6026,59598.6,300,300,True,none,44,60.655,108,True,214,1.974,30,114.546,116.392,ok,56.366,58.929,58.83,1062.6027,542.6657,519.937,0.4893,0.5447,519.0238
1,1024,16384,16384,300,0,108,9.113395,116.764,1064.1165,60323.9,300,300,True,none,44,60.655,108,True,217,1.978,30,116.002,117.259,ok,56.366,58.929,60.398,1064.1165,550.4308,513.6856,0.4827,0.5592,527.0732
1,2048,8192,8192,300,0,108,4.624705,115.136,532.4701,59436.8,300,300,True,none,44,60.655,108,True,427,1.975,30,114.546,115.412,ok,56.366,58.929,58.77,532.47,271.7939,260.6761,0.4896,0.5442,259.9408
1,8192,8192,8192,300,0,108,17.53209,118.324,2074.467,62714.2,300,300,True,none,44,60.655,108,True,112,1.964,30,118.003,118.448,ok,56.366,58.929,61.958,2074.467,1086.2532,988.2138,0.4764,0.5737,1041.3185
1,2048,4096,4096,300,0,108,1.427171,106.51,152.008,48150.8,300,300,True,none,43,60.655,108,True,1337,1.908,28,106.242,106.833,ok,56.366,58.929,50.144,152.008,71.5641,80.4439,0.5292,0.4643,67.9062
1,4096,16384,16384,300,0,108,34.583789,118.52,4098.8707,63585.4,300,300,True,none,44,60.655,108,True,57,1.971,30,118.324,118.717,ok,56.366,58.929,62.154,4098.8707,2149.5208,1949.3499,0.4756,0.5755,2060.8826
1,8192,4096,4096,300,0,108,4.727888,115.68,546.9221,58139.7,300,300,True,none,44,60.655,108,True,415,1.962,30,114.814,116.002,ok,56.366,58.929,59.314,546.9221,280.4299,266.4921,0.4873,0.5492,268.3124
1,2048,16384,16384,300,0,108,18.196473,116.002,2110.8273,60424.4,300,300,True,none,44,60.655,108,True,109,1.983,30,114.224,117.014,ok,56.366,58.929,59.636,2110.8273,1085.1649,1025.6624,0.4859,0.5522,1038.5273
1,8192,16384,16384,300,81,27,295.488474,80.372,23748.9996,14884.0,300,300,True,none,41,61.458,27,True,6,1.773,26,80.012,80.694,ok,56.366,59.788,24.006,23748.9996,7093.4963,16655.5033,0.7013,0.8891,6082.3347
1,1024,8192,8192,300,81,27,10.202689,74.587,760.988,13470.9,300,300,True,none,41,61.458,27,True,192,1.959,29,74.319,74.856,ok,56.366,59.788,18.221,760.988,185.9032,575.0848,0.7557,0.6749,150.9896
1,2048,8192,8192,300,81,27,19.325719,78.369,1514.5373,14223.4,300,300,True,none,40,61.458,27,True,102,1.971,30,77.698,78.638,ok,56.366,59.788,22.003,1514.5373,425.2238,1089.3135,0.7192,0.8149,359.0912
1,1024,4096,4096,300,81,27,2.669207,73.728,196.7953,12872.6,300,300,True,none,40,61.458,27,True,745,1.989,30,73.321,73.728,ok,56.366,59.788,17.362,196.7953,46.3428,150.4525,0.7645,0.643,37.2087
1,4096,8192,8192,300,81,27,37.737284,78.638,2967.5846,14568.0,300,300,True,none,40,61.458,27,True,52,1.962,30,78.369,78.886,ok,56.366,59.788,22.272,2967.5845,840.4848,2127.0997,0.7168,0.8249,711.3478
1,8192,8192,8192,300,81,27,74.853829,78.638,5886.3554,14688.8,300,300,True,none,40,61.458,27,True,26,1.946,29,77.966,78.968,ok,56.366,59.788,22.272,5886.3554,1667.1445,4219.2109,0.7168,0.8249,1410.9947
1,2048,4096,4096,300,81,27,5.243373,73.996,387.9886,13106.0,300,300,True,none,40,61.458,27,True,380,1.992,30,73.728,74.319,ok,56.366,59.788,17.63,387.9886,92.4407,295.548,0.7617,0.653,74.4978
1,4096,4096,4096,300,81,27,9.911462,75.186,745.2032,13866.7,300,300,True,none,40,61.458,27,True,197,1.953,29,74.587,75.186,ok,56.366,59.788,18.82,745.2032,186.5337,558.6695,0.7497,0.697,152.6167
1,1024,16384,16384,300,81,27,38.169753,77.779,2968.8052,14402.9,300,300,True,none,40,61.458,27,True,52,1.985,30,76.643,78.638,ok,56.366,59.788,21.413,2968.8052,817.3289,2151.4763,0.7247,0.7931,686.712
1,4096,16384,16384,300,81,27,148.074798,79.827,11820.3669,14850.8,300,300,True,none,40,61.458,27,True,13,1.925,29,78.968,80.096,ok,56.366,59.788,23.461,11820.3669,3473.9828,8346.3841,0.7061,0.8689,2967.2709
1,2048,16384,16384,300,81,27,74.506284,79.827,5947.6131,14757.3,300,300,True,none,40,61.458,27,True,26,1.937,29,78.968,80.096,ok,56.366,59.788,23.461,5947.6131,1747.9919,4199.6212,0.7061,0.8689,1493.0314
1,8192,4096,4096,300,81,27,19.303316,75.186,1451.3391,14239.9,300,300,True,none,40,61.458,27,True,102,1.969,30,75.107,75.454,ok,56.366,59.788,18.82,1451.3391,363.2884,1088.0507,0.7497,0.697,297.2325
1,8192,8192,8192,300,94,14,145.719331,71.403,10404.7974,7545.4,300,300,True,none,39,60.655,14,True,13,1.894,28,70.805,71.403,ok,56.366,59.788,15.037,10404.7974,2191.1816,8213.6158,0.7894,1.0741,1692.53
1,8192,4096,4096,300,94,14,37.5139,68.219,2559.1608,7327.4,300,300,True,none,39,60.655,14,True,53,1.988,30,68.148,68.488,ok,56.366,59.788,11.853,2559.1607,444.6523,2114.5085,0.8263,0.8466,316.2797
1,1024,16384,16384,300,94,14,72.711054,71.403,5191.7874,7560.8,300,300,True,none,39,60.655,14,True,27,1.963,30,70.805,71.403,ok,56.366,59.788,15.037,5191.7874,1093.3561,4098.4313,0.7894,1.0741,844.5389
1,1024,8192,8192,300,94,14,19.924235,67.621,1347.2967,6898.1,300,300,True,none,39,60.655,14,True,100,1.992,30,67.55,67.89,ok,56.366,59.788,11.255,1347.2967,224.2473,1123.0494,0.8336,0.8039,156.0665
1,2048,4096,4096,300,94,14,9.434204,67.621,637.9503,7284.1,300,300,True,none,39,60.655,14,True,209,1.972,30,67.55,67.89,ok,56.366,59.788,11.255,637.9503,106.182,531.7683,0.8336,0.8039,73.8981
1,2048,16384,16384,300,94,14,144.798202,71.672,10377.9767,7593.4,300,300,True,none,39,60.655,14,True,13,1.882,28,71.403,71.672,ok,56.366,59.788,15.306,10377.9767,2216.2813,8161.6955,0.7864,1.0933,1720.7818
1,4096,8192,8192,300,94,14,73.386368,71.081,5216.3764,7491.3,300,300,True,none,39,60.655,14,True,27,1.981,30,70.805,71.081,ok,56.366,59.788,14.715,5216.3764,1079.8804,4136.496,0.793,1.0511,828.7523
1,8192,16384,16384,300,94,14,576.965571,71.672,41352.2764,7622.7,300,300,True,none,39,60.655,14,True,3,1.731,25,71.597,71.672,ok,56.366,59.788,15.306,41352.2764,8831.035,32521.2414,0.7864,1.0933,6856.6588
1,2048,8192,8192,300,94,14,36.836836,71.007,2615.6732,7462.0,300,300,True,none,39,60.655,14,True,53,1.952,29,70.731,71.081,ok,56.366,59.788,14.641,2615.6732,539.3281,2076.3451,0.7938,1.0458,413.2725
1,1024,4096,4096,300,94,14,4.907903,67.48,331.1853,7000.9,300,300,True,none,39,60.655,14,True,398,1.953,29,67.282,67.55,ok,56.366,59.788,11.114,331.1853,54.5464,276.6389,0.8353,0.7939,37.7516
1,4096,16384,16384,300,94,14,288.894187,71.597,20683.9571,7611.9,300,300,True,none,39,60.655,14,True,6,1.733,25,71.007,71.597,ok,56.366,59.788,15.231,20683.9571,4400.1474,16283.8097,0.7873,1.0879,3411.5515
1,4096,4096,4096,300,94,14,18.868551,67.819,1279.6463,7284.0,300,300,True,none,39,60.655,14,True,105,1.981,30,67.748,68.148,ok,56.366,59.788,11.453,1279.6463,216.1015,1063.5447,0.8311,0.8181,151.5333
1,4096,4096,4096,300,54,54,5.071568,86.113,436.728,27099.9,300,300,True,none,40,60.323,54,True,387,1.963,30,85.515,86.703,ok,56.366,59.788,29.747,436.7279,150.8639,285.864,0.6546,0.5509,133.509
1,8192,4096,4096,300,54,54,9.630069,87.998,847.4268,28543.7,300,300,True,none,40,60.323,54,True,205,1.974,30,87.569,88.435,ok,56.366,59.788,31.632,847.4268,304.6183,542.8085,0.6405,0.5858,271.6642
1,1024,8192,8192,300,54,54,5.142999,86.381,444.2574,26723.5,300,300,True,none,40,60.323,54,True,383,1.97,30,86.113,86.703,ok,56.366,59.788,30.015,444.2574,154.3671,289.8903,0.6525,0.5558,136.7678
1,2048,16384,16384,300,54,54,37.173151,92.206,3427.5876,29578.1,300,300,True,none,40,60.323,54,True,53,1.97,30,90.159,93.072,ok,56.366,59.788,35.84,3427.5876,1332.2857,2095.3018,0.6113,0.6637,1205.0792
1,2048,8192,8192,300,54,54,9.908469,89.025,882.1015,27741.7,300,300,True,none,40,60.323,54,True,200,1.982,30,88.703,90.481,ok,56.366,59.788,32.659,882.1015,323.6007,558.5008,0.6331,0.6048,289.6939
1,1024,16384,16384,300,54,54,19.572505,89.293,1747.6877,28088.2,300,300,True,none,40,60.323,54,True,101,1.977,30,87.837,90.749,ok,56.366,59.788,32.927,1747.6877,644.4639,1103.2238,0.6312,0.6098,577.4868
1,1024,4096,4096,300,54,54,1.441833,83.791,120.8126,23830.6,300,300,True,none,40,60.323,54,True,1344,1.938,29,83.2,84.059,ok,56.366,59.788,27.425,120.8126,39.5423,81.2704,0.6727,0.5079,34.6083
1,4096,16384,16384,300,54,54,72.708157,92.803,6747.5351,30244.5,300,300,True,none,40,60.323,54,True,27,1.963,30,91.615,93.669,ok,56.366,59.788,36.437,6747.5351,2649.2671,4098.268,0.6074,0.6748,2400.4598
1,8192,16384,16384,300,54,54,144.764449,93.072,13473.5168,30380.7,300,300,True,none,40,60.323,54,True,13,1.882,28,91.615,93.669,ok,56.366,59.788,36.706,13473.5168,5313.7239,8159.7929,0.6056,0.6797,4818.3399
1,4096,8192,8192,300,54,54,18.821889,90.844,1709.8557,29208.3,300,300,True,none,40,60.323,54,True,105,1.976,30,89.655,91.12,ok,56.366,59.788,34.478,1709.8557,648.9411,1060.9146,0.6205,0.6385,584.5326
1,2048,4096,4096,300,54,54,2.550251,86.793,221.344,26946.2,300,300,True,none,40,60.323,54,True,772,1.969,30,86.471,87.338,ok,56.366,59.788,30.427,221.3439,77.5965,143.7474,0.6494,0.5635,68.8695
1,8192,8192,8192,300,54,54,36.806783,91.443,3365.7226,29872.5,300,300,True,none,40,60.323,54,True,54,1.988,30,90.844,91.98,ok,56.366,59.788,35.077,3365.7227,1291.0715,2074.6511,0.6164,0.6496,1165.1187
1,8192,4096,4096,300,27,81,6.316669,101.487,641.0598,43516.3,300,300,True,none,41,60.655,81,True,313,1.977,30,100.897,101.869,ok,56.366,59.788,45.121,641.0598,285.0144,356.0454,0.5554,0.557,263.3988
1,4096,16384,16384,300,27,81,47.279257,106.51,5035.7136,46511.4,300,300,True,none,41,60.655,81,True,42,1.986,30,104.675,107.101,ok,56.366,59.788,50.144,5035.7137,2370.7711,2664.9426,0.5292,0.6191,2208.9814
1,1024,8192,8192,300,27,81,3.385852,99.762,337.7794,40592.1,300,300,True,none,41,60.655,81,True,581,1.967,30,99.276,100.403,ok,56.366,59.788,43.396,337.7794,146.9324,190.8469,0.565,0.5358,135.346
1,4096,8192,8192,300,27,81,12.337419,102.728,1267.3984,44560.0,300,300,True,none,41,60.655,81,True,160,1.974,30,102.353,103.595,ok,56.366,59.788,46.362,1267.3984,571.9874,695.411,0.5487,0.5724,529.7688
1,4096,4096,4096,300,27,81,3.320625,100.031,332.1654,41389.5,300,300,True,none,41,60.655,81,True,589,1.956,29,98.574,101.059,ok,56.366,59.788,43.665,332.1654,144.9951,187.1703,0.5635,0.5391,133.6319
1,1024,16384,16384,300,27,81,12.747595,100.897,1286.1941,43126.2,300,300,True,none,41,60.655,81,True,155,1.976,30,99.762,102.246,ok,56.366,59.788,44.531,1286.1941,567.6632,718.5309,0.5586,0.5498,524.0409
1,8192,8192,8192,300,27,81,23.950944,104.888,2512.1667,45906.8,300,300,True,none,42,60.655,81,True,82,1.964,30,104.566,106.02,ok,56.366,59.788,48.522,2512.1666,1162.1477,1350.0189,0.5374,0.599,1080.1876
1,1024,4096,4096,300,27,81,0.986455,94.206,92.93,34831.5,300,300,True,none,41,60.655,81,True,1935,1.909,29,93.938,94.206,ok,56.366,59.788,37.84,92.93,37.3275,55.6025,0.5983,0.4672,33.9518
1,2048,16384,16384,300,27,81,24.362382,104.29,2540.7528,45131.5,300,300,True,none,41,60.655,81,True,81,1.973,30,103.219,105.809,ok,56.366,59.788,47.924,2540.7528,1167.5428,1373.21,0.5405,0.5917,1084.1747
1,8192,16384,16384,300,27,81,94.504915,106.399,10055.2285,46537.8,300,300,True,none,42,60.655,81,True,21,1.985,30,103.701,107.587,ok,56.366,59.788,50.033,10055.2285,4728.3644,5326.864,0.5298,0.6177,4404.9686
1,2048,4096,4096,300,27,81,1.900693,94.796,180.1781,36155.0,300,300,True,none,41,60.655,81,True,1024,1.946,29,94.206,95.394,ok,56.366,59.788,38.43,180.1781,73.0436,107.1345,0.5946,0.4744,66.5395
1,2048,8192,8192,300,27,81,6.467851,100.299,648.719,42499.1,300,300,True,none,41,60.655,81,True,305,1.973,30,100.031,101.165,ok,56.366,59.788,43.933,648.719,284.1521,364.5669,0.562,0.5424,262.0191
1,1024,8192,8192,900,27,81,1.144161,179.184,205.0154,120122.0,900,900,True,none,45,65.296,81,True,1682,1.924,29,178.648,180.104,ok,61.356,64.437,117.828,205.0153,134.8142,70.2011,0.3424,1.4547,131.289
1,4096,4096,4096,900,27,81,1.115073,179.506,200.1622,123255.6,900,900,True,none,46,65.296,81,True,1704,1.9,28,177.782,180.64,ok,61.356,64.437,118.15,200.1623,131.7459,68.4164,0.3418,1.4586,128.3103
1,2048,8192,8192,900,27,81,2.162999,180.64,390.7242,127081.8,900,900,True,none,47,65.296,81,True,881,1.906,28,179.774,180.962,ok,61.356,64.437,119.284,390.7241,258.0112,132.713,0.3397,1.4726,251.347
1,8192,16384,16384,900,27,81,31.52915,197.202,6217.6114,139491.4,900,900,True,none,48,65.296,81,True,63,1.986,30,195.156,197.747,ok,61.356,64.437,135.846,6217.6114,4283.1089,1934.5025,0.3111,1.6771,4185.9676
1,4096,8192,8192,900,27,81,4.135861,189.056,781.9093,132924.1,900,900,True,none,48,65.296,81,True,472,1.952,29,186.143,191.11,ok,61.356,64.437,127.7,781.9093,528.1494,253.7599,0.3245,1.5765,515.4069
1,2048,16384,16384,900,27,81,8.156551,192.566,1570.6744,134801.1,900,900,True,none,48,65.296,81,True,242,1.974,30,190.788,193.7,ok,61.356,64.437,131.21,1570.6744,1070.2211,500.4533,0.3186,1.6199,1045.0907
1,2048,4096,4096,900,27,81,0.642203,163.534,105.0221,107005.8,900,900,True,none,47,65.296,81,True,2948,1.893,28,162.676,164.4,ok,61.356,64.437,102.178,105.022,65.619,39.403,0.3752,1.2615,63.6404
1,1024,4096,4096,900,27,81,0.33191,161.81,53.7063,103521.3,900,900,True,none,47,65.296,81,True,4951,1.643,23,161.22,162.078,ok,61.356,64.437,100.454,53.7064,33.3417,20.3647,0.3792,1.2402,32.3191
1,8192,4096,4096,900,27,81,2.120507,184.419,391.0619,129628.4,900,900,True,none,48,65.296,81,True,917,1.945,29,183.285,185.277,ok,61.356,64.437,123.063,391.0618,260.956,130.1058,0.3327,1.5193,254.4227
1,4096,16384,16384,900,27,81,15.773142,198.068,3124.1546,139415.7,900,900,True,none,49,65.296,81,True,125,1.972,30,196.88,198.934,ok,61.356,64.437,136.712,3124.1547,2156.3778,967.7769,0.3098,1.6878,2107.7807
1,1024,16384,16384,900,27,81,4.256268,184.151,783.7959,129163.8,900,900,True,none,49,65.296,81,True,461,1.962,30,182.419,185.277,ok,61.356,64.437,122.795,783.796,522.6484,261.1476,0.3332,1.516,509.5349
1,8192,8192,8192,900,27,81,7.996404,195.022,1559.4746,137500.8,900,900,True,none,49,65.296,81,True,247,1.975,30,194.29,195.746,ok,61.356,64.437,133.666,1559.4747,1068.8473,490.6274,0.3146,1.6502,1044.2104
1,1024,16384,16384,900,94,14,24.268271,94.626,2296.4094,22653.3,900,900,True,none,43,66.432,14,True,81,1.966,30,94.206,94.895,ok,61.356,64.437,33.27,2296.4094,807.4054,1489.004,0.6484,2.3764,732.6348
1,4096,4096,4096,900,94,14,6.289783,87.07,547.6514,21851.1,900,900,True,none,42,66.432,14,True,314,1.975,30,86.979,87.07,ok,61.356,64.437,25.714,547.6514,161.7355,385.9159,0.7047,1.8367,142.3567
1,4096,8192,8192,900,94,14,24.270221,93.938,2279.896,22651.5,900,900,True,none,42,66.432,14,True,81,1.966,30,93.669,94.036,ok,61.356,64.437,32.582,2279.896,790.7723,1489.1237,0.6532,2.3273,715.9958
1,8192,8192,8192,900,94,14,48.511239,94.036,4561.8029,22665.1,900,900,True,none,42,66.432,14,True,41,1.989,28,93.34,94.036,ok,61.356,64.437,32.68,4561.8029,1585.3473,2976.4556,0.6525,2.3343,1435.8842
1,1024,4096,4096,900,94,14,1.638844,85.515,140.1458,20965.8,900,900,True,none,42,66.432,14,True,1229,2.014,31,84.925,85.934,ok,61.356,64.437,24.159,140.1457,39.5928,100.5529,0.7175,1.7256,34.5436
1,2048,16384,16384,900,94,14,47.911641,95.294,4565.6919,22948.7,900,900,True,none,42,66.432,14,True,41,1.964,30,95.026,95.394,ok,61.356,64.437,33.938,4565.6919,1626.0253,2939.6666,0.6439,2.4241,1478.4095
1,8192,16384,16384,900,94,14,191.43608,95.394,18261.8534,22974.0,900,900,True,none,41,66.432,14,True,10,1.914,29,94.796,95.662,ok,61.356,64.437,34.038,18261.8534,6516.1013,11745.7521,0.6432,2.4313,5926.2867
1,8192,4096,4096,900,94,14,12.434959,87.362,1086.3429,22105.3,900,900,True,none,41,66.432,14,True,159,1.977,30,86.979,87.569,ok,61.356,64.437,26.006,1086.3429,323.3835,762.9593,0.7023,1.8576,285.0714
1,1024,8192,8192,900,94,14,6.599226,86.113,568.2792,20826.5,900,900,True,none,41,66.432,14,True,302,1.993,30,85.844,86.381,ok,61.356,64.437,24.757,568.2791,163.377,404.9021,0.7125,1.7684,143.0448
1,2048,8192,8192,900,94,14,12.281143,93.938,1153.666,22382.1,900,900,True,none,41,66.432,14,True,162,1.99,30,93.34,94.036,ok,61.356,64.437,32.582,1153.666,400.1442,753.5218,0.6532,2.3273,362.306
1,4096,16384,16384,900,94,14,95.78876,95.984,9194.1883,22957.0,900,900,True,none,41,66.432,14,True,20,1.916,29,95.662,96.084,ok,61.356,64.437,34.628,9194.1883,3316.9732,5877.2152,0.6392,2.4734,3021.848
1,2048,4096,4096,900,94,14,3.15335,86.203,271.8283,21792.5,900,900,True,none,41,66.432,14,True,623,1.965,30,85.934,86.203,ok,61.356,64.437,24.847,271.8282,78.3513,193.4769,0.7118,1.7748,68.6358
1,4096,16384,16384,900,54,54,24.25186,157.442,3818.2614,90674.4,900,900,True,none,44,65.573,54,True,81,1.964,30,155.441,158.3,ok,61.356,64.437,96.086,3818.2613,2330.2642,1487.9971,0.3897,1.7794,2255.5442
1,2048,8192,8192,900,54,54,3.307613,149.026,492.9203,83104.6,900,900,True,none,44,65.573,54,True,577,1.908,28,144.114,150.805,ok,61.356,64.437,87.67,492.9203,289.9784,202.9419,0.4117,1.6235,279.7877
1,1024,4096,4096,900,54,54,0.498207,131.054,65.292,68966.9,900,900,True,none,44,65.573,54,True,3840,1.913,29,130.6,131.513,ok,61.356,64.437,69.698,65.292,34.724,30.568,0.4682,1.2907,33.1891
1,4096,4096,4096,900,54,54,1.697461,141.792,240.6863,80967.4,900,900,True,none,45,65.573,54,True,1174,1.993,30,139.477,142.658,ok,61.356,64.437,80.436,240.6864,136.537,104.1494,0.4327,1.4896,131.3071
1,8192,4096,4096,900,54,54,3.218342,146.436,471.2811,85409.8,900,900,True,none,45,65.573,54,True,611,1.966,30,145.838,146.857,ok,61.356,64.437,85.08,471.2811,273.8165,197.4646,0.419,1.5756,263.9008
1,8192,8192,8192,900,54,54,12.290172,154.851,1903.1455,89462.7,900,900,True,none,45,65.573,54,True,161,1.979,30,154.583,155.441,ok,61.356,64.437,93.495,1903.1454,1149.0696,754.0758,0.3962,1.7314,1111.2036
1,1024,8192,8192,900,54,54,1.728594,141.792,245.1008,79509.1,900,900,True,none,45,65.573,54,True,1103,1.907,28,140.336,142.389,ok,61.356,64.437,80.436,245.1008,139.0412,106.0596,0.4327,1.4896,133.7154
1,8192,16384,16384,900,54,54,48.24365,158.898,7665.8195,91163.2,900,900,True,none,46,65.573,54,True,41,1.978,30,157.928,159.764,ok,61.356,64.437,97.542,7665.8195,4705.7821,2960.0374,0.3861,1.8063,4557.1434
1,2048,4096,4096,900,54,54,0.853559,142.98,122.0419,80509.3,900,900,True,none,46,65.573,54,True,2191,1.87,28,140.657,143.524,ok,61.356,64.437,81.624,122.0419,69.6709,52.371,0.4291,1.5116,67.0411
1,4096,8192,8192,900,54,54,6.277768,152.261,955.8592,87571.9,900,900,True,none,46,65.573,54,True,314,1.971,30,151.341,153.395,ok,61.356,64.437,90.905,955.8592,570.6805,385.1787,0.403,1.6834,551.3387
1,2048,16384,16384,900,54,54,12.393298,156.576,1940.4931,88718.2,900,900,True,none,46,65.573,54,True,159,1.971,30,154.253,157.337,ok,61.356,64.437,95.22,1940.493,1180.0898,760.4032,0.3919,1.7633,1141.9061
1,1024,16384,16384,900,54,54,6.525577,149.348,974.5819,84246.3,900,900,True,none,46,65.573,54,True,303,1.977,30,146.704,151.073,ok,61.356,64.437,87.992,974.5819,574.1986,400.3833,0.4108,1.6295,554.0933
1,4096,8192,8192,900,81,27,12.595585,115.136,1450.2053,43646.7,900,900,True,none,43,66.432,27,True,157,1.978,30,114.343,115.533,ok,61.356,64.437,53.78,1450.2053,677.3906,772.8147,0.5329,1.9919,638.5836
1,8192,4096,4096,900,81,27,6.466657,106.833,690.8524,42507.0,900,900,True,none,43,66.432,27,True,305,1.972,30,106.721,107.265,ok,61.356,64.437,45.477,690.8524,294.0842,396.7682,0.5743,1.6843,274.1604
1,2048,16384,16384,900,81,27,24.867427,118.003,2934.431,44214.9,900,900,True,none,43,66.432,27,True,80,1.989,30,117.581,119.307,ok,61.356,64.437,56.647,2934.431,1408.6651,1525.7659,0.52,2.098,1332.0486
1,8192,16384,16384,900,81,27,98.226714,118.985,11687.5056,44774.4,900,900,True,none,43,66.432,27,True,20,1.965,30,118.717,119.583,ok,61.356,64.437,57.629,11687.5056,5660.7073,6026.7983,0.5157,2.1344,5358.0708
1,1024,4096,4096,900,81,27,0.889141,102.46,91.1014,38643.7,900,900,True,none,43,66.432,27,True,2373,2.11,32,101.593,102.728,ok,61.356,64.437,41.104,91.1014,36.5473,54.5541,0.5988,1.5224,33.8078
1,2048,4096,4096,900,81,27,1.739747,103.595,180.2291,39499.7,900,900,True,none,43,66.432,27,True,1151,2.002,30,102.728,104.077,ok,61.356,64.437,42.239,180.2291,73.4852,106.7439,0.5923,1.5644,68.125
1,2048,8192,8192,900,81,27,6.466616,113.477,733.8122,42507.2,900,900,True,none,43,66.432,27,True,304,1.966,30,112.822,114.343,ok,61.356,64.437,52.121,733.8122,337.0465,396.7657,0.5407,1.9304,317.1228
1,1024,16384,16384,900,81,27,12.733875,113.09,1440.0739,43172.7,900,900,True,none,43,66.432,27,True,155,1.974,30,112.019,114.075,ok,61.356,64.437,51.734,1440.0739,658.7743,781.2996,0.5425,1.9161,619.5412
1,1024,8192,8192,900,81,27,3.409197,104.186,355.1906,40314.2,900,900,True,none,43,66.432,27,True,580,1.977,30,103.487,104.784,ok,61.356,64.437,42.83,355.1906,146.0159,209.1747,0.5889,1.5863,135.5122
1,4096,16384,16384,900,81,27,49.111176,118.717,5830.3314,44776.4,900,900,True,none,43,66.432,27,True,40,1.964,30,118.126,119.307,ok,61.356,64.437,57.361,5830.3315,2817.0662,3013.2653,0.5168,2.1245,2665.7546
1,8192,8192,8192,900,81,27,24.882701,115.68,2878.4309,44187.8,900,900,True,none,43,66.432,27,True,79,1.966,30,115.136,115.801,ok,61.356,64.437,54.324,2878.4309,1351.7278,1526.703,0.5304,2.012,1275.0642
1,4096,4096,4096,900,81,27,3.32063,105.643,350.8013,41389.4,900,900,True,none,43,66.432,27,True,593,1.969,30,104.186,106.131,ok,61.356,64.437,44.287,350.8013,147.0607,203.7406,0.5808,1.6403,136.8299
1,8192,8192,8192,900,0,108,5.852493,232.896,1363.0222,187870.6,900,900,True,none,50,63.248,108,True,337,1.972,30,232.273,235.461,ok,61.356,61.79,171.54,1363.0222,1003.9366,359.0856,0.2634,1.5883,1001.3967
1,2048,16384,16384,900,0,108,6.070876,226.533,1375.2537,181112.5,900,900,True,none,51,63.248,108,True,320,1.943,29,225.4,227.72,ok,61.356,61.79,165.177,1375.2538,1002.7691,372.4847,0.2708,1.5294,1000.1343
1,8192,4096,4096,900,0,108,1.581455,224.811,355.5284,173813.3,900,900,True,none,51,63.248,108,True,1215,1.921,29,223.624,226.265,ok,61.356,61.79,163.455,355.5285,258.4967,97.0318,0.2729,1.5135,257.8104
1,4096,4096,4096,900,0,108,0.796258,222.861,177.4548,172606.1,900,900,True,none,52,63.248,108,True,2389,1.902,28,221.865,225.046,ok,61.356,61.79,161.505,177.4549,128.5996,48.8552,0.2753,1.4954,128.2541
1,1024,8192,8192,900,0,108,0.819077,222.562,182.2954,167797.4,900,900,True,none,52,63.248,108,True,2324,1.904,28,218.355,228.502,ok,61.356,61.79,161.206,182.2954,132.0401,50.2553,0.2757,1.4926,131.6846
1,1024,16384,16384,900,0,108,3.041303,229.682,698.5326,180763.2,900,900,True,none,53,63.248,108,True,645,1.962,30,228.853,230.548,ok,61.356,61.79,168.326,698.5326,511.9304,186.6022,0.2671,1.5586,510.6104
1,8192,16384,16384,900,0,108,23.053022,232.602,5362.179,190779.6,900,900,True,none,53,63.248,108,True,86,1.983,30,232.273,233.139,ok,61.356,61.79,171.246,5362.179,3947.7378,1414.4412,0.2638,1.5856,3937.7328
1,4096,16384,16384,900,0,108,11.539084,232.602,2684.0141,190571.7,900,900,True,none,53,63.248,108,True,171,1.973,30,232.273,232.871,ok,61.356,61.79,171.246,2684.014,1976.022,707.992,0.2638,1.5856,1971.014
1,2048,8192,8192,900,0,108,1.546282,222.133,343.4803,177767.0,900,900,True,none,53,63.248,108,True,1253,1.937,29,221.536,222.724,ok,61.356,61.79,160.777,343.4803,248.6066,94.8737,0.2762,1.4887,247.9355
1,1024,4096,4096,900,0,108,0.320924,163.864,52.5879,107065.1,900,900,True,none,50,63.248,108,True,5508,1.768,26,163.534,164.4,ok,61.356,61.79,102.508,52.5879,32.8973,19.6906,0.3744,0.9491,32.758
1,2048,4096,4096,900,0,108,0.47936,194.888,93.4214,143356.8,900,900,True,none,51,63.248,108,True,3861,1.851,27,194.29,195.424,ok,61.356,61.79,133.532,93.4215,64.0099,29.4116,0.3148,1.2364,63.8019
1,4096,8192,8192,900,0,108,3.08123,223.624,689.0369,178420.9,900,900,True,none,53,63.248,108,True,637,1.963,30,222.724,225.046,ok,61.356,61.79,162.268,689.037,499.985,189.0519,0.2744,1.5025,498.6478
2,4096,16384,16384,510,27,81,27.82513,138.157,3844.2364,79030.1,510,510,True,none,46,63.409,81,True,71,1.976,30,136.289,138.611,ok,57.602,60.923,80.555,3844.2365,2241.4533,1602.7831,0.4169,0.9945,2149.0461
2,2048,8192,8192,510,27,81,3.81332,128.142,488.6464,72083.6,510,510,True,none,46,63.409,81,True,515,1.964,30,127.606,128.74,ok,57.602,60.923,70.54,488.6465,268.9916,219.6549,0.4495,0.8709,256.3276
2,8192,4096,4096,510,27,81,3.741672,129.92,486.118,73463.9,510,510,True,none,46,63.409,81,True,527,1.972,29,129.33,130.196,ok,57.602,60.923,72.318,486.118,270.5902,215.5278,0.4434,0.8928,258.1641
2,8192,16384,16384,510,27,81,55.622201,137.423,7643.7698,79070.0,510,510,True,none,46,63.409,81,True,35,1.947,29,136.289,138.611,ok,57.602,60.923,79.821,7643.7697,4439.8197,3203.95,0.4192,0.9854,4255.0984
2,2048,4096,4096,510,27,81,1.129306,118.448,133.764,60851.1,510,510,True,none,45,63.409,81,True,1716,1.938,29,117.727,118.593,ok,57.602,60.923,60.846,133.764,68.7138,65.0503,0.4863,0.7512,64.9633
2,1024,8192,8192,510,27,81,2.001972,127.008,254.2665,68651.8,510,510,True,none,45,63.409,81,True,954,1.91,29,126.281,127.409,ok,57.602,60.923,69.406,254.2665,138.9489,115.3176,0.4535,0.8569,132.3003
2,1024,16384,16384,510,27,81,7.50566,129.33,970.707,73245.5,510,510,True,none,45,63.409,81,True,262,1.966,30,127.874,130.464,ok,57.602,60.923,71.728,970.707,538.366,432.341,0.4454,0.8855,513.4397
2,2048,16384,16384,510,27,81,14.411577,135.699,1955.6366,76293.6,510,510,True,none,46,63.409,81,True,137,1.974,30,132.925,136.163,ok,57.602,60.923,78.097,1955.6366,1125.5009,830.1357,0.4245,0.9642,1077.6401
2,4096,8192,8192,510,27,81,7.301505,131.92,963.2145,75293.5,510,510,True,none,46,63.409,81,True,270,1.971,30,131.054,133.108,ok,57.602,60.923,74.318,963.2145,542.6332,420.5813,0.4366,0.9175,518.385
2,4096,4096,4096,510,27,81,1.960313,127.008,248.9755,70110.7,510,510,True,none,45,63.409,81,True,981,1.923,29,126.418,127.409,ok,57.602,60.923,69.406,248.9754,136.0575,112.9179,0.4535,0.8569,129.5473
2,1024,4096,4096,510,27,81,0.585276,117.137,68.5575,58706.9,510,510,True,none,45,63.409,81,True,2986,1.748,25,117.137,117.259,ok,57.602,60.923,59.535,68.5575,34.8444,33.7131,0.4917,0.735,32.9007
2,8192,8192,8192,510,27,81,14.103855,135.101,1905.4449,77958.2,510,510,True,none,45,63.409,81,True,140,1.975,30,134.243,136.021,ok,57.602,60.923,77.499,1905.4449,1093.0347,812.4103,0.4264,0.9568,1046.1958
2,4096,8192,8192,510,94,14,43.352348,79.422,3443.1302,12681.1,510,510,True,none,42,62.703,14,True,45,1.951,29,79.154,79.505,ok,57.602,60.923,21.82,3443.1302,945.9482,2497.1819,0.7253,1.5586,801.9751
2,2048,8192,8192,510,94,14,21.675152,79.236,1717.4523,12681.7,510,510,True,none,41,62.703,14,True,91,1.972,30,78.968,79.505,ok,57.602,60.923,21.634,1717.4523,468.9202,1248.5321,0.727,1.5453,396.9371
2,1024,4096,4096,510,94,14,2.904146,73.996,214.8952,11831.3,510,510,True,none,41,62.703,14,True,665,1.931,29,73.919,74.319,ok,57.602,60.923,16.394,214.8952,47.6106,167.2846,0.7784,1.171,37.9659
2,2048,16384,16384,510,94,14,85.582156,80.012,6847.5995,12847.4,510,510,True,none,41,62.703,14,True,23,1.968,30,79.422,80.288,ok,57.602,60.923,22.41,6847.5995,1917.8961,4929.7033,0.7199,1.6007,1633.6778
2,8192,8192,8192,510,94,14,86.126456,79.154,6817.2535,12766.2,510,510,True,none,41,62.703,14,True,23,1.981,30,78.886,79.154,ok,57.602,60.923,21.552,6817.2535,1856.1974,4961.0561,0.7277,1.5394,1570.1714
2,2048,4096,4096,510,94,14,5.592439,73.919,413.3875,12287.9,510,510,True,none,40,62.703,14,True,356,1.991,30,73.651,73.919,ok,57.602,60.923,16.317,413.3875,91.2518,322.1357,0.7793,1.1655,72.6793
2,4096,16384,16384,510,94,14,170.049311,79.827,13574.5263,12931.7,510,510,True,none,40,62.703,14,True,11,1.871,28,79.505,80.096,ok,57.602,60.923,22.225,13574.5263,3779.3459,9795.1804,0.7216,1.5875,3214.6122
2,8192,16384,16384,510,94,14,340.027464,79.827,27143.3724,12934.4,510,510,True,none,40,62.703,14,True,5,1.7,24,79.422,79.827,ok,57.602,60.923,22.225,27143.3724,7557.1104,19586.262,0.7216,1.5875,6427.8792
2,1024,8192,8192,510,94,14,11.485281,73.996,849.8649,11966.5,510,510,True,none,40,62.703,14,True,172,1.975,30,73.996,74.319,ok,57.602,60.923,16.394,849.8649,188.2897,661.5752,0.7784,1.171,150.1471
2,1024,16384,16384,510,94,14,42.785437,78.968,3378.6804,12849.1,510,510,True,none,40,62.703,14,True,46,1.968,30,78.556,79.236,ok,57.602,60.923,21.366,3378.6804,914.1536,2464.5267,0.7294,1.5261,772.0632
2,8192,4096,4096,510,94,14,22.153651,74.319,1646.4372,12407.8,510,510,True,none,40,62.703,14,True,89,1.972,30,74.241,74.587,ok,57.602,60.923,16.717,1646.4372,370.3426,1276.0946,0.7751,1.1941,296.7703
2,4096,4096,4096,510,94,14,11.114742,74.319,826.0365,12365.5,510,510,True,none,40,62.703,14,True,178,1.978,30,73.996,74.319,ok,57.602,60.923,16.717,826.0365,185.8051,640.2314,0.7751,1.1941,148.8931
2,1024,16384,16384,510,81,27,22.470913,89.386,2008.5851,24465.2,510,510,True,none,40,61.79,27,True,88,1.977,30,88.159,89.655,ok,57.602,60.923,31.784,2008.585,714.2155,1294.3695,0.6444,1.1772,639.5896
2,4096,4096,4096,510,81,27,5.842081,84.745,495.0871,23525.7,510,510,True,none,40,61.79,27,True,336,1.963,30,84.146,85.013,ok,57.602,60.923,27.143,495.0872,158.5716,336.5155,0.6797,1.0053,139.1701
2,4096,16384,16384,510,81,27,87.259246,92.578,8078.2865,25201.0,510,510,True,none,40,61.79,27,True,22,1.92,29,91.615,92.9,ok,57.602,60.923,34.976,8078.2865,3051.9794,5026.3071,0.6222,1.2954,2762.1914
2,2048,8192,8192,510,81,27,11.385873,89.562,1019.7415,24142.0,510,510,True,none,40,61.79,27,True,173,1.97,30,89.118,89.891,ok,57.602,60.923,31.96,1019.7416,363.8925,655.8491,0.6432,1.1837,326.08
2,8192,16384,16384,510,81,27,174.319998,92.803,16177.4188,25229.7,510,510,True,none,40,61.79,27,True,11,1.918,29,91.443,92.9,ok,57.602,60.923,35.201,16177.4188,6136.2382,10041.1805,0.6207,1.3037,5557.3215
2,8192,4096,4096,510,81,27,11.378636,85.336,971.0073,24157.4,510,510,True,none,40,61.79,27,True,174,1.98,30,84.925,85.604,ok,57.602,60.923,27.734,971.0073,315.5751,655.4322,0.675,1.0272,277.7866
2,1024,8192,8192,510,81,27,6.028421,83.878,505.6519,22798.5,510,510,True,none,40,61.79,27,True,330,1.989,30,83.522,83.878,ok,57.602,60.923,26.276,505.6519,158.4028,347.2491,0.6867,0.9732,138.3824
2,2048,4096,4096,510,81,27,3.145397,83.019,261.1277,21847.6,510,510,True,none,40,61.79,27,True,640,2.013,31,82.603,83.287,ok,57.602,60.923,25.417,261.1277,79.9466,181.1812,0.6938,0.9414,69.5007
2,4096,8192,8192,510,81,27,22.22956,90.253,2006.2845,24730.8,510,510,True,none,40,61.79,27,True,89,1.978,30,89.891,90.576,ok,57.602,60.923,32.651,2006.2845,725.8174,1280.4671,0.6382,1.2093,651.993
2,2048,16384,16384,510,81,27,43.863848,92.385,4052.3616,25066.5,510,510,True,none,40,61.79,27,True,45,1.974,30,91.52,92.803,ok,57.602,60.923,34.783,4052.3616,1525.7162,2526.6454,0.6235,1.2883,1380.0444
2,8192,8192,8192,510,81,27,44.168359,90.481,3996.3973,24893.6,510,510,True,none,40,61.79,27,True,45,1.988,30,90.065,90.749,ok,57.602,60.923,32.879,3996.3973,1452.2115,2544.1858,0.6366,1.2177,1305.5284
2,1024,4096,4096,510,81,27,1.582247,82.334,130.2727,21715.8,510,510,True,none,40,61.79,27,True,1201,1.9,28,82.066,82.603,ok,57.602,60.923,24.732,130.2727,39.1321,91.1406,0.6996,0.916,33.8775
2,4096,4096,4096,510,54,54,2.99795,104.399,312.983,45844.3,510,510,True,none,41,61.726,54,True,647,1.94,29,103.968,105.155,ok,57.602,60.923,46.797,312.983,140.2951,172.6879,0.5517,0.8666,130.3389
2,2048,16384,16384,510,54,54,21.984727,113.68,2499.2237,50012.5,510,510,True,none,42,61.726,54,True,90,1.979,30,111.634,114.546,ok,57.602,60.923,56.078,2499.2238,1232.8595,1266.3642,0.5067,1.0385,1159.8482
2,8192,16384,16384,510,54,54,85.590278,115.412,9878.1452,51384.9,510,510,True,none,42,61.726,54,True,23,1.969,28,112.492,115.68,ok,57.602,60.923,57.81,9878.1452,4947.974,4930.1712,0.4991,1.0706,4663.7287
2,1024,8192,8192,510,54,54,3.052362,104.675,319.506,45027.1,510,510,True,none,42,61.726,54,True,640,1.954,29,104.077,105.265,ok,57.602,60.923,47.073,319.506,143.6838,175.8222,0.5503,0.8717,133.5469
2,8192,4096,4096,510,54,54,5.696547,107.587,612.8744,48253.4,510,510,True,none,42,61.726,54,True,343,1.954,29,106.989,108.124,ok,57.602,60.923,49.985,612.8744,284.7419,328.1325,0.5354,0.9256,265.8237
2,1024,4096,4096,510,54,54,0.867479,98.677,85.6002,39608.7,510,510,True,none,41,61.726,54,True,2162,1.875,28,98.409,99.276,ok,57.602,60.923,41.075,85.6002,35.6317,49.9685,0.5837,0.7606,32.7508
2,1024,16384,16384,510,54,54,11.57529,108.835,1259.7967,47493.9,510,510,True,none,42,61.726,54,True,170,1.968,30,107.101,110.293,ok,57.602,60.923,51.233,1259.7967,593.0368,666.7599,0.5293,0.9488,554.5953
2,4096,8192,8192,510,54,54,11.136479,111.482,1241.517,49365.3,510,510,True,none,42,61.726,54,True,177,1.971,30,110.178,111.75,ok,57.602,60.923,53.88,1241.517,600.0335,641.4835,0.5167,0.9978,563.0492
2,8192,8192,8192,510,54,54,21.700704,112.822,2448.3168,50667.1,510,510,True,none,42,61.726,54,True,91,1.975,30,112.224,113.358,ok,57.602,60.923,55.22,2448.3168,1198.3129,1250.004,0.5106,1.0226,1126.2448
2,2048,8192,8192,510,54,54,5.866293,109.312,641.2562,46857.2,510,510,True,none,42,61.726,54,True,334,1.959,29,107.968,110.615,ok,57.602,60.923,51.71,641.2562,303.346,337.9102,0.527,0.9576,283.8641
2,2048,4096,4096,510,54,54,1.511245,105.053,158.7608,45472.1,510,510,True,none,42,61.726,54,True,1305,1.972,30,104.784,105.375,ok,57.602,60.923,47.451,158.7608,71.7101,87.0507,0.5483,0.8787,66.6912
2,4096,16384,16384,510,54,54,42.821234,114.814,4916.4772,51353.6,510,510,True,none,42,61.726,54,True,46,1.97,30,113.09,115.801,ok,57.602,60.923,57.212,4916.4772,2449.8884,2466.5887,0.5017,1.0595,2307.6791
2,1024,16384,16384,510,0,108,5.364538,153.985,826.0584,102479.6,510,510,True,none,45,60.386,108,True,367,1.969,30,153.395,154.851,ok,57.602,59.466,96.383,826.0584,517.0503,309.0081,0.3741,0.8924,507.0508
2,8192,16384,16384,510,0,108,40.667112,158.032,6426.705,108147.5,510,510,True,none,46,60.386,108,True,48,1.952,29,157.442,158.3,ok,57.602,59.466,100.43,6426.705,4084.1981,2342.507,0.3645,0.9299,4008.3946
2,4096,16384,16384,510,0,108,20.352693,158.032,3216.3768,108045.8,510,510,True,none,46,60.386,108,True,97,1.974,30,157.867,158.464,ok,57.602,59.466,100.43,3216.3768,2044.021,1172.3558,0.3645,0.9299,2006.0835
2,1024,4096,4096,510,0,108,0.562941,119.459,67.2484,61036.1,510,510,True,none,44,60.386,108,True,3330,1.875,28,119.183,119.781,ok,57.602,59.466,61.857,67.2484,34.8218,32.4265,0.4822,0.5728,33.7725
2,2048,16384,16384,510,0,108,10.709102,153.503,1643.8793,102670.8,510,510,True,none,46,60.386,108,True,184,1.97,30,151.78,154.957,ok,57.602,59.466,95.901,1643.8793,1027.0136,616.8657,0.3752,0.888,1007.0518
2,4096,4096,4096,510,0,108,1.402765,151.78,212.9117,97977.2,510,510,True,none,46,60.386,108,True,1380,1.936,29,151.512,151.78,ok,57.602,59.466,94.178,212.9117,132.1096,80.8021,0.3795,0.872,129.4948
2,8192,4096,4096,510,0,108,2.786134,153.235,426.9333,98659.2,510,510,True,none,46,60.386,108,True,702,1.956,29,152.37,153.503,ok,57.602,59.466,95.633,426.9332,266.4464,160.4869,0.3759,0.8855,261.253
2,2048,4096,4096,510,0,108,0.842689,137.869,116.1807,81547.8,510,510,True,none,46,60.386,108,True,2257,1.902,28,133.237,141.054,ok,57.602,59.466,80.267,116.1807,67.6401,48.5406,0.4178,0.7432,66.0693
2,8192,8192,8192,510,0,108,10.321032,155.823,1608.2542,106531.2,510,510,True,none,47,60.386,108,True,191,1.971,30,155.555,157.867,ok,57.602,59.466,98.221,1608.2542,1013.7421,594.5121,0.3697,0.9095,994.5037
2,1024,8192,8192,510,0,108,1.435422,150.915,216.6268,95748.1,510,510,True,none,46,60.386,108,True,1347,1.934,29,150.326,150.915,ok,57.602,59.466,93.313,216.6267,133.9435,82.6832,0.3817,0.864,131.2679
2,4096,8192,8192,510,0,108,5.431367,151.183,821.1304,101218.7,510,510,True,none,47,60.386,108,True,363,1.972,30,150.805,152.529,ok,57.602,59.466,93.581,821.1304,508.2728,312.8576,0.381,0.8665,498.1487
2,2048,8192,8192,510,0,108,2.724265,150.915,411.1324,100899.9,510,510,True,none,47,60.386,108,True,718,1.956,29,150.326,151.512,ok,57.602,59.466,93.313,411.1325,254.2093,156.9231,0.3817,0.864,249.1313
2,4096,8192,8192,900,94,14,24.271428,94.528,2294.3296,22650.3,900,900,True,none,42,66.094,14,True,81,1.966,30,94.429,94.796,ok,61.356,64.437,33.172,2294.3295,805.1318,1489.1977,0.6491,2.3694,730.3515
2,8192,4096,4096,900,94,14,12.434001,87.837,1092.1653,22107.0,900,900,True,none,42,66.094,14,True,159,1.977,30,87.569,87.837,ok,61.356,64.437,26.481,1092.1653,329.2648,762.9006,0.6985,1.8915,290.9556
2,4096,4096,4096,900,94,14,6.291771,87.292,549.2213,21844.2,900,900,True,none,41,66.094,14,True,312,1.963,30,87.247,87.338,ok,61.356,64.437,25.936,549.2213,163.1834,386.0379,0.7029,1.8526,143.7984
2,1024,8192,8192,900,94,14,6.596349,86.471,570.3929,20835.6,900,900,True,none,41,66.094,14,True,298,1.966,30,86.203,86.471,ok,61.356,64.437,25.115,570.3929,165.6673,404.7256,0.7096,1.7939,145.344
2,2048,16384,16384,900,94,14,47.913177,96.084,4603.6897,22948.0,900,900,True,none,41,66.094,14,True,41,1.964,30,95.984,96.353,ok,61.356,64.437,34.728,4603.6897,1663.9288,2939.7609,0.6386,2.4806,1516.3083
2,1024,16384,16384,900,94,14,24.269207,94.626,2296.4979,22652.4,900,900,True,none,41,66.094,14,True,81,1.966,30,94.206,95.126,ok,61.356,64.437,33.27,2296.498,807.4365,1489.0615,0.6484,2.3764,732.6631
2,2048,8192,8192,900,94,14,12.280921,93.938,1153.6452,22382.5,900,900,True,none,41,66.094,14,True,161,1.977,30,93.437,94.304,ok,61.356,64.437,32.582,1153.6452,400.137,753.5082,0.6532,2.3273,362.2995
2,8192,16384,16384,900,94,14,191.447059,96.084,18394.9992,22972.7,900,900,True,none,41,66.094,14,True,10,1.914,29,95.493,96.084,ok,61.356,64.437,34.728,18394.9992,6648.5735,11746.4258,0.6386,2.4806,6058.7251
2,8192,8192,8192,900,94,14,48.510275,94.304,4574.713,22665.5,900,900,True,none,41,66.094,14,True,41,1.989,30,93.938,94.626,ok,61.356,64.437,32.948,4574.713,1598.3165,2976.3964,0.6506,2.3534,1448.8564
2,1024,4096,4096,900,94,14,1.638816,85.934,140.83,20966.2,900,900,True,none,41,66.094,14,True,1131,1.854,27,85.247,86.203,ok,61.356,64.437,24.578,140.83,40.2788,100.5512,0.714,1.7556,35.2296
2,2048,4096,4096,900,94,14,3.153355,86.023,271.261,21792.5,900,900,True,none,41,66.094,14,True,622,1.961,30,85.844,86.203,ok,61.356,64.437,24.667,271.2611,77.7838,193.4772,0.7133,1.7619,68.0683
2,4096,16384,16384,900,94,14,95.789536,95.762,9172.9976,22956.8,900,900,True,none,41,66.094,14,True,20,1.916,29,95.493,96.084,ok,61.356,64.437,34.406,9172.9975,3295.7348,5877.2628,0.6407,2.4576,3000.6072
2,1024,8192,8192,900,0,108,0.819095,222.402,182.1683,167793.7,900,900,True,none,48,62.703,108,True,2331,1.909,29,215.443,226.77,ok,61.356,61.79,161.046,182.1684,131.912,50.2564,0.2759,1.4912,131.5565
2,4096,16384,16384,900,0,108,11.535958,234.005,2699.4719,190623.4,900,900,True,none,51,62.703,108,True,172,1.984,30,233.729,234.595,ok,61.356,61.79,172.649,2699.4719,1991.6716,707.8002,0.2622,1.5986,1986.665
2,2048,8192,8192,900,0,108,1.545505,223.946,346.1097,177856.4,900,900,True,none,51,62.703,108,True,886,1.369,18,223.356,224.489,ok,61.356,61.79,162.59,346.1097,251.2837,94.826,0.274,1.5055,250.6129
2,1024,4096,4096,900,0,108,0.320456,164.55,52.7311,107221.3,900,900,True,none,48,62.703,108,True,5581,1.788,26,164.55,165.416,ok,61.356,61.79,103.194,52.731,33.0691,19.6619,0.3729,0.9555,32.9301
2,4096,8192,8192,900,0,108,3.080042,225.944,695.9171,178489.7,900,900,True,none,51,62.703,108,True,635,1.956,29,225.4,226.533,ok,61.356,61.79,164.588,695.917,506.938,188.9791,0.2716,1.524,505.6012
2,4096,4096,4096,900,0,108,0.796268,222.759,177.3759,172603.8,900,900,True,none,52,62.703,108,True,2372,1.889,28,221.634,224.811,ok,61.356,61.79,161.403,177.3759,128.52,48.8558,0.2754,1.4945,128.1745
2,2048,4096,4096,900,0,108,0.478983,197.54,94.6182,143469.7,900,900,True,none,51,62.703,108,True,3850,1.844,27,196.997,197.54,ok,61.356,61.79,136.184,94.6183,65.2298,29.3885,0.3106,1.261,65.0219
2,1024,16384,16384,900,0,108,3.041722,226.18,687.9766,180738.4,900,900,True,none,52,62.703,108,True,646,1.965,30,225.046,229.121,ok,61.356,61.79,164.824,687.9767,501.3488,186.6279,0.2713,1.5261,500.0287
2,8192,4096,4096,900,0,108,1.582188,222.133,351.4562,173732.7,900,900,True,none,52,62.703,108,True,1224,1.937,29,220.999,222.992,ok,61.356,61.79,160.777,351.4562,254.3794,97.0767,0.2762,1.4887,253.6928
2,8192,8192,8192,900,0,108,5.856043,231.414,1355.1704,187756.7,900,900,True,none,53,62.703,108,True,337,1.973,30,231.146,232.005,ok,61.356,61.79,170.058,1355.1703,995.867,359.3034,0.2651,1.5746,993.3254
2,8192,16384,16384,900,0,108,23.053453,232.871,5368.4807,190776.0,900,900,True,none,54,62.703,108,True,86,1.983,28,232.273,233.139,ok,61.356,61.79,171.515,5368.4807,3954.013,1414.4677,0.2635,1.5881,3944.0078
2,2048,16384,16384,900,0,108,6.072313,225.079,1366.7502,181069.6,900,900,True,none,53,62.703,108,True,324,1.967,30,222.759,226.265,ok,61.356,61.79,163.723,1366.7501,994.1773,372.5728,0.2726,1.516,991.5419
2,8192,4096,4096,900,27,81,2.120617,185.009,392.3332,129621.7,900,900,True,none,49,67.156,81,True,915,1.94,29,184.151,185.875,ok,61.356,64.437,123.653,392.3332,262.2207,130.1126,0.3316,1.5266,255.687
2,4096,8192,8192,900,27,81,4.135528,190.512,787.8678,132934.8,900,900,True,none,49,67.156,81,True,474,1.96,30,186.741,191.7,ok,61.356,64.437,129.156,787.8677,534.1283,253.7395,0.3221,1.5945,521.3867
2,8192,16384,16384,900,27,81,31.53035,197.747,6235.0322,139486.1,900,900,True,none,50,67.156,81,True,63,1.986,30,196.014,199.203,ok,61.356,64.437,136.391,6235.0321,4300.456,1934.5762,0.3103,1.6838,4203.311
2,1024,16384,16384,900,27,81,4.256354,184.151,783.8119,129161.2,900,900,True,none,49,67.156,81,True,460,1.958,29,182.694,186.465,ok,61.356,64.437,122.795,783.8118,522.659,261.1529,0.3332,1.516,509.5452
2,1024,8192,8192,900,27,81,1.144197,179.506,205.3903,120118.2,900,900,True,none,49,67.156,81,True,1681,1.923,29,178.916,180.104,ok,61.356,64.437,118.15,205.3902,135.1869,70.2034,0.3418,1.4586,131.6616
2,2048,8192,8192,900,27,81,2.162853,182.419,394.5456,127090.4,900,900,True,none,49,67.156,81,True,900,1.947,29,181.828,182.963,ok,61.356,64.437,121.063,394.5455,261.8415,132.704,0.3363,1.4946,255.1777
2,2048,16384,16384,900,27,81,8.156636,193.432,1577.7544,134799.6,900,900,True,none,50,67.156,81,True,242,1.974,30,191.378,194.888,ok,61.356,64.437,132.076,1577.7544,1077.2959,500.4586,0.3172,1.6306,1052.1653
2,2048,4096,4096,900,27,81,0.642229,164.4,105.5825,107001.5,900,900,True,none,49,67.156,81,True,2826,1.815,27,163.534,165.588,ok,61.356,64.437,103.044,105.5824,66.1778,39.4046,0.3732,1.2721,64.1991
2,4096,4096,4096,900,27,81,1.115101,180.238,200.9835,123252.5,900,900,True,none,49,67.156,81,True,1709,1.906,28,179.506,180.962,ok,61.356,64.437,118.882,200.9836,132.5654,68.4181,0.3404,1.4677,129.1298
2,1024,4096,4096,900,27,81,0.331844,162.944,54.072,103541.8,900,900,True,none,49,67.156,81,True,5581,1.852,27,162.408,163.266,ok,61.356,64.437,101.588,54.072,33.7114,20.3606,0.3765,1.2542,32.689
2,8192,8192,8192,900,27,81,7.996169,195.746,1565.2181,137504.8,900,900,True,none,50,67.156,81,True,246,1.967,30,194.558,196.612,ok,61.356,64.437,134.39,1565.2181,1074.6052,490.6129,0.3134,1.6591,1049.969
2,4096,16384,16384,900,27,81,15.772848,199.203,3141.9986,139418.3,900,900,True,none,50,67.156,81,True,125,1.972,30,197.747,200.061,ok,61.356,64.437,137.847,3141.9986,2174.2398,967.7589,0.308,1.7018,2125.6436
2,1024,8192,8192,900,81,27,3.409609,104.077,354.8619,40309.3,900,900,True,none,44,67.03,27,True,452,1.541,21,103.487,104.399,ok,61.356,64.437,42.721,354.8619,145.6619,209.2,0.5895,1.5823,135.1569
2,2048,16384,16384,900,81,27,24.868684,117.927,2932.6893,44212.7,900,900,True,none,45,67.03,27,True,79,1.965,30,117.137,118.448,ok,61.356,64.437,56.571,2932.6893,1406.8463,1525.843,0.5203,2.0952,1330.2259
2,1024,4096,4096,900,81,27,0.889212,101.763,90.4889,38640.7,900,900,True,none,44,67.03,27,True,2091,1.859,28,101.487,102.191,ok,61.356,64.437,40.407,90.4889,35.9304,54.5585,0.6029,1.4966,33.1907
2,2048,8192,8192,900,81,27,6.466848,113.09,731.3359,42505.7,900,900,True,none,44,67.03,27,True,306,1.979,30,112.492,113.68,ok,61.356,64.437,51.734,731.3358,334.5559,396.7799,0.5425,1.9161,314.6316
2,8192,8192,8192,900,81,27,24.881841,115.136,2864.7956,44189.3,900,900,True,none,44,67.03,27,True,79,1.966,30,114.224,115.256,ok,61.356,64.437,53.78,2864.7956,1338.1454,1526.6502,0.5329,1.9919,1261.4845
2,1024,16384,16384,900,81,27,12.734003,112.61,1433.9761,43172.3,900,900,True,none,44,67.03,27,True,155,1.974,30,111.152,113.477,ok,61.356,64.437,51.254,1433.9761,652.6686,781.3075,0.5449,1.8983,613.4351
2,4096,8192,8192,900,81,27,12.594108,114.546,1442.6047,43651.8,900,900,True,none,44,67.03,27,True,157,1.977,30,114.224,114.934,ok,61.356,64.437,53.19,1442.6047,669.8806,772.7241,0.5356,1.97,631.0782
2,4096,4096,4096,900,81,27,3.320757,105.053,348.8555,41387.8,900,900,True,none,43,67.03,27,True,589,1.956,29,103.917,105.643,ok,61.356,64.437,43.697,348.8555,145.1071,203.7484,0.584,1.6184,134.8759
2,4096,16384,16384,900,81,27,49.110953,118.003,5795.2398,44776.6,900,900,True,none,43,67.03,27,True,40,1.964,30,117.727,118.448,ok,61.356,64.437,56.647,5795.2398,2781.9882,3013.2516,0.52,2.098,2630.6773
2,2048,4096,4096,900,81,27,1.740169,102.943,179.1382,39490.1,900,900,True,none,43,67.03,27,True,1145,1.992,30,102.084,103.326,ok,61.356,64.437,41.587,179.1382,72.3684,106.7698,0.596,1.5403,67.0069
2,8192,16384,16384,900,81,27,98.222122,117.865,11576.9504,44776.5,900,900,True,none,43,67.03,27,True,20,1.964,30,116.539,118.448,ok,61.356,64.437,56.509,11576.9504,5550.4339,6026.5165,0.5206,2.0929,5247.8115
2,8192,4096,4096,900,81,27,6.466748,105.809,684.2401,42506.4,900,900,True,none,43,67.03,27,True,301,1.946,29,105.533,106.131,ok,61.356,64.437,44.453,684.2401,287.4663,396.7738,0.5799,1.6464,267.5423
2,2048,16384,16384,900,54,54,12.393151,156.307,1937.1362,88719.3,900,900,True,none,45,66.094,54,True,158,1.958,29,154.253,157.173,ok,61.356,64.437,94.951,1937.1363,1176.7421,760.3942,0.3925,1.7584,1138.5588
2,1024,8192,8192,900,54,54,1.72843,141.657,244.8443,79516.6,900,900,True,none,45,66.094,54,True,1147,1.983,30,140.657,142.208,ok,61.356,64.437,80.301,244.8442,138.7947,106.0496,0.4331,1.4871,133.4694
2,4096,4096,4096,900,54,54,1.697321,142.06,241.1214,80974.0,900,900,True,none,45,66.094,54,True,1121,1.903,28,140.933,143.129,ok,61.356,64.437,80.704,241.1214,136.9806,104.1408,0.4319,1.4945,131.7511
2,8192,4096,4096,900,54,54,3.218512,146.704,472.1686,85405.3,900,900,True,none,46,66.094,54,True,611,1.967,30,146.16,147.624,ok,61.356,64.437,85.348,472.1686,274.6936,197.475,0.4182,1.5805,264.7773
2,1024,16384,16384,900,54,54,6.525257,149.026,972.4329,84250.4,900,900,True,none,46,66.094,54,True,299,1.951,29,146.704,150.805,ok,61.356,64.437,87.67,972.4329,572.0693,400.3637,0.4117,1.6235,551.965
2,4096,8192,8192,900,54,54,6.278332,152.529,957.6276,87564.0,900,900,True,none,46,66.094,54,True,314,1.971,30,152.261,153.127,ok,61.356,64.437,91.173,957.6277,572.4144,385.2133,0.4023,1.6884,553.0708
2,8192,8192,8192,900,54,54,12.289205,155.717,1913.6381,89469.7,900,900,True,none,46,66.094,54,True,160,1.966,30,155.119,155.985,ok,61.356,64.437,94.361,1913.6381,1159.6217,754.0165,0.394,1.7474,1121.7586
2,4096,16384,16384,900,54,54,24.25037,158.763,3850.0615,90680.0,900,900,True,none,46,66.094,54,True,81,1.964,30,157.442,160.086,ok,61.356,64.437,97.407,3850.0615,2362.1558,1487.9057,0.3865,1.8038,2287.4404
2,1024,4096,4096,900,54,54,0.497998,131.514,65.4937,68995.7,900,900,True,none,45,66.094,54,True,3804,1.894,28,130.464,132.242,ok,61.356,64.437,70.158,65.4937,34.9385,30.5552,0.4665,1.2992,33.4042
2,2048,8192,8192,900,54,54,3.307657,148.871,492.4142,83103.5,900,900,True,none,46,66.094,54,True,595,1.968,30,145.418,152.37,ok,61.356,64.437,87.515,492.4142,289.4696,202.9446,0.4121,1.6206,279.2787
2,2048,4096,4096,900,54,54,0.853531,142.67,121.7732,80512.0,900,900,True,none,46,66.094,54,True,2183,1.863,28,140.786,143.374,ok,61.356,64.437,81.314,121.7733,69.404,52.3692,0.4301,1.5058,66.7743
2,8192,16384,16384,900,54,54,48.240028,157.867,7615.5084,91170.1,900,900,True,none,46,66.094,54,True,41,1.978,30,156.734,159.919,ok,61.356,64.437,96.511,7615.5085,4655.6933,2959.8152,0.3887,1.7872,4507.0658
2,8192,16384,16384,1200,81,27,73.259438,158.135,11584.8812,60033.9,1200,1200,True,none,45,75.107,27,True,27,1.978,30,155.823,159.053,ok,69.659,73.091,88.476,11584.8812,6481.702,5103.1792,0.4405,3.2769,6230.2756
2,4096,16384,16384,1200,81,27,36.868818,157.599,5810.4889,59644.5,1200,1200,True,none,46,75.107,27,True,54,1.991,30,156.144,159.053,ok,69.659,73.091,87.94,5810.4888,3242.2439,2568.245,0.442,3.257,3115.7101
2,4096,4096,4096,1200,81,27,2.469634,140.336,346.5786,55651.5,1200,1200,True,none,45,75.107,27,True,793,1.958,29,139.056,142.241,ok,69.659,73.091,70.677,346.5786,174.5463,172.0322,0.4964,2.6177,166.0705
2,1024,8192,8192,1200,81,27,2.546782,137.155,349.3039,53965.7,1200,1200,True,none,45,75.107,27,True,750,1.91,29,136.557,137.745,ok,69.659,73.091,67.496,349.3039,171.8976,177.4063,0.5079,2.4999,163.157
2,2048,4096,4096,1200,81,27,1.31091,136.021,178.3113,52421.2,1200,1200,True,none,45,75.107,27,True,1489,1.952,29,135.699,136.289,ok,69.659,73.091,66.362,178.3113,86.9946,91.3167,0.5121,2.4579,82.4956
2,8192,4096,4096,1200,81,27,4.823628,141.792,683.9519,56985.7,1200,1200,True,none,45,75.107,27,True,408,1.968,30,141.523,142.06,ok,69.659,73.091,72.133,683.9519,347.9428,336.0091,0.4913,2.6716,331.3881
2,8192,8192,8192,1200,81,27,18.666662,152.957,2855.1966,58902.4,1200,1200,True,none,46,75.107,27,True,106,1.979,30,152.529,153.395,ok,69.659,73.091,83.298,2855.1966,1554.8956,1300.301,0.4554,3.0851,1490.8316
2,2048,16384,16384,1200,81,27,18.54966,156.897,2910.386,59273.9,1200,1200,True,none,46,75.107,27,True,107,1.985,30,156.307,157.763,ok,69.659,73.091,87.238,2910.386,1618.2352,1292.1508,0.444,3.231,1554.5728
2,2048,8192,8192,1200,81,27,4.833115,150.856,729.1044,56873.9,1200,1200,True,none,46,75.107,27,True,410,1.982,30,149.938,152.261,ok,69.659,73.091,81.197,729.1044,392.4344,336.67,0.4618,3.0073,375.8472
2,4096,8192,8192,1200,81,27,9.439177,152.529,1439.7482,58241.9,1200,1200,True,none,46,75.107,27,True,210,1.982,30,151.341,153.287,ok,69.659,73.091,82.87,1439.7482,782.2246,657.5236,0.4567,3.0693,749.8293
2,1024,4096,4096,1200,81,27,0.662659,133.967,88.7745,51851.3,1200,1200,True,none,45,75.107,27,True,3146,2.085,32,133.377,134.383,ok,69.659,73.091,64.308,88.7744,42.6143,46.1602,0.52,2.3818,40.34
2,1024,16384,16384,1200,81,27,9.524618,149.938,1428.1022,57719.5,1200,1200,True,none,46,75.107,27,True,208,1.981,30,147.624,150.805,ok,69.659,73.091,80.279,1428.1022,764.6268,663.4754,0.4646,2.9733,731.9383
2,1024,8192,8192,1200,0,108,0.618199,335.195,207.2172,222321.5,1200,1200,True,none,56,71.007,108,True,2998,1.853,27,333.143,336.65,ok,69.659,68.219,265.536,207.2172,164.1541,43.0631,0.2078,2.4587,165.0443
2,4096,4096,4096,1200,0,108,0.598948,339.237,203.1853,229467.3,1200,1200,True,none,59,71.007,108,True,3068,1.838,27,338.648,339.505,ok,69.659,68.219,269.578,203.1853,161.4632,41.7221,0.2053,2.4961,162.3257
2,2048,4096,4096,1200,0,108,0.360312,295.468,106.4607,190722.2,1200,1200,True,none,57,71.007,108,True,5029,1.812,27,295.2,296.065,ok,69.659,68.219,225.809,106.4607,81.3617,25.099,0.2358,2.0908,81.8805
2,4096,8192,8192,1200,0,108,2.313251,347.644,804.1879,237655.0,1200,1200,True,none,60,71.007,108,True,844,1.952,29,345.921,348.509,ok,69.659,68.219,277.985,804.1878,643.0491,161.1388,0.2004,2.5739,646.3802
2,2048,8192,8192,1200,0,108,1.161262,345.921,401.7049,236706.2,1200,1200,True,none,61,71.007,108,True,1659,1.927,29,345.332,346.189,ok,69.659,68.219,276.262,401.7049,320.8126,80.8923,0.2014,2.558,322.4848
2,8192,16384,16384,1200,0,108,17.300224,365.919,6330.4808,254219.0,1200,1200,True,none,63,71.007,108,True,114,1.972,30,364.732,366.454,ok,69.659,68.219,296.26,6330.4807,5125.3644,1205.1163,0.1904,2.7431,5150.2767
2,1024,4096,4096,1200,0,108,0.241027,244.198,58.8584,142555.4,1200,1200,True,none,57,71.007,108,True,7218,1.74,25,243.608,245.064,ok,69.659,68.219,174.539,58.8583,42.0686,16.7897,0.2853,1.6161,42.4157
2,8192,4096,4096,1200,0,108,1.188389,347.054,412.4352,231303.0,1200,1200,True,none,62,71.007,108,True,1610,1.913,29,345.332,348.241,ok,69.659,68.219,277.395,412.4352,329.6532,82.782,0.2007,2.5685,331.3644
2,2048,16384,16384,1200,0,108,4.556682,352.283,1605.2415,241296.6,1200,1200,True,none,63,71.007,108,True,424,1.932,29,349.695,354.006,ok,69.659,68.219,282.624,1605.2416,1287.8277,317.4139,0.1977,2.6169,1294.3893
2,8192,8192,8192,1200,0,108,4.396542,366.186,1609.9522,250085.5,1200,1200,True,none,64,71.007,108,True,448,1.97,30,365.536,366.454,ok,69.659,68.219,296.527,1609.9521,1303.6934,306.2587,0.1902,2.7456,1310.0244
2,1024,16384,16384,1200,0,108,2.283694,355.728,812.374,240730.9,1200,1200,True,none,64,71.007,108,True,851,1.943,29,354.5,356.326,ok,69.659,68.219,286.069,812.3739,653.2941,159.0798,0.1958,2.6488,656.5826
2,4096,16384,16384,1200,0,108,8.660779,368.71,3193.3158,253905.9,1200,1200,True,none,65,71.007,108,True,228,1.975,30,368.121,369.096,ok,69.659,68.219,299.051,3193.3158,2590.0146,603.3012,0.1889,2.769,2602.4861
2,1024,4096,4096,1200,54,54,0.365134,186.465,68.0847,94101.7,1200,1200,True,none,53,79.422,54,True,4725,1.725,25,185.607,187.331,ok,69.659,72.539,116.806,68.0847,42.6498,25.4349,0.3736,2.1631,41.5983
2,4096,4096,4096,1200,54,54,1.266115,203.839,258.0835,108551.7,1200,1200,True,none,54,79.422,54,True,1530,1.937,29,202.172,204.813,ok,69.659,72.539,134.18,258.0836,169.8873,88.1963,0.3417,2.4848,166.2409
2,4096,16384,16384,1200,54,54,18.094749,229.478,4152.3468,121528.3,1200,1200,True,none,54,79.422,54,True,109,1.972,30,228.585,231.762,ok,69.659,72.539,159.819,4152.3468,2891.8847,1260.4621,0.3036,2.9596,2839.7718
2,2048,8192,8192,1200,54,54,2.472018,213.22,527.0838,111195.7,1200,1200,True,none,54,79.422,54,True,775,1.916,29,204.813,219.582,ok,69.659,72.539,143.561,527.0837,354.8854,172.1983,0.3267,2.6585,347.766
2,8192,16384,16384,1200,54,54,36.03121,231.173,8329.443,122062.1,1200,1200,True,none,54,79.422,54,True,55,1.982,30,228.853,233.139,ok,69.659,72.539,161.514,8329.4429,5819.5449,2509.8981,0.3013,2.991,5715.775
2,4096,8192,8192,1200,54,54,4.690864,219.811,1031.1036,117197.1,1200,1200,True,none,54,79.422,54,True,421,1.975,30,218.623,220.999,ok,69.659,72.539,150.152,1031.1035,704.3426,326.7609,0.3169,2.7806,690.8329
2,1024,8192,8192,1200,54,54,1.294844,202.115,261.7075,106143.2,1200,1200,True,none,53,79.422,54,True,1491,1.931,29,200.981,202.494,ok,69.659,72.539,132.456,261.7074,171.5099,90.1975,0.3447,2.4529,167.7807
2,8192,4096,4096,1200,54,54,2.405314,209.672,504.327,114279.4,1200,1200,True,none,54,79.422,54,True,805,1.936,29,209.074,211.128,ok,69.659,72.539,140.013,504.327,336.7752,167.5518,0.3322,2.5928,329.8479
2,2048,16384,16384,1200,54,54,9.255949,223.624,2069.8523,118789.7,1200,1200,True,none,54,79.422,54,True,213,1.972,30,221.036,225.079,ok,69.659,72.539,153.965,2069.8523,1425.0922,644.7602,0.3115,2.8512,1398.4351
2,8192,8192,8192,1200,54,54,9.175671,223.59,2051.5882,119829.0,1200,1200,True,none,54,79.422,54,True,216,1.982,30,221.902,224.489,ok,69.659,72.539,153.931,2051.5883,1412.4202,639.1681,0.3115,2.8506,1385.9943
2,1024,16384,16384,1200,54,54,4.873836,212.584,1036.0996,112797.4,1200,1200,True,none,54,79.422,54,True,401,1.954,29,209.672,214.95,ok,69.659,72.539,142.925,1036.0996,696.593,339.5065,0.3277,2.6468,682.5564
2,2048,4096,4096,1200,54,54,0.638078,203.091,129.588,107697.5,1200,1200,True,none,53,79.422,54,True,3070,1.959,30,202.705,203.839,ok,69.659,72.539,133.432,129.5879,85.14,44.4479,0.343,2.471,83.3024
2,8192,16384,16384,1200,27,81,23.600968,296.199,6990.5832,186350.3,1200,1200,True,none,57,77.503,81,True,84,1.982,30,293.745,297.788,ok,69.659,72.861,226.54,6990.5831,5346.5633,1644.0198,0.2352,2.7968,5270.993
2,1024,4096,4096,1200,27,81,0.249083,238.373,59.3748,137944.7,1200,1200,True,none,55,77.503,81,True,7198,1.793,26,238.105,238.714,ok,69.659,72.861,168.714,59.3747,42.0238,17.3509,0.2922,2.0829,41.2262
2,4096,4096,4096,1200,27,81,0.838931,265.64,222.8535,163826.4,1200,1200,True,none,57,77.503,81,True,2234,1.874,28,259.255,272.89,ok,69.659,72.861,195.981,222.8536,164.4145,58.4391,0.2622,2.4195,161.7283
2,2048,4096,4096,1200,27,81,0.482249,241.899,116.6557,142497.8,1200,1200,True,none,56,77.503,81,True,3739,1.803,26,240.712,242.488,ok,69.659,72.861,172.24,116.6556,83.0626,33.593,0.288,2.1264,81.5184
2,4096,8192,8192,1200,27,81,3.099555,284.474,881.7427,177366.1,1200,1200,True,none,58,77.503,81,True,631,1.956,29,282.43,285.339,ok,69.659,72.861,214.815,881.7428,665.8309,215.9119,0.2449,2.652,655.9061
2,1024,16384,16384,1200,27,81,3.193177,275.478,879.65,172165.8,1200,1200,True,none,58,77.503,81,True,617,1.97,30,272.293,277.522,ok,69.659,72.861,205.819,879.65,657.2165,222.4335,0.2529,2.541,646.9919
2,1024,8192,8192,1200,27,81,0.86363,267.118,230.6911,159141.0,1200,1200,True,none,57,77.503,81,True,2150,1.857,27,263.022,269.129,ok,69.659,72.861,197.459,230.6911,170.5315,60.1596,0.2608,2.4378,167.7662
2,2048,16384,16384,1200,27,81,6.111901,289.542,1769.6519,179896.8,1200,1200,True,none,58,77.503,81,True,322,1.968,30,288.516,292.023,ok,69.659,72.861,219.883,1769.652,1343.9031,425.7489,0.2406,2.7146,1324.3328
2,4096,16384,16384,1200,27,81,11.831423,298.385,3530.3193,185862.9,1200,1200,True,none,59,77.503,81,True,167,1.976,30,296.655,300.429,ok,69.659,72.861,228.726,3530.3192,2706.1541,824.1651,0.2335,2.8238,2668.2698
2,8192,8192,8192,1200,27,81,5.998355,294.932,1769.1068,183302.2,1200,1200,True,none,59,77.503,81,True,329,1.973,30,294.013,295.797,ok,69.659,72.861,225.273,1769.1068,1351.2674,417.8394,0.2362,2.7811,1332.0607
2,8192,4096,4096,1200,27,81,1.590742,279.574,444.7302,172798.5,1200,1200,True,none,59,77.503,81,True,1228,1.953,29,278.12,281.565,ok,69.659,72.861,209.915,444.7301,333.9206,110.8095,0.2492,2.5915,328.8271
2,2048,8192,8192,1200,27,81,1.623638,271.757,441.2351,169297.5,1200,1200,True,none,59,77.503,81,True,1199,1.947,29,268.848,276.389,ok,69.659,72.861,202.098,441.235,328.134,113.101,0.2563,2.495,322.9351
2,1024,16384,16384,1200,94,14,18.081699,121.938,2204.8462,30404.0,1200,1200,True,none,49,78.886,14,True,110,1.989,30,121.773,122.639,ok,69.659,73.13,52.279,2204.8462,945.2931,1259.5531,0.5713,3.7342,882.5316
2,8192,16384,16384,1200,94,14,143.100067,123.229,17634.0781,30734.1,1200,1200,True,none,48,78.886,14,True,13,1.86,28,122.961,123.827,ok,69.659,73.13,53.57,17634.0782,7665.8706,9968.2076,0.5653,3.8264,7169.1703
2,8192,8192,8192,1200,94,14,36.329567,120.915,4392.7897,30264.9,1200,1200,True,none,47,78.886,14,True,54,1.962,30,120.317,121.183,ok,69.659,73.13,51.256,4392.7896,1862.1083,2530.6813,0.5761,3.6611,1736.0084
2,4096,16384,16384,1200,94,14,71.735597,122.833,8811.4986,30654.6,1200,1200,True,none,47,78.886,14,True,27,1.937,29,122.243,123.101,ok,69.659,73.13,53.174,8811.4986,3814.4686,4997.03,0.5671,3.7981,3565.4744
2,2048,16384,16384,1200,94,14,35.99829,122.243,4400.5389,30543.4,1200,1200,True,none,47,78.886,14,True,55,1.98,30,121.646,122.639,ok,69.659,73.13,52.584,4400.539,1892.9341,2507.6049,0.5698,3.756,1767.984
2,2048,4096,4096,1200,94,14,2.384694,108.93,259.7648,28816.9,1200,1200,True,none,46,78.886,14,True,817,1.948,29,108.608,109.043,ok,69.659,73.13,39.271,259.7647,93.6493,166.1154,0.6395,2.8051,85.372
2,4096,4096,4096,1200,94,14,4.68783,110.178,516.4958,29318.2,1200,1200,True,none,46,78.886,14,True,416,1.95,29,109.795,110.5,ok,69.659,73.13,40.519,516.4957,189.9462,326.5495,0.6322,2.8942,173.6747
2,1024,4096,4096,1200,94,14,1.211418,108.446,131.3734,28363.2,1200,1200,True,none,45,78.886,14,True,1510,1.829,27,107.855,108.559,ok,69.659,73.13,38.787,131.3734,46.9873,84.3862,0.6423,2.7705,42.7824
2,1024,8192,8192,1200,94,14,4.953831,108.124,535.6281,27744.0,1200,1200,True,none,45,78.886,14,True,394,1.952,29,107.587,109.312,ok,69.659,73.13,38.465,535.628,190.5491,345.0789,0.6443,2.7475,173.3544
2,4096,8192,8192,1200,94,14,18.232016,119.307,2175.2071,30153.3,1200,1200,True,none,45,78.886,14,True,108,1.969,30,118.861,119.459,ok,69.659,73.13,49.648,2175.2071,905.1831,1270.024,0.5839,3.5463,841.8998
2,8192,4096,4096,1200,94,14,9.326144,109.58,1021.9589,29473.9,1200,1200,True,none,45,78.886,14,True,211,1.968,30,109.312,110.024,ok,69.659,73.13,39.921,1021.9589,372.309,649.6499,0.6357,2.8515,339.9379
2,2048,8192,8192,1200,94,14,9.164505,118.861,1089.3022,29993.8,1200,1200,True,none,45,78.886,14,True,215,1.97,30,118.593,119.183,ok,69.659,73.13,49.202,1089.3022,450.912,638.3903,0.5861,3.5144,419.102
2,4096,4096,4096,300,54,54,5.072259,87.247,442.5394,27096.2,300,300,True,none,43,61.79,54,True,386,1.958,29,86.471,87.66,ok,56.366,59.788,30.881,442.5394,156.6364,285.903,0.6461,0.5719,139.2792
2,8192,4096,4096,300,54,54,9.629047,88.796,855.0208,28546.7,300,300,True,none,43,61.79,54,True,205,1.974,30,88.527,89.118,ok,56.366,59.788,32.43,855.0209,312.27,542.7509,0.6348,0.6006,279.3194
2,4096,8192,8192,300,54,54,18.822962,91.347,1719.4211,29206.7,300,300,True,none,43,61.79,54,True,105,1.976,30,90.481,91.711,ok,56.366,59.788,34.981,1719.4211,658.446,1060.9751,0.6171,0.6478,594.0339
2,1024,8192,8192,300,54,54,5.143006,86.979,447.3335,26723.5,300,300,True,none,42,61.79,54,True,382,1.965,30,86.703,87.66,ok,56.366,59.788,30.613,447.3335,157.4428,289.8907,0.648,0.5669,139.8435
2,1024,4096,4096,300,54,54,1.441832,84.146,121.3244,23830.6,300,300,True,none,42,61.79,54,True,1343,1.936,29,83.791,84.476,ok,56.366,59.788,27.78,121.3244,40.0541,81.2703,0.6699,0.5144,35.1201
2,2048,4096,4096,300,54,54,2.549793,87.159,222.2374,26951.0,300,300,True,none,42,61.79,54,True,773,1.971,30,86.703,87.66,ok,56.366,59.788,30.793,222.2374,78.5158,143.7216,0.6467,0.5702,69.7904
2,4096,16384,16384,300,54,54,72.704087,93.34,6786.1995,30246.2,300,300,True,none,42,61.79,54,True,27,1.963,30,91.884,93.938,ok,56.366,59.788,36.974,6786.1995,2688.1609,4098.0386,0.6039,0.6847,2439.3675
2,2048,8192,8192,300,54,54,9.911495,89.293,885.0271,27733.2,300,300,True,none,42,61.79,54,True,198,1.962,30,88.796,90.749,ok,56.366,59.788,32.927,885.0271,326.3558,558.6713,0.6312,0.6098,292.4387
2,1024,16384,16384,300,54,54,19.573157,89.293,1747.7459,28087.2,300,300,True,none,42,61.79,54,True,101,1.977,30,87.66,90.844,ok,56.366,59.788,32.927,1747.7459,644.4853,1103.2606,0.6312,0.6098,577.506
2,8192,16384,16384,300,54,54,144.78443,93.072,13475.3765,30376.5,300,300,True,none,42,61.79,54,True,13,1.882,28,91.443,93.767,ok,56.366,59.788,36.706,13475.3765,5314.4573,8160.9192,0.6056,0.6797,4819.005
2,8192,8192,8192,300,54,54,36.813255,91.529,3369.4804,29867.3,300,300,True,none,42,61.79,54,True,54,1.988,30,90.749,91.98,ok,56.366,59.788,35.163,3369.4804,1294.4645,2075.0159,0.6158,0.6512,1168.4895
2,2048,16384,16384,300,54,54,37.170889,92.254,3429.1632,29579.9,300,300,True,none,42,61.79,54,True,53,1.97,30,90.159,93.169,ok,56.366,59.788,35.888,3429.1632,1333.9889,2095.1743,0.611,0.6646,1206.7901
2,1024,4096,4096,300,0,108,0.952372,94.528,90.0258,36078.1,300,300,True,none,42,60.064,108,True,1985,1.89,28,94.108,95.294,ok,56.366,58.929,38.162,90.0258,36.3444,53.6814,0.5963,0.3534,33.9035
2,4096,4096,4096,300,0,108,2.378639,113.24,269.3571,57780.5,300,300,True,none,43,60.064,108,True,820,1.95,29,112.704,113.358,ok,56.366,58.929,56.874,269.3571,135.2827,134.0744,0.4978,0.5266,129.1863
2,4096,16384,16384,300,0,108,34.583574,116.746,4037.4939,63585.8,300,300,True,none,43,60.064,108,True,57,1.971,30,116.417,117.014,ok,56.366,58.929,60.38,4037.4939,2088.1562,1949.3377,0.4828,0.5591,1999.5185
2,4096,8192,8192,300,0,108,9.224426,113.837,1050.081,59597.8,300,300,True,none,43,60.064,108,True,214,1.974,30,113.24,115.016,ok,56.366,58.929,57.471,1050.081,530.137,519.944,0.4951,0.5321,506.4948
2,2048,8192,8192,300,0,108,4.624711,113.561,525.1868,59436.8,300,300,True,none,43,60.064,108,True,426,1.97,30,113.09,113.956,ok,56.366,58.929,57.195,525.1868,264.5103,260.6765,0.4963,0.5296,252.6572
2,8192,8192,8192,300,0,108,17.532064,116.746,2046.7983,62714.3,300,300,True,none,44,60.064,108,True,113,1.981,30,116.417,116.868,ok,56.366,58.929,60.38,2046.7983,1058.586,988.2123,0.4828,0.5591,1013.6513
2,2048,16384,16384,300,0,108,18.196233,114.427,2082.1404,60425.2,300,300,True,none,44,60.064,108,True,109,1.983,30,112.375,115.56,ok,56.366,58.929,58.061,2082.1404,1056.4915,1025.6489,0.4926,0.5376,1009.8545
2,1024,16384,16384,300,0,108,9.113673,115.56,1053.176,60322.1,300,300,True,none,44,60.064,108,True,217,1.978,30,114.695,115.881,ok,56.366,58.929,59.194,1053.1761,539.4748,513.7013,0.4878,0.5481,516.1164
2,1024,8192,8192,300,0,108,2.424229,114.105,276.6166,56693.9,300,300,True,none,43,60.064,108,True,807,1.956,29,113.561,114.695,ok,56.366,58.929,57.739,276.6167,139.9726,136.6441,0.494,0.5346,133.7593
2,2048,4096,4096,300,0,108,1.427117,105.155,150.0685,48152.7,300,300,True,none,43,60.064,108,True,1358,1.938,29,105.155,105.533,ok,56.366,58.929,48.789,150.0685,69.6276,80.4409,0.536,0.4518,65.9699
2,8192,16384,16384,300,0,108,69.112142,117.014,8087.0882,63636.4,300,300,True,none,44,60.064,108,True,28,1.935,29,116.417,117.336,ok,56.366,58.929,60.648,8087.0882,4191.5132,3895.575,0.4817,0.5616,4014.3788
2,8192,4096,4096,300,0,108,4.727971,114.105,539.4851,58138.7,300,300,True,none,44,60.064,108,True,416,1.967,30,113.561,114.814,ok,56.366,58.929,57.739,539.4851,272.9883,266.4968,0.494,0.5346,260.8705
2,1024,16384,16384,300,81,27,38.170513,77.422,2955.2375,14402.6,300,300,True,none,41,61.118,27,True,51,1.947,29,76.241,78.206,ok,56.366,59.788,21.056,2955.2375,803.7183,2151.5191,0.728,0.7799,673.0988
2,4096,4096,4096,300,81,27,9.913314,74.509,738.6311,13864.1,300,300,True,none,40,61.118,27,True,200,1.983,30,74.164,74.778,ok,56.366,59.788,18.143,738.6311,179.8573,558.7739,0.7565,0.672,145.9339
2,2048,16384,16384,300,81,27,74.508821,79.422,5917.6396,14756.8,300,300,True,none,40,61.118,27,True,26,1.937,29,78.288,79.744,ok,56.366,59.788,23.056,5917.6396,1717.8754,4199.7642,0.7097,0.8539,1462.9062
2,2048,8192,8192,300,81,27,19.326915,77.617,1500.0972,14222.5,300,300,True,none,40,61.118,27,True,102,1.971,30,76.832,77.884,ok,56.366,59.788,21.251,1500.0972,410.7163,1089.3809,0.7262,0.7871,344.5796
2,8192,16384,16384,300,81,27,295.475921,79.422,23467.2886,14884.6,300,300,True,none,40,61.118,27,True,6,1.773,26,79.154,79.744,ok,56.366,59.788,23.056,23467.2886,6812.4928,16654.7958,0.7097,0.8539,5801.3742
2,2048,4096,4096,300,81,27,5.242978,73.321,384.4204,13107.0,300,300,True,none,40,61.118,27,True,379,1.987,30,73.053,73.919,ok,56.366,59.788,16.955,384.4204,88.8947,295.5257,0.7688,0.628,70.9532
2,4096,8192,8192,300,81,27,37.736525,77.884,2939.0715,14568.3,300,300,True,none,40,61.118,27,True,52,1.962,30,77.341,77.966,ok,56.366,59.788,21.518,2939.0715,812.0145,2127.057,0.7237,0.797,682.8802
2,8192,8192,8192,300,81,27,74.847752,77.884,5829.4423,14690.0,300,300,True,none,40,61.118,27,True,26,1.946,29,77.617,78.206,ok,56.366,59.788,21.518,5829.4423,1610.5739,4218.8684,0.7237,0.797,1354.4449
2,8192,4096,4096,300,81,27,19.302281,74.7,1441.8804,14240.7,300,300,True,none,40,61.118,27,True,102,1.969,30,74.432,74.778,ok,56.366,59.788,18.334,1441.8804,353.888,1087.9924,0.7546,0.679,287.8356
2,1024,4096,4096,300,81,27,2.669192,72.709,194.0743,12872.7,300,300,True,none,40,61.118,27,True,747,1.994,30,72.463,72.785,ok,56.366,59.788,16.343,194.0743,43.6226,150.4517,0.7752,0.6053,34.4886
2,1024,8192,8192,300,81,27,10.197141,73.574,750.2445,13478.2,300,300,True,none,40,61.118,27,True,195,1.988,30,73.245,73.651,ok,56.366,59.788,17.208,750.2445,175.4724,574.772,0.7661,0.6373,140.5778
2,4096,16384,16384,300,81,27,147.777577,79.154,11697.1863,14880.6,300,300,True,none,40,61.118,27,True,13,1.921,29,78.803,79.661,ok,56.366,59.788,22.788,11697.1863,3367.5554,8329.6309,0.7121,0.844,2861.8606
2,1024,8192,8192,300,94,14,19.923172,67.282,1340.4708,6898.4,300,300,True,none,39,60.323,14,True,100,1.992,30,67.212,67.282,ok,56.366,59.788,10.916,1340.4709,217.4813,1122.9895,0.8378,0.7797,149.3043
2,2048,4096,4096,300,94,14,9.43423,67.282,634.7539,7284.1,300,300,True,none,39,60.323,14,True,209,1.972,30,67.212,67.282,ok,56.366,59.788,10.916,634.7539,102.9841,531.7698,0.8378,0.7797,70.7001
2,1024,4096,4096,300,94,14,4.90775,67.212,329.8597,7001.1,300,300,True,none,39,60.323,14,True,397,1.948,29,66.89,67.282,ok,56.366,59.788,10.846,329.8597,53.2295,276.6302,0.8386,0.7747,36.4351
2,1024,16384,16384,300,94,14,72.713069,70.463,5123.581,7560.6,300,300,True,none,39,60.323,14,True,27,1.963,30,70.068,70.933,ok,56.366,59.788,14.097,5123.581,1025.0361,4098.5448,0.7999,1.0069,776.212
2,2048,8192,8192,300,94,14,36.836319,70.463,2595.5975,7462.1,300,300,True,none,39,60.323,14,True,54,1.989,30,70.141,70.463,ok,56.366,59.788,14.097,2595.5975,519.2816,2076.316,0.7999,1.0069,393.2277
2,4096,8192,8192,300,94,14,73.386273,70.463,5171.0169,7491.3,300,300,True,none,39,60.323,14,True,27,1.981,30,70.141,70.463,ok,56.366,59.788,14.097,5171.017,1034.5263,4136.4907,0.7999,1.0069,783.3985
2,8192,8192,8192,300,94,14,145.721918,70.463,10268.0035,7545.3,300,300,True,none,39,60.323,14,True,13,1.894,28,70.141,70.731,ok,56.366,59.788,14.097,10268.0035,2054.2419,8213.7616,0.7999,1.0069,1555.5815
2,8192,16384,16384,300,94,14,577.010043,71.007,40971.7521,7622.1,300,300,True,none,39,60.323,14,True,3,1.731,25,70.933,71.329,ok,56.366,59.788,14.641,40971.7521,8448.004,32523.7481,0.7938,1.0458,6473.4757
2,4096,4096,4096,300,94,14,18.875113,67.55,1275.0139,7281.5,300,300,True,none,39,60.323,14,True,105,1.982,30,67.282,67.55,ok,56.366,59.788,11.184,1275.0139,211.0993,1063.9146,0.8344,0.7989,146.5086
2,8192,4096,4096,300,94,14,37.50627,67.55,2533.5485,7328.9,300,300,True,none,38,60.323,14,True,53,1.988,30,67.282,67.55,ok,56.366,59.788,11.184,2533.5485,419.4701,2114.0784,0.8344,0.7989,291.1237
2,2048,16384,16384,300,94,14,144.725396,71.007,10276.5162,7597.2,300,300,True,none,39,60.323,14,True,13,1.881,28,70.463,71.007,ok,56.366,59.788,14.641,10276.5162,2118.9245,8157.5917,0.7938,1.0458,1623.6742
2,4096,16384,16384,300,94,14,288.888107,71.007,20513.0778,7612.0,300,300,True,none,39,60.323,14,True,6,1.733,25,70.731,71.007,ok,56.366,59.788,14.641,20513.0778,4229.6108,16283.467,0.7938,1.0458,3241.0357
2,4096,16384,16384,300,27,81,47.278329,105.533,4989.4239,46512.3,300,300,True,none,40,60.323,81,True,42,1.986,30,104.399,106.721,ok,56.366,59.788,49.167,4989.4239,2324.5336,2664.8903,0.5341,0.607,2162.7472
2,1024,4096,4096,300,27,81,0.9863,93.889,92.6027,34837.0,300,300,True,none,40,60.323,81,True,1934,1.908,28,93.669,94.206,ok,56.366,59.788,37.523,92.6027,37.0089,55.5938,0.6003,0.4632,33.6338
2,2048,4096,4096,300,27,81,1.900659,94.429,179.4773,36155.6,300,300,True,none,40,60.323,81,True,1028,1.954,29,93.938,95.126,ok,56.366,59.788,38.063,179.4773,72.3448,107.1325,0.5969,0.4699,65.8407
2,8192,16384,16384,300,27,81,94.50156,106.131,10029.5451,46539.4,300,300,True,none,41,60.323,81,True,21,1.985,30,103.379,107.153,ok,56.366,59.788,49.765,10029.5451,4702.8701,5326.6749,0.5311,0.6144,4379.4858
2,1024,8192,8192,300,27,81,3.385894,99.762,337.7836,40591.6,300,300,True,none,41,60.323,81,True,575,1.947,29,99.172,100.628,ok,56.366,59.788,43.396,337.7836,146.9343,190.8493,0.565,0.5358,135.3477
2,2048,16384,16384,300,27,81,24.360006,104.077,2535.3163,45135.9,300,300,True,none,41,60.323,81,True,81,1.973,30,103.219,105.809,ok,56.366,59.788,47.711,2535.3163,1162.2402,1373.0761,0.5416,0.589,1078.8803
2,2048,8192,8192,300,27,81,6.467717,100.299,648.7055,42500.0,300,300,True,none,41,60.323,81,True,306,1.979,30,99.762,100.897,ok,56.366,59.788,43.933,648.7055,284.1462,364.5593,0.562,0.5424,262.0137
2,8192,8192,8192,300,27,81,23.951145,104.675,2507.0861,45906.4,300,300,True,none,41,60.323,81,True,82,1.964,30,104.399,105.809,ok,56.366,59.788,48.309,2507.0861,1157.0559,1350.0302,0.5385,0.5964,1075.095
2,4096,8192,8192,300,27,81,12.336645,103.05,1271.2912,44562.8,300,300,True,none,41,60.323,81,True,160,1.974,30,102.084,103.809,ok,56.366,59.788,46.684,1271.2913,575.9239,695.3673,0.547,0.5763,533.7079
2,4096,4096,4096,300,27,81,3.320683,99.866,331.6233,41388.8,300,300,True,none,41,60.323,81,True,588,1.953,29,98.677,101.002,ok,56.366,59.788,43.5,331.6233,144.4497,187.1736,0.5644,0.537,133.0863
2,8192,4096,4096,300,27,81,6.316946,101.763,642.8314,43514.4,300,300,True,none,41,60.323,81,True,312,1.971,30,101.002,102.191,ok,56.366,59.788,45.397,642.8314,286.7704,356.061,0.5539,0.5605,265.1538
2,1024,16384,16384,300,27,81,12.748149,101.136,1289.2968,43124.4,300,300,True,none,41,60.323,81,True,155,1.976,30,100.135,102.46,ok,56.366,59.788,44.77,1289.2968,570.7346,718.5622,0.5573,0.5527,527.1105
2,2048,4096,4096,1410,27,81,0.4118,364.94,150.2824,166875.8,1410,1410,True,none,55,89.293,81,True,4459,1.836,27,343.747,382.606,ok,85.372,88.527,279.568,150.2823,115.1261,35.1562,0.2339,3.4515,113.8269
2,4096,4096,4096,1410,27,81,0.721757,393.857,284.269,190422.8,1395,1395,True,SwPowerCap,59,89.293,81,True,2638,1.904,28,392.136,396.348,ok,84.25,87.408,309.607,284.269,223.4613,60.8078,0.2139,3.8223,221.1817
2,8192,16384,16384,1410,27,81,21.076174,400.533,8441.7032,208673.9,1350,1335,False,SwPowerCap,60,89.293,81,True,94,1.981,30,382.474,414.154,ok,80.883,84.051,319.65,8441.7032,6737.0081,1704.6951,0.2019,3.9463,6670.2297
2,8192,8192,8192,1410,27,81,5.329728,396.215,2111.7183,206297.9,1350,1350,False,SwPowerCap,61,89.293,81,True,368,1.961,30,394.178,410.222,ok,80.883,84.051,315.332,2111.7182,1680.6361,431.0821,0.2041,3.893,1663.7492
2,4096,8192,8192,1410,27,81,2.729343,398.93,1088.817,201424.2,1365,1350,False,SwPowerCap,62,89.293,81,True,710,1.938,29,385.377,401.122,ok,82.005,85.17,316.925,1088.8168,864.9972,223.8196,0.2056,3.9127,856.3587
2,1024,8192,8192,1410,27,81,0.747703,401.245,300.0122,183814.9,1395,1380,False,SwPowerCap,63,89.293,81,True,2479,1.854,27,386.508,403.881,ok,84.25,87.408,316.995,300.0121,237.0184,62.9937,0.21,3.9135,234.6569
2,2048,16384,16384,1410,27,81,5.415837,396.174,2145.6137,203017.9,1350,1350,False,SwPowerCap,64,89.293,81,True,366,1.982,30,391.004,406.463,ok,80.883,84.051,315.291,2145.6138,1707.567,438.0468,0.2042,3.8925,1690.4073
2,4096,16384,16384,1410,27,81,10.581158,403.552,4270.0473,207824.4,1350,1335,False,SwPowerCap,64,89.293,81,True,187,1.979,30,388.547,407.319,ok,80.883,84.051,322.669,4270.0475,3414.2162,855.8313,0.2004,3.9836,3380.6906
2,1024,4096,4096,1410,27,81,0.212271,380.557,80.7814,161867.0,1410,1410,True,none,64,89.293,81,True,7782,1.652,23,379.57,381.343,ok,85.372,88.527,295.185,80.7812,62.6592,18.122,0.2243,3.6443,61.9895
2,8192,4096,4096,1410,27,81,1.396965,396.081,553.3114,196767.9,1365,1350,False,SwPowerCap,65,89.293,81,True,1442,2.014,31,380.426,411.406,ok,82.005,85.17,314.076,553.3113,438.7533,114.558,0.207,3.8775,434.3318
2,1024,16384,16384,1410,27,81,2.804571,399.163,1119.481,196021.4,1365,1365,False,SwPowerCap,66,89.293,81,True,704,1.974,30,389.411,406.784,ok,82.005,85.17,317.158,1119.481,889.4923,229.9886,0.2054,3.9155,880.6157
2,2048,8192,8192,1410,27,81,1.420209,402.429,571.5333,193547.5,1380,1365,False,SwPowerCap,66,89.293,81,True,1349,1.916,29,387.501,404.737,ok,83.127,86.289,319.302,571.5333,453.4752,118.0581,0.2066,3.942,448.9849
2,1024,8192,8192,1410,54,54,1.103744,310.241,342.4266,124520.7,1410,1410,True,none,60,99.203,54,True,1731,1.911,29,306.471,312.23,ok,85.372,88.796,224.869,342.4266,248.1978,94.2288,0.2752,4.1642,244.4186
2,4096,8192,8192,1410,54,54,3.985701,340.933,1358.8568,137932.0,1410,1410,True,none,62,99.203,54,True,484,1.929,29,340.336,342.653,ok,85.372,88.796,255.561,1358.857,1018.5897,340.2673,0.2504,4.7326,1004.9427
2,8192,8192,8192,1410,54,54,7.864936,345.56,2717.8071,139799.2,1410,1410,True,none,63,99.203,54,True,251,1.974,30,342.386,347.28,ok,85.372,88.796,260.188,2717.8073,2046.362,671.4453,0.2471,4.8183,2019.4324
2,1024,4096,4096,1410,54,54,0.310779,285.767,88.8103,110560.1,1410,1410,True,none,60,99.203,54,True,5770,1.793,26,284.177,286.762,ok,85.372,88.796,200.395,88.8104,62.2786,26.5318,0.2987,3.711,61.2145
2,2048,4096,4096,1410,54,54,0.542153,315.732,171.175,126753.0,1410,1410,True,none,61,99.203,54,True,3644,1.976,30,314.868,316.589,ok,85.372,88.796,230.36,171.1751,124.8904,46.2847,0.2704,4.2659,123.034
2,4096,4096,4096,1410,54,54,1.078941,316.455,341.4363,127383.2,1410,1410,True,none,61,99.203,54,True,1760,1.899,28,314.012,318.317,ok,85.372,88.796,231.083,341.4363,249.3249,92.1114,0.2698,4.2793,245.6306
2,4096,16384,16384,1410,54,54,15.496324,351.617,5448.7711,141906.1,1410,1410,True,none,63,99.203,54,True,128,1.984,30,347.78,353.636,ok,85.372,88.796,266.245,5448.771,4125.8188,1322.9522,0.2428,4.9305,4072.7594
2,2048,16384,16384,1410,54,54,7.860573,347.962,2735.1808,139876.8,1410,1410,True,none,63,99.203,54,True,251,1.973,30,344.877,349.865,ok,85.372,88.796,262.59,2735.1807,2064.1079,671.0728,0.2453,4.8628,2037.1933
2,1024,16384,16384,1410,54,54,4.139577,330.807,1369.4011,132804.8,1410,1410,True,none,63,99.203,54,True,472,1.954,29,319.503,335.977,ok,85.372,88.796,245.435,1369.401,1015.9971,353.404,0.2581,4.5451,1001.8232
2,8192,16384,16384,1410,54,54,30.613443,356.542,10914.9782,143663.9,1410,1410,True,none,64,99.203,54,True,64,1.959,30,354.718,357.995,ok,85.372,88.796,271.17,10914.9782,8301.4473,2613.5309,0.2394,5.0217,8196.6269
2,8192,4096,4096,1410,54,54,2.045388,329.032,672.9982,134389.1,1410,1410,True,none,63,99.203,54,True,949,1.941,29,327.9,331.342,ok,85.372,88.796,243.66,672.9981,498.3792,174.6189,0.2595,4.5122,491.3758
2,2048,8192,8192,1410,54,54,2.099513,330.807,694.5336,130924.6,1410,1410,True,none,63,99.203,54,True,928,1.948,29,329.353,336.298,ok,85.372,88.796,245.435,694.5336,515.294,179.2396,0.2581,4.5451,508.1052
2,8192,16384,16384,1410,94,14,121.833427,172.635,21032.7136,36098.8,1410,1410,True,none,52,99.337,14,True,16,1.949,29,172.046,173.137,ok,85.372,88.527,87.263,21032.7137,10631.5503,10401.1633,0.4945,6.2331,10247.1659
2,1024,4096,4096,1410,94,14,1.048432,152.529,159.9163,32772.5,1410,1410,True,none,52,99.337,14,True,1856,1.946,29,151.939,153.985,ok,85.372,88.527,67.157,159.9163,70.4095,89.5067,0.5597,4.7969,67.1017
2,4096,16384,16384,1410,94,14,61.0162,171.359,10455.675,36040.0,1410,1410,True,none,51,99.337,14,True,32,1.953,29,170.823,171.681,ok,85.372,88.527,85.987,10455.675,5246.6,5209.075,0.4982,6.1419,5054.0939
2,2048,8192,8192,1410,94,14,7.784668,167.581,1304.5624,35310.2,1410,1410,True,none,51,99.337,14,True,256,1.993,30,167.313,167.911,ok,85.372,88.527,82.209,1304.5624,639.9698,664.5927,0.5094,5.8721,615.4091
2,4096,4096,4096,1410,94,14,3.998203,154.253,616.7349,34375.2,1410,1410,True,none,50,99.337,14,True,491,1.963,30,153.985,154.851,ok,85.372,88.527,68.881,616.7348,275.4002,341.3346,0.5535,4.9201,262.7859
2,2048,4096,4096,1410,94,14,2.027892,151.939,308.1159,33887.2,1410,1410,True,none,50,99.337,14,True,939,1.904,28,151.073,152.261,ok,85.372,88.527,66.567,308.1159,134.9907,173.1252,0.5619,4.7548,128.5927
2,8192,4096,4096,1410,94,14,7.935716,154.253,1224.1081,34638.1,1410,1410,True,none,50,99.337,14,True,247,1.96,30,153.985,154.583,ok,85.372,88.527,68.881,1224.108,546.6201,677.4879,0.5535,4.9201,521.5829
2,1024,16384,16384,1410,94,14,15.350556,167.313,2568.3476,35813.4,1410,1410,True,none,50,99.337,14,True,129,1.98,30,166.454,167.581,ok,85.372,88.527,81.941,2568.3476,1257.8399,1310.5077,0.5103,5.8529,1209.4089
2,1024,8192,8192,1410,94,14,4.152658,151.671,629.8377,33096.6,1410,1410,True,none,49,99.337,14,True,482,2.002,30,150.805,152.261,ok,85.372,88.527,66.299,629.8378,275.3171,354.5207,0.5629,4.7356,262.2154
2,2048,16384,16384,1410,94,14,30.667125,169.037,5183.8787,35853.1,1410,1410,True,none,50,99.337,14,True,64,1.963,30,167.911,169.635,ok,85.372,88.527,83.665,5183.8788,2565.765,2618.1138,0.505,5.9761,2469.0102
2,4096,8192,8192,1410,94,14,15.53052,166.179,2580.8463,35398.4,1410,1410,True,none,49,99.337,14,True,127,1.972,30,165.266,166.454,ok,85.372,88.527,80.807,2580.8463,1254.9747,1325.8716,0.5137,5.7719,1205.9759
2,8192,8192,8192,1410,94,14,30.896584,166.454,5142.8599,35586.8,1410,1410,True,none,49,99.337,14,True,64,1.977,30,165.857,166.454,ok,85.372,88.527,81.082,5142.86,2505.1568,2637.7032,0.5129,5.7916,2407.6781
2,4096,4096,4096,1410,81,27,2.122133,201.249,427.0771,64764.5,1410,1410,True,none,51,94.206,27,True,922,1.957,29,200.659,201.847,ok,85.372,88.796,115.877,427.0771,245.9064,181.1707,0.4242,4.2917,238.6402
2,2048,16384,16384,1410,81,27,15.900332,223.356,3551.4347,69150.2,1410,1410,True,none,52,94.206,27,True,125,1.988,30,221.304,226.502,ok,85.372,88.796,137.984,3551.4346,2193.9914,1357.4431,0.3822,5.1105,2139.5487
2,8192,8192,8192,1410,81,27,15.896833,220.677,3508.0654,69165.5,1410,1410,True,none,52,94.206,27,True,124,1.971,30,218.395,223.712,ok,85.372,88.796,135.305,3508.0654,2150.921,1357.1444,0.3869,5.0113,2096.4902
2,4096,8192,8192,1410,81,27,8.038158,220.179,1769.8336,68393.3,1410,1410,True,none,52,94.206,27,True,246,1.977,30,218.763,223.123,ok,85.372,88.796,134.807,1769.8336,1083.6,686.2336,0.3877,4.9929,1056.0773
2,8192,16384,16384,1410,81,27,62.650819,232.652,14575.8383,70199.3,1410,1410,True,none,53,94.206,27,True,31,1.942,29,230.067,234.35,ok,85.372,88.796,147.28,14575.8383,9227.2126,5348.6257,0.367,5.4548,9012.6962
2,4096,16384,16384,1410,81,27,31.477169,229.443,7222.216,69860.9,1410,1410,True,none,53,94.206,27,True,63,1.983,30,227.72,231.199,ok,85.372,88.796,144.071,7222.2161,4534.9472,2687.2689,0.3721,5.336,4427.1694
2,1024,4096,4096,1410,81,27,0.563993,195.086,110.0272,60922.3,1410,1410,True,none,52,94.206,27,True,3655,2.061,32,194.355,197.862,ok,85.372,88.796,109.714,110.0271,61.8779,48.1492,0.4376,4.0635,59.9468
2,1024,8192,8192,1410,81,27,2.170499,199.584,433.1969,63321.4,1410,1410,True,none,52,94.206,27,True,861,1.869,28,198.995,203.091,ok,85.372,88.796,114.212,433.1969,247.897,185.2998,0.4277,4.2301,240.4652
2,1024,16384,16384,1410,81,27,8.161524,217.262,1773.1891,67359.5,1410,1410,True,none,53,94.206,27,True,241,1.967,30,212.63,220.217,ok,85.372,88.796,131.89,1773.189,1076.4234,696.7656,0.3929,4.8848,1048.4783
2,2048,4096,4096,1410,81,27,1.117875,197.272,220.5255,61473.3,1410,1410,True,none,52,94.206,27,True,1713,1.915,29,196.469,199.852,ok,85.372,88.796,111.9,220.5254,125.0902,95.4352,0.4328,4.1444,121.2626
2,2048,8192,8192,1410,81,27,4.1353,219.85,909.1458,66471.1,1410,1410,True,none,53,94.206,27,True,478,1.977,30,216.083,223.356,ok,85.372,88.796,134.478,909.1457,556.1069,353.0388,0.3883,4.9807,541.9476
2,8192,4096,4096,1410,81,27,4.134853,209.342,865.5985,66478.3,1410,1410,True,none,53,94.206,27,True,472,1.952,29,207.94,213.442,ok,85.372,88.796,123.97,865.5984,512.5977,353.0007,0.4078,4.5915,498.44
2,4096,8192,8192,1410,0,108,2.180369,403.118,878.946,252138.9,1275,1230,False,SwPowerCap,64,87.66,108,True,983,2.143,33,364.732,410.813,ok,75.271,72.885,327.847,878.946,714.8279,164.1181,0.1867,3.0356,720.0289
2,1024,8192,8192,1410,0,108,0.579565,401.122,232.4762,237141.7,1275,1260,False,SwPowerCap,65,87.66,108,True,3188,1.848,27,385.459,406.614,ok,75.271,72.885,325.851,232.4763,188.852,43.6243,0.1877,3.0171,190.2344
2,2048,16384,16384,1410,0,108,4.335605,398.633,1728.3152,253600.5,1260,1245,False,SwPowerCap,66,87.66,108,True,458,1.986,30,376.913,416.143,ok,74.148,71.952,324.485,1728.3152,1406.8369,321.4783,0.186,3.0045,1416.3592
2,8192,8192,8192,1410,0,108,4.238383,397.948,1686.6562,259417.7,1245,1245,False,SwPowerCap,66,87.66,108,True,471,1.996,30,397.352,398.365,ok,73.026,71.019,324.922,1686.656,1377.1436,309.5125,0.1835,3.0085,1385.6509
2,4096,16384,16384,1410,0,108,8.362825,400.533,3349.5874,262952.2,1245,1230,False,SwPowerCap,67,87.66,108,True,236,1.974,30,382.01,406.614,ok,73.026,71.019,327.507,3349.5874,2738.8831,610.7043,0.1823,3.0325,2755.6691
2,8192,4096,4096,1410,0,108,1.127554,397.031,447.6738,243782.5,1260,1260,False,SwPowerCap,67,87.66,108,True,1673,1.886,28,389.551,406.889,ok,74.148,71.952,322.883,447.6739,364.0675,83.6064,0.1868,2.9897,366.544
2,2048,8192,8192,1410,0,108,1.102788,396.174,436.8959,249257.3,1260,1260,False,SwPowerCap,67,87.66,108,True,1744,1.923,29,388.954,406.614,ok,74.148,71.952,322.026,436.8959,355.1259,81.77,0.1872,2.9817,357.548
2,1024,16384,16384,1410,0,108,2.184787,398.216,870.0173,251629.0,1260,1245,False,SwPowerCap,67,87.66,108,True,895,1.955,29,379.104,418.193,ok,74.148,71.952,324.068,870.0171,708.0186,161.9985,0.1862,3.0006,712.817
2,8192,16384,16384,1410,0,108,16.802708,402.625,6765.1902,261746.3,1245,1215,False,SwPowerCap,68,87.66,108,True,118,1.983,30,384.461,408.067,ok,73.026,71.019,329.599,6765.1903,5538.1546,1227.0358,0.1814,3.0518,5571.8812
2,1024,4096,4096,1410,0,108,0.20665,401.122,82.892,166269.9,1410,1395,True,SwPowerCap,68,87.66,108,True,7157,1.479,20,380.955,406.292,ok,85.372,81.285,315.75,82.8919,65.2497,17.6421,0.2128,2.9236,66.0943
2,4096,4096,4096,1410,0,108,0.567182,399.937,226.8369,242319.2,1260,1260,False,SwPowerCap,68,87.66,108,True,3622,2.054,31,386.912,404.572,ok,74.148,71.952,325.789,226.8371,184.7814,42.0557,0.1854,3.0166,186.0271
2,2048,4096,4096,1410,0,108,0.324203,399.08,129.3829,211964.3,1335,1335,False,SwPowerCap,68,87.66,108,True,5252,1.703,24,398.484,399.669,ok,79.76,76.619,319.32,129.3829,103.5244,25.8585,0.1999,2.9567,104.543
2,4096,16384,16384,705,81,27,62.918638,106.989,6731.6022,34950.3,705,705,True,none,48,67.55,27,True,31,1.95,29,106.399,107.265,ok,59.376,62.381,47.613,6731.6022,2995.7451,3735.857,0.555,1.7634,2806.6746
2,4096,4096,4096,705,81,27,4.225988,97.118,410.4195,32522.3,705,705,True,none,47,67.55,27,True,464,1.961,29,96.252,97.716,ok,59.376,62.381,37.742,410.4195,159.4972,250.9223,0.6114,1.3979,146.7981
2,8192,4096,4096,705,81,27,8.240237,97.85,806.3072,33358.0,705,705,True,none,47,67.55,27,True,239,1.969,30,97.44,98.409,ok,59.376,62.381,38.474,806.3072,317.0349,489.2723,0.6068,1.425,292.273
2,8192,16384,16384,705,81,27,125.826523,106.989,13462.0539,34953.3,705,705,True,none,46,67.55,27,True,15,1.887,28,105.265,107.265,ok,59.376,62.381,47.613,13462.0539,5990.9782,7471.0756,0.555,1.7634,5612.8695
2,2048,16384,16384,705,81,27,31.735818,106.131,3368.1541,34645.8,705,705,True,none,46,67.55,27,True,62,1.968,30,105.533,106.989,ok,59.376,62.381,46.755,3368.1541,1483.8082,1884.3459,0.5595,1.7317,1388.442
2,4096,8192,8192,705,81,27,16.078884,103.326,1661.3668,34191.2,705,705,True,none,45,67.55,27,True,123,1.978,30,102.943,103.809,ok,59.376,62.381,43.95,1661.3668,706.667,954.6998,0.5746,1.6278,658.3499
2,1024,4096,4096,705,81,27,1.143303,92.803,106.102,30053.0,705,705,True,none,44,67.55,27,True,1522,1.74,25,92.481,92.9,ok,59.376,62.381,33.427,106.1019,38.2172,67.8848,0.6398,1.238,34.7816
2,2048,4096,4096,705,81,27,2.228408,93.669,208.7328,30837.9,705,705,True,none,44,67.55,27,True,871,1.941,29,93.34,93.938,ok,59.376,62.381,34.293,208.7327,76.4188,132.314,0.6339,1.2701,69.7224
2,1024,16384,16384,705,81,27,16.254118,101.487,1649.5817,33822.6,705,705,True,none,44,67.55,27,True,122,1.983,30,100.031,102.084,ok,59.376,62.381,42.111,1649.5817,684.4772,965.1045,0.5851,1.5597,635.6335
2,1024,8192,8192,705,81,27,4.364796,94.206,411.1899,31488.1,705,705,True,none,44,67.55,27,True,451,1.969,30,93.669,94.528,ok,59.376,62.381,34.83,411.19,152.0258,259.1641,0.6303,1.29,138.9096
2,2048,8192,8192,705,81,27,8.240019,101.54,836.6915,33358.9,705,705,True,none,44,67.55,27,True,239,1.969,30,100.299,102.46,ok,59.376,62.381,42.164,836.6915,347.4322,489.2594,0.5848,1.5616,322.6709
2,8192,8192,8192,705,81,27,31.875925,102.728,3274.55,34493.5,705,705,True,none,44,67.55,27,True,62,1.976,30,102.46,103.05,ok,59.376,62.381,43.352,3274.55,1381.8851,1892.6649,0.578,1.6056,1286.0979
2,1024,16384,16384,705,54,54,8.367097,129.598,1084.359,65704.5,705,705,True,none,45,64.638,54,True,238,1.991,30,128.464,130.196,ok,59.376,62.381,70.222,1084.359,587.5543,496.8048,0.4582,1.3004,562.4112
2,2048,8192,8192,705,54,54,4.241895,129.759,550.424,64800.7,705,705,True,none,45,64.638,54,True,463,1.964,30,128.464,130.786,ok,59.376,62.381,70.383,550.4241,298.5573,251.8668,0.4576,1.3034,285.8104
2,4096,4096,4096,705,54,54,2.174752,123.505,268.5928,63197.5,705,705,True,none,45,64.638,54,True,894,1.944,29,122.639,124.095,ok,59.376,62.381,64.129,268.5927,139.4647,129.1281,0.4808,1.1876,132.9295
2,4096,8192,8192,705,54,54,8.052714,132.786,1069.2877,68269.6,705,705,True,none,45,64.638,54,True,245,1.973,30,131.376,133.108,ok,59.376,62.381,73.41,1069.2877,591.1497,478.1379,0.4472,1.3594,566.9513
2,4096,16384,16384,705,54,54,30.970984,137.155,4247.8253,71002.7,705,705,True,none,45,64.638,54,True,64,1.982,30,136.021,137.745,ok,59.376,62.381,77.779,4247.8253,2408.8922,1838.9331,0.4329,1.4404,2315.8244
2,1024,8192,8192,705,54,54,2.213643,123.505,273.3959,62087.2,705,705,True,none,45,64.638,54,True,873,1.933,29,122.961,123.827,ok,59.376,62.381,64.129,273.396,141.9587,131.4373,0.4808,1.1876,135.3067
2,8192,16384,16384,705,54,54,61.854663,137.155,8483.6763,71102.9,705,705,True,none,45,64.638,54,True,32,1.979,30,134.833,138.343,ok,59.376,62.381,77.779,8483.6763,4810.9938,3672.6825,0.4329,1.4404,4625.1206
2,8192,8192,8192,705,54,54,15.725282,134.243,2111.0091,69920.0,705,705,True,none,45,64.638,54,True,126,1.981,30,133.377,135.101,ok,59.376,62.381,74.867,2111.009,1177.3047,933.7043,0.4423,1.3864,1130.0502
2,2048,4096,4096,705,54,54,1.094669,123.229,134.8949,62776.5,705,705,True,none,45,64.638,54,True,1754,1.92,29,122.961,123.827,ok,59.376,62.381,63.853,134.895,69.8979,64.9971,0.4818,1.1825,66.6084
2,2048,16384,16384,705,54,54,15.887864,135.423,2151.5822,69204.5,705,705,True,none,45,64.638,54,True,124,1.97,30,133.377,136.021,ok,59.376,62.381,76.047,2151.5822,1208.2244,943.3578,0.4384,1.4083,1160.4814
2,1024,4096,4096,705,54,54,0.625329,116.271,72.7076,54946.7,705,705,True,none,44,64.638,54,True,3025,1.892,28,115.68,116.66,ok,59.376,62.381,56.895,72.7076,35.5781,37.1295,0.5107,1.0536,33.699
2,8192,4096,4096,705,54,54,4.125322,125.414,517.3732,66631.9,705,705,True,none,45,64.638,54,True,471,1.943,29,124.547,128.464,ok,59.376,62.381,66.038,517.3731,272.428,244.9451,0.4734,1.2229,260.0314
2,4096,4096,4096,705,94,14,8.039159,80.963,650.8745,17096.2,705,705,True,none,42,64.437,14,True,247,1.986,30,80.878,80.963,ok,59.376,62.381,21.587,650.8744,173.5413,477.3331,0.7334,1.5419,149.3837
2,8192,8192,8192,705,94,14,62.332119,86.471,5389.9207,17639.6,705,705,True,none,42,64.437,14,True,31,1.932,29,86.113,86.793,ok,59.376,62.381,27.095,5389.9207,1688.8888,3701.0319,0.6867,1.9354,1501.5807
2,2048,8192,8192,705,94,14,15.733067,86.203,1356.2376,17471.3,705,705,True,none,41,64.437,14,True,126,1.982,30,85.934,86.471,ok,59.376,62.381,26.827,1356.2376,422.071,934.1666,0.6888,1.9162,374.7931
2,2048,16384,16384,705,94,14,61.641114,87.66,5403.46,17837.3,705,705,True,none,41,64.437,14,True,32,1.973,30,87.07,87.929,ok,59.376,62.381,28.284,5403.4601,1743.4573,3660.0028,0.6773,2.0203,1558.2257
2,8192,4096,4096,705,94,14,15.955959,80.786,1289.0181,17227.3,705,705,True,none,41,64.437,14,True,124,1.979,30,80.61,80.963,ok,59.376,62.381,21.41,1289.0181,341.6171,947.401,0.735,1.5293,293.6694
2,1024,8192,8192,705,94,14,8.244723,80.288,661.9524,16669.9,705,705,True,none,41,64.437,14,True,238,1.962,30,80.096,80.372,ok,59.376,62.381,20.912,661.9523,172.4136,489.5387,0.7395,1.4937,147.6383
2,2048,4096,4096,705,94,14,4.033814,79.827,322.0073,17035.9,705,705,True,none,41,64.437,14,True,488,1.969,30,79.505,80.096,ok,59.376,62.381,20.451,322.0073,82.4955,239.5117,0.7438,1.4608,70.3739
2,8192,16384,16384,705,94,14,245.571528,87.66,21526.8001,17909.4,705,705,True,none,41,64.437,14,True,8,1.965,30,87.569,87.66,ok,59.376,62.381,28.284,21526.8001,6945.7451,14581.055,0.6773,2.0203,6207.8027
2,1024,16384,16384,705,94,14,30.965046,86.381,2674.7917,17754.1,705,705,True,none,41,64.437,14,True,64,1.982,30,85.844,86.471,ok,59.376,62.381,27.005,2674.7916,836.2111,1838.5806,0.6874,1.9289,743.1611
2,1024,4096,4096,705,94,14,2.096791,79.505,166.7054,16386.8,705,705,True,none,41,64.437,14,True,931,1.952,29,79.154,79.827,ok,59.376,62.381,20.129,166.7054,42.2063,124.4991,0.7468,1.4378,35.9054
2,4096,8192,8192,705,94,14,31.221245,86.113,2688.5551,17608.4,705,705,True,none,41,64.437,14,True,63,1.967,30,85.844,86.203,ok,59.376,62.381,26.737,2688.5551,834.7624,1853.7926,0.6895,1.9098,740.9426
2,4096,16384,16384,705,94,14,123.08006,87.338,10749.5662,17866.6,705,705,True,none,41,64.437,14,True,16,1.969,30,86.703,87.66,ok,59.376,62.381,27.962,10749.5663,3441.5646,7308.0016,0.6798,1.9973,3071.7091
2,8192,4096,4096,705,27,81,2.711121,156.897,425.3667,101389.0,705,705,True,none,45,63.57,81,True,719,1.949,29,155.717,157.442,ok,59.376,62.381,97.521,425.3668,264.3912,160.9755,0.3784,1.204,256.2443
2,8192,16384,16384,705,27,81,40.248276,168.501,6781.8747,109272.9,705,705,True,none,46,63.57,81,True,49,1.972,30,165.588,169.037,ok,59.376,62.381,109.125,6781.8748,4392.0931,2389.7816,0.3524,1.3472,4271.147
2,4096,4096,4096,705,27,81,1.420978,153.663,218.3518,96721.4,705,705,True,none,46,63.57,81,True,1356,1.927,29,153.127,154.253,ok,59.376,62.381,94.287,218.3517,133.9798,84.372,0.3864,1.164,129.7097
2,1024,16384,16384,705,27,81,5.433922,156.897,852.5661,101171.1,705,705,True,none,46,63.57,81,True,363,1.973,30,155.985,158.032,ok,59.376,62.381,97.521,852.5661,529.9215,322.6446,0.3784,1.204,513.5926
2,2048,16384,16384,705,27,81,10.429621,164.4,1714.6297,105422.0,705,705,True,none,46,63.57,81,True,190,1.982,30,162.408,166.179,ok,59.376,62.381,105.024,1714.6297,1095.3605,619.2692,0.3612,1.2966,1064.0195
2,4096,16384,16384,705,27,81,20.133663,167.911,3380.6634,109221.2,705,705,True,none,47,63.57,81,True,98,1.973,30,167.911,168.179,ok,59.376,62.381,108.535,3380.6635,2185.2071,1195.4564,0.3536,1.3399,2124.7055
2,2048,4096,4096,705,27,81,0.820434,138.343,113.5013,83759.9,705,705,True,none,46,63.57,81,True,2326,1.908,28,133.108,150.207,ok,59.376,62.381,78.967,113.5013,64.7872,48.7141,0.4292,0.9749,62.3218
2,2048,8192,8192,705,27,81,2.759637,155.717,429.7224,99606.5,705,705,True,none,47,63.57,81,True,710,1.959,29,154.851,156.576,ok,59.376,62.381,96.341,429.7224,265.8662,163.8562,0.3813,1.1894,257.5735
2,8192,8192,8192,705,27,81,10.207309,165.857,1692.9537,107718.1,705,705,True,none,47,63.57,81,True,193,1.97,30,165.266,167.045,ok,59.376,62.381,106.481,1692.9536,1086.8845,606.0692,0.358,1.3146,1056.2115
2,4096,8192,8192,705,27,81,5.288446,161.81,855.7234,103954.1,705,705,True,none,47,63.57,81,True,370,1.957,29,160.944,162.944,ok,59.376,62.381,102.434,855.7234,541.7167,314.0068,0.3669,1.2646,525.8249
2,1024,8192,8192,705,27,81,1.46811,153.395,225.2007,93616.3,705,705,True,none,47,63.57,81,True,1329,1.951,29,152.797,153.985,ok,59.376,62.381,94.019,225.2007,138.0302,87.1705,0.3871,1.1607,133.6186
2,1024,4096,4096,705,27,81,0.424518,140.657,59.7114,80938.2,705,705,True,none,46,63.57,81,True,4428,1.88,28,139.745,141.202,ok,59.376,62.381,81.281,59.7114,34.5052,25.2062,0.4221,1.0035,33.2296
2,2048,8192,8192,705,0,108,1.972695,186.741,368.383,139341.3,705,705,True,none,49,62.381,108,True,986,1.945,29,186.465,189.056,ok,59.376,60.386,127.365,368.383,251.2523,117.1307,0.318,1.1793,249.2599
2,8192,16384,16384,705,0,108,29.424763,195.424,5750.305,149467.5,705,705,True,none,50,62.381,108,True,67,1.971,30,194.888,196.014,ok,59.376,60.386,136.048,5750.3049,4003.1802,1747.1247,0.3038,1.2597,3973.4611
2,1024,16384,16384,705,0,108,3.882487,190.512,739.6604,141598.9,705,705,True,none,50,62.381,108,True,507,1.968,30,190.243,191.378,ok,59.376,60.386,131.136,739.6604,509.1338,230.5265,0.3117,1.2142,505.2125
2,1024,8192,8192,705,0,108,1.043937,187.063,195.2819,131654.5,705,705,True,none,50,62.381,108,True,1848,1.929,29,186.465,187.331,ok,59.376,60.386,127.687,195.282,133.2972,61.9848,0.3174,1.1823,132.2428
2,2048,4096,4096,705,0,108,0.611137,166.454,101.7262,112445.3,705,705,True,none,49,62.381,108,True,3040,1.858,27,166.179,167.045,ok,59.376,60.386,107.078,101.7262,65.4393,36.2869,0.3567,0.9915,64.8221
2,2048,16384,16384,705,0,108,7.749562,189.221,1466.3798,141880.5,705,705,True,none,50,62.381,108,True,255,1.976,30,188.465,189.653,ok,59.376,60.386,129.845,1466.3799,1006.2419,460.138,0.3138,1.2023,998.4148
2,8192,8192,8192,705,0,108,7.470509,195.424,1459.9167,147180.3,705,705,True,none,51,62.381,108,True,263,1.965,30,194.888,195.746,ok,59.376,60.386,136.048,1459.9168,1016.3478,443.5689,0.3038,1.2597,1008.8026
2,1024,4096,4096,705,0,108,0.408676,141.671,57.8975,84075.8,705,705,True,none,48,62.381,108,True,4482,1.832,27,137.745,146.589,ok,59.376,60.386,82.295,57.8975,33.632,24.2655,0.4191,0.762,33.2192
2,4096,4096,4096,705,0,108,1.016238,186.603,189.633,135242.9,705,705,True,none,50,62.381,108,True,1871,1.901,28,186.465,187.063,ok,59.376,60.386,127.227,189.6331,129.2929,60.3401,0.3182,1.178,128.2665
2,4096,16384,16384,705,0,108,14.725864,196.179,2888.9052,149330.7,705,705,True,none,51,62.381,108,True,134,1.973,30,196.014,196.344,ok,59.376,60.386,136.803,2888.9053,2014.5424,874.3629,0.3027,1.2667,1999.6693
2,4096,8192,8192,705,0,108,3.9315,189.653,745.6207,139833.6,705,705,True,none,51,62.381,108,True,500,1.966,30,188.787,190.243,ok,59.376,60.386,130.277,745.6208,512.184,233.4367,0.3131,1.2063,508.2132
2,8192,4096,4096,705,0,108,2.01817,188.787,381.0043,136201.5,705,705,True,none,51,62.381,108,True,963,1.943,29,188.465,189.056,ok,59.376,60.386,129.411,381.0043,261.1734,119.8309,0.3145,1.1983,259.135
3,2048,16384,16384,705,94,14,61.655183,87.837,5415.6063,17833.2,705,705,True,none,43,64.706,14,True,32,1.973,30,87.569,88.251,ok,59.376,62.381,28.461,5415.6063,1754.7682,3660.8381,0.676,2.0329,1569.4943
3,4096,8192,8192,705,94,14,31.23542,86.934,2715.42,17600.4,705,705,True,none,43,64.706,14,True,63,1.968,30,86.381,87.247,ok,59.376,62.381,27.558,2715.42,860.7857,1854.6343,0.683,1.9684,766.9233
3,8192,8192,8192,705,94,14,62.336433,86.979,5421.9606,17638.3,705,705,True,none,42,64.706,14,True,31,1.932,29,86.113,87.247,ok,59.376,62.381,27.603,5421.9606,1720.6726,3701.288,0.6826,1.9716,1533.3516
3,1024,4096,4096,705,94,14,2.09712,80.096,167.971,16384.2,705,705,True,none,42,64.706,14,True,957,2.007,30,80.012,80.372,ok,59.376,62.381,20.72,167.9709,43.4523,124.5186,0.7413,1.48,37.1505
3,1024,16384,16384,705,94,14,30.965636,87.024,2694.7535,17753.7,705,705,True,none,42,64.706,14,True,64,1.982,30,86.703,87.338,ok,59.376,62.381,27.648,2694.7535,856.1379,1838.6156,0.6823,1.9749,763.0862
3,4096,4096,4096,705,94,14,8.040338,80.963,650.9699,17093.7,705,705,True,none,42,64.706,14,True,245,1.97,30,80.61,81.285,ok,59.376,62.381,21.587,650.9699,173.5668,477.4031,0.7334,1.5419,149.4056
3,2048,4096,4096,705,94,14,4.032806,80.096,323.0116,17040.1,705,705,True,none,41,64.706,14,True,490,1.976,30,79.744,80.372,ok,59.376,62.381,20.72,323.0116,83.5597,239.4519,0.7413,1.48,71.4412
3,8192,16384,16384,705,94,14,245.546497,87.929,21590.6579,17911.3,705,705,True,none,41,64.706,14,True,8,1.964,30,87.66,87.929,ok,59.376,62.381,28.553,21590.6579,7011.0891,14579.5688,0.6753,2.0395,6273.2219
3,8192,4096,4096,705,94,14,15.953242,80.878,1290.2663,17230.2,705,705,True,none,41,64.706,14,True,123,1.962,30,80.61,80.963,ok,59.376,62.381,21.502,1290.2663,343.0266,947.2397,0.7341,1.5359,295.0871
3,1024,8192,8192,705,94,14,8.245625,80.096,660.4415,16668.1,705,705,True,none,41,64.706,14,True,239,1.971,30,80.012,80.372,ok,59.376,62.381,20.72,660.4416,170.8494,489.5922,0.7413,1.48,146.0712
3,4096,16384,16384,705,94,14,123.082738,87.66,10789.4328,17866.2,705,705,True,none,41,64.706,14,True,16,1.969,30,87.07,87.66,ok,59.376,62.381,28.284,10789.4328,3481.2722,7308.1607,0.6773,2.0203,3111.4085
3,2048,8192,8192,705,94,14,15.730109,85.934,1351.7512,17474.6,705,705,True,none,41,64.706,14,True,126,1.982,30,85.515,86.203,ok,59.376,62.381,26.558,1351.7512,417.7602,933.991,0.6909,1.897,370.4913
3,1024,16384,16384,705,54,54,8.366578,127.276,1064.8646,65708.6,705,705,True,none,43,63.57,54,True,234,1.958,29,126.418,129.062,ok,59.376,62.381,67.9,1064.8646,568.0906,496.7739,0.4665,1.2574,542.9491
3,2048,8192,8192,705,54,54,4.241163,128.464,544.8368,64811.9,705,705,True,none,43,63.57,54,True,461,1.955,29,126.74,129.598,ok,59.376,62.381,69.088,544.8368,293.0135,251.8233,0.4622,1.2794,280.2688
3,1024,4096,4096,705,54,54,0.625376,115.533,72.2515,54942.6,705,705,True,none,43,63.57,54,True,3069,1.919,29,115.412,115.801,ok,59.376,62.381,56.157,72.2516,35.1192,37.1323,0.5139,1.0399,33.24
3,8192,4096,4096,705,54,54,4.124689,125.552,517.8629,66642.1,705,705,True,none,44,63.57,54,True,475,1.959,29,124.095,127.606,ok,59.376,62.381,66.176,517.863,272.9554,244.9075,0.4729,1.2255,260.5607
3,1024,8192,8192,705,54,54,2.21353,122.499,271.1552,62090.4,705,705,True,none,44,63.57,54,True,854,1.89,28,121.773,123.358,ok,59.376,62.381,63.123,271.1552,139.7247,131.4306,0.4847,1.1689,133.073
3,4096,4096,4096,705,54,54,2.174974,122.961,267.437,63191.1,705,705,True,none,44,63.57,54,True,898,1.953,29,122.371,123.229,ok,59.376,62.381,63.585,267.437,138.2957,129.1413,0.4829,1.1775,131.7599
3,8192,8192,8192,705,54,54,15.72467,133.377,2097.3093,69922.7,705,705,True,none,44,63.57,54,True,121,1.903,28,132.511,134.243,ok,59.376,62.381,74.001,2097.3093,1163.6413,933.668,0.4452,1.3704,1116.3887
3,2048,16384,16384,705,54,54,15.889509,135.101,2146.6885,69197.3,705,705,True,none,44,63.57,54,True,124,1.97,30,133.108,135.423,ok,59.376,62.381,75.725,2146.6886,1203.2331,943.4555,0.4395,1.4023,1155.4851
3,8192,16384,16384,705,54,54,61.860796,136.722,8457.7317,71095.9,705,705,True,none,45,63.57,54,True,32,1.98,30,135.101,137.745,ok,59.376,62.381,77.346,8457.7318,4784.6851,3673.0466,0.4343,1.4323,4598.7934
3,4096,8192,8192,705,54,54,8.05183,132.242,1064.7901,68277.1,705,705,True,none,45,63.57,54,True,244,1.965,30,131.376,132.649,ok,59.376,62.381,72.866,1064.7901,586.7046,478.0855,0.449,1.3494,562.5089
3,4096,16384,16384,705,54,54,30.971971,136.557,4229.4395,71000.4,705,705,True,none,45,63.57,54,True,64,1.982,30,136.021,137.567,ok,59.376,62.381,77.181,4229.4394,2390.4477,1838.9918,0.4348,1.4293,2297.3769
3,2048,4096,4096,705,54,54,1.094656,122.961,134.5999,62777.3,705,705,True,none,44,63.57,54,True,1757,1.923,29,122.371,123.358,ok,59.376,62.381,63.585,134.6,69.6037,64.9963,0.4829,1.1775,66.3143
3,1024,4096,4096,705,81,27,1.14296,91.98,105.1294,30062.1,705,705,True,none,42,64.115,27,True,1689,1.93,29,91.615,92.302,ok,59.376,62.381,32.604,105.1295,37.2651,67.8644,0.6455,1.2076,33.8305
3,2048,16384,16384,705,81,27,31.736171,105.265,3340.7081,34645.4,705,705,True,none,42,64.115,27,True,62,1.968,29,104.399,105.533,ok,59.376,62.381,45.889,3340.708,1456.3412,1884.3669,0.5641,1.6996,1360.974
3,2048,8192,8192,705,81,27,8.240048,101.487,836.2577,33358.8,705,705,True,none,42,64.115,27,True,239,1.969,30,100.299,102.191,ok,59.376,62.381,42.111,836.2578,346.9967,489.2611,0.5851,1.5597,322.2353
3,1024,8192,8192,705,81,27,4.36017,93.669,408.4128,31521.5,705,705,True,none,42,64.115,27,True,457,1.993,30,93.072,93.938,ok,59.376,62.381,34.293,408.4128,149.5233,258.8895,0.6339,1.2701,136.421
3,2048,4096,4096,705,81,27,2.228396,93.072,207.4013,30838.1,705,705,True,none,42,64.115,27,True,884,1.97,30,92.481,93.169,ok,59.376,62.381,33.696,207.4013,75.088,132.3132,0.638,1.248,68.3917
3,1024,16384,16384,705,81,27,16.253429,100.897,1639.9222,33824.0,705,705,True,none,42,64.115,27,True,122,1.983,30,99.762,101.593,ok,59.376,62.381,41.521,1639.9222,674.8586,965.0636,0.5885,1.5378,626.0171
3,4096,8192,8192,705,81,27,16.079274,102.46,1647.4825,34190.3,705,705,True,none,42,64.115,27,True,123,1.978,30,101.763,102.621,ok,59.376,62.381,43.084,1647.4824,692.7594,954.723,0.5795,1.5957,644.4412
3,8192,16384,16384,705,81,27,125.877686,105.375,13264.3612,34939.0,705,705,True,none,42,64.115,27,True,15,1.888,28,104.943,105.643,ok,59.376,62.381,45.999,13264.3612,5790.2477,7474.1135,0.5635,1.7037,5411.9852
3,8192,4096,4096,705,81,27,8.2394,95.762,789.0214,33361.4,705,705,True,none,42,64.115,27,True,240,1.977,30,95.493,96.084,ok,59.376,62.381,36.386,789.0214,299.7988,489.2226,0.62,1.3476,275.0394
3,8192,8192,8192,705,81,27,31.896528,102.46,3268.1183,34471.2,705,705,True,none,42,64.115,27,True,62,1.978,30,102.191,103.05,ok,59.376,62.381,43.084,3268.1183,1374.23,1893.8882,0.5795,1.5957,1278.3809
3,4096,16384,16384,705,81,27,62.947958,105.053,6612.8719,34934.0,705,705,True,none,42,64.115,27,True,31,1.951,29,104.784,105.643,ok,59.376,62.381,45.677,6612.8718,2875.2739,3737.598,0.5652,1.6917,2686.1153
3,4096,4096,4096,705,81,27,4.226397,94.895,401.0639,32519.2,705,705,True,none,42,64.115,27,True,467,1.974,30,94.206,95.225,ok,59.376,62.381,35.519,401.0639,150.1174,250.9465,0.6257,1.3155,137.4171
3,1024,8192,8192,705,27,81,1.468105,151.939,223.0624,93616.6,705,705,True,none,44,63.57,81,True,1326,1.947,29,151.073,152.529,ok,59.376,62.381,92.563,223.0624,135.8922,87.1702,0.3908,1.1428,131.4805
3,8192,16384,16384,705,27,81,40.248597,167.911,6758.1822,109272.0,705,705,True,none,46,63.57,81,True,49,1.972,30,167.581,168.501,ok,59.376,62.381,108.535,6758.1822,4368.3815,2389.8007,0.3536,1.3399,4247.4344
3,1024,4096,4096,705,27,81,0.424494,139.477,59.2072,80942.8,705,705,True,none,45,63.57,81,True,4204,1.785,26,139.201,140.067,ok,59.376,62.381,80.101,59.2071,34.0024,25.2048,0.4257,0.9889,32.7268
3,2048,4096,4096,705,27,81,0.820316,145.131,119.0532,83772.0,705,705,True,none,45,63.57,81,True,2331,1.912,29,129.598,150.64,ok,59.376,62.381,85.755,119.0533,70.3462,48.7071,0.4091,1.0587,67.8811
3,4096,16384,16384,705,27,81,20.133777,167.313,3368.6427,109220.6,705,705,True,none,46,63.57,81,True,98,1.973,30,166.723,167.911,ok,59.376,62.381,107.937,3368.6426,2173.1795,1195.4631,0.3549,1.3326,2112.6775
3,8192,4096,4096,705,27,81,2.711343,157.763,427.7497,101380.7,705,705,True,none,46,63.57,81,True,717,1.944,29,157.442,158.3,ok,59.376,62.381,98.387,427.7496,266.7609,160.9887,0.3764,1.2147,258.6133
3,2048,16384,16384,705,27,81,10.429117,164.4,1714.5469,105427.1,705,705,True,none,47,63.57,81,True,189,1.971,30,162.944,166.179,ok,59.376,62.381,105.024,1714.5468,1095.3076,619.2393,0.3612,1.2966,1063.9681
3,4096,4096,4096,705,27,81,1.420946,154.092,218.9564,96723.6,705,705,True,none,46,63.57,81,True,1363,1.937,29,153.824,154.851,ok,59.376,62.381,94.716,218.9564,134.5863,84.3701,0.3853,1.1693,130.3164
3,2048,8192,8192,705,27,81,2.759661,155.555,429.2791,99605.7,705,705,True,none,47,63.57,81,True,708,1.954,29,154.851,156.412,ok,59.376,62.381,96.179,429.2791,265.4214,163.8576,0.3817,1.1874,257.1287
3,8192,8192,8192,705,27,81,10.208259,165.683,1691.3349,107708.1,705,705,True,none,47,63.57,81,True,194,1.98,30,165.094,166.87,ok,59.376,62.381,106.307,1691.335,1085.2094,606.1256,0.3584,1.3124,1054.5336
3,4096,8192,8192,705,27,81,5.287806,161.641,854.7263,103966.7,705,705,True,none,47,63.57,81,True,372,1.967,30,161.373,162.506,ok,59.376,62.381,102.265,854.7262,540.7575,313.9688,0.3673,1.2625,524.8676
3,1024,16384,16384,705,27,81,5.43377,157.95,858.2639,101173.9,705,705,True,none,47,63.57,81,True,362,1.967,30,156.734,159.22,ok,59.376,62.381,98.574,858.264,535.6284,322.6355,0.3759,1.217,519.3
3,4096,8192,8192,705,0,108,3.931749,188.626,741.6301,139824.7,705,705,True,none,49,62.381,108,True,500,1.966,30,187.331,190.313,ok,59.376,60.386,129.25,741.6301,508.1786,233.4515,0.3148,1.1968,504.2075
3,4096,4096,4096,705,0,108,1.016245,185.875,188.8946,135241.9,705,705,True,none,49,62.381,108,True,1891,1.922,29,185.277,186.143,ok,59.376,60.386,126.499,188.8945,128.554,60.3406,0.3194,1.1713,127.5276
3,2048,4096,4096,705,0,108,0.611128,165.857,101.3598,112447.0,705,705,True,none,48,62.381,108,True,3088,1.887,28,165.588,166.454,ok,59.376,60.386,106.481,101.3599,65.0735,36.2863,0.358,0.9859,64.4563
3,2048,16384,16384,705,0,108,7.749638,187.599,1453.8243,141879.1,705,705,True,none,50,62.381,108,True,255,1.976,30,187.599,188.197,ok,59.376,60.386,128.223,1453.8243,993.6818,460.1425,0.3165,1.1872,985.8547
3,1024,16384,16384,705,0,108,3.882239,190.788,740.6847,141607.9,705,705,True,none,50,62.381,108,True,508,1.972,30,190.243,191.7,ok,59.376,60.386,131.412,740.6846,510.1728,230.5118,0.3112,1.2168,506.2517
3,2048,8192,8192,705,0,108,1.972559,187.331,369.5215,139350.9,705,705,True,none,50,62.381,108,True,986,1.945,29,187.063,187.331,ok,59.376,60.386,127.955,369.5215,252.3988,117.1227,0.317,1.1848,250.4065
3,8192,4096,4096,705,0,108,2.01815,188.465,380.3507,136202.9,705,705,True,none,50,62.381,108,True,972,1.962,30,187.331,188.787,ok,59.376,60.386,129.089,380.3506,260.521,119.8297,0.3151,1.1953,258.4826
3,1024,4096,4096,705,0,108,0.408689,142.658,58.3028,84073.0,705,705,True,none,48,62.381,108,True,4446,1.817,27,137.423,146.313,ok,59.376,60.386,83.282,58.3028,34.0364,24.2663,0.4162,0.7711,33.6237
3,4096,16384,16384,705,0,108,14.725824,195.746,2882.5212,149331.1,705,705,True,none,51,62.381,108,True,134,1.973,30,195.156,196.344,ok,59.376,60.386,136.37,2882.5211,2008.1606,874.3605,0.3033,1.2627,1993.2875
3,8192,8192,8192,705,0,108,7.470415,195.424,1459.8984,147182.1,705,705,True,none,51,62.381,108,True,265,1.98,30,194.888,195.746,ok,59.376,60.386,136.048,1459.8984,1016.335,443.5634,0.3038,1.2597,1008.7899
3,1024,8192,8192,705,0,108,1.043932,187.063,195.2811,131655.1,705,705,True,none,50,62.381,108,True,1835,1.916,29,186.741,187.599,ok,59.376,60.386,127.687,195.2811,133.2965,61.9845,0.3174,1.1823,132.2422
3,8192,16384,16384,705,0,108,29.425086,196.612,5785.325,149465.9,705,705,True,none,51,62.381,108,True,67,1.971,30,195.81,196.88,ok,59.376,60.386,137.236,5785.325,4038.1811,1747.1439,0.302,1.2707,4008.4618
3,4096,16384,16384,510,54,54,42.822497,115.412,4942.23,51352.1,510,510,True,none,45,63.248,54,True,46,1.97,30,113.68,116.123,ok,57.602,60.923,57.81,4942.23,2475.5686,2466.6615,0.4991,1.0706,2333.355
3,1024,4096,4096,510,54,54,0.867549,100.628,87.2997,39605.5,510,510,True,none,44,63.248,54,True,2241,1.944,29,100.135,100.897,ok,57.602,60.923,43.026,87.2997,37.3272,49.9726,0.5724,0.7968,34.446
3,2048,16384,16384,510,54,54,21.988556,114.075,2508.3445,50003.8,510,510,True,none,44,63.248,54,True,90,1.979,30,111.634,114.666,ok,57.602,60.923,56.473,2508.3445,1241.7597,1266.5848,0.5049,1.0458,1168.7357
3,4096,8192,8192,510,54,54,11.136603,111.634,1243.2236,49364.8,510,510,True,none,44,63.248,54,True,178,1.982,30,110.5,112.019,ok,57.602,60.923,54.032,1243.2235,601.7329,641.4906,0.516,1.0006,564.7483
3,4096,4096,4096,510,54,54,2.999823,104.943,314.8105,45815.7,510,510,True,none,44,63.248,54,True,649,1.947,29,104.077,105.265,ok,57.602,60.923,47.341,314.8104,142.0146,172.7958,0.5489,0.8767,132.0522
3,2048,4096,4096,510,54,54,1.511485,104.864,158.5003,45464.9,510,510,True,none,44,63.248,54,True,1241,1.876,28,104.675,105.053,ok,57.602,60.923,47.262,158.5004,71.4358,87.0646,0.5493,0.8752,66.4162
3,8192,4096,4096,510,54,54,5.698006,107.377,611.8347,48241.1,510,510,True,none,44,63.248,54,True,347,1.977,30,106.131,107.855,ok,57.602,60.923,49.775,611.8348,283.6182,328.2165,0.5364,0.9218,264.6952
3,2048,8192,8192,510,54,54,5.865699,108.93,638.9506,46861.9,510,510,True,none,44,63.248,54,True,334,1.959,29,107.855,110.384,ok,57.602,60.923,51.328,638.9506,301.0746,337.876,0.5288,0.9505,281.5946
3,1024,8192,8192,510,54,54,3.052228,104.29,318.3168,45029.1,510,510,True,none,43,63.248,54,True,651,1.987,30,103.968,104.566,ok,57.602,60.923,46.688,318.3169,142.5024,175.8144,0.5523,0.8646,132.366
3,8192,8192,8192,510,54,54,21.701861,112.224,2435.4697,50664.4,510,510,True,none,44,63.248,54,True,91,1.975,30,111.785,112.972,ok,57.602,60.923,54.622,2435.4696,1185.3991,1250.0706,0.5133,1.0115,1113.3272
3,8192,16384,16384,510,54,54,85.587785,115.016,9843.9647,51386.4,510,510,True,none,44,63.248,54,True,23,1.969,30,113.561,115.412,ok,57.602,60.923,57.414,9843.9647,4913.9371,4930.0276,0.5008,1.0632,4629.7001
3,1024,16384,16384,510,54,54,11.574131,108.665,1257.7029,47498.7,510,510,True,none,43,63.248,54,True,171,1.979,30,106.989,110.384,ok,57.602,60.923,51.063,1257.7029,591.0099,666.6931,0.5301,0.9456,552.5722
3,8192,8192,8192,510,0,108,10.321975,155.555,1605.6349,106521.4,510,510,True,none,46,60.592,108,True,191,1.971,30,155.119,156.144,ok,57.602,59.466,97.953,1605.6348,1011.0684,594.5664,0.3703,0.907,991.8283
3,1024,8192,8192,510,0,108,1.435428,150.647,216.2429,95747.7,510,510,True,none,46,60.592,108,True,1334,1.915,29,150.326,150.915,ok,57.602,59.466,93.045,216.2429,133.5594,82.6835,0.3824,0.8615,130.8838
3,1024,16384,16384,510,0,108,5.364452,153.235,822.0217,102481.3,510,510,True,none,47,60.592,108,True,367,1.969,30,152.638,153.824,ok,57.602,59.466,95.633,822.0218,513.0186,309.0032,0.3759,0.8855,503.0193
3,2048,4096,4096,510,0,108,0.842702,135.718,114.3698,81546.6,510,510,True,none,46,60.592,108,True,2226,1.876,28,131.783,139.6,ok,57.602,59.466,78.116,114.3698,65.8285,48.5413,0.4244,0.7233,64.2577
3,1024,4096,4096,510,0,108,0.562955,118.469,66.6927,61034.6,510,510,True,none,45,60.592,108,True,3310,1.863,28,118.201,118.861,ok,57.602,59.466,60.867,66.6927,34.2654,32.4273,0.4862,0.5636,33.216
3,2048,16384,16384,510,0,108,10.708916,152.102,1628.8475,102672.5,510,510,True,none,47,60.592,108,True,185,1.981,30,150.05,153.503,ok,57.602,59.466,94.5,1628.8475,1011.9926,616.855,0.3787,0.875,992.0311
3,2048,8192,8192,510,0,108,2.724279,150.915,411.1345,100899.3,510,510,True,none,47,60.592,108,True,719,1.959,29,150.326,151.512,ok,57.602,59.466,93.313,411.1346,254.2106,156.9239,0.3817,0.864,249.1326
3,4096,16384,16384,510,0,108,20.351623,156.734,3189.7912,108051.5,510,510,True,none,47,60.592,108,True,97,1.974,30,156.412,157.009,ok,57.602,59.466,99.132,3189.7913,2017.4971,1172.2942,0.3675,0.9179,1979.5617
3,4096,8192,8192,510,0,108,5.431282,151.78,824.36,101220.3,510,510,True,none,47,60.592,108,True,362,1.966,30,151.183,152.638,ok,57.602,59.466,94.178,824.36,511.5073,312.8527,0.3795,0.872,501.3834
3,8192,16384,16384,510,0,108,40.667203,157.009,6385.1169,108147.3,510,510,True,none,47,60.592,108,True,48,1.952,29,156.412,157.277,ok,57.602,59.466,99.407,6385.1169,4042.6046,2342.5122,0.3669,0.9204,3966.801
3,8192,4096,4096,510,0,108,2.786133,151.78,422.8793,98659.3,510,510,True,none,47,60.592,108,True,703,1.959,29,151.183,152.102,ok,57.602,59.466,94.178,422.8793,262.3924,160.4868,0.3795,0.872,257.1991
3,4096,4096,4096,510,0,108,1.402759,150.326,210.8712,97977.6,510,510,True,none,47,60.592,108,True,1362,1.911,29,150.326,150.805,ok,57.602,59.466,92.724,210.8711,130.0694,80.8017,0.3832,0.8586,127.4547
3,4096,4096,4096,510,81,27,5.842569,84.925,496.1802,23523.7,510,510,True,none,42,62.638,27,True,337,1.969,30,84.388,85.247,ok,57.602,60.923,27.323,496.1802,159.6365,336.5437,0.6783,1.012,140.2333
3,2048,16384,16384,510,81,27,43.861495,92.481,4056.3549,25067.8,510,510,True,none,42,62.638,27,True,45,1.974,30,91.884,93.072,ok,57.602,60.923,34.879,4056.3549,1529.8451,2526.5098,0.6229,1.2918,1384.1811
3,2048,8192,8192,510,81,27,11.385805,89.562,1019.7354,24142.2,510,510,True,none,42,62.638,27,True,171,1.947,29,88.796,89.985,ok,57.602,60.923,31.96,1019.7355,363.8903,655.8451,0.6432,1.1837,326.0781
3,8192,16384,16384,510,81,27,174.364359,92.578,16142.3036,25223.3,510,510,True,none,42,62.638,27,True,11,1.918,29,91.347,92.803,ok,57.602,60.923,34.976,16142.3036,6098.5678,10043.7358,0.6222,1.2954,5519.5038
3,1024,16384,16384,510,81,27,22.469852,88.932,1998.2888,24466.4,510,510,True,none,42,62.638,27,True,88,1.977,30,88.067,89.891,ok,57.602,60.923,31.33,1998.2889,703.9805,1294.3084,0.6477,1.1604,629.3581
3,4096,16384,16384,510,81,27,87.265479,92.109,8037.936,25199.2,510,510,True,none,41,62.638,27,True,22,1.92,29,91.252,92.707,ok,57.602,60.923,34.507,8037.936,3011.2699,5026.6661,0.6254,1.278,2721.4612
3,2048,4096,4096,510,81,27,3.145048,82.846,260.5546,21850.1,510,510,True,none,41,62.638,27,True,631,1.985,30,82.516,82.932,ok,57.602,60.923,25.244,260.5546,79.3936,181.1611,0.6953,0.935,68.9489
3,1024,4096,4096,510,81,27,1.582363,81.98,129.7221,21714.2,510,510,True,none,41,62.638,27,True,1153,1.824,27,81.659,82.334,ok,57.602,60.923,24.378,129.7221,38.5748,91.1473,0.7026,0.9029,33.3198
3,8192,8192,8192,510,81,27,44.17649,90.065,3978.7556,24889.1,510,510,True,none,41,62.638,27,True,44,1.944,29,89.562,90.481,ok,57.602,60.923,32.463,3978.7556,1434.1014,2544.6542,0.6396,1.2023,1287.3913
3,1024,8192,8192,510,81,27,6.028833,83.435,503.0156,22796.9,510,510,True,none,41,62.638,27,True,329,1.983,30,82.932,83.791,ok,57.602,60.923,25.833,503.0157,155.7428,347.2728,0.6904,0.9568,135.7211
3,4096,8192,8192,510,81,27,22.231968,89.797,1996.364,24728.2,510,510,True,none,41,62.638,27,True,89,1.979,30,89.293,90.065,ok,57.602,60.923,32.195,1996.364,715.7582,1280.6058,0.6415,1.1924,641.9258
3,8192,4096,4096,510,81,27,11.378505,84.836,965.3069,24157.6,510,510,True,none,41,62.638,27,True,173,1.968,30,84.568,84.925,ok,57.602,60.923,27.234,965.3069,309.8822,655.4246,0.679,1.0087,272.0942
3,1024,4096,4096,510,94,14,2.903943,72.977,211.9211,11832.1,510,510,True,none,40,61.661,14,True,671,1.949,29,72.709,73.053,ok,57.602,60.923,15.375,211.921,44.6481,167.2729,0.7893,1.0982,35.0041
3,1024,8192,8192,510,94,14,11.479612,73.245,840.8241,11972.4,510,510,True,none,40,61.661,14,True,172,1.974,30,73.245,73.574,ok,57.602,60.923,15.643,840.8242,179.5756,661.2486,0.7864,1.1174,141.4518
3,2048,16384,16384,510,94,14,85.581752,79.071,6767.0347,12847.5,510,510,True,none,40,61.661,14,True,23,1.968,30,78.474,79.154,ok,57.602,60.923,21.469,6767.0347,1837.3546,4929.6801,0.7285,1.5335,1553.1376
3,8192,8192,8192,510,94,14,86.127767,77.884,6707.975,12766.1,510,510,True,none,40,61.661,14,True,23,1.981,30,77.698,77.966,ok,57.602,60.923,20.282,6707.975,1746.8434,4961.1316,0.7396,1.4487,1460.8131
3,2048,4096,4096,510,94,14,5.592511,73.053,408.5497,12287.8,510,510,True,none,40,61.661,14,True,351,1.963,30,72.977,73.053,ok,57.602,60.923,15.451,408.5497,86.4099,322.1398,0.7885,1.1036,67.8372
3,4096,16384,16384,510,94,14,170.033482,78.886,13413.2613,12932.9,510,510,True,none,40,61.661,14,True,11,1.87,28,78.803,79.154,ok,57.602,60.923,21.284,13413.2613,3618.9926,9794.2686,0.7302,1.5203,3054.3114
3,4096,8192,8192,510,94,14,43.346256,77.884,3375.9798,12682.9,510,510,True,none,40,61.661,14,True,45,1.951,29,77.617,77.966,ok,57.602,60.923,20.282,3375.9798,879.1488,2496.831,0.7396,1.4487,735.1958
3,8192,16384,16384,510,94,14,340.032336,78.886,26823.7909,12934.2,510,510,True,none,40,61.661,14,True,5,1.7,24,78.803,79.071,ok,57.602,60.923,21.284,26823.7909,7237.2482,19586.5426,0.7302,1.5203,6108.0009
3,2048,8192,8192,510,94,14,21.676352,77.617,1682.4534,12681.0,510,510,True,none,39,61.661,14,True,91,1.973,30,77.422,77.966,ok,57.602,60.923,20.015,1682.4534,433.8522,1248.6012,0.7421,1.4296,361.865
3,8192,4096,4096,510,94,14,22.154316,73.574,1629.9817,12407.4,510,510,True,none,39,61.661,14,True,89,1.972,30,73.245,73.651,ok,57.602,60.923,15.972,1629.9816,353.8487,1276.1329,0.7829,1.1409,280.2743
3,4096,4096,4096,510,94,14,11.114772,73.321,814.9462,12365.4,510,510,True,none,39,61.661,14,True,178,1.978,30,73.245,73.651,ok,57.602,60.923,15.719,814.9462,174.7131,640.2331,0.7856,1.1228,137.8009
3,1024,16384,16384,510,94,14,42.785449,77.884,3332.3019,12849.1,510,510,True,none,39,61.661,14,True,46,1.968,30,77.341,78.288,ok,57.602,60.923,20.282,3332.3019,867.7745,2464.5274,0.7396,1.4487,725.684
3,1024,8192,8192,510,27,81,2.002021,125.153,250.5589,68650.1,510,510,True,none,42,61.182,81,True,959,1.92,29,124.563,125.552,ok,57.602,60.923,67.551,250.5589,135.2385,115.3204,0.4603,0.834,128.5898
3,2048,16384,16384,510,27,81,14.419765,131.783,1900.2799,76250.3,510,510,True,none,43,61.182,81,True,136,1.961,30,131.239,133.559,ok,57.602,60.923,74.181,1900.2799,1069.6726,830.6073,0.4371,0.9158,1021.7845
3,4096,8192,8192,510,27,81,7.307705,130.918,956.7101,75229.6,510,510,True,none,43,61.182,81,True,269,1.966,30,129.463,131.92,ok,57.602,60.923,73.316,956.7101,535.7717,420.9384,0.44,0.9051,511.5028
3,1024,4096,4096,510,27,81,0.585655,115.881,67.8663,58668.9,510,510,True,none,43,61.182,81,True,3083,1.806,26,115.56,116.149,ok,57.602,60.923,58.279,67.8663,34.1314,33.7349,0.4971,0.7195,32.1864
3,4096,4096,4096,510,27,81,1.960312,125.689,246.3896,70110.8,510,510,True,none,43,61.182,81,True,978,1.917,29,125.153,126.418,ok,57.602,60.923,68.087,246.3897,133.4718,112.9179,0.4583,0.8406,126.9616
3,2048,4096,4096,510,27,81,1.129283,117.014,132.1419,60852.3,510,510,True,none,43,61.182,81,True,1701,1.921,29,116.149,117.336,ok,57.602,60.923,59.412,132.1419,67.093,65.049,0.4923,0.7335,63.3426
3,8192,16384,16384,510,27,81,55.621247,136.147,7572.6659,79071.3,510,510,True,none,44,61.182,81,True,35,1.947,29,133.559,137.423,ok,57.602,60.923,78.545,7572.6659,4368.7708,3203.8951,0.4231,0.9697,4184.0527
3,1024,16384,16384,510,27,81,7.505335,128.008,960.7429,73248.7,510,510,True,none,44,61.182,81,True,261,1.959,29,127.143,129.463,ok,57.602,60.923,70.406,960.7429,528.4206,432.3223,0.45,0.8692,503.4954
3,8192,4096,4096,510,27,81,3.743973,128.605,481.4936,73418.8,510,510,True,none,44,61.182,81,True,519,1.943,29,127.74,128.927,ok,57.602,60.923,71.003,481.4936,265.8333,215.6603,0.4479,0.8766,253.3996
3,2048,8192,8192,510,27,81,3.813261,126.875,483.8075,72084.7,510,510,True,none,44,61.182,81,True,514,1.96,30,126.286,127.472,ok,57.602,60.923,69.273,483.8075,264.156,219.6515,0.454,0.8552,251.4922
3,8192,8192,8192,510,27,81,14.103507,134.243,1893.2971,77960.2,510,510,True,none,44,61.182,81,True,140,1.974,30,133.237,134.96,ok,57.602,60.923,76.641,1893.2971,1080.9069,812.3902,0.4291,0.9462,1034.0691
3,4096,16384,16384,510,27,81,27.82493,136.744,3804.8923,79030.7,510,510,True,none,44,61.182,81,True,71,1.976,30,134.96,137.601,ok,57.602,60.923,79.142,3804.8922,2202.1206,1602.7716,0.4212,0.9771,2109.714
3,2048,16384,16384,1410,54,54,7.860041,331.075,2602.2632,139886.2,1410,1410,True,none,54,91.025,54,True,250,1.965,30,324.719,336.566,ok,85.372,88.796,245.703,2602.2631,1931.2357,671.0274,0.2579,4.5501,1904.3229
3,1024,4096,4096,1410,54,54,0.310854,277.79,86.352,110533.5,1410,1410,True,none,54,91.025,54,True,5657,1.758,25,276.068,278.12,ok,85.372,88.796,192.418,86.3521,59.8139,26.5382,0.3073,3.5633,58.7495
3,2048,8192,8192,1410,54,54,2.099629,320.962,673.9011,130917.4,1410,1410,True,none,56,91.025,54,True,925,1.942,29,318.107,323.604,ok,85.372,88.796,235.59,673.9011,494.6516,179.2495,0.266,4.3628,487.4625
3,1024,16384,16384,1410,54,54,4.140141,320.966,1328.8445,132786.7,1410,1410,True,none,57,91.025,54,True,474,1.962,30,313.743,327.646,ok,85.372,88.796,235.594,1328.8445,975.3924,353.4521,0.266,4.3629,961.2165
3,8192,4096,4096,1410,54,54,2.04585,321.56,657.8636,134358.8,1410,1410,True,none,58,91.025,54,True,951,1.946,29,320.105,323.014,ok,85.372,88.796,236.188,657.8635,483.2052,174.6583,0.2655,4.3739,476.2002
3,4096,8192,8192,1410,54,54,3.98587,336.833,1342.5727,137926.2,1410,1410,True,none,59,91.025,54,True,498,1.985,30,334.008,337.515,ok,85.372,88.796,251.461,1342.5725,1002.2909,340.2817,0.2535,4.6567,988.6432
3,8192,16384,16384,1410,54,54,30.629598,351.686,10772.0007,143588.1,1410,1410,True,none,61,91.025,54,True,64,1.96,30,350.553,354.006,ok,85.372,88.796,266.314,10772.0008,8157.0908,2614.91,0.2428,4.9317,8052.215
3,4096,16384,16384,1410,54,54,15.496579,347.28,5381.6521,141903.8,1410,1410,True,none,61,91.025,54,True,121,1.875,28,343.785,349.865,ok,85.372,88.796,261.908,5381.652,4058.678,1322.9739,0.2458,4.8501,4005.6177
3,2048,4096,4096,1410,54,54,0.542256,313.683,170.0964,126728.9,1410,1410,True,none,60,91.025,54,True,3559,1.93,29,311.373,314.279,ok,85.372,88.796,228.311,170.0965,123.803,46.2935,0.2722,4.228,121.9463
3,1024,8192,8192,1410,54,54,1.103284,311.373,343.5328,124572.6,1410,1410,True,none,60,91.025,54,True,1741,1.921,29,308.191,312.551,ok,85.372,88.796,226.001,343.5328,249.3433,94.1896,0.2742,4.1852,245.5656
3,4096,4096,4096,1410,54,54,1.079193,315.269,340.236,127353.5,1410,1410,True,none,61,91.025,54,True,1766,1.906,28,314.012,316.0,ok,85.372,88.796,229.897,340.2361,248.1032,92.1329,0.2708,4.2574,244.4081
3,8192,8192,8192,1410,54,54,7.863516,344.374,2707.9906,139824.4,1410,1410,True,none,62,91.025,54,True,250,1.966,30,342.057,346.095,ok,85.372,88.796,259.002,2707.9905,2036.6664,671.3241,0.2479,4.7963,2009.7417
3,4096,4096,4096,1410,81,27,2.125084,206.536,438.9065,64674.6,1410,1410,True,none,53,97.984,27,True,918,1.951,29,205.41,209.124,ok,85.372,88.796,121.164,438.9063,257.4837,181.4227,0.4134,4.4876,250.2074
3,8192,16384,16384,1410,81,27,62.584195,233.217,14595.6981,70274.1,1410,1410,True,none,54,97.984,27,True,31,1.94,29,230.308,234.35,ok,85.372,88.796,147.845,14595.6982,9252.7603,5342.9379,0.3661,5.4757,9038.472
3,4096,8192,8192,1410,81,27,8.050709,224.65,1808.5917,68286.6,1410,1410,True,none,54,97.984,27,True,246,1.98,30,222.759,227.988,ok,85.372,88.796,139.278,1808.5918,1121.2866,687.3051,0.38,5.1584,1093.721
3,2048,8192,8192,1410,81,27,4.137262,220.999,914.3308,66439.6,1410,1410,True,none,54,97.984,27,True,474,1.961,29,218.355,226.77,ok,85.372,88.796,135.627,914.3308,561.1244,353.2063,0.3863,5.0232,546.9584
3,8192,8192,8192,1410,81,27,15.944668,224.456,3578.8763,68958.0,1410,1410,True,none,54,97.984,27,True,124,1.977,30,222.491,227.72,ok,85.372,88.796,139.084,3578.8764,2217.6482,1361.2282,0.3804,5.1513,2163.0537
3,1024,16384,16384,1410,81,27,8.162288,218.945,1787.0922,67353.1,1410,1410,True,none,54,97.984,27,True,239,1.951,29,216.033,221.865,ok,85.372,88.796,133.573,1787.0921,1090.2613,696.8309,0.3899,4.9471,1062.3136
3,2048,16384,16384,1410,81,27,15.944482,227.72,3630.8775,68958.8,1410,1410,True,none,54,97.984,27,True,124,1.977,30,226.265,231.173,ok,85.372,88.796,142.348,3630.8774,2269.6651,1361.2123,0.3749,5.2721,2215.0712
3,1024,4096,4096,1410,81,27,0.56448,195.424,110.3129,60869.7,1410,1410,True,none,53,97.984,27,True,3072,1.734,25,194.888,196.344,ok,85.372,88.796,110.052,110.3129,62.1222,48.1908,0.4369,4.076,60.1894
3,1024,8192,8192,1410,81,27,2.168674,201.525,437.0421,63374.6,1410,1410,True,none,53,97.984,27,True,906,1.965,30,200.061,203.571,ok,85.372,88.796,116.153,437.042,251.898,185.144,0.4236,4.302,244.4725
3,2048,4096,4096,1410,81,27,1.117731,198.337,221.6875,61481.2,1410,1410,True,none,53,97.984,27,True,1721,1.924,29,197.747,201.525,ok,85.372,88.796,112.965,221.6874,126.2645,95.4229,0.4304,4.1839,122.4374
3,8192,4096,4096,1410,81,27,4.135061,209.721,867.2092,66474.9,1410,1410,True,none,53,97.984,27,True,475,1.964,30,207.401,214.308,ok,85.372,88.796,124.349,867.2091,514.1907,353.0184,0.4071,4.6055,500.0323
3,4096,16384,16384,1410,81,27,31.464928,230.308,7246.6246,69888.1,1410,1410,True,none,53,97.984,27,True,63,1.982,30,228.226,233.217,ok,85.372,88.796,144.936,7246.6246,4560.4008,2686.2238,0.3707,5.368,4452.6649
3,4096,4096,4096,1410,94,14,3.988616,151.341,603.6411,34457.8,1410,1410,True,none,49,96.252,14,True,498,1.986,30,151.341,151.671,ok,85.372,88.527,65.969,603.6411,263.125,340.5161,0.5641,4.7121,250.5409
3,2048,4096,4096,1410,94,14,2.025618,149.348,302.522,33925.2,1410,1410,True,none,49,96.252,14,True,705,1.428,19,149.026,149.617,ok,85.372,88.527,63.976,302.522,129.5909,172.9311,0.5716,4.5697,123.2001
3,8192,4096,4096,1410,94,14,7.921218,151.939,1203.542,34701.5,1410,1410,True,none,49,96.252,14,True,248,1.964,30,151.341,153.395,ok,85.372,88.527,66.567,1203.5419,527.2917,676.2502,0.5619,4.7548,502.3003
3,8192,8192,8192,1410,94,14,30.838107,164.4,5069.7848,35654.3,1410,1410,True,none,49,96.252,14,True,64,1.974,30,163.864,166.454,ok,85.372,88.527,79.028,5069.7848,2437.0739,2632.7109,0.5193,5.6449,2339.7797
3,4096,8192,8192,1410,94,14,15.505752,164.132,2544.99,35455.0,1410,1410,True,none,49,96.252,14,True,127,1.969,30,163.534,164.4,ok,85.372,88.527,78.76,2544.9901,1221.233,1323.7571,0.5201,5.6257,1172.3124
3,1024,8192,8192,1410,94,14,4.141004,149.026,617.1173,33189.8,1410,1410,True,none,49,96.252,14,True,470,1.946,29,148.16,149.617,ok,85.372,88.527,63.654,617.1173,263.5915,353.5258,0.5729,4.5467,250.5266
3,8192,16384,16384,1410,94,14,121.608836,167.045,20314.1479,36165.5,1410,1410,True,none,49,96.252,14,True,16,1.946,29,165.857,168.769,ok,85.372,88.527,81.673,20314.148,9932.1585,10381.9895,0.5111,5.8338,9548.4826
3,2048,8192,8192,1410,94,14,7.762991,163.864,1272.0747,35408.8,1410,1410,True,none,49,96.252,14,True,256,1.987,30,163.266,165.266,ok,85.372,88.527,78.492,1272.0748,609.3327,662.7421,0.521,5.6066,584.8405
3,1024,4096,4096,1410,94,14,1.048396,147.624,154.7684,32773.6,1410,1410,True,none,48,96.252,14,True,1860,1.95,29,147.026,147.892,ok,85.372,88.527,62.252,154.7684,65.2647,89.5037,0.5783,4.4466,61.9571
3,4096,16384,16384,1410,94,14,60.804714,166.723,10137.5444,36165.3,1410,1410,True,none,49,96.252,14,True,32,1.946,29,166.179,168.769,ok,85.372,88.527,81.351,10137.5443,4946.5243,5191.02,0.5121,5.8108,4754.6854
3,1024,16384,16384,1410,94,14,15.308175,164.722,2521.5933,35912.6,1410,1410,True,none,49,96.252,14,True,129,1.975,30,163.864,166.454,ok,85.372,88.527,79.35,2521.5932,1214.7037,1306.8895,0.5183,5.6679,1166.4064
3,2048,16384,16384,1410,94,14,30.587768,166.589,5095.5857,35946.1,1410,1410,True,none,49,96.252,14,True,65,1.988,30,165.857,168.769,ok,85.372,88.527,81.217,5095.5857,2484.2468,2611.3389,0.5125,5.8012,2387.7423
3,1024,8192,8192,1410,0,108,0.575457,400.266,230.336,238834.3,1290,1275,False,SwPowerCap,62,86.292,108,True,3509,2.019,31,378.046,402.851,ok,76.393,73.819,323.873,230.3359,186.3749,43.961,0.1909,2.9988,187.8564
3,2048,16384,16384,1410,0,108,4.322069,397.948,1719.9589,254394.7,1260,1260,False,SwPowerCap,64,86.292,108,True,460,1.988,30,393.725,409.037,ok,74.148,71.952,323.8,1719.9587,1399.4841,320.4746,0.1863,2.9981,1408.9766
3,8192,16384,16384,1410,0,108,16.680751,397.627,6632.7171,263660.0,1245,1245,False,SwPowerCap,65,86.292,108,True,118,1.968,30,397.031,398.365,ok,73.026,71.019,324.601,6632.717,5414.5873,1218.1297,0.1837,3.0056,5448.0691
3,4096,8192,8192,1410,0,108,2.197033,397.627,873.5996,250226.5,1260,1260,False,SwPowerCap,66,86.292,108,True,885,1.944,29,389.222,406.614,ok,74.148,71.952,323.479,873.5996,710.6931,162.9065,0.1865,2.9952,715.5184
3,1024,4096,4096,1410,0,108,0.206171,390.611,80.5327,166656.4,1410,1410,True,none,66,86.292,108,True,7180,1.48,20,385.587,396.763,ok,85.372,81.285,305.239,80.5327,62.9314,17.6012,0.2186,2.8263,63.7741
3,4096,16384,16384,1410,0,108,8.377737,399.348,3345.6327,262484.1,1245,1230,False,SwPowerCap,66,86.292,108,True,237,1.986,30,381.742,400.266,ok,73.026,71.019,326.322,3345.6325,2733.8393,611.7932,0.1829,3.0215,2750.6552
3,2048,8192,8192,1410,0,108,1.100774,399.669,439.9453,249713.2,1275,1260,False,SwPowerCap,67,86.292,108,True,1724,1.898,28,389.222,406.717,ok,75.271,72.885,324.398,439.9452,357.0891,82.8561,0.1883,3.0037,359.7149
3,8192,8192,8192,1410,0,108,4.240452,398.947,1691.7156,259291.1,1245,1245,False,SwPowerCap,67,86.292,108,True,468,1.985,30,398.216,399.348,ok,73.026,71.019,325.921,1691.7156,1382.0521,309.6636,0.183,3.0178,1390.5635
3,8192,4096,4096,1410,0,108,1.128498,400.266,451.6994,243578.6,1260,1260,False,SwPowerCap,67,86.292,108,True,1689,1.906,28,389.551,406.889,ok,74.148,71.952,326.118,451.6994,368.023,83.6764,0.1852,3.0196,370.5015
3,4096,4096,4096,1410,0,108,0.565801,400.4,226.5468,242910.3,1275,1260,False,SwPowerCap,68,86.292,108,True,3285,1.859,28,392.725,403.44,ok,75.271,72.885,325.129,226.5467,183.9584,42.5883,0.188,3.0105,185.3081
3,1024,16384,16384,1410,0,108,2.185878,403.707,882.4541,251503.5,1260,1245,False,SwPowerCap,68,86.292,108,True,900,1.967,30,388.687,405.757,ok,74.148,71.952,329.559,882.4542,720.3748,162.0794,0.1837,3.0515,725.1756
3,2048,4096,4096,1410,0,108,0.32451,398.35,129.2686,211763.8,1335,1335,False,SwPowerCap,68,86.292,108,True,5191,1.685,24,397.948,398.813,ok,79.76,76.619,318.59,129.2686,103.3856,25.883,0.2002,2.9499,104.4051
3,1024,4096,4096,1410,27,81,0.212231,374.201,79.417,161897.9,1410,1410,True,none,64,99.762,81,True,8126,1.725,25,372.159,381.146,ok,85.372,88.527,288.829,79.4171,61.2985,18.1186,0.2281,3.5658,60.6289
3,1024,16384,16384,1410,27,81,2.799371,396.763,1110.6869,196385.5,1380,1350,False,SwPowerCap,66,99.762,81,True,719,2.013,31,373.406,409.199,ok,83.127,86.289,313.636,1110.6868,877.9827,232.7041,0.2095,3.872,869.1319
3,8192,8192,8192,1410,27,81,5.361631,399.348,2141.1566,205070.4,1335,1335,False,SwPowerCap,66,99.762,81,True,373,2.0,30,383.731,410.063,ok,79.76,82.932,319.588,2141.1566,1713.5118,427.6448,0.1997,3.9455,1696.5058
3,8192,4096,4096,1410,27,81,1.399667,399.937,559.7787,196388.0,1365,1365,False,SwPowerCap,67,99.762,81,True,1365,1.911,29,399.08,400.533,ok,82.005,85.17,317.932,559.7786,444.999,114.7796,0.205,3.9251,440.569
3,2048,8192,8192,1410,27,81,1.422296,399.433,568.1118,193263.5,1380,1365,False,SwPowerCap,67,99.762,81,True,1338,1.903,28,388.954,405.757,ok,83.127,86.289,316.306,568.112,449.8804,118.2316,0.2081,3.905,445.3835
3,4096,16384,16384,1410,27,81,10.621599,397.352,4220.5135,207033.2,1335,1335,False,SwPowerCap,66,99.762,81,True,185,1.965,30,391.004,410.927,ok,79.76,82.932,317.592,4220.5136,3373.3326,847.181,0.2007,3.9209,3339.6432
3,2048,4096,4096,1410,27,81,0.411891,397.031,163.5336,166838.8,1410,1410,True,none,67,99.762,81,True,4266,1.757,25,376.988,408.494,ok,85.372,88.527,311.659,163.5335,128.3695,35.164,0.215,3.8476,127.07
3,2048,16384,16384,1410,27,81,5.436493,398.813,2168.1442,202246.5,1350,1335,False,SwPowerCap,67,99.762,81,True,372,2.022,31,383.142,401.39,ok,80.883,84.051,317.93,2168.1441,1728.4265,439.7175,0.2028,3.9251,1711.2014
3,4096,8192,8192,1410,27,81,2.747683,395.31,1086.1865,200079.8,1350,1350,False,SwPowerCap,67,99.762,81,True,714,1.962,30,392.725,414.69,ok,80.883,84.051,314.427,1086.1866,863.9469,222.2397,0.2046,3.8818,855.2411
3,8192,16384,16384,1410,27,81,21.23521,397.352,8437.853,207111.0,1335,1335,False,SwPowerCap,67,99.762,81,True,93,1.975,30,392.992,409.199,ok,79.76,82.932,317.592,8437.8532,6744.1283,1693.7249,0.2007,3.9209,6676.7747
3,4096,4096,4096,1410,27,81,0.731069,402.575,294.31,187997.3,1380,1365,False,SwPowerCap,67,99.762,81,True,2403,1.757,25,385.78,403.707,ok,83.127,86.289,319.448,294.3101,233.5383,60.7718,0.2065,3.9438,231.2269
3,1024,8192,8192,1410,27,81,0.752951,396.495,298.5411,182533.8,1380,1380,False,SwPowerCap,67,99.762,81,True,2457,1.85,27,394.178,399.937,ok,83.127,86.289,313.368,298.5413,235.9505,62.5908,0.2097,3.8687,233.5699
3,8192,16384,16384,300,94,14,576.996648,74.778,43146.6553,7622.3,300,300,True,none,46,65.757,14,True,3,1.731,25,74.164,75.107,ok,56.366,59.788,18.412,43146.6553,10623.6623,32522.9931,0.7538,1.3151,8649.1798
3,4096,4096,4096,300,94,14,18.874866,71.007,1340.2476,7281.6,300,300,True,none,45,65.757,14,True,105,1.982,30,70.731,71.329,ok,56.366,59.788,14.641,1340.2476,276.3469,1063.9007,0.7938,1.0458,211.7571
3,1024,8192,8192,300,94,14,19.923481,70.141,1397.4529,6898.3,300,300,True,none,45,65.757,14,True,97,1.933,29,70.141,70.463,ok,56.366,59.788,13.775,1397.4529,274.446,1123.0069,0.8036,0.9839,206.2678
3,4096,16384,16384,300,94,14,288.920919,73.651,21279.3146,7611.2,300,300,True,none,44,65.757,14,True,6,1.734,25,73.651,73.919,ok,56.366,59.788,17.285,21279.3146,4993.9981,16285.3165,0.7653,1.2346,4005.3107
3,1024,16384,16384,300,94,14,72.712873,73.053,5311.8935,7560.6,300,300,True,none,43,65.757,14,True,27,1.963,30,72.463,73.13,ok,56.366,59.788,16.687,5311.8935,1213.3597,4098.5338,0.7716,1.1919,964.5363
3,8192,4096,4096,300,94,14,37.505629,69.873,2620.6308,7329.0,300,300,True,none,43,65.757,14,True,53,1.988,30,69.604,69.946,ok,56.366,59.788,13.507,2620.6308,506.5885,2114.0423,0.8067,0.9648,378.2443
3,2048,4096,4096,300,94,14,9.438619,69.079,652.0104,7280.7,300,300,True,none,42,65.757,14,True,209,1.973,30,69.007,69.347,ok,56.366,59.788,12.713,652.0104,119.9932,532.0172,0.816,0.9081,87.6942
3,1024,4096,4096,300,94,14,4.907683,69.007,338.6645,7001.2,300,300,True,none,42,65.757,14,True,399,1.958,29,68.685,69.347,ok,56.366,59.788,12.641,338.6645,62.038,276.6265,0.8168,0.9029,45.2439
3,8192,8192,8192,300,94,14,145.718149,72.662,10588.1722,7545.5,300,300,True,none,42,65.757,14,True,13,1.894,28,72.195,72.861,ok,56.366,59.788,16.296,10588.1721,2374.623,8213.5492,0.7757,1.164,1875.9755
3,4096,8192,8192,300,94,14,73.386284,72.463,5317.7903,7491.3,300,300,True,none,42,65.757,14,True,27,1.981,30,72.195,72.539,ok,56.366,59.788,16.097,5317.7903,1181.299,4136.4913,0.7779,1.1498,930.1711
3,2048,8192,8192,300,94,14,36.83601,72.27,2662.1384,7462.2,300,300,True,none,41,65.757,14,True,54,1.989,30,71.919,72.463,ok,56.366,59.788,15.904,2662.1384,585.8399,2076.2985,0.7799,1.136,459.7871
3,2048,16384,16384,300,94,14,144.798008,72.785,10539.123,7593.4,300,300,True,none,41,65.757,14,True,13,1.882,28,72.195,73.13,ok,56.366,59.788,16.419,10539.123,2377.4385,8161.6845,0.7744,1.1728,1881.9397
3,8192,4096,4096,300,81,27,19.30758,75.966,1466.7196,14236.8,300,300,True,none,41,61.522,27,True,102,1.969,30,75.644,76.045,ok,56.366,59.788,19.6,1466.7196,378.4286,1088.2911,0.742,0.7259,312.358
3,2048,8192,8192,300,81,27,19.326426,78.556,1518.2067,14222.9,300,300,True,none,41,61.522,27,True,102,1.971,30,77.966,78.968,ok,56.366,59.788,22.19,1518.2067,428.8534,1089.3533,0.7175,0.8219,362.7184
3,4096,8192,8192,300,81,27,37.736617,78.886,2976.8907,14568.2,300,300,True,none,41,61.522,27,True,52,1.962,30,78.556,79.236,ok,56.366,59.788,22.52,2976.8908,849.8286,2127.0622,0.7145,0.8341,720.6939
3,8192,16384,16384,300,81,27,295.464018,80.61,23817.3545,14885.2,300,300,True,none,41,61.522,27,True,6,1.773,26,80.096,80.878,ok,56.366,59.788,24.244,23817.3545,7163.2297,16654.1248,0.6992,0.8979,6152.1518
3,2048,16384,16384,300,81,27,74.505269,80.096,5967.574,14757.5,300,300,True,none,41,61.522,27,True,26,1.937,29,79.154,80.694,ok,56.366,59.788,23.73,5967.574,1768.01,4199.564,0.7037,0.8789,1513.053
3,1024,8192,8192,300,81,27,10.204193,74.587,761.1001,13468.9,300,300,True,none,40,61.522,27,True,195,1.99,30,74.509,74.856,ok,56.366,59.788,18.221,761.1001,185.9306,575.1695,0.7557,0.6749,151.0119
3,8192,8192,8192,300,81,27,74.850839,78.968,5910.821,14689.4,300,300,True,none,40,61.522,27,True,26,1.946,29,78.556,79.154,ok,56.366,59.788,22.602,5910.8211,1691.7787,4219.0424,0.7138,0.8371,1435.6391
3,4096,16384,16384,300,81,27,147.765264,80.288,11863.7775,14881.9,300,300,True,none,40,61.522,27,True,13,1.921,29,79.154,80.61,ok,56.366,59.788,23.922,11863.7775,3534.8406,8328.9369,0.702,0.886,3029.1879
3,4096,4096,4096,300,81,27,9.923182,75.107,745.3004,13850.3,300,300,True,none,40,61.522,27,True,200,1.985,30,74.778,75.375,ok,56.366,59.788,18.741,745.3004,185.9704,559.3301,0.7505,0.6941,152.0132
3,2048,4096,4096,300,81,27,5.243201,74.241,389.2605,13106.4,300,300,True,none,40,61.522,27,True,378,1.982,30,73.919,74.509,ok,56.366,59.788,17.875,389.2605,93.7222,295.5383,0.7592,0.662,75.78
3,1024,4096,4096,300,81,27,2.669398,73.651,196.6039,12871.7,300,300,True,none,40,61.522,27,True,719,1.919,29,73.321,73.728,ok,56.366,59.788,17.285,196.6038,46.1405,150.4633,0.7653,0.6402,37.0059
3,1024,16384,16384,300,81,27,38.172983,78.047,2979.2868,14401.7,300,300,True,none,40,61.522,27,True,52,1.985,30,76.563,78.638,ok,56.366,59.788,21.681,2979.2868,827.6284,2151.6584,0.7222,0.803,697.0005
3,8192,8192,8192,300,27,81,23.951145,104.943,2513.505,45906.4,300,300,True,none,41,60.923,81,True,82,1.964,30,104.508,105.809,ok,56.366,59.788,48.577,2513.505,1163.4748,1350.0302,0.5371,0.5997,1081.514
3,1024,4096,4096,300,27,81,0.98615,94.711,93.3992,34842.3,300,300,True,none,41,60.923,81,True,1926,1.899,28,94.206,94.895,ok,56.366,59.788,38.345,93.3993,37.8139,55.5853,0.5951,0.4734,34.4393
3,8192,4096,4096,300,27,81,6.31752,102.084,644.9177,43510.4,300,300,True,none,42,60.923,81,True,312,1.971,30,101.487,102.46,ok,56.366,59.788,45.718,644.9177,288.8244,356.0933,0.5522,0.5644,267.2058
3,1024,16384,16384,300,27,81,12.748402,101.379,1292.4202,43123.5,300,300,True,none,42,60.923,81,True,155,1.976,30,100.031,102.728,ok,56.366,59.788,45.013,1292.4202,573.8438,718.5764,0.556,0.5557,530.2188
3,8192,16384,16384,300,27,81,94.50444,106.399,10055.1779,46538.0,300,300,True,none,42,60.923,81,True,21,1.985,30,104.399,107.7,ok,56.366,59.788,50.033,10055.1779,4728.3406,5326.8373,0.5298,0.6177,4404.9465
3,4096,16384,16384,300,27,81,47.277532,106.721,5045.5055,46513.1,300,300,True,none,42,60.923,81,True,42,1.986,30,105.265,107.7,ok,56.366,59.788,50.355,5045.5055,2380.6601,2664.8454,0.5282,0.6217,2218.8764
3,1024,8192,8192,300,27,81,3.385664,100.299,339.5787,40594.4,300,300,True,none,42,60.923,81,True,578,1.957,29,99.762,100.897,ok,56.366,59.788,43.933,339.5787,148.7424,190.8363,0.562,0.5424,137.1566
3,2048,8192,8192,300,27,81,6.467693,100.897,652.5708,42500.1,300,300,True,none,42,60.923,81,True,304,1.966,30,100.299,101.487,ok,56.366,59.788,44.531,652.5708,288.0128,364.558,0.5586,0.5498,265.8804
3,4096,8192,8192,300,27,81,12.336891,103.326,1274.7215,44561.9,300,300,True,none,42,60.923,81,True,160,1.974,30,102.353,104.077,ok,56.366,59.788,46.96,1274.7216,579.3404,695.3812,0.5455,0.5798,537.1236
3,2048,16384,16384,300,27,81,24.362526,104.399,2543.4234,45131.3,300,300,True,none,42,60.923,81,True,81,1.973,30,103.809,106.131,ok,56.366,59.788,48.033,2543.4234,1170.2052,1373.2181,0.5399,0.593,1086.8366
3,2048,4096,4096,300,27,81,1.900695,95.225,180.9937,36154.9,300,300,True,none,42,60.923,81,True,1023,1.944,29,94.796,95.662,ok,56.366,59.788,38.859,180.9937,73.8591,107.1346,0.5919,0.4797,67.3549
3,4096,4096,4096,300,27,81,3.320734,100.299,333.0663,41388.1,300,300,True,none,42,60.923,81,True,590,1.959,29,99.172,101.487,ok,56.366,59.788,43.933,333.0663,145.8898,187.1765,0.562,0.5424,134.5263
3,4096,8192,8192,300,0,108,9.224476,114.814,1059.099,59597.5,300,300,True,none,43,60.064,108,True,214,1.974,30,113.956,115.68,ok,56.366,58.929,58.448,1059.099,539.1522,519.9468,0.4909,0.5412,515.5098
3,1024,8192,8192,300,0,108,2.424222,115.136,279.1153,56694.0,300,300,True,none,43,60.064,108,True,803,1.947,29,114.546,115.412,ok,56.366,58.929,58.77,279.1152,142.4715,136.6437,0.4896,0.5442,136.2582
3,1024,16384,16384,300,0,108,9.113557,116.271,1059.6424,60322.9,300,300,True,none,43,60.064,108,True,217,1.978,30,115.136,117.137,ok,56.366,58.929,59.905,1059.6424,545.9476,513.6948,0.4848,0.5547,522.5896
3,8192,8192,8192,300,0,108,17.532295,117.727,2064.0244,62713.5,300,300,True,none,43,60.064,108,True,113,1.981,30,117.458,118.003,ok,56.366,58.929,61.361,2064.0245,1075.7992,988.2253,0.4788,0.5682,1030.8639
3,2048,8192,8192,300,0,108,4.624763,114.814,530.9876,59436.1,300,300,True,none,43,60.064,108,True,425,1.966,30,114.224,115.136,ok,56.366,58.929,58.448,530.9875,270.3081,260.6794,0.4909,0.5412,258.4549
3,2048,4096,4096,300,0,108,1.42713,106.131,151.4628,48152.2,300,300,True,none,43,60.064,108,True,1358,1.938,29,105.809,106.242,ok,56.366,58.929,49.765,151.4627,71.0211,80.4416,0.5311,0.4608,67.3634
3,8192,4096,4096,300,0,108,4.727947,115.256,544.9243,58139.0,300,300,True,none,43,60.064,108,True,417,1.972,30,114.546,115.533,ok,56.366,58.929,58.89,544.9243,278.4288,266.4955,0.4891,0.5453,266.3111
3,4096,16384,16384,300,0,108,34.583859,118.126,4085.2529,63585.2,300,300,True,none,44,60.064,108,True,57,1.971,30,117.727,118.324,ok,56.366,58.929,61.76,4085.2529,2135.8991,1949.3538,0.4772,0.5719,2047.2607
3,8192,16384,16384,300,0,108,69.110306,118.324,8177.4078,63638.1,300,300,True,none,44,60.064,108,True,28,1.935,29,117.727,118.593,ok,56.366,58.929,61.958,8177.4078,4281.9363,3895.4715,0.4764,0.5737,4104.8066
3,2048,16384,16384,300,0,108,18.196407,115.881,2108.6179,60424.7,300,300,True,none,43,60.064,108,True,109,1.983,30,113.837,116.868,ok,56.366,58.929,59.515,2108.6178,1082.9592,1025.6587,0.4864,0.5511,1036.3218
3,4096,4096,4096,300,0,108,2.378664,114.427,272.1834,57779.9,300,300,True,none,43,60.064,108,True,817,1.943,29,114.105,114.814,ok,56.366,58.929,58.061,272.1834,138.1076,134.0758,0.4926,0.5376,132.0111
3,1024,4096,4096,300,0,108,0.952352,95.21,90.6734,36078.8,300,300,True,none,42,60.064,108,True,1990,1.895,28,95.026,96.528,ok,56.366,58.929,38.844,90.6734,36.9932,53.6803,0.592,0.3597,34.5523
3,2048,4096,4096,300,54,54,2.549878,87.247,222.4692,26950.1,300,300,True,none,41,61.182,54,True,753,1.92,29,86.979,87.569,ok,56.366,59.788,30.881,222.4692,78.7428,143.7264,0.6461,0.5719,70.0171
3,1024,8192,8192,300,54,54,5.143305,86.979,447.3595,26721.9,300,300,True,none,41,61.182,54,True,380,1.954,29,86.703,87.569,ok,56.366,59.788,30.613,447.3595,157.452,289.9075,0.648,0.5669,139.8516
3,1024,4096,4096,300,54,54,1.441925,84.146,121.3323,23829.1,300,300,True,none,41,61.182,54,True,1353,1.951,29,83.791,84.476,ok,56.366,59.788,27.78,121.3322,40.0567,81.2755,0.6699,0.5144,35.1224
3,8192,8192,8192,300,54,54,36.807915,91.884,3382.0585,29871.6,300,300,True,none,41,61.182,54,True,54,1.988,30,91.347,92.481,ok,56.366,59.788,35.518,3382.0585,1307.3435,2074.7149,0.6134,0.6577,1181.3868
3,4096,4096,4096,300,54,54,5.072287,86.979,441.1824,27096.1,300,300,True,none,41,61.182,54,True,386,1.958,29,86.381,87.569,ok,56.366,59.788,30.613,441.1825,155.2779,285.9045,0.648,0.5669,137.9206
3,8192,4096,4096,300,54,54,9.629022,88.527,852.4284,28546.8,300,300,True,none,41,61.182,54,True,204,1.964,30,88.159,89.025,ok,56.366,59.788,32.161,852.4284,309.679,542.7495,0.6367,0.5956,276.7285
3,2048,16384,16384,300,54,54,37.179335,92.481,3438.3821,29573.2,300,300,True,none,41,61.182,54,True,53,1.971,30,90.481,93.437,ok,56.366,59.788,36.115,3438.3821,1342.7317,2095.6504,0.6095,0.6688,1215.504
3,4096,16384,16384,300,54,54,72.701472,93.072,6766.4714,30247.3,300,300,True,none,41,61.182,54,True,27,1.963,30,91.884,94.036,ok,56.366,59.788,36.706,6766.4714,2668.5802,4097.8912,0.6056,0.6797,2419.7958
3,1024,16384,16384,300,54,54,19.571581,89.655,1754.6901,28089.5,300,300,True,none,41,61.182,54,True,101,1.977,30,87.837,90.844,ok,56.366,59.788,33.289,1754.6901,651.5184,1103.1717,0.6287,0.6165,584.5444
3,4096,8192,8192,300,54,54,18.823093,91.025,1713.372,29206.5,300,300,True,none,41,61.182,54,True,105,1.976,30,89.562,91.615,ok,56.366,59.788,34.659,1713.372,652.3896,1060.9825,0.6192,0.6418,587.977
3,8192,16384,16384,300,54,54,144.775824,93.255,13501.0695,30378.3,300,300,True,none,41,61.182,54,True,13,1.882,28,91.98,94.036,ok,56.366,59.788,36.889,13501.0695,5340.6354,8160.4341,0.6044,0.6831,4845.2125
3,2048,8192,8192,300,54,54,9.910167,89.386,885.8302,27737.0,300,300,True,none,41,61.182,54,True,198,1.962,30,89.025,90.844,ok,56.366,59.788,33.02,885.8302,327.2337,558.5965,0.6306,0.6115,293.3211
3,2048,8192,8192,900,27,81,2.162875,182.419,394.5494,127089.2,900,900,True,none,46,65.296,81,True,901,1.949,29,180.962,182.694,ok,61.356,64.437,121.063,394.5495,261.8441,132.7054,0.3363,1.4946,255.1803
3,1024,8192,8192,900,27,81,1.143999,179.774,205.6613,120139.0,900,900,True,none,46,65.296,81,True,1657,1.896,28,179.506,180.372,ok,61.356,64.437,118.418,205.6613,135.4701,70.1912,0.3413,1.462,131.9454
3,1024,4096,4096,900,27,81,0.331893,163.266,54.1869,103526.5,900,900,True,none,46,65.296,81,True,5001,1.66,24,162.944,163.534,ok,61.356,64.437,101.91,54.1868,33.8232,20.3636,0.3758,1.2581,32.8007
3,4096,4096,4096,900,27,81,1.11508,180.372,201.1292,123254.8,900,900,True,none,47,65.296,81,True,1727,1.926,29,178.461,181.231,ok,61.356,64.437,119.016,201.1292,132.7124,68.4168,0.3402,1.4693,129.2768
3,1024,16384,16384,900,27,81,4.256344,183.821,782.4055,129161.5,900,900,True,none,47,65.296,81,True,459,1.954,29,182.419,185.277,ok,61.356,64.437,122.465,782.4054,521.2532,261.1522,0.3338,1.5119,508.1394
3,8192,8192,8192,900,27,81,7.996472,194.558,1555.7777,137499.6,900,900,True,none,48,65.296,81,True,247,1.975,30,193.432,195.424,ok,61.356,64.437,133.202,1555.7776,1065.1461,490.6315,0.3154,1.6445,1040.5089
3,8192,16384,16384,900,27,81,31.529664,197.747,6234.8964,139489.2,900,900,True,none,49,65.296,81,True,63,1.986,30,195.542,198.659,ok,61.356,64.437,136.391,6234.8965,4300.3624,1934.5341,0.3103,1.6838,4203.2195
3,2048,16384,16384,900,27,81,8.157051,192.566,1570.7707,134792.8,900,900,True,none,49,65.296,81,True,241,1.966,30,191.5,194.022,ok,61.356,64.437,131.21,1570.7707,1070.2867,500.484,0.3186,1.6199,1045.1548
3,8192,4096,4096,900,27,81,2.120762,185.009,392.3601,129612.8,900,900,True,none,49,65.296,81,True,910,1.93,29,183.821,185.875,ok,61.356,64.437,123.653,392.3601,262.2386,130.1215,0.3316,1.5266,255.7045
3,2048,4096,4096,900,27,81,0.642154,163.998,105.312,107014.0,900,900,True,none,48,65.296,81,True,2904,1.865,28,162.944,164.722,ok,61.356,64.437,102.642,105.312,65.912,39.4,0.3741,1.2672,63.9335
3,4096,8192,8192,900,27,81,4.135249,189.922,785.3748,132943.8,900,900,True,none,49,65.296,81,True,474,1.96,30,186.143,191.7,ok,61.356,64.437,128.566,785.3748,531.6524,253.7223,0.3231,1.5872,518.9117
3,4096,16384,16384,900,27,81,15.772483,198.555,3131.7054,139421.5,900,900,True,none,50,65.296,81,True,125,1.972,30,196.612,199.793,ok,61.356,64.437,137.199,3131.7054,2163.9689,967.7365,0.309,1.6938,2115.3739
3,8192,16384,16384,900,81,27,98.21342,118.003,11589.4782,44780.5,900,900,True,none,44,66.684,27,True,20,1.964,30,116.868,118.861,ok,61.356,64.437,56.647,11589.4782,5563.4956,6025.9826,0.52,2.098,5260.9001
3,1024,8192,8192,900,81,27,3.40935,103.701,353.553,40312.4,900,900,True,none,44,66.684,27,True,581,1.981,30,103.379,104.077,ok,61.356,64.437,42.345,353.553,144.3689,209.1841,0.5917,1.5683,133.8647
3,2048,8192,8192,900,81,27,6.46707,113.09,731.361,42504.2,900,900,True,none,44,66.684,27,True,304,1.966,30,112.224,113.68,ok,61.356,64.437,51.734,731.3609,334.5674,396.7935,0.5425,1.9161,314.6424
3,4096,4096,4096,900,81,27,3.320791,104.943,348.4937,41387.4,900,900,True,none,43,66.684,27,True,570,1.893,28,103.487,105.533,ok,61.356,64.437,43.587,348.4938,144.7433,203.7505,0.5847,1.6143,134.512
3,8192,8192,8192,900,81,27,24.882451,114.814,2856.8538,44188.2,900,900,True,none,43,66.684,27,True,79,1.966,30,114.343,115.136,ok,61.356,64.437,53.458,2856.8537,1330.1661,1526.6877,0.5344,1.9799,1253.5032
3,1024,4096,4096,900,81,27,0.889267,101.487,90.2491,38638.3,900,900,True,none,43,66.684,27,True,2373,2.11,33,100.897,101.763,ok,61.356,64.437,40.131,90.249,35.6872,54.5619,0.6046,1.4863,32.9473
3,2048,16384,16384,900,81,27,24.868578,117.137,2913.0307,44212.9,900,900,True,none,43,66.684,27,True,80,1.989,30,115.68,118.003,ok,61.356,64.437,55.781,2913.0306,1387.1941,1525.8365,0.5238,2.066,1310.5741
3,4096,16384,16384,900,81,27,49.112123,118.003,5795.3779,44775.6,900,900,True,none,43,66.684,27,True,40,1.964,30,117.137,118.324,ok,61.356,64.437,56.647,5795.3779,2782.0544,3013.3234,0.52,2.098,2630.74
3,4096,8192,8192,900,81,27,12.594252,113.68,1431.7146,43651.3,900,900,True,none,43,66.684,27,True,156,1.965,30,113.09,114.224,ok,61.356,64.437,52.324,1431.7146,658.9816,772.7329,0.5397,1.9379,620.1788
3,8192,4096,4096,900,81,27,6.466838,105.809,684.2497,42505.8,900,900,True,none,43,66.684,27,True,306,1.979,30,105.533,105.92,ok,61.356,64.437,44.453,684.2497,287.4703,396.7793,0.5799,1.6464,267.546
3,2048,4096,4096,900,81,27,1.739808,102.353,178.0746,39498.3,900,900,True,none,43,66.684,27,True,1117,1.943,29,101.763,103.05,ok,61.356,64.437,40.997,178.0746,71.3269,106.7477,0.5995,1.5184,65.9666
3,1024,16384,16384,900,81,27,12.734401,112.019,1426.4949,43170.9,900,900,True,none,43,66.684,27,True,155,1.974,30,111.036,112.822,ok,61.356,64.437,50.663,1426.4949,645.163,781.3319,0.5477,1.8764,605.9283
3,8192,4096,4096,900,94,14,12.433627,87.569,1088.8003,22107.6,900,900,True,none,41,65.895,14,True,159,1.977,30,87.247,87.66,ok,61.356,64.437,26.213,1088.8003,325.9227,762.8776,0.7007,1.8724,287.6147
3,2048,4096,4096,900,94,14,3.153085,86.203,271.8054,21794.4,900,900,True,none,41,65.895,14,True,601,1.895,28,85.934,86.471,ok,61.356,64.437,24.847,271.8054,78.3447,193.4607,0.7118,1.7748,68.63
3,1024,16384,16384,900,94,14,24.269037,94.626,2296.4819,22652.6,900,900,True,none,41,65.895,14,True,81,1.966,30,94.206,94.796,ok,61.356,64.437,33.27,2296.4819,807.4309,1489.051,0.6484,2.3764,732.658
3,4096,8192,8192,900,94,14,24.271319,94.206,2286.5039,22650.4,900,900,True,none,41,65.895,14,True,81,1.966,30,94.206,94.626,ok,61.356,64.437,32.85,2286.5039,797.3128,1489.191,0.6513,2.3464,722.5329
3,8192,16384,16384,900,94,14,191.461409,95.984,18377.2319,22970.9,900,900,True,none,41,65.895,14,True,10,1.915,29,95.762,96.353,ok,61.356,64.437,34.628,18377.2319,6629.9257,11747.3062,0.6392,2.4734,6040.0331
3,2048,8192,8192,900,94,14,12.279459,93.938,1153.5078,22385.2,900,900,True,none,41,65.895,14,True,160,1.965,30,93.437,94.304,ok,61.356,64.437,32.582,1153.5078,400.0893,753.4185,0.6532,2.3273,362.2563
3,8192,8192,8192,900,94,14,48.510475,94.304,4574.7318,22665.4,900,900,True,none,41,65.895,14,True,41,1.989,30,94.036,94.626,ok,61.356,64.437,32.948,4574.7318,1598.3231,2976.4087,0.6506,2.3534,1448.8624
3,4096,4096,4096,900,94,14,6.292005,87.07,547.8448,21843.4,900,900,True,none,41,65.895,14,True,314,1.976,30,86.979,87.338,ok,61.356,64.437,25.714,547.8449,161.7926,386.0523,0.7047,1.8367,142.4069
3,4096,16384,16384,900,94,14,95.786819,95.984,9194.0021,22957.5,900,900,True,none,41,65.895,14,True,20,1.916,29,95.762,96.084,ok,61.356,64.437,34.628,9194.002,3316.906,5877.0961,0.6392,2.4734,3021.7868
3,1024,8192,8192,900,94,14,6.602614,86.113,568.5709,20815.8,900,900,True,none,41,65.895,14,True,297,1.961,30,85.844,86.203,ok,61.356,64.437,24.757,568.5709,163.4609,405.11,0.7125,1.7684,143.1183
3,1024,4096,4096,900,94,14,1.639074,85.604,140.3113,20962.9,900,900,True,none,41,65.895,14,True,1232,2.019,31,84.925,86.203,ok,61.356,64.437,24.248,140.3113,39.7443,100.567,0.7167,1.732,34.6943
3,2048,16384,16384,900,94,14,47.919256,95.662,4584.0519,22945.1,900,900,True,none,41,65.895,14,True,41,1.965,30,95.394,95.984,ok,61.356,64.437,34.306,4584.0519,1643.918,2940.1339,0.6414,2.4504,1496.2788
3,1024,8192,8192,900,54,54,1.728568,140.511,242.8829,79510.3,900,900,True,none,43,65.504,54,True,1143,1.976,30,139.6,141.523,ok,61.356,64.437,79.155,242.8828,136.8248,106.058,0.4367,1.4658,131.4991
3,8192,8192,8192,900,54,54,12.289184,154.689,1901.0015,89469.9,900,900,True,none,45,65.504,54,True,161,1.979,30,153.503,155.279,ok,61.356,64.437,93.333,1901.0016,1146.9864,754.0152,0.3966,1.7284,1109.1234
3,4096,8192,8192,900,54,54,6.278324,151.512,951.2414,87564.1,900,900,True,none,45,65.504,54,True,313,1.965,30,151.183,152.967,ok,61.356,64.437,90.156,951.2414,566.0286,385.2128,0.405,1.6696,546.6851
3,2048,16384,16384,900,54,54,12.391778,155.983,1932.9068,88729.1,900,900,True,none,45,65.504,54,True,159,1.97,30,154.092,157.009,ok,61.356,64.437,94.627,1932.9067,1172.5968,760.3099,0.3934,1.7524,1134.4177
3,4096,16384,16384,900,54,54,24.25162,158.135,3835.0299,90675.3,900,900,True,none,46,65.504,54,True,82,1.989,30,156.734,159.053,ok,61.356,64.437,96.779,3835.0299,2347.0475,1487.9824,0.388,1.7922,2272.3283
3,2048,4096,4096,900,54,54,0.853636,142.241,121.4221,80502.1,900,900,True,none,45,65.504,54,True,2373,2.026,31,140.189,143.098,ok,61.356,64.437,80.885,121.422,69.0463,52.3757,0.4314,1.4979,66.4163
3,8192,16384,16384,900,54,54,48.24451,159.053,7673.4341,91161.6,900,900,True,none,46,65.504,54,True,41,1.978,30,157.277,159.919,ok,61.356,64.437,97.697,7673.434,4713.3439,2960.0902,0.3858,1.8092,4564.7026
3,1024,4096,4096,900,54,54,0.498217,131.239,65.3855,68965.5,900,900,True,none,45,65.504,54,True,3852,1.919,29,130.65,132.104,ok,61.356,64.437,69.883,65.3855,34.8169,30.5686,0.4675,1.2941,33.2819
3,2048,8192,8192,900,54,54,3.307853,150.326,497.2563,83098.6,900,900,True,none,46,65.504,54,True,590,1.952,29,144.829,151.512,ok,61.356,64.437,88.97,497.2563,294.2997,202.9566,0.4082,1.6476,284.1082
3,1024,16384,16384,900,54,54,6.524304,148.871,971.2797,84262.7,900,900,True,none,46,65.504,54,True,302,1.97,30,147.47,150.05,ok,61.356,64.437,87.515,971.2797,570.9745,400.3052,0.4121,1.6206,550.8731
3,8192,4096,4096,900,54,54,3.218836,146.873,472.7601,85396.7,900,900,True,none,46,65.504,54,True,606,1.951,29,146.283,147.47,ok,61.356,64.437,85.517,472.7601,275.2652,197.4949,0.4177,1.5836,265.348
3,4096,4096,4096,900,54,54,1.697337,142.389,241.6821,80973.3,900,900,True,none,46,65.504,54,True,1172,1.989,30,140.511,143.524,ok,61.356,64.437,81.033,241.6821,137.5403,104.1418,0.4309,1.5006,132.3108
3,2048,4096,4096,900,0,108,0.478985,196.344,94.0458,143469.0,900,900,True,none,49,63.57,108,True,3708,1.776,26,195.424,196.612,ok,61.356,61.79,134.988,94.0458,64.6572,29.3886,0.3125,1.2499,64.4493
3,8192,4096,4096,900,0,108,1.581455,225.046,355.9001,173813.3,900,900,True,none,51,63.57,108,True,1226,1.939,29,223.624,225.944,ok,61.356,61.79,163.69,355.9001,258.8684,97.0318,0.2726,1.5156,258.182
3,8192,8192,8192,900,0,108,5.854469,230.905,1351.8262,187807.2,900,900,True,none,52,63.57,108,True,337,1.973,30,230.04,234.917,ok,61.356,61.79,169.549,1351.8262,992.6194,359.2068,0.2657,1.5699,990.0785
3,4096,16384,16384,900,0,108,11.539395,231.883,2675.7896,190566.6,900,900,True,none,53,63.57,108,True,171,1.973,30,231.441,232.273,ok,61.356,61.79,170.527,2675.7895,1967.7784,708.0111,0.2646,1.579,1962.7703
3,1024,8192,8192,900,0,108,0.820503,219.582,180.1677,167505.7,900,900,True,none,52,63.57,108,True,2320,1.904,28,213.495,225.636,ok,61.356,61.79,158.226,180.1677,129.8249,50.3428,0.2794,1.4651,129.4688
3,1024,16384,16384,900,0,108,3.042118,226.265,688.3249,180714.8,900,900,True,none,53,63.57,108,True,643,1.956,29,225.4,227.038,ok,61.356,61.79,164.909,688.3248,501.6726,186.6522,0.2712,1.5269,500.3524
3,2048,8192,8192,900,0,108,1.546313,221.902,343.13,177763.4,900,900,True,none,53,63.57,108,True,1239,1.916,29,221.304,222.491,ok,61.356,61.79,160.546,343.1299,248.2544,94.8756,0.2765,1.4865,247.5833
3,8192,16384,16384,900,0,108,23.053223,232.896,5369.0034,190777.9,900,900,True,none,54,63.57,108,True,86,1.983,30,232.602,233.485,ok,61.356,61.79,171.54,5369.0034,3954.5499,1414.4536,0.2634,1.5883,3944.5448
3,4096,8192,8192,900,0,108,3.081221,223.946,690.0271,178421.4,900,900,True,none,53,63.57,108,True,638,1.966,30,223.088,224.489,ok,61.356,61.79,162.59,690.0271,500.9757,189.0514,0.274,1.5055,499.6385
3,2048,16384,16384,900,0,108,6.072279,224.489,1363.16,181070.7,900,900,True,none,54,63.57,108,True,324,1.967,30,223.123,226.265,ok,61.356,61.79,163.133,1363.1598,990.5891,372.5708,0.2733,1.5105,987.9537
3,1024,4096,4096,900,0,108,0.320909,163.961,52.6165,107070.1,900,900,True,none,50,63.57,108,True,5500,1.765,26,163.961,164.55,ok,61.356,61.79,102.605,52.6166,32.9269,19.6897,0.3742,0.95,32.7876
3,4096,4096,4096,900,0,108,0.796713,220.447,175.633,172507.4,900,900,True,none,53,63.57,108,True,2372,1.89,28,219.085,222.259,ok,61.356,61.79,159.091,175.633,126.7499,48.8831,0.2783,1.4731,126.4041
3,8192,4096,4096,1200,27,81,1.591034,274.058,436.0356,172766.8,1200,1200,True,none,54,75.886,81,True,1188,1.89,28,271.152,276.376,ok,69.659,72.861,204.399,436.0356,325.2058,110.8298,0.2542,2.5234,320.1113
3,8192,16384,16384,1200,27,81,23.631516,295.159,6975.0546,186109.4,1200,1200,True,none,56,75.886,81,True,84,1.985,30,292.582,296.941,ok,69.659,72.861,225.5,6975.0546,5328.9069,1646.1478,0.236,2.784,5253.2387
3,4096,4096,4096,1200,27,81,0.838968,269.116,225.7796,163819.1,1200,1200,True,none,56,75.886,81,True,2264,1.899,28,261.031,271.473,ok,69.659,72.861,199.457,225.7797,167.338,58.4417,0.2588,2.4624,164.6517
3,1024,4096,4096,1200,27,81,0.249079,237.527,59.163,137947.2,1200,1200,True,none,55,75.886,81,True,6313,1.572,22,236.991,237.876,ok,69.659,72.861,167.868,59.163,41.8124,17.3506,0.2933,2.0724,41.0148
3,8192,8192,8192,1200,27,81,5.998756,292.023,1751.7748,183289.9,1200,1200,True,none,57,75.886,81,True,328,1.968,30,290.836,293.156,ok,69.659,72.861,222.364,1751.7747,1333.9074,417.8673,0.2385,2.7452,1314.6994
3,2048,4096,4096,1200,27,81,0.482347,241.302,116.3912,142469.0,1200,1200,True,none,55,75.886,81,True,3846,1.855,27,240.444,241.899,ok,69.659,72.861,171.643,116.3913,82.7915,33.5998,0.2887,2.119,81.247
3,1024,16384,16384,1200,27,81,3.193632,275.478,879.7752,172141.3,1200,1200,True,none,57,75.886,81,True,616,1.967,30,273.48,277.254,ok,69.659,72.861,205.819,879.7754,657.3101,222.4652,0.2529,2.541,647.0841
3,2048,16384,16384,1200,27,81,6.111799,289.114,1767.0065,179899.8,1200,1200,True,none,58,75.886,81,True,316,1.931,29,287.383,291.426,ok,69.659,72.861,219.455,1767.0067,1341.2648,425.7418,0.2409,2.7093,1321.6949
3,1024,8192,8192,1200,27,81,0.863836,265.369,229.2353,159103.1,1200,1200,True,none,57,75.886,81,True,796,0.688,4,262.164,267.983,ok,69.659,72.861,195.71,229.2353,169.0613,60.174,0.2625,2.4162,166.2953
3,4096,8192,8192,1200,27,81,3.099949,284.206,881.024,177343.5,1200,1200,True,none,58,75.886,81,True,631,1.956,29,283.341,285.661,ok,69.659,72.861,214.547,881.0241,665.0848,215.9393,0.2451,2.6487,655.1587
3,4096,16384,16384,1200,27,81,11.834303,297.788,3524.1133,185817.7,1200,1200,True,none,59,75.886,81,True,167,1.976,30,296.93,299.242,ok,69.659,72.861,228.129,3524.1134,2699.7477,824.3657,0.2339,2.8164,2661.8543
3,2048,8192,8192,1200,27,81,1.623672,274.077,445.011,169294.0,1200,1200,True,none,58,75.886,81,True,1196,1.942,29,266.796,277.522,ok,69.659,72.861,204.418,445.0112,331.9078,113.1034,0.2542,2.5237,326.7088
3,1024,8192,8192,1200,0,108,0.618522,338.615,209.4409,222205.4,1200,1200,True,none,59,73.728,108,True,1217,0.753,5,337.751,339.827,ok,69.659,68.219,268.956,209.4408,166.3552,43.0856,0.2057,2.4903,167.2459
3,4096,16384,16384,1200,0,108,8.660424,366.186,3171.3262,253916.3,1200,1200,True,none,63,73.728,108,True,228,1.975,30,365.321,366.936,ok,69.659,68.219,296.527,3171.326,2568.0495,603.2765,0.1902,2.7456,2580.5206
3,8192,16384,16384,1200,0,108,17.297792,367.881,6363.529,254254.8,1200,1200,True,none,64,73.728,108,True,114,1.972,30,367.257,368.774,ok,69.659,68.219,298.222,6363.529,5158.5821,1204.9469,0.1894,2.7613,5183.4909
3,4096,4096,4096,1200,0,108,0.598781,345.579,206.9263,229531.1,1200,1200,True,none,64,73.728,108,True,3117,1.866,28,344.971,345.599,ok,69.659,68.219,275.92,206.9261,165.2157,41.7105,0.2016,2.5548,166.0779
3,4096,8192,8192,1200,0,108,2.312941,352.873,816.1745,237686.9,1200,1200,True,none,64,73.728,108,True,840,1.943,29,351.64,353.738,ok,69.659,68.219,283.214,816.1744,655.0573,161.1172,0.1974,2.6224,658.3879
3,2048,8192,8192,1200,0,108,1.161037,349.865,406.2063,236752.0,1200,1200,True,none,64,73.728,108,True,1657,1.924,29,349.098,350.553,ok,69.659,68.219,280.206,406.2062,325.3295,80.8767,0.1991,2.5945,327.0014
3,1024,16384,16384,1200,0,108,2.28354,357.139,815.5414,240747.1,1200,1200,True,none,64,73.728,108,True,858,1.959,29,355.678,357.512,ok,69.659,68.219,287.48,815.5412,656.4721,159.0691,0.195,2.6619,659.7604
3,2048,4096,4096,1200,0,108,0.360256,301.562,108.6396,190751.6,1200,1200,True,none,62,73.728,108,True,5038,1.815,27,300.697,302.152,ok,69.659,68.219,231.903,108.6395,83.5444,25.0951,0.231,2.1473,84.0632
3,8192,8192,8192,1200,0,108,4.395644,367.641,1616.0191,250136.6,1200,1200,True,none,65,73.728,108,True,447,1.965,30,366.936,368.238,ok,69.659,68.219,297.982,1616.019,1309.8228,306.1962,0.1895,2.7591,1316.1525
3,2048,16384,16384,1200,0,108,4.556264,354.595,1615.6284,241318.7,1200,1200,True,none,65,73.728,108,True,433,1.973,30,352.772,357.406,ok,69.659,68.219,284.936,1615.6284,1298.2436,317.3848,0.1964,2.6383,1304.8047
3,1024,4096,4096,1200,0,108,0.241037,247.057,59.5498,142549.9,1200,1200,True,none,59,73.728,108,True,6958,1.677,24,246.263,247.664,ok,69.659,68.219,177.398,59.5499,42.7595,16.7904,0.282,1.6426,43.1066
3,8192,4096,4096,1200,0,108,1.188193,350.73,416.7349,231341.2,1200,1200,True,none,64,73.728,108,True,1611,1.914,29,348.734,351.418,ok,69.659,68.219,281.071,416.7349,333.9666,82.7683,0.1986,2.6025,335.6776
3,4096,8192,8192,1200,94,14,18.220911,121.81,2219.4891,30171.7,1200,1200,True,none,49,79.288,14,True,108,1.968,30,121.378,122.371,ok,69.659,73.13,52.151,2219.4892,950.2387,1269.2504,0.5719,3.7251,886.9939
3,2048,4096,4096,1200,94,14,2.386389,110.384,263.4191,28796.4,1200,1200,True,none,48,79.288,14,True,822,1.962,30,109.795,110.652,ok,69.659,73.13,40.725,263.4192,97.1857,166.2335,0.6311,2.9089,88.9025
3,8192,8192,8192,1200,94,14,36.31969,121.057,4396.7527,30273.2,1200,1200,True,none,48,79.288,14,True,54,1.961,30,120.789,121.183,ok,69.659,73.13,51.398,4396.7527,1866.7594,2529.9933,0.5754,3.6713,1740.6938
3,1024,8192,8192,1200,94,14,4.964139,109.198,542.074,27686.4,1200,1200,True,none,47,79.288,14,True,392,1.946,29,108.93,109.465,ok,69.659,73.13,39.539,542.0741,196.2771,345.797,0.6379,2.8242,179.0466
3,2048,8192,8192,1200,94,14,9.160146,120.192,1100.9763,30008.0,1200,1200,True,none,47,79.288,14,True,217,1.988,30,119.781,120.647,ok,69.659,73.13,50.533,1100.9763,462.8897,638.0866,0.5796,3.6095,431.0948
3,8192,4096,4096,1200,94,14,9.325814,110.768,1033.0017,29475.0,1200,1200,True,none,46,79.288,14,True,211,1.968,30,110.5,110.768,ok,69.659,73.13,41.109,1033.0018,383.3749,649.6269,0.6289,2.9364,351.005
3,2048,16384,16384,1200,94,14,36.005145,122.103,4396.3362,30537.6,1200,1200,True,none,46,79.288,14,True,55,1.98,30,120.915,122.371,ok,69.659,73.13,52.444,4396.3362,1888.2538,2508.0824,0.5705,3.746,1763.28
3,8192,16384,16384,1200,94,14,143.102759,122.103,17473.2762,30733.5,1200,1200,True,none,46,79.288,14,True,13,1.86,28,122.103,122.639,ok,69.659,73.13,52.444,17473.2762,7504.8811,9968.3951,0.5705,3.746,7008.1714
3,4096,4096,4096,1200,94,14,4.687418,110.178,516.4503,29320.8,1200,1200,True,none,46,79.288,14,True,424,1.987,30,109.909,110.178,ok,69.659,73.13,40.519,516.4503,189.9295,326.5209,0.6322,2.8942,173.6595
3,1024,4096,4096,1200,94,14,1.211446,108.124,130.9864,28362.6,1200,1200,True,none,45,79.288,14,True,1468,1.778,26,107.855,108.124,ok,69.659,73.13,38.465,130.9864,46.5983,84.3881,0.6443,2.7475,42.3933
3,1024,16384,16384,1200,94,14,18.080119,120.049,2170.5002,30406.6,1200,1200,True,none,45,79.288,14,True,109,1.971,30,119.459,120.317,ok,69.659,73.13,50.39,2170.5002,911.0572,1259.443,0.5803,3.5993,848.3011
3,4096,16384,16384,1200,94,14,71.716339,121.773,8733.1137,30662.8,1200,1200,True,none,45,79.288,14,True,27,1.936,29,121.183,122.103,ok,69.659,73.13,52.114,8733.1137,3737.4253,4995.6885,0.572,3.7224,3488.4979
3,8192,4096,4096,1200,54,54,2.405338,206.782,497.3806,114278.3,1200,1200,True,none,50,75.375,54,True,818,1.968,30,205.081,207.401,ok,69.659,72.539,137.123,497.3806,329.8272,167.5534,0.3369,2.5393,322.8998
3,8192,16384,16384,1200,54,54,36.030106,228.585,8235.9419,122065.9,1200,1200,True,none,51,75.375,54,True,55,1.982,30,226.801,231.683,ok,69.659,72.539,158.926,8235.9418,5726.1206,2509.8212,0.3047,2.9431,5622.3539
3,4096,4096,4096,1200,54,54,1.266055,201.315,254.8758,108556.9,1200,1200,True,none,51,75.375,54,True,1526,1.932,29,200.771,202.705,ok,69.659,72.539,131.656,254.8759,166.6837,88.1921,0.346,2.4381,163.0375
3,1024,8192,8192,1200,54,54,1.294872,199.793,258.7064,106140.9,1200,1200,True,none,51,75.375,54,True,1511,1.957,29,198.727,200.391,ok,69.659,72.539,130.134,258.7064,168.5069,90.1995,0.3487,2.4099,164.7776
3,2048,16384,16384,1200,54,54,9.255551,222.169,2056.2964,118794.8,1200,1200,True,none,52,75.375,54,True,214,1.981,30,219.85,223.088,ok,69.659,72.539,152.51,2056.2965,1411.5641,644.7324,0.3135,2.8243,1384.9081
3,1024,16384,16384,1200,54,54,4.874578,210.578,1026.4788,112780.2,1200,1200,True,none,52,75.375,54,True,401,1.955,29,207.133,213.121,ok,69.659,72.539,140.919,1026.4789,686.9207,339.5582,0.3308,2.6096,672.8819
3,8192,8192,8192,1200,54,54,9.174866,221.75,2034.5265,119839.5,1200,1200,True,none,53,75.375,54,True,215,1.973,30,220.179,222.759,ok,69.659,72.539,152.091,2034.5265,1395.4145,639.112,0.3141,2.8165,1368.9909
3,2048,4096,4096,1200,54,54,0.638051,202.144,128.9782,107702.2,1200,1200,True,none,52,75.375,54,True,2815,1.796,26,201.847,202.769,ok,69.659,72.539,132.485,128.9782,84.5322,44.446,0.3446,2.4534,82.6946
3,2048,8192,8192,1200,54,54,2.471849,211.664,523.2015,111203.4,1200,1200,True,none,52,75.375,54,True,779,1.926,29,203.627,217.765,ok,69.659,72.539,142.005,523.2014,351.0149,172.1865,0.3291,2.6297,343.896
3,1024,4096,4096,1200,54,54,0.365115,185.277,67.6474,94106.6,1200,1200,True,none,51,75.375,54,True,5016,1.831,27,183.958,186.143,ok,69.659,72.539,115.618,67.6474,42.2139,25.4335,0.376,2.1411,41.1623
3,4096,8192,8192,1200,54,54,4.690677,218.127,1023.1632,117201.8,1200,1200,True,none,53,75.375,54,True,424,1.989,30,216.631,219.543,ok,69.659,72.539,148.468,1023.1633,696.4154,326.7479,0.3194,2.7494,682.9063
3,4096,16384,16384,1200,54,54,18.097195,228.543,4135.9871,121511.8,1200,1200,True,none,53,75.375,54,True,109,1.973,30,227.131,230.28,ok,69.659,72.539,158.884,4135.9872,2875.3547,1260.6325,0.3048,2.9423,2823.2348
3,4096,4096,4096,1200,81,27,2.478034,140.933,349.2368,55462.9,1200,1200,True,none,48,76.832,27,True,762,1.888,28,137.869,143.846,ok,69.659,73.091,71.274,349.2368,176.6194,172.6174,0.4943,2.6398,168.1148
3,8192,4096,4096,1200,81,27,4.825415,143.248,691.231,56964.6,1200,1200,True,none,48,76.832,27,True,409,1.974,30,140.657,144.114,ok,69.659,73.091,73.589,691.231,355.0975,336.1336,0.4863,2.7255,338.5366
3,4096,8192,8192,1200,81,27,9.45295,152.261,1439.3157,58157.1,1200,1200,True,none,48,76.832,27,True,209,1.976,30,150.805,154.583,ok,69.659,73.091,82.602,1439.3156,780.8326,658.483,0.4575,3.0593,748.3901
3,8192,16384,16384,1200,81,27,73.536658,159.764,11748.5106,59807.5,1200,1200,True,none,48,76.832,27,True,27,1.985,30,157.442,160.944,ok,69.659,73.091,90.105,11748.5106,6626.0206,5122.4901,0.436,3.3372,6373.6428
3,1024,16384,16384,1200,81,27,9.571922,149.938,1435.1948,57434.2,1200,1200,True,none,47,76.832,27,True,207,1.981,30,149.026,151.671,ok,69.659,73.091,80.279,1435.1948,768.4243,666.7705,0.4646,2.9733,735.5735
3,2048,4096,4096,1200,81,27,1.310888,135.699,177.8862,52422.1,1200,1200,True,none,47,76.832,27,True,1489,1.952,29,135.101,137.745,ok,69.659,73.091,66.04,177.8862,86.571,91.3151,0.5133,2.4459,82.0721
3,4096,16384,16384,1200,81,27,36.94659,157.763,5828.8049,59519.0,1200,1200,True,none,47,76.832,27,True,53,1.958,29,156.307,159.22,ok,69.659,73.091,88.104,5828.8049,3255.1424,2573.6625,0.4415,3.2631,3128.3417
3,8192,8192,8192,1200,81,27,18.72118,152.797,2860.5401,58730.9,1200,1200,True,none,47,76.832,27,True,106,1.984,30,151.939,154.583,ok,69.659,73.091,83.138,2860.5401,1556.4415,1304.0987,0.4559,3.0792,1492.1904
3,1024,8192,8192,1200,81,27,2.551355,136.856,349.1683,53869.0,1200,1200,True,none,47,76.832,27,True,745,1.901,28,136.021,138.879,ok,69.659,73.091,67.197,349.1682,171.4434,177.7248,0.509,2.4888,162.6872
3,2048,16384,16384,1200,81,27,18.673769,155.985,2912.8279,58880.0,1200,1200,True,none,47,76.832,27,True,106,1.979,30,154.583,159.22,ok,69.659,73.091,86.326,2912.8279,1612.0318,1300.7961,0.4466,3.1973,1547.9434
3,2048,8192,8192,1200,81,27,4.852367,149.938,727.5543,56648.2,1200,1200,True,none,47,76.832,27,True,407,1.975,30,148.751,151.073,ok,69.659,73.091,80.279,727.5542,389.5432,338.011,0.4646,2.9733,372.8898
3,1024,4096,4096,1200,81,27,0.664355,133.108,88.4309,51719.0,1200,1200,True,none,47,76.832,27,True,2900,1.927,29,133.108,133.698,ok,69.659,73.091,63.449,88.431,42.1527,46.2783,0.5233,2.35,39.8726
