rep,m,n,k,freq_req_mhz,n_squat,sm_avail,latency_ms,power_w,energy_mj,gflops,clock_sm_med,clock_sm_min,clock_held,throttle,temp_c,p_squat_w,probe_sm_count,probe_ok,iters,window_s,n_samples,power_min_w,power_max_w,status
1,2048,16384,16384,510,81,27,43.871071,91.98,4035.2611,25062.3,510,510,True,none,40,61.522,27,True,45,1.974,30,91.025,92.578,ok
1,2048,8192,8192,510,81,27,11.385541,89.386,1017.708,24142.7,510,510,True,none,40,61.522,27,True,173,1.97,30,88.703,89.655,ok
1,8192,4096,4096,510,81,27,11.380061,85.247,970.1161,24154.3,510,510,True,none,40,61.522,27,True,173,1.969,30,84.925,85.336,ok
1,4096,4096,4096,510,81,27,5.842527,84.476,493.5533,23523.9,510,510,True,none,40,61.522,27,True,338,1.975,30,83.878,85.013,ok
1,2048,4096,4096,510,81,27,3.145064,82.689,260.0622,21849.9,510,510,True,none,40,61.522,27,True,642,2.019,31,82.334,83.019,ok
1,1024,4096,4096,510,81,27,1.582369,82.152,129.9948,21714.1,510,510,True,none,40,61.522,27,True,1180,1.867,28,81.83,82.42,ok
1,4096,16384,16384,510,81,27,87.276581,92.302,8055.803,25196.0,510,510,True,none,40,61.522,27,True,22,1.92,29,91.347,92.803,ok
1,8192,16384,16384,510,81,27,174.32162,92.302,16090.2342,25229.5,510,510,True,none,40,61.522,27,True,11,1.918,29,91.615,92.578,ok
1,1024,16384,16384,510,81,27,22.471718,89.118,2002.6345,24464.3,510,510,True,none,40,61.522,27,True,88,1.978,30,88.251,89.655,ok
1,8192,8192,8192,510,81,27,44.169988,90.481,3996.5447,24892.7,510,510,True,none,40,61.522,27,True,45,1.988,30,89.985,90.576,ok
1,4096,8192,8192,510,81,27,22.229549,90.253,2006.2835,24730.9,510,510,True,none,40,61.522,27,True,89,1.978,30,89.891,90.576,ok
1,1024,8192,8192,510,81,27,6.029762,83.609,504.1424,22793.4,510,510,True,none,40,61.522,27,True,330,1.99,30,83.287,83.878,ok
1,4096,16384,16384,510,27,81,27.825238,137.423,3823.8276,79029.8,510,510,True,none,43,61.79,81,True,71,1.976,30,135.699,138.013,ok
1,8192,8192,8192,510,27,81,14.10459,135.171,1906.5316,77954.2,510,510,True,none,43,61.79,81,True,140,1.975,30,134.243,136.431,ok
1,1024,8192,8192,510,27,81,2.001994,127.14,254.5336,68651.0,510,510,True,none,43,61.79,81,True,970,1.942,29,126.55,127.409,ok
1,2048,8192,8192,510,27,81,3.813202,127.874,487.6094,72085.8,510,510,True,none,43,61.79,81,True,515,1.964,30,127.276,128.874,ok
1,1024,4096,4096,510,27,81,0.585328,117.458,68.7515,58701.7,510,510,True,none,43,61.79,81,True,3081,1.803,26,117.137,117.581,ok
1,4096,4096,4096,510,27,81,1.960306,127.276,249.4999,70111.0,510,510,True,none,43,61.79,81,True,987,1.935,29,127.008,127.739,ok
1,8192,16384,16384,510,27,81,55.621932,138.157,7684.5592,79070.4,510,510,True,none,44,61.79,81,True,35,1.947,29,136.557,138.879,ok
1,2048,16384,16384,510,27,81,14.411171,134.833,1943.1014,76295.8,510,510,True,none,44,61.79,81,True,137,1.974,30,134.243,135.242,ok
1,2048,4096,4096,510,27,81,1.129344,118.593,133.9323,60849.0,510,510,True,none,43,61.79,81,True,1694,1.913,29,117.727,118.985,ok
1,1024,16384,16384,510,27,81,7.504999,129.734,973.6536,73251.9,510,510,True,none,44,61.79,81,True,263,1.974,30,128.74,131.191,ok
1,8192,4096,4096,510,27,81,3.741026,130.196,487.0666,73476.6,510,510,True,none,44,61.79,81,True,523,1.957,29,129.465,130.464,ok
1,4096,8192,8192,510,27,81,7.30099,132.786,969.4692,75298.8,510,510,True,none,44,61.79,81,True,270,1.971,30,131.92,133.967,ok
1,2048,8192,8192,510,54,54,5.865891,109.312,641.2123,46860.4,510,510,True,none,42,62.381,54,True,335,1.965,30,108.237,110.768,ok
1,1024,16384,16384,510,54,54,11.577014,109.58,1268.6092,47486.8,510,510,True,none,43,62.381,54,True,171,1.98,30,107.7,110.615,ok
1,8192,8192,8192,510,54,54,21.697082,113.09,2453.723,50675.6,510,510,True,none,43,62.381,54,True,91,1.974,30,112.492,113.477,ok
1,8192,16384,16384,510,54,54,85.59467,115.256,9865.2992,51382.2,510,510,True,none,43,62.381,54,True,23,1.969,30,112.94,116.002,ok
1,2048,4096,4096,510,54,54,1.51154,105.265,159.1122,45463.2,510,510,True,none,43,62.381,54,True,1278,1.932,29,104.943,105.643,ok
1,2048,16384,16384,510,54,54,21.981827,114.343,2513.4681,50019.1,510,510,True,none,43,62.381,54,True,90,1.978,30,112.492,114.666,ok
1,1024,8192,8192,510,54,54,3.052421,104.675,319.5121,45026.2,510,510,True,none,42,62.381,54,True,640,1.954,29,104.399,105.265,ok
1,4096,4096,4096,510,54,54,2.998385,105.265,315.625,45837.7,510,510,True,none,42,62.381,54,True,651,1.952,29,104.399,105.809,ok
1,1024,4096,4096,510,54,54,0.867534,100.628,87.2983,39606.2,510,510,True,none,42,62.381,54,True,2030,1.761,26,100.031,100.733,ok
1,4096,16384,16384,510,54,54,42.823289,115.136,4930.5022,51351.1,510,510,True,none,43,62.381,54,True,46,1.97,30,113.68,115.68,ok
1,8192,4096,4096,510,54,54,5.697195,107.587,612.9441,48247.9,510,510,True,none,43,62.381,54,True,342,1.948,29,106.989,107.855,ok
1,4096,8192,8192,510,54,54,11.136006,111.634,1243.1569,49367.4,510,510,True,none,43,62.381,54,True,177,1.971,30,110.768,112.019,ok
1,1024,4096,4096,510,0,108,0.56296,118.861,66.9139,61034.1,510,510,True,none,43,60.655,108,True,3313,1.865,28,118.324,119.183,ok
1,8192,16384,16384,510,0,108,40.666592,157.867,6419.9129,108148.9,510,510,True,none,46,60.655,108,True,48,1.952,29,155.441,158.135,ok
1,1024,8192,8192,510,0,108,1.43544,150.326,215.7839,95746.9,510,510,True,none,46,60.655,108,True,1349,1.936,29,150.207,150.483,ok
1,4096,8192,8192,510,0,108,5.43122,151.073,820.5107,101221.4,510,510,True,none,46,60.655,108,True,362,1.966,30,150.207,151.671,ok
1,2048,8192,8192,510,0,108,2.724272,150.483,409.9566,100899.6,510,510,True,none,46,60.655,108,True,722,1.967,30,149.938,151.073,ok
1,2048,4096,4096,510,0,108,0.842716,136.155,114.74,81545.3,510,510,True,none,45,60.655,108,True,2250,1.896,28,131.652,139.477,ok
1,1024,16384,16384,510,0,108,5.364474,153.127,821.4459,102480.8,510,510,True,none,46,60.655,108,True,368,1.974,30,152.529,153.985,ok
1,2048,16384,16384,510,0,108,10.70889,152.261,1630.5463,102672.8,510,510,True,none,46,60.655,108,True,184,1.97,30,149.617,153.663,ok
1,4096,16384,16384,510,0,108,20.351021,156.307,3181.0071,108054.7,510,510,True,none,47,60.655,108,True,97,1.974,30,155.985,156.897,ok
1,4096,4096,4096,510,0,108,1.402778,150.207,210.7071,97976.3,510,510,True,none,47,60.655,108,True,1371,1.923,29,149.938,150.483,ok
1,8192,8192,8192,510,0,108,10.320999,155.985,1609.921,106531.5,510,510,True,none,47,60.655,108,True,191,1.971,29,155.88,156.307,ok
1,8192,4096,4096,510,0,108,2.786132,151.341,421.656,98659.3,510,510,True,none,47,60.655,108,True,679,1.892,28,150.805,151.939,ok
1,4096,8192,8192,510,94,14,43.347182,78.638,3408.7357,12682.6,510,510,True,none,41,62.542,14,True,45,1.951,29,78.288,78.638,ok
1,4096,4096,4096,510,94,14,11.115632,74.319,826.1027,12364.5,510,510,True,none,41,62.542,14,True,178,1.979,30,73.919,74.319,ok
1,8192,16384,16384,510,94,14,340.029773,80.096,27235.0247,12934.3,510,510,True,none,41,62.542,14,True,5,1.7,24,79.422,80.096,ok
1,4096,16384,16384,510,94,14,170.045051,79.827,13574.1862,12932.0,510,510,True,none,40,62.542,14,True,11,1.87,27,79.505,80.096,ok
1,1024,16384,16384,510,94,14,42.785441,78.968,3378.6807,12849.1,510,510,True,none,40,62.542,14,True,46,1.968,30,78.556,79.236,ok
1,1024,8192,8192,510,94,14,11.476666,73.996,849.2274,11975.5,510,510,True,none,40,62.542,14,True,173,1.985,30,73.919,74.319,ok
1,8192,4096,4096,510,94,14,22.152811,74.319,1646.3747,12408.3,510,510,True,none,40,62.542,14,True,89,1.972,30,73.996,74.587,ok
1,8192,8192,8192,510,94,14,86.127911,78.638,6772.9267,12766.0,510,510,True,none,40,62.542,14,True,23,1.981,30,78.288,78.886,ok
1,2048,16384,16384,510,94,14,85.579185,79.422,6796.87,12847.9,510,510,True,none,40,62.542,14,True,23,1.968,30,78.556,79.827,ok
1,2048,8192,8192,510,94,14,21.678165,78.369,1698.8961,12679.9,510,510,True,none,40,62.542,14,True,91,1.973,30,78.047,78.638,ok
1,2048,4096,4096,510,94,14,5.592226,73.651,411.873,12288.4,510,510,True,none,40,62.542,14,True,354,1.98,30,73.321,73.728,ok
1,1024,4096,4096,510,94,14,2.904156,73.398,213.1592,11831.2,510,510,True,none,39,62.542,14,True,666,1.934,29,73.053,73.398,ok
1,2048,4096,4096,1410,94,14,2.012443,146.16,294.1387,34147.3,1410,1410,True,none,43,89.985,14,True,968,1.948,29,144.114,146.704,ok
1,4096,8192,8192,1410,94,14,15.46767,161.641,2500.2096,35542.3,1410,1410,True,none,44,89.985,14,True,128,1.98,30,160.776,161.909,ok
1,8192,16384,16384,1410,94,14,121.381494,165.416,20078.4412,36233.3,1410,1410,True,none,45,89.985,14,True,16,1.942,29,163.364,165.683,ok
1,4096,4096,4096,1410,94,14,3.988029,149.026,594.3201,34462.9,1410,1410,True,none,45,89.985,14,True,491,1.958,29,147.47,149.617,ok
1,2048,8192,8192,1410,94,14,7.754598,161.591,1253.0733,35447.1,1410,1410,True,none,45,89.985,14,True,253,1.962,30,160.186,162.506,ok
1,2048,16384,16384,1410,94,14,30.570269,165.588,5062.0698,35966.7,1410,1410,True,none,46,89.985,14,True,65,1.987,30,163.864,166.005,ok
1,1024,4096,4096,1410,94,14,1.048398,145.838,152.8963,32773.6,1410,1410,True,none,45,89.985,14,True,1855,1.945,29,144.382,146.436,ok
1,8192,8192,8192,1410,94,14,30.755345,163.266,5021.3022,35750.3,1410,1410,True,none,46,89.985,14,True,64,1.968,29,161.542,163.534,ok
1,1024,16384,16384,1410,94,14,15.289441,163.864,2505.3889,35956.6,1410,1410,True,none,46,89.985,14,True,128,1.957,29,161.81,164.4,ok
1,4096,16384,16384,1410,94,14,60.734376,166.179,10092.7778,36207.2,1410,1410,True,none,46,89.985,14,True,32,1.944,29,164.722,166.454,ok
1,8192,4096,4096,1410,94,14,7.902511,150.805,1191.7381,34783.6,1410,1410,True,none,46,89.985,14,True,248,1.96,30,150.483,151.073,ok
1,1024,8192,8192,1410,94,14,4.124243,148.482,612.3758,33324.7,1410,1410,True,none,46,89.985,14,True,473,1.951,29,147.026,149.348,ok
1,4096,16384,16384,1410,81,27,31.301143,224.456,7025.7294,70253.8,1410,1410,True,none,49,92.481,27,True,63,1.972,30,222.133,225.912,ok
1,1024,8192,8192,1410,81,27,2.161009,196.88,425.4595,63599.4,1410,1410,True,none,49,92.481,27,True,903,1.951,29,196.014,197.202,ok
1,2048,4096,4096,1410,81,27,1.114655,194.558,216.865,61650.9,1410,1410,True,none,49,92.481,27,True,1725,1.923,29,194.29,195.156,ok
1,4096,8192,8192,1410,81,27,8.025485,220.409,1768.8892,68501.3,1410,1410,True,none,50,92.481,27,True,246,1.974,30,218.945,221.304,ok
1,1024,4096,4096,1410,81,27,0.561067,192.834,108.1927,61240.0,1410,1410,True,none,50,92.481,27,True,3027,1.698,24,192.244,193.432,ok
1,2048,16384,16384,1410,81,27,15.866127,225.046,3570.6083,69299.3,1410,1410,True,none,51,92.481,27,True,124,1.967,30,222.724,225.314,ok
1,8192,16384,16384,1410,81,27,62.323468,227.636,14187.0649,70568.1,1410,1410,True,none,51,92.481,27,True,31,1.932,29,225.912,228.226,ok
1,4096,4096,4096,1410,81,27,2.118062,204.169,432.4426,64889.0,1410,1410,True,none,51,92.481,27,True,923,1.955,29,203.359,205.027,ok
1,2048,8192,8192,1410,81,27,4.120112,219.582,904.7025,66716.1,1410,1410,True,none,51,92.481,27,True,476,1.961,30,214.725,222.259,ok
1,1024,16384,16384,1410,81,27,8.127157,216.178,1756.9125,67644.3,1410,1410,True,none,51,92.481,27,True,242,1.967,30,213.54,217.631,ok
1,8192,4096,4096,1410,81,27,4.119301,208.37,858.3388,66729.3,1410,1410,True,none,51,92.481,27,True,484,1.994,30,205.678,209.721,ok
1,8192,8192,8192,1410,81,27,15.854433,222.259,3523.7904,69350.4,1410,1410,True,none,52,92.481,27,True,124,1.966,30,220.768,223.356,ok
1,2048,4096,4096,1410,0,108,0.320641,404.139,129.5837,214318.7,1350,1305,False,SwPowerCap,62,86.979,108,True,5798,1.859,28,366.668,412.701,ok
1,1024,4096,4096,1410,0,108,0.205739,388.547,79.9392,167006.6,1410,1410,True,none,64,86.979,108,True,7510,1.545,21,381.61,392.136,ok
1,8192,8192,8192,1410,0,108,4.233649,395.264,1673.4092,259707.8,1245,1230,False,SwPowerCap,65,86.979,108,True,496,2.1,32,384.781,411.949,ok
1,1024,8192,8192,1410,0,108,0.579992,396.495,229.9638,236967.1,1275,1275,False,SwPowerCap,65,86.979,108,True,3120,1.81,27,395.631,406.889,ok
1,4096,4096,4096,1410,0,108,0.563859,400.266,225.6937,243746.9,1275,1260,False,SwPowerCap,66,86.979,108,True,3254,1.835,27,391.004,410.063,ok
1,2048,16384,16384,1410,0,108,4.342881,400.087,1737.5302,253175.6,1260,1245,False,SwPowerCap,67,86.979,108,True,452,1.963,30,384.327,409.795,ok
1,4096,8192,8192,1410,0,108,2.200488,399.348,878.7603,249833.6,1260,1245,False,SwPowerCap,67,86.979,108,True,899,1.978,30,383.007,414.69,ok
1,8192,16384,16384,1410,0,108,16.725263,400.266,6694.5541,262958.3,1245,1230,False,SwPowerCap,67,86.979,108,True,116,1.94,29,389.551,405.757,ok
1,2048,8192,8192,1410,0,108,1.1019,404.893,446.1515,249458.2,1275,1245,False,SwPowerCap,67,86.979,108,True,1675,1.846,27,380.289,412.105,ok
1,4096,16384,16384,1410,0,108,8.378738,401.122,3360.896,262452.8,1245,1215,False,SwPowerCap,68,86.979,108,True,231,1.935,29,382.01,401.665,ok
1,8192,4096,4096,1410,0,108,1.130138,397.192,448.8817,243225.1,1260,1260,False,SwPowerCap,68,86.979,108,True,1668,1.885,28,390.683,413.237,ok
1,1024,16384,16384,1410,0,108,2.184554,404.304,883.2239,251655.9,1260,1245,False,SwPowerCap,68,86.979,108,True,897,1.96,30,379.968,405.16,ok
1,2048,16384,16384,1410,54,54,7.86228,345.056,2712.927,139846.4,1410,1410,True,none,62,99.601,54,True,248,1.95,29,342.744,348.777,ok
1,1024,16384,16384,1410,54,54,4.13934,330.234,1366.9507,132812.4,1410,1410,True,none,62,99.601,54,True,473,1.958,29,319.508,336.65,ok
1,2048,8192,8192,1410,54,54,2.099068,331.153,695.1126,130952.4,1410,1410,True,none,62,99.601,54,True,934,1.961,30,327.057,333.74,ok
1,1024,4096,4096,1410,54,54,0.310698,287.062,89.1897,110588.7,1410,1410,True,none,60,99.601,54,True,5861,1.821,27,285.929,288.281,ok
1,8192,4096,4096,1410,54,54,2.045134,327.057,668.8754,134405.8,1410,1410,True,none,62,99.601,54,True,956,1.955,29,325.924,328.779,ok
1,4096,8192,8192,1410,54,54,3.985002,342.415,1364.5243,137956.2,1410,1410,True,none,63,99.601,54,True,492,1.961,30,340.102,344.145,ok
1,4096,4096,4096,1410,54,54,1.078979,318.212,343.3442,127378.7,1410,1410,True,none,62,99.601,54,True,1725,1.861,28,317.186,319.837,ok
1,8192,16384,16384,1410,54,54,30.606961,355.678,10886.2228,143694.3,1410,1410,True,none,64,99.601,54,True,65,1.989,30,353.854,357.674,ok
1,2048,4096,4096,1410,54,54,0.542036,317.912,172.3196,126780.4,1410,1410,True,none,63,99.601,54,True,3630,1.968,30,316.589,318.906,ok
1,8192,8192,8192,1410,54,54,7.864912,347.146,2730.2729,139799.6,1410,1410,True,none,64,99.601,54,True,251,1.974,30,345.238,349.33,ok
1,4096,16384,16384,1410,54,54,15.494927,354.5,5492.9518,141918.9,1410,1410,True,none,64,99.601,54,True,128,1.983,30,351.915,356.326,ok
1,1024,8192,8192,1410,54,54,1.103157,315.198,347.7128,124587.0,1410,1410,True,none,63,99.601,54,True,1751,1.932,29,313.153,316.92,ok
1,4096,8192,8192,1410,27,81,2.733351,404.304,1105.1046,201128.9,1365,1335,False,SwPowerCap,65,99.601,81,True,729,1.993,30,376.786,406.614,ok
1,4096,16384,16384,1410,27,81,10.612165,396.629,4209.0923,207217.2,1335,1335,False,SwPowerCap,66,99.601,81,True,186,1.974,30,389.551,413.566,ok
1,2048,16384,16384,1410,27,81,5.431061,400.266,2173.8692,202448.8,1350,1350,False,SwPowerCap,67,99.601,81,True,360,1.955,29,395.899,402.254,ok
1,1024,8192,8192,1410,27,81,0.751376,395.899,297.4691,182916.3,1380,1380,False,SwPowerCap,67,99.601,81,True,2468,1.854,27,386.048,411.837,ok
1,1024,4096,4096,1410,27,81,0.212073,385.78,81.8137,162018.1,1410,1410,True,none,67,99.601,81,True,7957,1.687,24,384.916,386.369,ok
1,2048,4096,4096,1410,27,81,0.411149,394.446,162.1761,167140.1,1410,1410,True,none,67,99.601,81,True,4338,1.784,26,376.197,407.636,ok
1,8192,16384,16384,1410,27,81,21.239123,396.468,8420.6325,207072.9,1335,1335,False,SwPowerCap,67,99.601,81,True,93,1.975,30,390.683,410.927,ok
1,8192,8192,8192,1410,27,81,5.367701,397.221,2132.1635,204838.5,1335,1335,False,SwPowerCap,67,99.601,81,True,368,1.975,30,385.184,406.614,ok
1,2048,8192,8192,1410,27,81,1.422687,394.178,560.792,193210.4,1365,1365,False,SwPowerCap,67,99.601,81,True,1336,1.901,28,382.606,407.21,ok
1,4096,4096,4096,1410,27,81,0.731005,400.399,292.6936,188013.8,1380,1365,False,SwPowerCap,67,99.601,81,True,2571,1.879,28,386.369,401.665,ok
1,8192,4096,4096,1410,27,81,1.401121,401.665,562.7813,196184.3,1365,1350,False,SwPowerCap,68,99.601,81,True,1383,1.938,29,380.825,402.575,ok
1,1024,16384,16384,1410,27,81,2.809191,397.031,1115.3359,195699.0,1365,1365,False,SwPowerCap,67,99.601,81,True,696,1.955,29,388.954,414.154,ok
1,8192,16384,16384,1200,27,81,23.56973,303.151,7145.1872,186597.2,1200,1200,True,none,60,79.919,81,True,84,1.98,30,301.562,306.194,ok
1,4096,4096,4096,1200,27,81,0.83891,273.779,229.676,163830.3,1200,1200,True,none,59,79.919,81,True,2240,1.879,28,263.022,276.665,ok
1,4096,16384,16384,1200,27,81,11.831685,300.973,3561.0178,185858.8,1200,1200,True,none,60,79.919,81,True,167,1.976,30,298.974,302.427,ok
1,1024,8192,8192,1200,27,81,0.863618,269.129,232.4246,159143.3,1200,1200,True,none,59,79.919,81,True,2109,1.821,27,265.663,271.436,ok
1,1024,4096,4096,1200,27,81,0.249086,241.034,60.0382,137943.4,1200,1200,True,none,58,79.919,81,True,7235,1.802,26,240.444,241.623,ok
1,4096,8192,8192,1200,27,81,3.09913,287.383,890.6374,177390.3,1200,1200,True,none,59,79.919,81,True,631,1.956,29,285.071,288.846,ok
1,8192,8192,8192,1200,27,81,5.997902,296.333,1777.3763,183316.0,1200,1200,True,none,60,79.919,81,True,327,1.961,30,295.159,297.209,ok
1,2048,8192,8192,1200,27,81,1.622991,279.817,454.1405,169365.0,1200,1200,True,none,59,79.919,81,True,1201,1.949,29,277.232,280.432,ok
1,2048,4096,4096,1200,27,81,0.482029,244.552,117.8812,142562.9,1200,1200,True,none,58,79.919,81,True,3828,1.845,27,244.211,245.666,ok
1,1024,16384,16384,1200,27,81,3.191611,278.254,888.0786,172250.2,1200,1200,True,none,59,79.919,81,True,616,1.966,30,275.478,281.029,ok
1,8192,4096,4096,1200,27,81,1.590278,281.297,447.3405,172848.9,1200,1200,True,none,60,79.919,81,True,1206,1.918,29,279.245,282.751,ok
1,2048,16384,16384,1200,27,81,6.110749,293.156,1791.4027,179930.7,1200,1200,True,none,60,79.919,81,True,322,1.968,30,291.426,295.2,ok
1,2048,8192,8192,1200,0,108,1.161372,349.076,405.407,236683.8,1200,1200,True,none,63,75.107,108,True,1641,1.906,28,346.457,349.963,ok
1,2048,4096,4096,1200,0,108,0.360177,301.884,108.7315,190793.9,1200,1200,True,none,62,75.107,108,True,5055,1.821,27,301.294,302.427,ok
1,1024,8192,8192,1200,0,108,0.617715,345.056,213.1463,222495.7,1200,1200,True,none,64,75.107,108,True,2967,1.833,27,344.695,345.827,ok
1,2048,16384,16384,1200,0,108,4.555319,355.089,1617.5436,241368.8,1200,1200,True,none,65,75.107,108,True,432,1.968,30,353.047,357.674,ok
1,8192,4096,4096,1200,0,108,1.188046,351.915,418.0913,231369.7,1200,1200,True,none,65,75.107,108,True,1622,1.927,29,351.319,353.141,ok
1,4096,16384,16384,1200,0,108,8.657173,371.027,3212.0449,254011.7,1200,1200,True,none,66,75.107,108,True,228,1.974,30,370.431,371.563,ok
1,8192,16384,16384,1200,0,108,17.293558,371.892,6431.336,254317.0,1200,1200,True,none,66,75.107,108,True,114,1.971,30,371.295,372.748,ok
1,4096,8192,8192,1200,0,108,2.312514,355.678,822.5104,237730.8,1200,1200,True,none,65,75.107,108,True,841,1.945,29,354.225,356.915,ok
1,1024,16384,16384,1200,0,108,2.282933,359.235,820.1096,240811.2,1200,1200,True,none,66,75.107,108,True,852,1.945,29,357.995,360.313,ok
1,4096,4096,4096,1200,0,108,0.59867,349.009,208.9411,229573.9,1200,1200,True,none,65,75.107,108,True,3102,1.857,27,348.412,349.374,ok
1,1024,4096,4096,1200,0,108,0.240806,247.985,59.7163,142686.2,1200,1200,True,none,60,75.107,108,True,7002,1.686,24,247.664,249.119,ok
1,8192,8192,8192,1200,0,108,4.394313,369.574,1624.0239,250212.4,1200,1200,True,none,66,75.107,108,True,446,1.96,29,368.389,370.55,ok
1,8192,4096,4096,1200,81,27,4.833448,144.382,697.8629,56869.9,1200,1200,True,none,51,80.012,27,True,406,1.962,30,143.846,144.704,ok
1,2048,16384,16384,1200,81,27,18.707621,158.898,2972.6036,58773.5,1200,1200,True,none,51,80.012,27,True,105,1.964,30,157.599,159.764,ok
1,1024,4096,4096,1200,81,27,0.663608,136.289,90.4425,51777.2,1200,1200,True,none,50,80.012,27,True,2674,1.774,26,136.021,136.887,ok
1,8192,16384,16384,1200,81,27,73.476749,160.622,11801.9825,59856.3,1200,1200,True,none,50,80.012,27,True,27,1.984,30,159.764,162.078,ok
1,1024,16384,16384,1200,81,27,9.587922,150.805,1445.9066,57338.4,1200,1200,True,none,50,80.012,27,True,206,1.975,30,149.617,151.341,ok
1,2048,4096,4096,1200,81,27,1.310889,137.155,179.795,52422.0,1200,1200,True,none,49,80.012,27,True,1492,1.956,29,136.557,138.013,ok
1,4096,8192,8192,1200,81,27,9.464811,153.395,1451.8546,58084.2,1200,1200,True,none,49,80.012,27,True,209,1.978,30,152.261,153.663,ok
1,1024,8192,8192,1200,81,27,2.552136,138.343,353.0701,53852.5,1200,1200,True,none,49,80.012,27,True,780,1.991,30,137.745,138.879,ok
1,4096,16384,16384,1200,81,27,36.911629,158.629,5855.2549,59575.4,1200,1200,True,none,49,80.012,27,True,54,1.993,30,157.763,159.764,ok
1,8192,8192,8192,1200,81,27,18.706071,153.985,2880.4544,58778.3,1200,1200,True,none,49,80.012,27,True,105,1.964,30,153.127,154.583,ok
1,4096,4096,4096,1200,81,27,2.475475,141.912,351.2996,55520.2,1200,1200,True,none,48,80.012,27,True,788,1.951,29,139.477,143.963,ok
1,2048,8192,8192,1200,81,27,4.850167,150.757,731.1967,56673.9,1200,1200,True,none,48,80.012,27,True,406,1.969,30,149.782,152.102,ok
1,2048,8192,8192,1200,94,14,9.160031,119.656,1096.0526,30008.4,1200,1200,True,none,46,76.483,14,True,214,1.96,30,119.334,119.656,ok
1,8192,16384,16384,1200,94,14,143.011414,122.243,17482.1442,30753.1,1200,1200,True,none,46,76.483,14,True,13,1.859,27,121.646,122.833,ok
1,4096,8192,8192,1200,94,14,18.22401,119.656,2180.6121,30166.6,1200,1200,True,none,46,76.483,14,True,108,1.968,30,119.334,119.924,ok
1,4096,16384,16384,1200,94,14,71.712225,121.975,8747.0987,30664.6,1200,1200,True,none,45,76.483,14,True,27,1.936,29,121.057,122.243,ok
1,8192,8192,8192,1200,94,14,36.313767,119.656,4345.1601,30278.1,1200,1200,True,none,45,76.483,14,True,54,1.961,30,118.737,119.656,ok
1,2048,16384,16384,1200,94,14,35.99526,121.378,4369.0327,30546.0,1200,1200,True,none,45,76.483,14,True,55,1.98,30,120.789,121.646,ok
1,4096,4096,4096,1200,94,14,4.68633,109.795,514.5355,29327.6,1200,1200,True,none,45,76.483,14,True,416,1.95,29,109.465,109.795,ok
1,1024,8192,8192,1200,94,14,4.961279,107.743,534.543,27702.3,1200,1200,True,none,44,76.483,14,True,393,1.95,29,107.153,108.011,ok
1,1024,16384,16384,1200,94,14,18.077123,119.495,2160.1258,30411.7,1200,1200,True,none,45,76.483,14,True,109,1.97,30,119.058,119.924,ok
1,2048,4096,4096,1200,94,14,2.386652,107.743,257.1451,28793.2,1200,1200,True,none,44,76.483,14,True,782,1.866,28,107.475,108.011,ok
1,1024,4096,4096,1200,94,14,1.211402,107.475,130.1954,28363.6,1200,1200,True,none,44,76.483,14,True,1602,1.941,29,107.153,107.587,ok
1,8192,4096,4096,1200,94,14,9.325955,109.198,1018.3756,29474.5,1200,1200,True,none,44,76.483,14,True,211,1.968,30,108.93,109.465,ok
1,1024,16384,16384,1200,54,54,4.874241,207.133,1009.6161,112788.0,1200,1200,True,none,49,74.739,54,True,400,1.95,29,205.081,211.443,ok
1,2048,4096,4096,1200,54,54,0.638051,200.449,127.8967,107702.2,1200,1200,True,none,50,74.739,54,True,2833,1.808,26,199.584,201.039,ok
1,2048,16384,16384,1200,54,54,9.25657,221.402,2049.4231,118781.8,1200,1200,True,none,51,74.739,54,True,212,1.962,30,218.763,223.088,ok
1,2048,8192,8192,1200,54,54,2.47208,211.765,523.5,111193.0,1200,1200,True,none,51,74.739,54,True,777,1.921,29,203.359,216.994,ok
1,8192,4096,4096,1200,54,54,2.40533,207.998,500.3038,114278.7,1200,1200,True,none,51,74.739,54,True,819,1.97,30,206.812,208.37,ok
1,4096,16384,16384,1200,54,54,18.088588,227.988,4123.981,121569.6,1200,1200,True,none,52,74.739,54,True,108,1.954,29,226.893,229.718,ok
1,1024,4096,4096,1200,54,54,0.36512,184.816,67.48,94105.4,1200,1200,True,none,51,74.739,54,True,5029,1.836,27,183.629,185.084,ok
1,4096,4096,4096,1200,54,54,1.265815,201.636,255.2339,108577.4,1200,1200,True,none,51,74.739,54,True,1538,1.947,29,200.771,202.769,ok
1,4096,8192,8192,1200,54,54,4.691273,218.127,1023.2932,117186.9,1200,1200,True,none,52,74.739,54,True,416,1.952,29,216.404,218.717,ok
1,8192,8192,8192,1200,54,54,9.174923,221.902,2035.9338,119838.8,1200,1200,True,none,52,74.739,54,True,216,1.982,30,220.447,223.123,ok
1,1024,8192,8192,1200,54,54,1.294934,200.449,259.5683,106135.8,1200,1200,True,none,52,74.739,54,True,1494,1.935,29,199.852,201.315,ok
1,8192,16384,16384,1200,54,54,36.033619,229.958,8286.2189,122054.0,1200,1200,True,none,53,74.739,54,True,55,1.982,30,228.264,232.03,ok
1,1024,8192,8192,705,94,14,8.244761,81.2,669.4746,16669.9,705,705,True,none,44,65.296,14,True,238,1.962,30,80.878,81.285,ok
1,8192,16384,16384,705,94,14,245.556298,88.159,21647.9977,17910.5,705,705,True,none,43,65.296,14,True,8,1.964,30,87.247,88.343,ok
1,2048,16384,16384,705,94,14,61.622006,88.067,5426.8652,17842.8,705,705,True,none,43,65.296,14,True,32,1.972,30,87.477,88.159,ok
1,4096,16384,16384,705,94,14,123.077129,87.745,10799.4027,17867.0,705,705,True,none,43,65.296,14,True,16,1.969,30,87.156,87.837,ok
1,1024,16384,16384,705,94,14,30.965342,86.612,2681.9702,17753.9,705,705,True,none,42,65.296,14,True,64,1.982,30,86.023,86.703,ok
1,4096,4096,4096,705,94,14,8.040614,80.526,647.4785,17093.1,705,705,True,none,42,65.296,14,True,246,1.978,30,80.204,80.61,ok
1,2048,4096,4096,705,94,14,4.032932,79.661,321.2674,17039.6,705,705,True,none,42,65.296,14,True,472,1.904,28,79.339,79.744,ok
1,8192,4096,4096,705,94,14,15.956188,80.288,1281.0904,17227.0,705,705,True,none,42,65.296,14,True,123,1.963,30,80.012,80.61,ok
1,1024,4096,4096,705,94,14,2.096803,79.154,165.9704,16386.7,705,705,True,none,41,65.296,14,True,903,1.893,28,79.071,79.422,ok
1,8192,8192,8192,705,94,14,62.334978,85.844,5351.0838,17638.8,705,705,True,none,41,65.296,14,True,31,1.932,29,85.336,85.934,ok
1,2048,8192,8192,705,94,14,15.733167,85.559,1346.1141,17471.2,705,705,True,none,41,65.296,14,True,126,1.982,30,84.925,85.844,ok
1,4096,8192,8192,705,94,14,31.227845,85.515,2670.4492,17604.7,705,705,True,none,41,65.296,14,True,63,1.967,30,85.336,85.934,ok
1,1024,16384,16384,705,81,27,16.253709,101.002,1641.6571,33823.4,705,705,True,none,42,63.57,27,True,122,1.983,30,99.866,101.593,ok
1,4096,16384,16384,705,81,27,62.946377,105.265,6626.0504,34934.9,705,705,True,none,42,63.57,27,True,31,1.951,29,104.675,105.533,ok
1,1024,4096,4096,705,81,27,1.14303,91.884,105.0262,30060.2,705,705,True,none,42,63.57,27,True,1688,1.929,29,91.615,91.98,ok
1,8192,16384,16384,705,81,27,125.89648,105.32,13259.4173,34933.8,705,705,True,none,42,63.57,27,True,15,1.888,28,104.943,105.643,ok
1,2048,16384,16384,705,81,27,31.735719,105.159,3337.2965,34645.9,705,705,True,none,42,63.57,27,True,62,1.968,30,104.508,105.533,ok
1,8192,4096,4096,705,81,27,8.239407,95.762,789.0221,33361.4,705,705,True,none,42,63.57,27,True,240,1.977,30,95.126,96.353,ok
1,2048,8192,8192,705,81,27,8.239581,101.165,833.5572,33360.7,705,705,True,none,42,63.57,27,True,240,1.977,30,100.031,102.191,ok
1,2048,4096,4096,705,81,27,2.228441,93.072,207.4055,30837.5,705,705,True,none,42,63.57,27,True,878,1.957,29,92.803,93.169,ok
1,4096,4096,4096,705,81,27,4.226142,94.796,400.6214,32521.1,705,705,True,none,42,63.57,27,True,464,1.961,30,94.304,95.225,ok
1,4096,8192,8192,705,81,27,16.078261,102.272,1644.3559,34192.5,705,705,True,none,42,63.57,27,True,123,1.978,30,101.869,102.46,ok
1,1024,8192,8192,705,81,27,4.358718,93.669,408.2768,31532.0,705,705,True,none,41,63.57,27,True,439,1.913,29,93.072,93.767,ok
1,8192,8192,8192,705,81,27,31.892065,102.621,3272.7956,34476.0,705,705,True,none,42,63.57,27,True,62,1.977,30,102.084,102.728,ok
1,1024,4096,4096,705,0,108,0.408926,141.792,57.9824,84024.4,705,705,True,none,44,61.522,108,True,4473,1.829,27,136.887,145.838,ok
1,8192,4096,4096,705,0,108,2.018514,186.465,376.3822,136178.3,705,705,True,none,47,61.522,108,True,965,1.948,29,185.607,187.063,ok
1,8192,16384,16384,705,0,108,29.425972,194.558,5725.0582,149461.4,705,705,True,none,49,61.522,108,True,67,1.972,30,194.022,195.156,ok
1,8192,8192,8192,705,0,108,7.471851,194.087,1450.1891,147153.8,705,705,True,none,49,61.522,108,True,262,1.958,29,193.7,194.355,ok
1,1024,8192,8192,705,0,108,1.044675,185.681,193.9763,131561.5,705,705,True,none,49,61.522,108,True,1821,1.902,28,185.413,186.465,ok
1,2048,16384,16384,705,0,108,7.750261,187.725,1454.9177,141867.7,705,705,True,none,49,61.522,108,True,254,1.969,30,187.404,188.269,ok
1,2048,4096,4096,705,0,108,0.611359,165.77,101.3449,112404.5,705,705,True,none,48,61.522,108,True,3071,1.877,28,165.416,166.549,ok
1,2048,8192,8192,705,0,108,1.972953,186.868,368.6818,139323.1,705,705,True,none,49,61.522,108,True,975,1.924,29,186.27,187.331,ok
1,4096,16384,16384,705,0,108,14.727394,195.424,2878.0863,149315.2,705,705,True,none,50,61.522,108,True,134,1.973,30,195.22,196.014,ok
1,1024,16384,16384,705,0,108,3.882596,190.788,740.7528,141594.9,705,705,True,none,50,61.522,108,True,504,1.957,29,190.512,191.7,ok
1,4096,8192,8192,705,0,108,3.932075,188.787,742.3246,139813.2,705,705,True,none,50,61.522,108,True,498,1.958,29,187.599,189.385,ok
1,4096,4096,4096,705,0,108,1.016452,186.465,189.5327,135214.4,705,705,True,none,50,61.522,108,True,1866,1.897,28,186.465,186.741,ok
1,4096,16384,16384,705,27,81,20.133543,166.454,3351.3087,109221.9,705,705,True,none,47,64.572,81,True,98,1.973,30,165.857,167.313,ok
1,1024,4096,4096,705,27,81,0.424523,138.879,58.9574,80937.2,705,705,True,none,47,64.572,81,True,4124,1.751,25,138.611,139.745,ok
1,1024,8192,8192,705,27,81,1.468081,151.341,222.1809,93618.1,705,705,True,none,47,64.572,81,True,1325,1.945,29,151.073,152.261,ok
1,4096,8192,8192,705,27,81,5.287741,160.086,846.4934,103968.0,705,705,True,none,47,64.572,81,True,372,1.967,30,159.488,161.542,ok
1,2048,4096,4096,705,27,81,0.820439,139.178,114.1871,83759.4,705,705,True,none,47,64.572,81,True,2311,1.896,28,129.33,149.348,ok
1,8192,16384,16384,705,27,81,40.247314,167.911,6757.9668,109275.5,705,705,True,none,48,64.572,81,True,49,1.972,30,167.581,167.911,ok
1,4096,4096,4096,705,27,81,1.421071,153.127,217.6043,96715.1,705,705,True,none,47,64.572,81,True,1365,1.94,29,152.261,153.395,ok
1,1024,16384,16384,705,27,81,5.433812,156.576,850.8045,101173.1,705,705,True,none,47,64.572,81,True,362,1.967,30,155.119,157.173,ok
1,8192,8192,8192,705,27,81,10.207877,164.4,1678.175,107712.1,705,705,True,none,48,64.572,81,True,193,1.97,30,163.266,164.991,ok
1,2048,8192,8192,705,27,81,2.759555,154.119,425.2999,99609.5,705,705,True,none,47,64.572,81,True,711,1.962,30,153.395,155.119,ok
1,8192,4096,4096,705,27,81,2.710983,156.576,424.4749,101394.2,705,705,True,none,48,64.572,81,True,718,1.946,29,155.717,157.173,ok
1,2048,16384,16384,705,27,81,10.429486,163.565,1705.8989,105423.4,705,705,True,none,48,64.572,81,True,189,1.971,30,161.81,164.991,ok
1,8192,4096,4096,705,54,54,4.124613,127.008,523.8589,66643.3,705,705,True,none,45,64.437,54,True,475,1.959,29,125.552,127.276,ok
1,4096,16384,16384,705,54,54,30.969614,136.021,4212.5179,71005.8,705,705,True,none,45,64.437,54,True,64,1.982,30,134.565,136.289,ok
1,1024,16384,16384,705,54,54,8.367111,127.74,1068.8147,65704.4,705,705,True,none,45,64.437,54,True,236,1.975,30,126.74,128.74,ok
1,2048,4096,4096,705,54,54,1.094793,122.103,133.6775,62769.4,705,705,True,none,45,64.437,54,True,1719,1.882,28,121.183,122.371,ok
1,2048,8192,8192,705,54,54,4.24091,128.464,544.8043,64815.8,705,705,True,none,45,64.437,54,True,464,1.968,30,126.418,129.33,ok
1,1024,4096,4096,705,54,54,0.62553,114.975,71.9203,54929.0,705,705,True,none,44,64.437,54,True,2715,1.698,24,114.546,115.256,ok
1,2048,16384,16384,705,54,54,15.889977,133.516,2121.5662,69195.3,705,705,True,none,45,64.437,54,True,124,1.97,30,132.511,134.243,ok
1,4096,4096,4096,705,54,54,2.175139,122.103,265.591,63186.3,705,705,True,none,45,64.437,54,True,903,1.964,30,121.183,122.639,ok
1,8192,8192,8192,705,54,54,15.722161,132.242,2079.13,69933.9,705,705,True,none,45,64.437,54,True,126,1.981,30,131.652,132.786,ok
1,1024,8192,8192,705,54,54,2.213606,121.773,269.5575,62088.3,705,705,True,none,45,64.437,54,True,873,1.932,29,121.505,122.103,ok
1,8192,16384,16384,705,54,54,61.861906,135.423,8377.5249,71094.6,705,705,True,none,45,64.437,54,True,32,1.98,30,134.243,136.289,ok
1,4096,8192,8192,705,54,54,8.052441,130.786,1053.1466,68271.9,705,705,True,none,45,64.437,54,True,247,1.989,30,129.92,131.191,ok
1,8192,16384,16384,300,0,108,69.110957,118.593,8196.0757,63637.5,300,300,True,none,44,60.655,108,True,28,1.935,29,118.003,118.861,ok
1,1024,8192,8192,300,0,108,2.424201,115.68,280.4315,56694.5,300,300,True,none,44,60.655,108,True,804,1.949,29,115.412,116.123,ok
1,4096,4096,4096,300,0,108,2.378595,114.934,273.3815,57781.6,300,300,True,none,44,60.655,108,True,821,1.953,29,114.546,115.136,ok
1,1024,4096,4096,300,0,108,0.952348,95.712,91.1511,36079.0,300,300,True,none,43,60.655,108,True,1989,1.894,28,95.394,96.951,ok
1,4096,8192,8192,300,0,108,9.224302,115.196,1062.6026,59598.6,300,300,True,none,44,60.655,108,True,214,1.974,30,114.546,116.392,ok
1,1024,16384,16384,300,0,108,9.113395,116.764,1064.1165,60323.9,300,300,True,none,44,60.655,108,True,217,1.978,30,116.002,117.259,ok
1,2048,8192,8192,300,0,108,4.624705,115.136,532.4701,59436.8,300,300,True,none,44,60.655,108,True,427,1.975,30,114.546,115.412,ok
1,8192,8192,8192,300,0,108,17.53209,118.324,2074.467,62714.2,300,300,True,none,44,60.655,108,True,112,1.964,30,118.003,118.448,ok
1,2048,4096,4096,300,0,108,1.427171,106.51,152.008,48150.8,300,300,True,none,43,60.655,108,True,1337,1.908,28,106.242,106.833,ok
1,4096,16384,16384,300,0,108,34.583789,118.52,4098.8707,63585.4,300,300,True,none,44,60.655,108,True,57,1.971,30,118.324,118.717,ok
1,8192,4096,4096,300,0,108,4.727888,115.68,546.9221,58139.7,300,300,True,none,44,60.655,108,True,415,1.962,30,114.814,116.002,ok
1,2048,16384,16384,300,0,108,18.196473,116.002,2110.8273,60424.4,300,300,True,none,44,60.655,108,True,109,1.983,30,114.224,117.014,ok
1,8192,16384,16384,300,81,27,295.488474,80.372,23748.9996,14884.0,300,300,True,none,41,61.458,27,True,6,1.773,26,80.012,80.694,ok
1,1024,8192,8192,300,81,27,10.202689,74.587,760.988,13470.9,300,300,True,none,41,61.458,27,True,192,1.959,29,74.319,74.856,ok
1,2048,8192,8192,300,81,27,19.325719,78.369,1514.5373,14223.4,300,300,True,none,40,61.458,27,True,102,1.971,30,77.698,78.638,ok
1,1024,4096,4096,300,81,27,2.669207,73.728,196.7953,12872.6,300,300,True,none,40,61.458,27,True,745,1.989,30,73.321,73.728,ok
1,4096,8192,8192,300,81,27,37.737284,78.638,2967.5846,14568.0,300,300,True,none,40,61.458,27,True,52,1.962,30,78.369,78.886,ok
1,8192,8192,8192,300,81,27,74.853829,78.638,5886.3554,14688.8,300,300,True,none,40,61.458,27,True,26,1.946,29,77.966,78.968,ok
1,2048,4096,4096,300,81,27,5.243373,73.996,387.9886,13106.0,300,300,True,none,40,61.458,27,True,380,1.992,30,73.728,74.319,ok
1,4096,4096,4096,300,81,27,9.911462,75.186,745.2032,13866.7,300,300,True,none,40,61.458,27,True,197,1.953,29,74.587,75.186,ok
1,1024,16384,16384,300,81,27,38.169753,77.779,2968.8052,14402.9,300,300,True,none,40,61.458,27,True,52,1.985,30,76.643,78.638,ok
1,4096,16384,16384,300,81,27,148.074798,79.827,11820.3669,14850.8,300,300,True,none,40,61.458,27,True,13,1.925,29,78.968,80.096,ok
1,2048,16384,16384,300,81,27,74.506284,79.827,5947.6131,14757.3,300,300,True,none,40,61.458,27,True,26,1.937,29,78.968,80.096,ok
1,8192,4096,4096,300,81,27,19.303316,75.186,1451.3391,14239.9,300,300,True,none,40,61.458,27,True,102,1.969,30,75.107,75.454,ok
1,8192,8192,8192,300,94,14,145.719331,71.403,10404.7974,7545.4,300,300,True,none,39,60.655,14,True,13,1.894,28,70.805,71.403,ok
1,8192,4096,4096,300,94,14,37.5139,68.219,2559.1608,7327.4,300,300,True,none,39,60.655,14,True,53,1.988,30,68.148,68.488,ok
1,1024,16384,16384,300,94,14,72.711054,71.403,5191.7874,7560.8,300,300,True,none,39,60.655,14,True,27,1.963,30,70.805,71.403,ok
1,1024,8192,8192,300,94,14,19.924235,67.621,1347.2967,6898.1,300,300,True,none,39,60.655,14,True,100,1.992,30,67.55,67.89,ok
1,2048,4096,4096,300,94,14,9.434204,67.621,637.9503,7284.1,300,300,True,none,39,60.655,14,True,209,1.972,30,67.55,67.89,ok
1,2048,16384,16384,300,94,14,144.798202,71.672,10377.9767,7593.4,300,300,True,none,39,60.655,14,True,13,1.882,28,71.403,71.672,ok
1,4096,8192,8192,300,94,14,73.386368,71.081,5216.3764,7491.3,300,300,True,none,39,60.655,14,True,27,1.981,30,70.805,71.081,ok
1,8192,16384,16384,300,94,14,576.965571,71.672,41352.2764,7622.7,300,300,True,none,39,60.655,14,True,3,1.731,25,71.597,71.672,ok
1,2048,8192,8192,300,94,14,36.836836,71.007,2615.6732,7462.0,300,300,True,none,39,60.655,14,True,53,1.952,29,70.731,71.081,ok
1,1024,4096,4096,300,94,14,4.907903,67.48,331.1853,7000.9,300,300,True,none,39,60.655,14,True,398,1.953,29,67.282,67.55,ok
1,4096,16384,16384,300,94,14,288.894187,71.597,20683.9571,7611.9,300,300,True,none,39,60.655,14,True,6,1.733,25,71.007,71.597,ok
1,4096,4096,4096,300,94,14,18.868551,67.819,1279.6463,7284.0,300,300,True,none,39,60.655,14,True,105,1.981,30,67.748,68.148,ok
1,4096,4096,4096,300,54,54,5.071568,86.113,436.728,27099.9,300,300,True,none,40,60.323,54,True,387,1.963,30,85.515,86.703,ok
1,8192,4096,4096,300,54,54,9.630069,87.998,847.4268,28543.7,300,300,True,none,40,60.323,54,True,205,1.974,30,87.569,88.435,ok
1,1024,8192,8192,300,54,54,5.142999,86.381,444.2574,26723.5,300,300,True,none,40,60.323,54,True,383,1.97,30,86.113,86.703,ok
1,2048,16384,16384,300,54,54,37.173151,92.206,3427.5876,29578.1,300,300,True,none,40,60.323,54,True,53,1.97,30,90.159,93.072,ok
1,2048,8192,8192,300,54,54,9.908469,89.025,882.1015,27741.7,300,300,True,none,40,60.323,54,True,200,1.982,30,88.703,90.481,ok
1,1024,16384,16384,300,54,54,19.572505,89.293,1747.6877,28088.2,300,300,True,none,40,60.323,54,True,101,1.977,30,87.837,90.749,ok
1,1024,4096,4096,300,54,54,1.441833,83.791,120.8126,23830.6,300,300,True,none,40,60.323,54,True,1344,1.938,29,83.2,84.059,ok
1,4096,16384,16384,300,54,54,72.708157,92.803,6747.5351,30244.5,300,300,True,none,40,60.323,54,True,27,1.963,30,91.615,93.669,ok
1,8192,16384,16384,300,54,54,144.764449,93.072,13473.5168,30380.7,300,300,True,none,40,60.323,54,True,13,1.882,28,91.615,93.669,ok
1,4096,8192,8192,300,54,54,18.821889,90.844,1709.8557,29208.3,300,300,True,none,40,60.323,54,True,105,1.976,30,89.655,91.12,ok
1,2048,4096,4096,300,54,54,2.550251,86.793,221.344,26946.2,300,300,True,none,40,60.323,54,True,772,1.969,30,86.471,87.338,ok
1,8192,8192,8192,300,54,54,36.806783,91.443,3365.7226,29872.5,300,300,True,none,40,60.323,54,True,54,1.988,30,90.844,91.98,ok
1,8192,4096,4096,300,27,81,6.316669,101.487,641.0598,43516.3,300,300,True,none,41,60.655,81,True,313,1.977,30,100.897,101.869,ok
1,4096,16384,16384,300,27,81,47.279257,106.51,5035.7136,46511.4,300,300,True,none,41,60.655,81,True,42,1.986,30,104.675,107.101,ok
1,1024,8192,8192,300,27,81,3.385852,99.762,337.7794,40592.1,300,300,True,none,41,60.655,81,True,581,1.967,30,99.276,100.403,ok
1,4096,8192,8192,300,27,81,12.337419,102.728,1267.3984,44560.0,300,300,True,none,41,60.655,81,True,160,1.974,30,102.353,103.595,ok
1,4096,4096,4096,300,27,81,3.320625,100.031,332.1654,41389.5,300,300,True,none,41,60.655,81,True,589,1.956,29,98.574,101.059,ok
1,1024,16384,16384,300,27,81,12.747595,100.897,1286.1941,43126.2,300,300,True,none,41,60.655,81,True,155,1.976,30,99.762,102.246,ok
1,8192,8192,8192,300,27,81,23.950944,104.888,2512.1667,45906.8,300,300,True,none,42,60.655,81,True,82,1.964,30,104.566,106.02,ok
1,1024,4096,4096,300,27,81,0.986455,94.206,92.93,34831.5,300,300,True,none,41,60.655,81,True,1935,1.909,29,93.938,94.206,ok
1,2048,16384,16384,300,27,81,24.362382,104.29,2540.7528,45131.5,300,300,True,none,41,60.655,81,True,81,1.973,30,103.219,105.809,ok
1,8192,16384,16384,300,27,81,94.504915,106.399,10055.2285,46537.8,300,300,True,none,42,60.655,81,True,21,1.985,30,103.701,107.587,ok
1,2048,4096,4096,300,27,81,1.900693,94.796,180.1781,36155.0,300,300,True,none,41,60.655,81,True,1024,1.946,29,94.206,95.394,ok
1,2048,8192,8192,300,27,81,6.467851,100.299,648.719,42499.1,300,300,True,none,41,60.655,81,True,305,1.973,30,100.031,101.165,ok
1,1024,8192,8192,900,27,81,1.144161,179.184,205.0154,120122.0,900,900,True,none,45,65.296,81,True,1682,1.924,29,178.648,180.104,ok
1,4096,4096,4096,900,27,81,1.115073,179.506,200.1622,123255.6,900,900,True,none,46,65.296,81,True,1704,1.9,28,177.782,180.64,ok
1,2048,8192,8192,900,27,81,2.162999,180.64,390.7242,127081.8,900,900,True,none,47,65.296,81,True,881,1.906,28,179.774,180.962,ok
1,8192,16384,16384,900,27,81,31.52915,197.202,6217.6114,139491.4,900,900,True,none,48,65.296,81,True,63,1.986,30,195.156,197.747,ok
1,4096,8192,8192,900,27,81,4.135861,189.056,781.9093,132924.1,900,900,True,none,48,65.296,81,True,472,1.952,29,186.143,191.11,ok
1,2048,16384,16384,900,27,81,8.156551,192.566,1570.6744,134801.1,900,900,True,none,48,65.296,81,True,242,1.974,30,190.788,193.7,ok
1,2048,4096,4096,900,27,81,0.642203,163.534,105.0221,107005.8,900,900,True,none,47,65.296,81,True,2948,1.893,28,162.676,164.4,ok
1,1024,4096,4096,900,27,81,0.33191,161.81,53.7063,103521.3,900,900,True,none,47,65.296,81,True,4951,1.643,23,161.22,162.078,ok
1,8192,4096,4096,900,27,81,2.120507,184.419,391.0619,129628.4,900,900,True,none,48,65.296,81,True,917,1.945,29,183.285,185.277,ok
1,4096,16384,16384,900,27,81,15.773142,198.068,3124.1546,139415.7,900,900,True,none,49,65.296,81,True,125,1.972,30,196.88,198.934,ok
1,1024,16384,16384,900,27,81,4.256268,184.151,783.7959,129163.8,900,900,True,none,49,65.296,81,True,461,1.962,30,182.419,185.277,ok
1,8192,8192,8192,900,27,81,7.996404,195.022,1559.4746,137500.8,900,900,True,none,49,65.296,81,True,247,1.975,30,194.29,195.746,ok
1,1024,16384,16384,900,94,14,24.268271,94.626,2296.4094,22653.3,900,900,True,none,43,66.432,14,True,81,1.966,30,94.206,94.895,ok
1,4096,4096,4096,900,94,14,6.289783,87.07,547.6514,21851.1,900,900,True,none,42,66.432,14,True,314,1.975,30,86.979,87.07,ok
1,4096,8192,8192,900,94,14,24.270221,93.938,2279.896,22651.5,900,900,True,none,42,66.432,14,True,81,1.966,30,93.669,94.036,ok
1,8192,8192,8192,900,94,14,48.511239,94.036,4561.8029,22665.1,900,900,True,none,42,66.432,14,True,41,1.989,28,93.34,94.036,ok
1,1024,4096,4096,900,94,14,1.638844,85.515,140.1458,20965.8,900,900,True,none,42,66.432,14,True,1229,2.014,31,84.925,85.934,ok
1,2048,16384,16384,900,94,14,47.911641,95.294,4565.6919,22948.7,900,900,True,none,42,66.432,14,True,41,1.964,30,95.026,95.394,ok
1,8192,16384,16384,900,94,14,191.43608,95.394,18261.8534,22974.0,900,900,True,none,41,66.432,14,True,10,1.914,29,94.796,95.662,ok
1,8192,4096,4096,900,94,14,12.434959,87.362,1086.3429,22105.3,900,900,True,none,41,66.432,14,True,159,1.977,30,86.979,87.569,ok
1,1024,8192,8192,900,94,14,6.599226,86.113,568.2792,20826.5,900,900,True,none,41,66.432,14,True,302,1.993,30,85.844,86.381,ok
1,2048,8192,8192,900,94,14,12.281143,93.938,1153.666,22382.1,900,900,True,none,41,66.432,14,True,162,1.99,30,93.34,94.036,ok
1,4096,16384,16384,900,94,14,95.78876,95.984,9194.1883,22957.0,900,900,True,none,41,66.432,14,True,20,1.916,29,95.662,96.084,ok
1,2048,4096,4096,900,94,14,3.15335,86.203,271.8283,21792.5,900,900,True,none,41,66.432,14,True,623,1.965,30,85.934,86.203,ok
1,4096,16384,16384,900,54,54,24.25186,157.442,3818.2614,90674.4,900,900,True,none,44,65.573,54,True,81,1.964,30,155.441,158.3,ok
1,2048,8192,8192,900,54,54,3.307613,149.026,492.9203,83104.6,900,900,True,none,44,65.573,54,True,577,1.908,28,144.114,150.805,ok
1,1024,4096,4096,900,54,54,0.498207,131.054,65.292,68966.9,900,900,True,none,44,65.573,54,True,3840,1.913,29,130.6,131.513,ok
1,4096,4096,4096,900,54,54,1.697461,141.792,240.6863,80967.4,900,900,True,none,45,65.573,54,True,1174,1.993,30,139.477,142.658,ok
1,8192,4096,4096,900,54,54,3.218342,146.436,471.2811,85409.8,900,900,True,none,45,65.573,54,True,611,1.966,30,145.838,146.857,ok
1,8192,8192,8192,900,54,54,12.290172,154.851,1903.1455,89462.7,900,900,True,none,45,65.573,54,True,161,1.979,30,154.583,155.441,ok
1,1024,8192,8192,900,54,54,1.728594,141.792,245.1008,79509.1,900,900,True,none,45,65.573,54,True,1103,1.907,28,140.336,142.389,ok
1,8192,16384,16384,900,54,54,48.24365,158.898,7665.8195,91163.2,900,900,True,none,46,65.573,54,True,41,1.978,30,157.928,159.764,ok
1,2048,4096,4096,900,54,54,0.853559,142.98,122.0419,80509.3,900,900,True,none,46,65.573,54,True,2191,1.87,28,140.657,143.524,ok
1,4096,8192,8192,900,54,54,6.277768,152.261,955.8592,87571.9,900,900,True,none,46,65.573,54,True,314,1.971,30,151.341,153.395,ok
1,2048,16384,16384,900,54,54,12.393298,156.576,1940.4931,88718.2,900,900,True,none,46,65.573,54,True,159,1.971,30,154.253,157.337,ok
1,1024,16384,16384,900,54,54,6.525577,149.348,974.5819,84246.3,900,900,True,none,46,65.573,54,True,303,1.977,30,146.704,151.073,ok
1,4096,8192,8192,900,81,27,12.595585,115.136,1450.2053,43646.7,900,900,True,none,43,66.432,27,True,157,1.978,30,114.343,115.533,ok
1,8192,4096,4096,900,81,27,6.466657,106.833,690.8524,42507.0,900,900,True,none,43,66.432,27,True,305,1.972,30,106.721,107.265,ok
1,2048,16384,16384,900,81,27,24.867427,118.003,2934.431,44214.9,900,900,True,none,43,66.432,27,True,80,1.989,30,117.581,119.307,ok
1,8192,16384,16384,900,81,27,98.226714,118.985,11687.5056,44774.4,900,900,True,none,43,66.432,27,True,20,1.965,30,118.717,119.583,ok
1,1024,4096,4096,900,81,27,0.889141,102.46,91.1014,38643.7,900,900,True,none,43,66.432,27,True,2373,2.11,32,101.593,102.728,ok
1,2048,4096,4096,900,81,27,1.739747,103.595,180.2291,39499.7,900,900,True,none,43,66.432,27,True,1151,2.002,30,102.728,104.077,ok
1,2048,8192,8192,900,81,27,6.466616,113.477,733.8122,42507.2,900,900,True,none,43,66.432,27,True,304,1.966,30,112.822,114.343,ok
1,1024,16384,16384,900,81,27,12.733875,113.09,1440.0739,43172.7,900,900,True,none,43,66.432,27,True,155,1.974,30,112.019,114.075,ok
1,1024,8192,8192,900,81,27,3.409197,104.186,355.1906,40314.2,900,900,True,none,43,66.432,27,True,580,1.977,30,103.487,104.784,ok
1,4096,16384,16384,900,81,27,49.111176,118.717,5830.3314,44776.4,900,900,True,none,43,66.432,27,True,40,1.964,30,118.126,119.307,ok
1,8192,8192,8192,900,81,27,24.882701,115.68,2878.4309,44187.8,900,900,True,none,43,66.432,27,True,79,1.966,30,115.136,115.801,ok
1,4096,4096,4096,900,81,27,3.32063,105.643,350.8013,41389.4,900,900,True,none,43,66.432,27,True,593,1.969,30,104.186,106.131,ok
1,8192,8192,8192,900,0,108,5.852493,232.896,1363.0222,187870.6,900,900,True,none,50,63.248,108,True,337,1.972,30,232.273,235.461,ok
1,2048,16384,16384,900,0,108,6.070876,226.533,1375.2537,181112.5,900,900,True,none,51,63.248,108,True,320,1.943,29,225.4,227.72,ok
1,8192,4096,4096,900,0,108,1.581455,224.811,355.5284,173813.3,900,900,True,none,51,63.248,108,True,1215,1.921,29,223.624,226.265,ok
1,4096,4096,4096,900,0,108,0.796258,222.861,177.4548,172606.1,900,900,True,none,52,63.248,108,True,2389,1.902,28,221.865,225.046,ok
1,1024,8192,8192,900,0,108,0.819077,222.562,182.2954,167797.4,900,900,True,none,52,63.248,108,True,2324,1.904,28,218.355,228.502,ok
1,1024,16384,16384,900,0,108,3.041303,229.682,698.5326,180763.2,900,900,True,none,53,63.248,108,True,645,1.962,30,228.853,230.548,ok
1,8192,16384,16384,900,0,108,23.053022,232.602,5362.179,190779.6,900,900,True,none,53,63.248,108,True,86,1.983,30,232.273,233.139,ok
1,4096,16384,16384,900,0,108,11.539084,232.602,2684.0141,190571.7,900,900,True,none,53,63.248,108,True,171,1.973,30,232.273,232.871,ok
1,2048,8192,8192,900,0,108,1.546282,222.133,343.4803,177767.0,900,900,True,none,53,63.248,108,True,1253,1.937,29,221.536,222.724,ok
1,1024,4096,4096,900,0,108,0.320924,163.864,52.5879,107065.1,900,900,True,none,50,63.248,108,True,5508,1.768,26,163.534,164.4,ok
1,2048,4096,4096,900,0,108,0.47936,194.888,93.4214,143356.8,900,900,True,none,51,63.248,108,True,3861,1.851,27,194.29,195.424,ok
1,4096,8192,8192,900,0,108,3.08123,223.624,689.0369,178420.9,900,900,True,none,53,63.248,108,True,637,1.963,30,222.724,225.046,ok
2,4096,16384,16384,510,27,81,27.82513,138.157,3844.2364,79030.1,510,510,True,none,46,63.409,81,True,71,1.976,30,136.289,138.611,ok
2,2048,8192,8192,510,27,81,3.81332,128.142,488.6464,72083.6,510,510,True,none,46,63.409,81,True,515,1.964,30,127.606,128.74,ok
2,8192,4096,4096,510,27,81,3.741672,129.92,486.118,73463.9,510,510,True,none,46,63.409,81,True,527,1.972,29,129.33,130.196,ok
2,8192,16384,16384,510,27,81,55.622201,137.423,7643.7698,79070.0,510,510,True,none,46,63.409,81,True,35,1.947,29,136.289,138.611,ok
2,2048,4096,4096,510,27,81,1.129306,118.448,133.764,60851.1,510,510,True,none,45,63.409,81,True,1716,1.938,29,117.727,118.593,ok
2,1024,8192,8192,510,27,81,2.001972,127.008,254.2665,68651.8,510,510,True,none,45,63.409,81,True,954,1.91,29,126.281,127.409,ok
2,1024,16384,16384,510,27,81,7.50566,129.33,970.707,73245.5,510,510,True,none,45,63.409,81,True,262,1.966,30,127.874,130.464,ok
2,2048,16384,16384,510,27,81,14.411577,135.699,1955.6366,76293.6,510,510,True,none,46,63.409,81,True,137,1.974,30,132.925,136.163,ok
2,4096,8192,8192,510,27,81,7.301505,131.92,963.2145,75293.5,510,510,True,none,46,63.409,81,True,270,1.971,30,131.054,133.108,ok
2,4096,4096,4096,510,27,81,1.960313,127.008,248.9755,70110.7,510,510,True,none,45,63.409,81,True,981,1.923,29,126.418,127.409,ok
2,1024,4096,4096,510,27,81,0.585276,117.137,68.5575,58706.9,510,510,True,none,45,63.409,81,True,2986,1.748,25,117.137,117.259,ok
2,8192,8192,8192,510,27,81,14.103855,135.101,1905.4449,77958.2,510,510,True,none,45,63.409,81,True,140,1.975,30,134.243,136.021,ok
2,4096,8192,8192,510,94,14,43.352348,79.422,3443.1302,12681.1,510,510,True,none,42,62.703,14,True,45,1.951,29,79.154,79.505,ok
2,2048,8192,8192,510,94,14,21.675152,79.236,1717.4523,12681.7,510,510,True,none,41,62.703,14,True,91,1.972,30,78.968,79.505,ok
2,1024,4096,4096,510,94,14,2.904146,73.996,214.8952,11831.3,510,510,True,none,41,62.703,14,True,665,1.931,29,73.919,74.319,ok
2,2048,16384,16384,510,94,14,85.582156,80.012,6847.5995,12847.4,510,510,True,none,41,62.703,14,True,23,1.968,30,79.422,80.288,ok
2,8192,8192,8192,510,94,14,86.126456,79.154,6817.2535,12766.2,510,510,True,none,41,62.703,14,True,23,1.981,30,78.886,79.154,ok
2,2048,4096,4096,510,94,14,5.592439,73.919,413.3875,12287.9,510,510,True,none,40,62.703,14,True,356,1.991,30,73.651,73.919,ok
2,4096,16384,16384,510,94,14,170.049311,79.827,13574.5263,12931.7,510,510,True,none,40,62.703,14,True,11,1.871,28,79.505,80.096,ok
2,8192,16384,16384,510,94,14,340.027464,79.827,27143.3724,12934.4,510,510,True,none,40,62.703,14,True,5,1.7,24,79.422,79.827,ok
2,1024,8192,8192,510,94,14,11.485281,73.996,849.8649,11966.5,510,510,True,none,40,62.703,14,True,172,1.975,30,73.996,74.319,ok
2,1024,16384,16384,510,94,14,42.785437,78.968,3378.6804,12849.1,510,510,True,none,40,62.703,14,True,46,1.968,30,78.556,79.236,ok
2,8192,4096,4096,510,94,14,22.153651,74.319,1646.4372,12407.8,510,510,True,none,40,62.703,14,True,89,1.972,30,74.241,74.587,ok
2,4096,4096,4096,510,94,14,11.114742,74.319,826.0365,12365.5,510,510,True,none,40,62.703,14,True,178,1.978,30,73.996,74.319,ok
2,1024,16384,16384,510,81,27,22.470913,89.386,2008.5851,24465.2,510,510,True,none,40,61.79,27,True,88,1.977,30,88.159,89.655,ok
2,4096,4096,4096,510,81,27,5.842081,84.745,495.0871,23525.7,510,510,True,none,40,61.79,27,True,336,1.963,30,84.146,85.013,ok
2,4096,16384,16384,510,81,27,87.259246,92.578,8078.2865,25201.0,510,510,True,none,40,61.79,27,True,22,1.92,29,91.615,92.9,ok
2,2048,8192,8192,510,81,27,11.385873,89.562,1019.7415,24142.0,510,510,True,none,40,61.79,27,True,173,1.97,30,89.118,89.891,ok
2,8192,16384,16384,510,81,27,174.319998,92.803,16177.4188,25229.7,510,510,True,none,40,61.79,27,True,11,1.918,29,91.443,92.9,ok
2,8192,4096,4096,510,81,27,11.378636,85.336,971.0073,24157.4,510,510,True,none,40,61.79,27,True,174,1.98,30,84.925,85.604,ok
2,1024,8192,8192,510,81,27,6.028421,83.878,505.6519,22798.5,510,510,True,none,40,61.79,27,True,330,1.989,30,83.522,83.878,ok
2,2048,4096,4096,510,81,27,3.145397,83.019,261.1277,21847.6,510,510,True,none,40,61.79,27,True,640,2.013,31,82.603,83.287,ok
2,4096,8192,8192,510,81,27,22.22956,90.253,2006.2845,24730.8,510,510,True,none,40,61.79,27,True,89,1.978,30,89.891,90.576,ok
2,2048,16384,16384,510,81,27,43.863848,92.385,4052.3616,25066.5,510,510,True,none,40,61.79,27,True,45,1.974,30,91.52,92.803,ok
2,8192,8192,8192,510,81,27,44.168359,90.481,3996.3973,24893.6,510,510,True,none,40,61.79,27,True,45,1.988,30,90.065,90.749,ok
2,1024,4096,4096,510,81,27,1.582247,82.334,130.2727,21715.8,510,510,True,none,40,61.79,27,True,1201,1.9,28,82.066,82.603,ok
2,4096,4096,4096,510,54,54,2.99795,104.399,312.983,45844.3,510,510,True,none,41,61.726,54,True,647,1.94,29,103.968,105.155,ok
2,2048,16384,16384,510,54,54,21.984727,113.68,2499.2237,50012.5,510,510,True,none,42,61.726,54,True,90,1.979,30,111.634,114.546,ok
2,8192,16384,16384,510,54,54,85.590278,115.412,9878.1452,51384.9,510,510,True,none,42,61.726,54,True,23,1.969,28,112.492,115.68,ok
2,1024,8192,8192,510,54,54,3.052362,104.675,319.506,45027.1,510,510,True,none,42,61.726,54,True,640,1.954,29,104.077,105.265,ok
2,8192,4096,4096,510,54,54,5.696547,107.587,612.8744,48253.4,510,510,True,none,42,61.726,54,True,343,1.954,29,106.989,108.124,ok
2,1024,4096,4096,510,54,54,0.867479,98.677,85.6002,39608.7,510,510,True,none,41,61.726,54,True,2162,1.875,28,98.409,99.276,ok
2,1024,16384,16384,510,54,54,11.57529,108.835,1259.7967,47493.9,510,510,True,none,42,61.726,54,True,170,1.968,30,107.101,110.293,ok
2,4096,8192,8192,510,54,54,11.136479,111.482,1241.517,49365.3,510,510,True,none,42,61.726,54,True,177,1.971,30,110.178,111.75,ok
2,8192,8192,8192,510,54,54,21.700704,112.822,2448.3168,50667.1,510,510,True,none,42,61.726,54,True,91,1.975,30,112.224,113.358,ok
2,2048,8192,8192,510,54,54,5.866293,109.312,641.2562,46857.2,510,510,True,none,42,61.726,54,True,334,1.959,29,107.968,110.615,ok
2,2048,4096,4096,510,54,54,1.511245,105.053,158.7608,45472.1,510,510,True,none,42,61.726,54,True,1305,1.972,30,104.784,105.375,ok
2,4096,16384,16384,510,54,54,42.821234,114.814,4916.4772,51353.6,510,510,True,none,42,61.726,54,True,46,1.97,30,113.09,115.801,ok
2,1024,16384,16384,510,0,108,5.364538,153.985,826.0584,102479.6,510,510,True,none,45,60.386,108,True,367,1.969,30,153.395,154.851,ok
2,8192,16384,16384,510,0,108,40.667112,158.032,6426.705,108147.5,510,510,True,none,46,60.386,108,True,48,1.952,29,157.442,158.3,ok
2,4096,16384,16384,510,0,108,20.352693,158.032,3216.3768,108045.8,510,510,True,none,46,60.386,108,True,97,1.974,30,157.867,158.464,ok
2,1024,4096,4096,510,0,108,0.562941,119.459,67.2484,61036.1,510,510,True,none,44,60.386,108,True,3330,1.875,28,119.183,119.781,ok
2,2048,16384,16384,510,0,108,10.709102,153.503,1643.8793,102670.8,510,510,True,none,46,60.386,108,True,184,1.97,30,151.78,154.957,ok
2,4096,4096,4096,510,0,108,1.402765,151.78,212.9117,97977.2,510,510,True,none,46,60.386,108,True,1380,1.936,29,151.512,151.78,ok
2,8192,4096,4096,510,0,108,2.786134,153.235,426.9333,98659.2,510,510,True,none,46,60.386,108,True,702,1.956,29,152.37,153.503,ok
2,2048,4096,4096,510,0,108,0.842689,137.869,116.1807,81547.8,510,510,True,none,46,60.386,108,True,2257,1.902,28,133.237,141.054,ok
2,8192,8192,8192,510,0,108,10.321032,155.823,1608.2542,106531.2,510,510,True,none,47,60.386,108,True,191,1.971,30,155.555,157.867,ok
2,1024,8192,8192,510,0,108,1.435422,150.915,216.6268,95748.1,510,510,True,none,46,60.386,108,True,1347,1.934,29,150.326,150.915,ok
2,4096,8192,8192,510,0,108,5.431367,151.183,821.1304,101218.7,510,510,True,none,47,60.386,108,True,363,1.972,30,150.805,152.529,ok
2,2048,8192,8192,510,0,108,2.724265,150.915,411.1324,100899.9,510,510,True,none,47,60.386,108,True,718,1.956,29,150.326,151.512,ok
2,4096,8192,8192,900,94,14,24.271428,94.528,2294.3296,22650.3,900,900,True,none,42,66.094,14,True,81,1.966,30,94.429,94.796,ok
2,8192,4096,4096,900,94,14,12.434001,87.837,1092.1653,22107.0,900,900,True,none,42,66.094,14,True,159,1.977,30,87.569,87.837,ok
2,4096,4096,4096,900,94,14,6.291771,87.292,549.2213,21844.2,900,900,True,none,41,66.094,14,True,312,1.963,30,87.247,87.338,ok
2,1024,8192,8192,900,94,14,6.596349,86.471,570.3929,20835.6,900,900,True,none,41,66.094,14,True,298,1.966,30,86.203,86.471,ok
2,2048,16384,16384,900,94,14,47.913177,96.084,4603.6897,22948.0,900,900,True,none,41,66.094,14,True,41,1.964,30,95.984,96.353,ok
2,1024,16384,16384,900,94,14,24.269207,94.626,2296.4979,22652.4,900,900,True,none,41,66.094,14,True,81,1.966,30,94.206,95.126,ok
2,2048,8192,8192,900,94,14,12.280921,93.938,1153.6452,22382.5,900,900,True,none,41,66.094,14,True,161,1.977,30,93.437,94.304,ok
2,8192,16384,16384,900,94,14,191.447059,96.084,18394.9992,22972.7,900,900,True,none,41,66.094,14,True,10,1.914,29,95.493,96.084,ok
2,8192,8192,8192,900,94,14,48.510275,94.304,4574.713,22665.5,900,900,True,none,41,66.094,14,True,41,1.989,30,93.938,94.626,ok
2,1024,4096,4096,900,94,14,1.638816,85.934,140.83,20966.2,900,900,True,none,41,66.094,14,True,1131,1.854,27,85.247,86.203,ok
2,2048,4096,4096,900,94,14,3.153355,86.023,271.261,21792.5,900,900,True,none,41,66.094,14,True,622,1.961,30,85.844,86.203,ok
2,4096,16384,16384,900,94,14,95.789536,95.762,9172.9976,22956.8,900,900,True,none,41,66.094,14,True,20,1.916,29,95.493,96.084,ok
2,1024,8192,8192,900,0,108,0.819095,222.402,182.1683,167793.7,900,900,True,none,48,62.703,108,True,2331,1.909,29,215.443,226.77,ok
2,4096,16384,16384,900,0,108,11.535958,234.005,2699.4719,190623.4,900,900,True,none,51,62.703,108,True,172,1.984,30,233.729,234.595,ok
2,2048,8192,8192,900,0,108,1.545505,223.946,346.1097,177856.4,900,900,True,none,51,62.703,108,True,886,1.369,18,223.356,224.489,ok
2,1024,4096,4096,900,0,108,0.320456,164.55,52.7311,107221.3,900,900,True,none,48,62.703,108,True,5581,1.788,26,164.55,165.416,ok
2,4096,8192,8192,900,0,108,3.080042,225.944,695.9171,178489.7,900,900,True,none,51,62.703,108,True,635,1.956,29,225.4,226.533,ok
2,4096,4096,4096,900,0,108,0.796268,222.759,177.3759,172603.8,900,900,True,none,52,62.703,108,True,2372,1.889,28,221.634,224.811,ok
2,2048,4096,4096,900,0,108,0.478983,197.54,94.6182,143469.7,900,900,True,none,51,62.703,108,True,3850,1.844,27,196.997,197.54,ok
2,1024,16384,16384,900,0,108,3.041722,226.18,687.9766,180738.4,900,900,True,none,52,62.703,108,True,646,1.965,30,225.046,229.121,ok
2,8192,4096,4096,900,0,108,1.582188,222.133,351.4562,173732.7,900,900,True,none,52,62.703,108,True,1224,1.937,29,220.999,222.992,ok
2,8192,8192,8192,900,0,108,5.856043,231.414,1355.1704,187756.7,900,900,True,none,53,62.703,108,True,337,1.973,30,231.146,232.005,ok
2,8192,16384,16384,900,0,108,23.053453,232.871,5368.4807,190776.0,900,900,True,none,54,62.703,108,True,86,1.983,28,232.273,233.139,ok
2,2048,16384,16384,900,0,108,6.072313,225.079,1366.7502,181069.6,900,900,True,none,53,62.703,108,True,324,1.967,30,222.759,226.265,ok
2,8192,4096,4096,900,27,81,2.120617,185.009,392.3332,129621.7,900,900,True,none,49,67.156,81,True,915,1.94,29,184.151,185.875,ok
2,4096,8192,8192,900,27,81,4.135528,190.512,787.8678,132934.8,900,900,True,none,49,67.156,81,True,474,1.96,30,186.741,191.7,ok
2,8192,16384,16384,900,27,81,31.53035,197.747,6235.0322,139486.1,900,900,True,none,50,67.156,81,True,63,1.986,30,196.014,199.203,ok
2,1024,16384,16384,900,27,81,4.256354,184.151,783.8119,129161.2,900,900,True,none,49,67.156,81,True,460,1.958,29,182.694,186.465,ok
2,1024,8192,8192,900,27,81,1.144197,179.506,205.3903,120118.2,900,900,True,none,49,67.156,81,True,1681,1.923,29,178.916,180.104,ok
2,2048,8192,8192,900,27,81,2.162853,182.419,394.5456,127090.4,900,900,True,none,49,67.156,81,True,900,1.947,29,181.828,182.963,ok
2,2048,16384,16384,900,27,81,8.156636,193.432,1577.7544,134799.6,900,900,True,none,50,67.156,81,True,242,1.974,30,191.378,194.888,ok
2,2048,4096,4096,900,27,81,0.642229,164.4,105.5825,107001.5,900,900,True,none,49,67.156,81,True,2826,1.815,27,163.534,165.588,ok
2,4096,4096,4096,900,27,81,1.115101,180.238,200.9835,123252.5,900,900,True,none,49,67.156,81,True,1709,1.906,28,179.506,180.962,ok
2,1024,4096,4096,900,27,81,0.331844,162.944,54.072,103541.8,900,900,True,none,49,67.156,81,True,5581,1.852,27,162.408,163.266,ok
2,8192,8192,8192,900,27,81,7.996169,195.746,1565.2181,137504.8,900,900,True,none,50,67.156,81,True,246,1.967,30,194.558,196.612,ok
2,4096,16384,16384,900,27,81,15.772848,199.203,3141.9986,139418.3,900,900,True,none,50,67.156,81,True,125,1.972,30,197.747,200.061,ok
2,1024,8192,8192,900,81,27,3.409609,104.077,354.8619,40309.3,900,900,True,none,44,67.03,27,True,452,1.541,21,103.487,104.399,ok
2,2048,16384,16384,900,81,27,24.868684,117.927,2932.6893,44212.7,900,900,True,none,45,67.03,27,True,79,1.965,30,117.137,118.448,ok
2,1024,4096,4096,900,81,27,0.889212,101.763,90.4889,38640.7,900,900,True,none,44,67.03,27,True,2091,1.859,28,101.487,102.191,ok
2,2048,8192,8192,900,81,27,6.466848,113.09,731.3359,42505.7,900,900,True,none,44,67.03,27,True,306,1.979,30,112.492,113.68,ok
2,8192,8192,8192,900,81,27,24.881841,115.136,2864.7956,44189.3,900,900,True,none,44,67.03,27,True,79,1.966,30,114.224,115.256,ok
2,1024,16384,16384,900,81,27,12.734003,112.61,1433.9761,43172.3,900,900,True,none,44,67.03,27,True,155,1.974,30,111.152,113.477,ok
2,4096,8192,8192,900,81,27,12.594108,114.546,1442.6047,43651.8,900,900,True,none,44,67.03,27,True,157,1.977,30,114.224,114.934,ok
2,4096,4096,4096,900,81,27,3.320757,105.053,348.8555,41387.8,900,900,True,none,43,67.03,27,True,589,1.956,29,103.917,105.643,ok
2,4096,16384,16384,900,81,27,49.110953,118.003,5795.2398,44776.6,900,900,True,none,43,67.03,27,True,40,1.964,30,117.727,118.448,ok
2,2048,4096,4096,900,81,27,1.740169,102.943,179.1382,39490.1,900,900,True,none,43,67.03,27,True,1145,1.992,30,102.084,103.326,ok
2,8192,16384,16384,900,81,27,98.222122,117.865,11576.9504,44776.5,900,900,True,none,43,67.03,27,True,20,1.964,30,116.539,118.448,ok
2,8192,4096,4096,900,81,27,6.466748,105.809,684.2401,42506.4,900,900,True,none,43,67.03,27,True,301,1.946,29,105.533,106.131,ok
2,2048,16384,16384,900,54,54,12.393151,156.307,1937.1362,88719.3,900,900,True,none,45,66.094,54,True,158,1.958,29,154.253,157.173,ok
2,1024,8192,8192,900,54,54,1.72843,141.657,244.8443,79516.6,900,900,True,none,45,66.094,54,True,1147,1.983,30,140.657,142.208,ok
2,4096,4096,4096,900,54,54,1.697321,142.06,241.1214,80974.0,900,900,True,none,45,66.094,54,True,1121,1.903,28,140.933,143.129,ok
2,8192,4096,4096,900,54,54,3.218512,146.704,472.1686,85405.3,900,900,True,none,46,66.094,54,True,611,1.967,30,146.16,147.624,ok
2,1024,16384,16384,900,54,54,6.525257,149.026,972.4329,84250.4,900,900,True,none,46,66.094,54,True,299,1.951,29,146.704,150.805,ok
2,4096,8192,8192,900,54,54,6.278332,152.529,957.6276,87564.0,900,900,True,none,46,66.094,54,True,314,1.971,30,152.261,153.127,ok
2,8192,8192,8192,900,54,54,12.289205,155.717,1913.6381,89469.7,900,900,True,none,46,66.094,54,True,160,1.966,30,155.119,155.985,ok
2,4096,16384,16384,900,54,54,24.25037,158.763,3850.0615,90680.0,900,900,True,none,46,66.094,54,True,81,1.964,30,157.442,160.086,ok
2,1024,4096,4096,900,54,54,0.497998,131.514,65.4937,68995.7,900,900,True,none,45,66.094,54,True,3804,1.894,28,130.464,132.242,ok
2,2048,8192,8192,900,54,54,3.307657,148.871,492.4142,83103.5,900,900,True,none,46,66.094,54,True,595,1.968,30,145.418,152.37,ok
2,2048,4096,4096,900,54,54,0.853531,142.67,121.7732,80512.0,900,900,True,none,46,66.094,54,True,2183,1.863,28,140.786,143.374,ok
2,8192,16384,16384,900,54,54,48.240028,157.867,7615.5084,91170.1,900,900,True,none,46,66.094,54,True,41,1.978,30,156.734,159.919,ok
2,8192,16384,16384,1200,81,27,73.259438,158.135,11584.8812,60033.9,1200,1200,True,none,45,75.107,27,True,27,1.978,30,155.823,159.053,ok
2,4096,16384,16384,1200,81,27,36.868818,157.599,5810.4889,59644.5,1200,1200,True,none,46,75.107,27,True,54,1.991,30,156.144,159.053,ok
2,4096,4096,4096,1200,81,27,2.469634,140.336,346.5786,55651.5,1200,1200,True,none,45,75.107,27,True,793,1.958,29,139.056,142.241,ok
2,1024,8192,8192,1200,81,27,2.546782,137.155,349.3039,53965.7,1200,1200,True,none,45,75.107,27,True,750,1.91,29,136.557,137.745,ok
2,2048,4096,4096,1200,81,27,1.31091,136.021,178.3113,52421.2,1200,1200,True,none,45,75.107,27,True,1489,1.952,29,135.699,136.289,ok
2,8192,4096,4096,1200,81,27,4.823628,141.792,683.9519,56985.7,1200,1200,True,none,45,75.107,27,True,408,1.968,30,141.523,142.06,ok
2,8192,8192,8192,1200,81,27,18.666662,152.957,2855.1966,58902.4,1200,1200,True,none,46,75.107,27,True,106,1.979,30,152.529,153.395,ok
2,2048,16384,16384,1200,81,27,18.54966,156.897,2910.386,59273.9,1200,1200,True,none,46,75.107,27,True,107,1.985,30,156.307,157.763,ok
2,2048,8192,8192,1200,81,27,4.833115,150.856,729.1044,56873.9,1200,1200,True,none,46,75.107,27,True,410,1.982,30,149.938,152.261,ok
2,4096,8192,8192,1200,81,27,9.439177,152.529,1439.7482,58241.9,1200,1200,True,none,46,75.107,27,True,210,1.982,30,151.341,153.287,ok
2,1024,4096,4096,1200,81,27,0.662659,133.967,88.7745,51851.3,1200,1200,True,none,45,75.107,27,True,3146,2.085,32,133.377,134.383,ok
2,1024,16384,16384,1200,81,27,9.524618,149.938,1428.1022,57719.5,1200,1200,True,none,46,75.107,27,True,208,1.981,30,147.624,150.805,ok
2,1024,8192,8192,1200,0,108,0.618199,335.195,207.2172,222321.5,1200,1200,True,none,56,71.007,108,True,2998,1.853,27,333.143,336.65,ok
2,4096,4096,4096,1200,0,108,0.598948,339.237,203.1853,229467.3,1200,1200,True,none,59,71.007,108,True,3068,1.838,27,338.648,339.505,ok
2,2048,4096,4096,1200,0,108,0.360312,295.468,106.4607,190722.2,1200,1200,True,none,57,71.007,108,True,5029,1.812,27,295.2,296.065,ok
2,4096,8192,8192,1200,0,108,2.313251,347.644,804.1879,237655.0,1200,1200,True,none,60,71.007,108,True,844,1.952,29,345.921,348.509,ok
2,2048,8192,8192,1200,0,108,1.161262,345.921,401.7049,236706.2,1200,1200,True,none,61,71.007,108,True,1659,1.927,29,345.332,346.189,ok
2,8192,16384,16384,1200,0,108,17.300224,365.919,6330.4808,254219.0,1200,1200,True,none,63,71.007,108,True,114,1.972,30,364.732,366.454,ok
2,1024,4096,4096,1200,0,108,0.241027,244.198,58.8584,142555.4,1200,1200,True,none,57,71.007,108,True,7218,1.74,25,243.608,245.064,ok
2,8192,4096,4096,1200,0,108,1.188389,347.054,412.4352,231303.0,1200,1200,True,none,62,71.007,108,True,1610,1.913,29,345.332,348.241,ok
2,2048,16384,16384,1200,0,108,4.556682,352.283,1605.2415,241296.6,1200,1200,True,none,63,71.007,108,True,424,1.932,29,349.695,354.006,ok
2,8192,8192,8192,1200,0,108,4.396542,366.186,1609.9522,250085.5,1200,1200,True,none,64,71.007,108,True,448,1.97,30,365.536,366.454,ok
2,1024,16384,16384,1200,0,108,2.283694,355.728,812.374,240730.9,1200,1200,True,none,64,71.007,108,True,851,1.943,29,354.5,356.326,ok
2,4096,16384,16384,1200,0,108,8.660779,368.71,3193.3158,253905.9,1200,1200,True,none,65,71.007,108,True,228,1.975,30,368.121,369.096,ok
2,1024,4096,4096,1200,54,54,0.365134,186.465,68.0847,94101.7,1200,1200,True,none,53,79.422,54,True,4725,1.725,25,185.607,187.331,ok
2,4096,4096,4096,1200,54,54,1.266115,203.839,258.0835,108551.7,1200,1200,True,none,54,79.422,54,True,1530,1.937,29,202.172,204.813,ok
2,4096,16384,16384,1200,54,54,18.094749,229.478,4152.3468,121528.3,1200,1200,True,none,54,79.422,54,True,109,1.972,30,228.585,231.762,ok
2,2048,8192,8192,1200,54,54,2.472018,213.22,527.0838,111195.7,1200,1200,True,none,54,79.422,54,True,775,1.916,29,204.813,219.582,ok
2,8192,16384,16384,1200,54,54,36.03121,231.173,8329.443,122062.1,1200,1200,True,none,54,79.422,54,True,55,1.982,30,228.853,233.139,ok
2,4096,8192,8192,1200,54,54,4.690864,219.811,1031.1036,117197.1,1200,1200,True,none,54,79.422,54,True,421,1.975,30,218.623,220.999,ok
2,1024,8192,8192,1200,54,54,1.294844,202.115,261.7075,106143.2,1200,1200,True,none,53,79.422,54,True,1491,1.931,29,200.981,202.494,ok
2,8192,4096,4096,1200,54,54,2.405314,209.672,504.327,114279.4,1200,1200,True,none,54,79.422,54,True,805,1.936,29,209.074,211.128,ok
2,2048,16384,16384,1200,54,54,9.255949,223.624,2069.8523,118789.7,1200,1200,True,none,54,79.422,54,True,213,1.972,30,221.036,225.079,ok
2,8192,8192,8192,1200,54,54,9.175671,223.59,2051.5882,119829.0,1200,1200,True,none,54,79.422,54,True,216,1.982,30,221.902,224.489,ok
2,1024,16384,16384,1200,54,54,4.873836,212.584,1036.0996,112797.4,1200,1200,True,none,54,79.422,54,True,401,1.954,29,209.672,214.95,ok
2,2048,4096,4096,1200,54,54,0.638078,203.091,129.588,107697.5,1200,1200,True,none,53,79.422,54,True,3070,1.959,30,202.705,203.839,ok
2,8192,16384,16384,1200,27,81,23.600968,296.199,6990.5832,186350.3,1200,1200,True,none,57,77.503,81,True,84,1.982,30,293.745,297.788,ok
2,1024,4096,4096,1200,27,81,0.249083,238.373,59.3748,137944.7,1200,1200,True,none,55,77.503,81,True,7198,1.793,26,238.105,238.714,ok
2,4096,4096,4096,1200,27,81,0.838931,265.64,222.8535,163826.4,1200,1200,True,none,57,77.503,81,True,2234,1.874,28,259.255,272.89,ok
2,2048,4096,4096,1200,27,81,0.482249,241.899,116.6557,142497.8,1200,1200,True,none,56,77.503,81,True,3739,1.803,26,240.712,242.488,ok
2,4096,8192,8192,1200,27,81,3.099555,284.474,881.7427,177366.1,1200,1200,True,none,58,77.503,81,True,631,1.956,29,282.43,285.339,ok
2,1024,16384,16384,1200,27,81,3.193177,275.478,879.65,172165.8,1200,1200,True,none,58,77.503,81,True,617,1.97,30,272.293,277.522,ok
2,1024,8192,8192,1200,27,81,0.86363,267.118,230.6911,159141.0,1200,1200,True,none,57,77.503,81,True,2150,1.857,27,263.022,269.129,ok
2,2048,16384,16384,1200,27,81,6.111901,289.542,1769.6519,179896.8,1200,1200,True,none,58,77.503,81,True,322,1.968,30,288.516,292.023,ok
2,4096,16384,16384,1200,27,81,11.831423,298.385,3530.3193,185862.9,1200,1200,True,none,59,77.503,81,True,167,1.976,30,296.655,300.429,ok
2,8192,8192,8192,1200,27,81,5.998355,294.932,1769.1068,183302.2,1200,1200,True,none,59,77.503,81,True,329,1.973,30,294.013,295.797,ok
2,8192,4096,4096,1200,27,81,1.590742,279.574,444.7302,172798.5,1200,1200,True,none,59,77.503,81,True,1228,1.953,29,278.12,281.565,ok
2,2048,8192,8192,1200,27,81,1.623638,271.757,441.2351,169297.5,1200,1200,True,none,59,77.503,81,True,1199,1.947,29,268.848,276.389,ok
2,1024,16384,16384,1200,94,14,18.081699,121.938,2204.8462,30404.0,1200,1200,True,none,49,78.886,14,True,110,1.989,30,121.773,122.639,ok
2,8192,16384,16384,1200,94,14,143.100067,123.229,17634.0781,30734.1,1200,1200,True,none,48,78.886,14,True,13,1.86,28,122.961,123.827,ok
2,8192,8192,8192,1200,94,14,36.329567,120.915,4392.7897,30264.9,1200,1200,True,none,47,78.886,14,True,54,1.962,30,120.317,121.183,ok
2,4096,16384,16384,1200,94,14,71.735597,122.833,8811.4986,30654.6,1200,1200,True,none,47,78.886,14,True,27,1.937,29,122.243,123.101,ok
2,2048,16384,16384,1200,94,14,35.99829,122.243,4400.5389,30543.4,1200,1200,True,none,47,78.886,14,True,55,1.98,30,121.646,122.639,ok
2,2048,4096,4096,1200,94,14,2.384694,108.93,259.7648,28816.9,1200,1200,True,none,46,78.886,14,True,817,1.948,29,108.608,109.043,ok
2,4096,4096,4096,1200,94,14,4.68783,110.178,516.4958,29318.2,1200,1200,True,none,46,78.886,14,True,416,1.95,29,109.795,110.5,ok
2,1024,4096,4096,1200,94,14,1.211418,108.446,131.3734,28363.2,1200,1200,True,none,45,78.886,14,True,1510,1.829,27,107.855,108.559,ok
2,1024,8192,8192,1200,94,14,4.953831,108.124,535.6281,27744.0,1200,1200,True,none,45,78.886,14,True,394,1.952,29,107.587,109.312,ok
2,4096,8192,8192,1200,94,14,18.232016,119.307,2175.2071,30153.3,1200,1200,True,none,45,78.886,14,True,108,1.969,30,118.861,119.459,ok
2,8192,4096,4096,1200,94,14,9.326144,109.58,1021.9589,29473.9,1200,1200,True,none,45,78.886,14,True,211,1.968,30,109.312,110.024,ok
2,2048,8192,8192,1200,94,14,9.164505,118.861,1089.3022,29993.8,1200,1200,True,none,45,78.886,14,True,215,1.97,30,118.593,119.183,ok
2,4096,4096,4096,300,54,54,5.072259,87.247,442.5394,27096.2,300,300,True,none,43,61.79,54,True,386,1.958,29,86.471,87.66,ok
2,8192,4096,4096,300,54,54,9.629047,88.796,855.0208,28546.7,300,300,True,none,43,61.79,54,True,205,1.974,30,88.527,89.118,ok
2,4096,8192,8192,300,54,54,18.822962,91.347,1719.4211,29206.7,300,300,True,none,43,61.79,54,True,105,1.976,30,90.481,91.711,ok
2,1024,8192,8192,300,54,54,5.143006,86.979,447.3335,26723.5,300,300,True,none,42,61.79,54,True,382,1.965,30,86.703,87.66,ok
2,1024,4096,4096,300,54,54,1.441832,84.146,121.3244,23830.6,300,300,True,none,42,61.79,54,True,1343,1.936,29,83.791,84.476,ok
2,2048,4096,4096,300,54,54,2.549793,87.159,222.2374,26951.0,300,300,True,none,42,61.79,54,True,773,1.971,30,86.703,87.66,ok
2,4096,16384,16384,300,54,54,72.704087,93.34,6786.1995,30246.2,300,300,True,none,42,61.79,54,True,27,1.963,30,91.884,93.938,ok
2,2048,8192,8192,300,54,54,9.911495,89.293,885.0271,27733.2,300,300,True,none,42,61.79,54,True,198,1.962,30,88.796,90.749,ok
2,1024,16384,16384,300,54,54,19.573157,89.293,1747.7459,28087.2,300,300,True,none,42,61.79,54,True,101,1.977,30,87.66,90.844,ok
2,8192,16384,16384,300,54,54,144.78443,93.072,13475.3765,30376.5,300,300,True,none,42,61.79,54,True,13,1.882,28,91.443,93.767,ok
2,8192,8192,8192,300,54,54,36.813255,91.529,3369.4804,29867.3,300,300,True,none,42,61.79,54,True,54,1.988,30,90.749,91.98,ok
2,2048,16384,16384,300,54,54,37.170889,92.254,3429.1632,29579.9,300,300,True,none,42,61.79,54,True,53,1.97,30,90.159,93.169,ok
2,1024,4096,4096,300,0,108,0.952372,94.528,90.0258,36078.1,300,300,True,none,42,60.064,108,True,1985,1.89,28,94.108,95.294,ok
2,4096,4096,4096,300,0,108,2.378639,113.24,269.3571,57780.5,300,300,True,none,43,60.064,108,True,820,1.95,29,112.704,113.358,ok
2,4096,16384,16384,300,0,108,34.583574,116.746,4037.4939,63585.8,300,300,True,none,43,60.064,108,True,57,1.971,30,116.417,117.014,ok
2,4096,8192,8192,300,0,108,9.224426,113.837,1050.081,59597.8,300,300,True,none,43,60.064,108,True,214,1.974,30,113.24,115.016,ok
2,2048,8192,8192,300,0,108,4.624711,113.561,525.1868,59436.8,300,300,True,none,43,60.064,108,True,426,1.97,30,113.09,113.956,ok
2,8192,8192,8192,300,0,108,17.532064,116.746,2046.7983,62714.3,300,300,True,none,44,60.064,108,True,113,1.981,30,116.417,116.868,ok
2,2048,16384,16384,300,0,108,18.196233,114.427,2082.1404,60425.2,300,300,True,none,44,60.064,108,True,109,1.983,30,112.375,115.56,ok
2,1024,16384,16384,300,0,108,9.113673,115.56,1053.176,60322.1,300,300,True,none,44,60.064,108,True,217,1.978,30,114.695,115.881,ok
2,1024,8192,8192,300,0,108,2.424229,114.105,276.6166,56693.9,300,300,True,none,43,60.064,108,True,807,1.956,29,113.561,114.695,ok
2,2048,4096,4096,300,0,108,1.427117,105.155,150.0685,48152.7,300,300,True,none,43,60.064,108,True,1358,1.938,29,105.155,105.533,ok
2,8192,16384,16384,300,0,108,69.112142,117.014,8087.0882,63636.4,300,300,True,none,44,60.064,108,True,28,1.935,29,116.417,117.336,ok
2,8192,4096,4096,300,0,108,4.727971,114.105,539.4851,58138.7,300,300,True,none,44,60.064,108,True,416,1.967,30,113.561,114.814,ok
2,1024,16384,16384,300,81,27,38.170513,77.422,2955.2375,14402.6,300,300,True,none,41,61.118,27,True,51,1.947,29,76.241,78.206,ok
2,4096,4096,4096,300,81,27,9.913314,74.509,738.6311,13864.1,300,300,True,none,40,61.118,27,True,200,1.983,30,74.164,74.778,ok
2,2048,16384,16384,300,81,27,74.508821,79.422,5917.6396,14756.8,300,300,True,none,40,61.118,27,True,26,1.937,29,78.288,79.744,ok
2,2048,8192,8192,300,81,27,19.326915,77.617,1500.0972,14222.5,300,300,True,none,40,61.118,27,True,102,1.971,30,76.832,77.884,ok
2,8192,16384,16384,300,81,27,295.475921,79.422,23467.2886,14884.6,300,300,True,none,40,61.118,27,True,6,1.773,26,79.154,79.744,ok
2,2048,4096,4096,300,81,27,5.242978,73.321,384.4204,13107.0,300,300,True,none,40,61.118,27,True,379,1.987,30,73.053,73.919,ok
2,4096,8192,8192,300,81,27,37.736525,77.884,2939.0715,14568.3,300,300,True,none,40,61.118,27,True,52,1.962,30,77.341,77.966,ok
2,8192,8192,8192,300,81,27,74.847752,77.884,5829.4423,14690.0,300,300,True,none,40,61.118,27,True,26,1.946,29,77.617,78.206,ok
2,8192,4096,4096,300,81,27,19.302281,74.7,1441.8804,14240.7,300,300,True,none,40,61.118,27,True,102,1.969,30,74.432,74.778,ok
2,1024,4096,4096,300,81,27,2.669192,72.709,194.0743,12872.7,300,300,True,none,40,61.118,27,True,747,1.994,30,72.463,72.785,ok
2,1024,8192,8192,300,81,27,10.197141,73.574,750.2445,13478.2,300,300,True,none,40,61.118,27,True,195,1.988,30,73.245,73.651,ok
2,4096,16384,16384,300,81,27,147.777577,79.154,11697.1863,14880.6,300,300,True,none,40,61.118,27,True,13,1.921,29,78.803,79.661,ok
2,1024,8192,8192,300,94,14,19.923172,67.282,1340.4708,6898.4,300,300,True,none,39,60.323,14,True,100,1.992,30,67.212,67.282,ok
2,2048,4096,4096,300,94,14,9.43423,67.282,634.7539,7284.1,300,300,True,none,39,60.323,14,True,209,1.972,30,67.212,67.282,ok
2,1024,4096,4096,300,94,14,4.90775,67.212,329.8597,7001.1,300,300,True,none,39,60.323,14,True,397,1.948,29,66.89,67.282,ok
2,1024,16384,16384,300,94,14,72.713069,70.463,5123.581,7560.6,300,300,True,none,39,60.323,14,True,27,1.963,30,70.068,70.933,ok
2,2048,8192,8192,300,94,14,36.836319,70.463,2595.5975,7462.1,300,300,True,none,39,60.323,14,True,54,1.989,30,70.141,70.463,ok
2,4096,8192,8192,300,94,14,73.386273,70.463,5171.0169,7491.3,300,300,True,none,39,60.323,14,True,27,1.981,30,70.141,70.463,ok
2,8192,8192,8192,300,94,14,145.721918,70.463,10268.0035,7545.3,300,300,True,none,39,60.323,14,True,13,1.894,28,70.141,70.731,ok
2,8192,16384,16384,300,94,14,577.010043,71.007,40971.7521,7622.1,300,300,True,none,39,60.323,14,True,3,1.731,25,70.933,71.329,ok
2,4096,4096,4096,300,94,14,18.875113,67.55,1275.0139,7281.5,300,300,True,none,39,60.323,14,True,105,1.982,30,67.282,67.55,ok
2,8192,4096,4096,300,94,14,37.50627,67.55,2533.5485,7328.9,300,300,True,none,38,60.323,14,True,53,1.988,30,67.282,67.55,ok
2,2048,16384,16384,300,94,14,144.725396,71.007,10276.5162,7597.2,300,300,True,none,39,60.323,14,True,13,1.881,28,70.463,71.007,ok
2,4096,16384,16384,300,94,14,288.888107,71.007,20513.0778,7612.0,300,300,True,none,39,60.323,14,True,6,1.733,25,70.731,71.007,ok
2,4096,16384,16384,300,27,81,47.278329,105.533,4989.4239,46512.3,300,300,True,none,40,60.323,81,True,42,1.986,30,104.399,106.721,ok
2,1024,4096,4096,300,27,81,0.9863,93.889,92.6027,34837.0,300,300,True,none,40,60.323,81,True,1934,1.908,28,93.669,94.206,ok
2,2048,4096,4096,300,27,81,1.900659,94.429,179.4773,36155.6,300,300,True,none,40,60.323,81,True,1028,1.954,29,93.938,95.126,ok
2,8192,16384,16384,300,27,81,94.50156,106.131,10029.5451,46539.4,300,300,True,none,41,60.323,81,True,21,1.985,30,103.379,107.153,ok
2,1024,8192,8192,300,27,81,3.385894,99.762,337.7836,40591.6,300,300,True,none,41,60.323,81,True,575,1.947,29,99.172,100.628,ok
2,2048,16384,16384,300,27,81,24.360006,104.077,2535.3163,45135.9,300,300,True,none,41,60.323,81,True,81,1.973,30,103.219,105.809,ok
2,2048,8192,8192,300,27,81,6.467717,100.299,648.7055,42500.0,300,300,True,none,41,60.323,81,True,306,1.979,30,99.762,100.897,ok
2,8192,8192,8192,300,27,81,23.951145,104.675,2507.0861,45906.4,300,300,True,none,41,60.323,81,True,82,1.964,30,104.399,105.809,ok
2,4096,8192,8192,300,27,81,12.336645,103.05,1271.2912,44562.8,300,300,True,none,41,60.323,81,True,160,1.974,30,102.084,103.809,ok
2,4096,4096,4096,300,27,81,3.320683,99.866,331.6233,41388.8,300,300,True,none,41,60.323,81,True,588,1.953,29,98.677,101.002,ok
2,8192,4096,4096,300,27,81,6.316946,101.763,642.8314,43514.4,300,300,True,none,41,60.323,81,True,312,1.971,30,101.002,102.191,ok
2,1024,16384,16384,300,27,81,12.748149,101.136,1289.2968,43124.4,300,300,True,none,41,60.323,81,True,155,1.976,30,100.135,102.46,ok
2,2048,4096,4096,1410,27,81,0.4118,364.94,150.2824,166875.8,1410,1410,True,none,55,89.293,81,True,4459,1.836,27,343.747,382.606,ok
2,4096,4096,4096,1410,27,81,0.721757,393.857,284.269,190422.8,1395,1395,True,SwPowerCap,59,89.293,81,True,2638,1.904,28,392.136,396.348,ok
2,8192,16384,16384,1410,27,81,21.076174,400.533,8441.7032,208673.9,1350,1335,False,SwPowerCap,60,89.293,81,True,94,1.981,30,382.474,414.154,ok
2,8192,8192,8192,1410,27,81,5.329728,396.215,2111.7183,206297.9,1350,1350,False,SwPowerCap,61,89.293,81,True,368,1.961,30,394.178,410.222,ok
2,4096,8192,8192,1410,27,81,2.729343,398.93,1088.817,201424.2,1365,1350,False,SwPowerCap,62,89.293,81,True,710,1.938,29,385.377,401.122,ok
2,1024,8192,8192,1410,27,81,0.747703,401.245,300.0122,183814.9,1395,1380,False,SwPowerCap,63,89.293,81,True,2479,1.854,27,386.508,403.881,ok
2,2048,16384,16384,1410,27,81,5.415837,396.174,2145.6137,203017.9,1350,1350,False,SwPowerCap,64,89.293,81,True,366,1.982,30,391.004,406.463,ok
2,4096,16384,16384,1410,27,81,10.581158,403.552,4270.0473,207824.4,1350,1335,False,SwPowerCap,64,89.293,81,True,187,1.979,30,388.547,407.319,ok
2,1024,4096,4096,1410,27,81,0.212271,380.557,80.7814,161867.0,1410,1410,True,none,64,89.293,81,True,7782,1.652,23,379.57,381.343,ok
2,8192,4096,4096,1410,27,81,1.396965,396.081,553.3114,196767.9,1365,1350,False,SwPowerCap,65,89.293,81,True,1442,2.014,31,380.426,411.406,ok
2,1024,16384,16384,1410,27,81,2.804571,399.163,1119.481,196021.4,1365,1365,False,SwPowerCap,66,89.293,81,True,704,1.974,30,389.411,406.784,ok
2,2048,8192,8192,1410,27,81,1.420209,402.429,571.5333,193547.5,1380,1365,False,SwPowerCap,66,89.293,81,True,1349,1.916,29,387.501,404.737,ok
2,1024,8192,8192,1410,54,54,1.103744,310.241,342.4266,124520.7,1410,1410,True,none,60,99.203,54,True,1731,1.911,29,306.471,312.23,ok
2,4096,8192,8192,1410,54,54,3.985701,340.933,1358.8568,137932.0,1410,1410,True,none,62,99.203,54,True,484,1.929,29,340.336,342.653,ok
2,8192,8192,8192,1410,54,54,7.864936,345.56,2717.8071,139799.2,1410,1410,True,none,63,99.203,54,True,251,1.974,30,342.386,347.28,ok
2,1024,4096,4096,1410,54,54,0.310779,285.767,88.8103,110560.1,1410,1410,True,none,60,99.203,54,True,5770,1.793,26,284.177,286.762,ok
2,2048,4096,4096,1410,54,54,0.542153,315.732,171.175,126753.0,1410,1410,True,none,61,99.203,54,True,3644,1.976,30,314.868,316.589,ok
2,4096,4096,4096,1410,54,54,1.078941,316.455,341.4363,127383.2,1410,1410,True,none,61,99.203,54,True,1760,1.899,28,314.012,318.317,ok
2,4096,16384,16384,1410,54,54,15.496324,351.617,5448.7711,141906.1,1410,1410,True,none,63,99.203,54,True,128,1.984,30,347.78,353.636,ok
2,2048,16384,16384,1410,54,54,7.860573,347.962,2735.1808,139876.8,1410,1410,True,none,63,99.203,54,True,251,1.973,30,344.877,349.865,ok
2,1024,16384,16384,1410,54,54,4.139577,330.807,1369.4011,132804.8,1410,1410,True,none,63,99.203,54,True,472,1.954,29,319.503,335.977,ok
2,8192,16384,16384,1410,54,54,30.613443,356.542,10914.9782,143663.9,1410,1410,True,none,64,99.203,54,True,64,1.959,30,354.718,357.995,ok
2,8192,4096,4096,1410,54,54,2.045388,329.032,672.9982,134389.1,1410,1410,True,none,63,99.203,54,True,949,1.941,29,327.9,331.342,ok
2,2048,8192,8192,1410,54,54,2.099513,330.807,694.5336,130924.6,1410,1410,True,none,63,99.203,54,True,928,1.948,29,329.353,336.298,ok
2,8192,16384,16384,1410,94,14,121.833427,172.635,21032.7136,36098.8,1410,1410,True,none,52,99.337,14,True,16,1.949,29,172.046,173.137,ok
2,1024,4096,4096,1410,94,14,1.048432,152.529,159.9163,32772.5,1410,1410,True,none,52,99.337,14,True,1856,1.946,29,151.939,153.985,ok
2,4096,16384,16384,1410,94,14,61.0162,171.359,10455.675,36040.0,1410,1410,True,none,51,99.337,14,True,32,1.953,29,170.823,171.681,ok
2,2048,8192,8192,1410,94,14,7.784668,167.581,1304.5624,35310.2,1410,1410,True,none,51,99.337,14,True,256,1.993,30,167.313,167.911,ok
2,4096,4096,4096,1410,94,14,3.998203,154.253,616.7349,34375.2,1410,1410,True,none,50,99.337,14,True,491,1.963,30,153.985,154.851,ok
2,2048,4096,4096,1410,94,14,2.027892,151.939,308.1159,33887.2,1410,1410,True,none,50,99.337,14,True,939,1.904,28,151.073,152.261,ok
2,8192,4096,4096,1410,94,14,7.935716,154.253,1224.1081,34638.1,1410,1410,True,none,50,99.337,14,True,247,1.96,30,153.985,154.583,ok
2,1024,16384,16384,1410,94,14,15.350556,167.313,2568.3476,35813.4,1410,1410,True,none,50,99.337,14,True,129,1.98,30,166.454,167.581,ok
2,1024,8192,8192,1410,94,14,4.152658,151.671,629.8377,33096.6,1410,1410,True,none,49,99.337,14,True,482,2.002,30,150.805,152.261,ok
2,2048,16384,16384,1410,94,14,30.667125,169.037,5183.8787,35853.1,1410,1410,True,none,50,99.337,14,True,64,1.963,30,167.911,169.635,ok
2,4096,8192,8192,1410,94,14,15.53052,166.179,2580.8463,35398.4,1410,1410,True,none,49,99.337,14,True,127,1.972,30,165.266,166.454,ok
2,8192,8192,8192,1410,94,14,30.896584,166.454,5142.8599,35586.8,1410,1410,True,none,49,99.337,14,True,64,1.977,30,165.857,166.454,ok
2,4096,4096,4096,1410,81,27,2.122133,201.249,427.0771,64764.5,1410,1410,True,none,51,94.206,27,True,922,1.957,29,200.659,201.847,ok
2,2048,16384,16384,1410,81,27,15.900332,223.356,3551.4347,69150.2,1410,1410,True,none,52,94.206,27,True,125,1.988,30,221.304,226.502,ok
2,8192,8192,8192,1410,81,27,15.896833,220.677,3508.0654,69165.5,1410,1410,True,none,52,94.206,27,True,124,1.971,30,218.395,223.712,ok
2,4096,8192,8192,1410,81,27,8.038158,220.179,1769.8336,68393.3,1410,1410,True,none,52,94.206,27,True,246,1.977,30,218.763,223.123,ok
2,8192,16384,16384,1410,81,27,62.650819,232.652,14575.8383,70199.3,1410,1410,True,none,53,94.206,27,True,31,1.942,29,230.067,234.35,ok
2,4096,16384,16384,1410,81,27,31.477169,229.443,7222.216,69860.9,1410,1410,True,none,53,94.206,27,True,63,1.983,30,227.72,231.199,ok
2,1024,4096,4096,1410,81,27,0.563993,195.086,110.0272,60922.3,1410,1410,True,none,52,94.206,27,True,3655,2.061,32,194.355,197.862,ok
2,1024,8192,8192,1410,81,27,2.170499,199.584,433.1969,63321.4,1410,1410,True,none,52,94.206,27,True,861,1.869,28,198.995,203.091,ok
2,1024,16384,16384,1410,81,27,8.161524,217.262,1773.1891,67359.5,1410,1410,True,none,53,94.206,27,True,241,1.967,30,212.63,220.217,ok
2,2048,4096,4096,1410,81,27,1.117875,197.272,220.5255,61473.3,1410,1410,True,none,52,94.206,27,True,1713,1.915,29,196.469,199.852,ok
2,2048,8192,8192,1410,81,27,4.1353,219.85,909.1458,66471.1,1410,1410,True,none,53,94.206,27,True,478,1.977,30,216.083,223.356,ok
2,8192,4096,4096,1410,81,27,4.134853,209.342,865.5985,66478.3,1410,1410,True,none,53,94.206,27,True,472,1.952,29,207.94,213.442,ok
2,4096,8192,8192,1410,0,108,2.180369,403.118,878.946,252138.9,1275,1230,False,SwPowerCap,64,87.66,108,True,983,2.143,33,364.732,410.813,ok
2,1024,8192,8192,1410,0,108,0.579565,401.122,232.4762,237141.7,1275,1260,False,SwPowerCap,65,87.66,108,True,3188,1.848,27,385.459,406.614,ok
2,2048,16384,16384,1410,0,108,4.335605,398.633,1728.3152,253600.5,1260,1245,False,SwPowerCap,66,87.66,108,True,458,1.986,30,376.913,416.143,ok
2,8192,8192,8192,1410,0,108,4.238383,397.948,1686.6562,259417.7,1245,1245,False,SwPowerCap,66,87.66,108,True,471,1.996,30,397.352,398.365,ok
2,4096,16384,16384,1410,0,108,8.362825,400.533,3349.5874,262952.2,1245,1230,False,SwPowerCap,67,87.66,108,True,236,1.974,30,382.01,406.614,ok
2,8192,4096,4096,1410,0,108,1.127554,397.031,447.6738,243782.5,1260,1260,False,SwPowerCap,67,87.66,108,True,1673,1.886,28,389.551,406.889,ok
2,2048,8192,8192,1410,0,108,1.102788,396.174,436.8959,249257.3,1260,1260,False,SwPowerCap,67,87.66,108,True,1744,1.923,29,388.954,406.614,ok
2,1024,16384,16384,1410,0,108,2.184787,398.216,870.0173,251629.0,1260,1245,False,SwPowerCap,67,87.66,108,True,895,1.955,29,379.104,418.193,ok
2,8192,16384,16384,1410,0,108,16.802708,402.625,6765.1902,261746.3,1245,1215,False,SwPowerCap,68,87.66,108,True,118,1.983,30,384.461,408.067,ok
2,1024,4096,4096,1410,0,108,0.20665,401.122,82.892,166269.9,1410,1395,True,SwPowerCap,68,87.66,108,True,7157,1.479,20,380.955,406.292,ok
2,4096,4096,4096,1410,0,108,0.567182,399.937,226.8369,242319.2,1260,1260,False,SwPowerCap,68,87.66,108,True,3622,2.054,31,386.912,404.572,ok
2,2048,4096,4096,1410,0,108,0.324203,399.08,129.3829,211964.3,1335,1335,False,SwPowerCap,68,87.66,108,True,5252,1.703,24,398.484,399.669,ok
2,4096,16384,16384,705,81,27,62.918638,106.989,6731.6022,34950.3,705,705,True,none,48,67.55,27,True,31,1.95,29,106.399,107.265,ok
2,4096,4096,4096,705,81,27,4.225988,97.118,410.4195,32522.3,705,705,True,none,47,67.55,27,True,464,1.961,29,96.252,97.716,ok
2,8192,4096,4096,705,81,27,8.240237,97.85,806.3072,33358.0,705,705,True,none,47,67.55,27,True,239,1.969,30,97.44,98.409,ok
2,8192,16384,16384,705,81,27,125.826523,106.989,13462.0539,34953.3,705,705,True,none,46,67.55,27,True,15,1.887,28,105.265,107.265,ok
2,2048,16384,16384,705,81,27,31.735818,106.131,3368.1541,34645.8,705,705,True,none,46,67.55,27,True,62,1.968,30,105.533,106.989,ok
2,4096,8192,8192,705,81,27,16.078884,103.326,1661.3668,34191.2,705,705,True,none,45,67.55,27,True,123,1.978,30,102.943,103.809,ok
2,1024,4096,4096,705,81,27,1.143303,92.803,106.102,30053.0,705,705,True,none,44,67.55,27,True,1522,1.74,25,92.481,92.9,ok
2,2048,4096,4096,705,81,27,2.228408,93.669,208.7328,30837.9,705,705,True,none,44,67.55,27,True,871,1.941,29,93.34,93.938,ok
2,1024,16384,16384,705,81,27,16.254118,101.487,1649.5817,33822.6,705,705,True,none,44,67.55,27,True,122,1.983,30,100.031,102.084,ok
2,1024,8192,8192,705,81,27,4.364796,94.206,411.1899,31488.1,705,705,True,none,44,67.55,27,True,451,1.969,30,93.669,94.528,ok
2,2048,8192,8192,705,81,27,8.240019,101.54,836.6915,33358.9,705,705,True,none,44,67.55,27,True,239,1.969,30,100.299,102.46,ok
2,8192,8192,8192,705,81,27,31.875925,102.728,3274.55,34493.5,705,705,True,none,44,67.55,27,True,62,1.976,30,102.46,103.05,ok
2,1024,16384,16384,705,54,54,8.367097,129.598,1084.359,65704.5,705,705,True,none,45,64.638,54,True,238,1.991,30,128.464,130.196,ok
2,2048,8192,8192,705,54,54,4.241895,129.759,550.424,64800.7,705,705,True,none,45,64.638,54,True,463,1.964,30,128.464,130.786,ok
2,4096,4096,4096,705,54,54,2.174752,123.505,268.5928,63197.5,705,705,True,none,45,64.638,54,True,894,1.944,29,122.639,124.095,ok
2,4096,8192,8192,705,54,54,8.052714,132.786,1069.2877,68269.6,705,705,True,none,45,64.638,54,True,245,1.973,30,131.376,133.108,ok
2,4096,16384,16384,705,54,54,30.970984,137.155,4247.8253,71002.7,705,705,True,none,45,64.638,54,True,64,1.982,30,136.021,137.745,ok
2,1024,8192,8192,705,54,54,2.213643,123.505,273.3959,62087.2,705,705,True,none,45,64.638,54,True,873,1.933,29,122.961,123.827,ok
2,8192,16384,16384,705,54,54,61.854663,137.155,8483.6763,71102.9,705,705,True,none,45,64.638,54,True,32,1.979,30,134.833,138.343,ok
2,8192,8192,8192,705,54,54,15.725282,134.243,2111.0091,69920.0,705,705,True,none,45,64.638,54,True,126,1.981,30,133.377,135.101,ok
2,2048,4096,4096,705,54,54,1.094669,123.229,134.8949,62776.5,705,705,True,none,45,64.638,54,True,1754,1.92,29,122.961,123.827,ok
2,2048,16384,16384,705,54,54,15.887864,135.423,2151.5822,69204.5,705,705,True,none,45,64.638,54,True,124,1.97,30,133.377,136.021,ok
2,1024,4096,4096,705,54,54,0.625329,116.271,72.7076,54946.7,705,705,True,none,44,64.638,54,True,3025,1.892,28,115.68,116.66,ok
2,8192,4096,4096,705,54,54,4.125322,125.414,517.3732,66631.9,705,705,True,none,45,64.638,54,True,471,1.943,29,124.547,128.464,ok
2,4096,4096,4096,705,94,14,8.039159,80.963,650.8745,17096.2,705,705,True,none,42,64.437,14,True,247,1.986,30,80.878,80.963,ok
2,8192,8192,8192,705,94,14,62.332119,86.471,5389.9207,17639.6,705,705,True,none,42,64.437,14,True,31,1.932,29,86.113,86.793,ok
2,2048,8192,8192,705,94,14,15.733067,86.203,1356.2376,17471.3,705,705,True,none,41,64.437,14,True,126,1.982,30,85.934,86.471,ok
2,2048,16384,16384,705,94,14,61.641114,87.66,5403.46,17837.3,705,705,True,none,41,64.437,14,True,32,1.973,30,87.07,87.929,ok
2,8192,4096,4096,705,94,14,15.955959,80.786,1289.0181,17227.3,705,705,True,none,41,64.437,14,True,124,1.979,30,80.61,80.963,ok
2,1024,8192,8192,705,94,14,8.244723,80.288,661.9524,16669.9,705,705,True,none,41,64.437,14,True,238,1.962,30,80.096,80.372,ok
2,2048,4096,4096,705,94,14,4.033814,79.827,322.0073,17035.9,705,705,True,none,41,64.437,14,True,488,1.969,30,79.505,80.096,ok
2,8192,16384,16384,705,94,14,245.571528,87.66,21526.8001,17909.4,705,705,True,none,41,64.437,14,True,8,1.965,30,87.569,87.66,ok
2,1024,16384,16384,705,94,14,30.965046,86.381,2674.7917,17754.1,705,705,True,none,41,64.437,14,True,64,1.982,30,85.844,86.471,ok
2,1024,4096,4096,705,94,14,2.096791,79.505,166.7054,16386.8,705,705,True,none,41,64.437,14,True,931,1.952,29,79.154,79.827,ok
2,4096,8192,8192,705,94,14,31.221245,86.113,2688.5551,17608.4,705,705,True,none,41,64.437,14,True,63,1.967,30,85.844,86.203,ok
2,4096,16384,16384,705,94,14,123.08006,87.338,10749.5662,17866.6,705,705,True,none,41,64.437,14,True,16,1.969,30,86.703,87.66,ok
2,8192,4096,4096,705,27,81,2.711121,156.897,425.3667,101389.0,705,705,True,none,45,63.57,81,True,719,1.949,29,155.717,157.442,ok
2,8192,16384,16384,705,27,81,40.248276,168.501,6781.8747,109272.9,705,705,True,none,46,63.57,81,True,49,1.972,30,165.588,169.037,ok
2,4096,4096,4096,705,27,81,1.420978,153.663,218.3518,96721.4,705,705,True,none,46,63.57,81,True,1356,1.927,29,153.127,154.253,ok
2,1024,16384,16384,705,27,81,5.433922,156.897,852.5661,101171.1,705,705,True,none,46,63.57,81,True,363,1.973,30,155.985,158.032,ok
2,2048,16384,16384,705,27,81,10.429621,164.4,1714.6297,105422.0,705,705,True,none,46,63.57,81,True,190,1.982,30,162.408,166.179,ok
2,4096,16384,16384,705,27,81,20.133663,167.911,3380.6634,109221.2,705,705,True,none,47,63.57,81,True,98,1.973,30,167.911,168.179,ok
2,2048,4096,4096,705,27,81,0.820434,138.343,113.5013,83759.9,705,705,True,none,46,63.57,81,True,2326,1.908,28,133.108,150.207,ok
2,2048,8192,8192,705,27,81,2.759637,155.717,429.7224,99606.5,705,705,True,none,47,63.57,81,True,710,1.959,29,154.851,156.576,ok
2,8192,8192,8192,705,27,81,10.207309,165.857,1692.9537,107718.1,705,705,True,none,47,63.57,81,True,193,1.97,30,165.266,167.045,ok
2,4096,8192,8192,705,27,81,5.288446,161.81,855.7234,103954.1,705,705,True,none,47,63.57,81,True,370,1.957,29,160.944,162.944,ok
2,1024,8192,8192,705,27,81,1.46811,153.395,225.2007,93616.3,705,705,True,none,47,63.57,81,True,1329,1.951,29,152.797,153.985,ok
2,1024,4096,4096,705,27,81,0.424518,140.657,59.7114,80938.2,705,705,True,none,46,63.57,81,True,4428,1.88,28,139.745,141.202,ok
2,2048,8192,8192,705,0,108,1.972695,186.741,368.383,139341.3,705,705,True,none,49,62.381,108,True,986,1.945,29,186.465,189.056,ok
2,8192,16384,16384,705,0,108,29.424763,195.424,5750.305,149467.5,705,705,True,none,50,62.381,108,True,67,1.971,30,194.888,196.014,ok
2,1024,16384,16384,705,0,108,3.882487,190.512,739.6604,141598.9,705,705,True,none,50,62.381,108,True,507,1.968,30,190.243,191.378,ok
2,1024,8192,8192,705,0,108,1.043937,187.063,195.2819,131654.5,705,705,True,none,50,62.381,108,True,1848,1.929,29,186.465,187.331,ok
2,2048,4096,4096,705,0,108,0.611137,166.454,101.7262,112445.3,705,705,True,none,49,62.381,108,True,3040,1.858,27,166.179,167.045,ok
2,2048,16384,16384,705,0,108,7.749562,189.221,1466.3798,141880.5,705,705,True,none,50,62.381,108,True,255,1.976,30,188.465,189.653,ok
2,8192,8192,8192,705,0,108,7.470509,195.424,1459.9167,147180.3,705,705,True,none,51,62.381,108,True,263,1.965,30,194.888,195.746,ok
2,1024,4096,4096,705,0,108,0.408676,141.671,57.8975,84075.8,705,705,True,none,48,62.381,108,True,4482,1.832,27,137.745,146.589,ok
2,4096,4096,4096,705,0,108,1.016238,186.603,189.633,135242.9,705,705,True,none,50,62.381,108,True,1871,1.901,28,186.465,187.063,ok
2,4096,16384,16384,705,0,108,14.725864,196.179,2888.9052,149330.7,705,705,True,none,51,62.381,108,True,134,1.973,30,196.014,196.344,ok
2,4096,8192,8192,705,0,108,3.9315,189.653,745.6207,139833.6,705,705,True,none,51,62.381,108,True,500,1.966,30,188.787,190.243,ok
2,8192,4096,4096,705,0,108,2.01817,188.787,381.0043,136201.5,705,705,True,none,51,62.381,108,True,963,1.943,29,188.465,189.056,ok
3,2048,16384,16384,705,94,14,61.655183,87.837,5415.6063,17833.2,705,705,True,none,43,64.706,14,True,32,1.973,30,87.569,88.251,ok
3,4096,8192,8192,705,94,14,31.23542,86.934,2715.42,17600.4,705,705,True,none,43,64.706,14,True,63,1.968,30,86.381,87.247,ok
3,8192,8192,8192,705,94,14,62.336433,86.979,5421.9606,17638.3,705,705,True,none,42,64.706,14,True,31,1.932,29,86.113,87.247,ok
3,1024,4096,4096,705,94,14,2.09712,80.096,167.971,16384.2,705,705,True,none,42,64.706,14,True,957,2.007,30,80.012,80.372,ok
3,1024,16384,16384,705,94,14,30.965636,87.024,2694.7535,17753.7,705,705,True,none,42,64.706,14,True,64,1.982,30,86.703,87.338,ok
3,4096,4096,4096,705,94,14,8.040338,80.963,650.9699,17093.7,705,705,True,none,42,64.706,14,True,245,1.97,30,80.61,81.285,ok
3,2048,4096,4096,705,94,14,4.032806,80.096,323.0116,17040.1,705,705,True,none,41,64.706,14,True,490,1.976,30,79.744,80.372,ok
3,8192,16384,16384,705,94,14,245.546497,87.929,21590.6579,17911.3,705,705,True,none,41,64.706,14,True,8,1.964,30,87.66,87.929,ok
3,8192,4096,4096,705,94,14,15.953242,80.878,1290.2663,17230.2,705,705,True,none,41,64.706,14,True,123,1.962,30,80.61,80.963,ok
3,1024,8192,8192,705,94,14,8.245625,80.096,660.4415,16668.1,705,705,True,none,41,64.706,14,True,239,1.971,30,80.012,80.372,ok
3,4096,16384,16384,705,94,14,123.082738,87.66,10789.4328,17866.2,705,705,True,none,41,64.706,14,True,16,1.969,30,87.07,87.66,ok
3,2048,8192,8192,705,94,14,15.730109,85.934,1351.7512,17474.6,705,705,True,none,41,64.706,14,True,126,1.982,30,85.515,86.203,ok
3,1024,16384,16384,705,54,54,8.366578,127.276,1064.8646,65708.6,705,705,True,none,43,63.57,54,True,234,1.958,29,126.418,129.062,ok
3,2048,8192,8192,705,54,54,4.241163,128.464,544.8368,64811.9,705,705,True,none,43,63.57,54,True,461,1.955,29,126.74,129.598,ok
3,1024,4096,4096,705,54,54,0.625376,115.533,72.2515,54942.6,705,705,True,none,43,63.57,54,True,3069,1.919,29,115.412,115.801,ok
3,8192,4096,4096,705,54,54,4.124689,125.552,517.8629,66642.1,705,705,True,none,44,63.57,54,True,475,1.959,29,124.095,127.606,ok
3,1024,8192,8192,705,54,54,2.21353,122.499,271.1552,62090.4,705,705,True,none,44,63.57,54,True,854,1.89,28,121.773,123.358,ok
3,4096,4096,4096,705,54,54,2.174974,122.961,267.437,63191.1,705,705,True,none,44,63.57,54,True,898,1.953,29,122.371,123.229,ok
3,8192,8192,8192,705,54,54,15.72467,133.377,2097.3093,69922.7,705,705,True,none,44,63.57,54,True,121,1.903,28,132.511,134.243,ok
3,2048,16384,16384,705,54,54,15.889509,135.101,2146.6885,69197.3,705,705,True,none,44,63.57,54,True,124,1.97,30,133.108,135.423,ok
3,8192,16384,16384,705,54,54,61.860796,136.722,8457.7317,71095.9,705,705,True,none,45,63.57,54,True,32,1.98,30,135.101,137.745,ok
3,4096,8192,8192,705,54,54,8.05183,132.242,1064.7901,68277.1,705,705,True,none,45,63.57,54,True,244,1.965,30,131.376,132.649,ok
3,4096,16384,16384,705,54,54,30.971971,136.557,4229.4395,71000.4,705,705,True,none,45,63.57,54,True,64,1.982,30,136.021,137.567,ok
3,2048,4096,4096,705,54,54,1.094656,122.961,134.5999,62777.3,705,705,True,none,44,63.57,54,True,1757,1.923,29,122.371,123.358,ok
3,1024,4096,4096,705,81,27,1.14296,91.98,105.1294,30062.1,705,705,True,none,42,64.115,27,True,1689,1.93,29,91.615,92.302,ok
3,2048,16384,16384,705,81,27,31.736171,105.265,3340.7081,34645.4,705,705,True,none,42,64.115,27,True,62,1.968,29,104.399,105.533,ok
3,2048,8192,8192,705,81,27,8.240048,101.487,836.2577,33358.8,705,705,True,none,42,64.115,27,True,239,1.969,30,100.299,102.191,ok
3,1024,8192,8192,705,81,27,4.36017,93.669,408.4128,31521.5,705,705,True,none,42,64.115,27,True,457,1.993,30,93.072,93.938,ok
3,2048,4096,4096,705,81,27,2.228396,93.072,207.4013,30838.1,705,705,True,none,42,64.115,27,True,884,1.97,30,92.481,93.169,ok
3,1024,16384,16384,705,81,27,16.253429,100.897,1639.9222,33824.0,705,705,True,none,42,64.115,27,True,122,1.983,30,99.762,101.593,ok
3,4096,8192,8192,705,81,27,16.079274,102.46,1647.4825,34190.3,705,705,True,none,42,64.115,27,True,123,1.978,30,101.763,102.621,ok
3,8192,16384,16384,705,81,27,125.877686,105.375,13264.3612,34939.0,705,705,True,none,42,64.115,27,True,15,1.888,28,104.943,105.643,ok
3,8192,4096,4096,705,81,27,8.2394,95.762,789.0214,33361.4,705,705,True,none,42,64.115,27,True,240,1.977,30,95.493,96.084,ok
3,8192,8192,8192,705,81,27,31.896528,102.46,3268.1183,34471.2,705,705,True,none,42,64.115,27,True,62,1.978,30,102.191,103.05,ok
3,4096,16384,16384,705,81,27,62.947958,105.053,6612.8719,34934.0,705,705,True,none,42,64.115,27,True,31,1.951,29,104.784,105.643,ok
3,4096,4096,4096,705,81,27,4.226397,94.895,401.0639,32519.2,705,705,True,none,42,64.115,27,True,467,1.974,30,94.206,95.225,ok
3,1024,8192,8192,705,27,81,1.468105,151.939,223.0624,93616.6,705,705,True,none,44,63.57,81,True,1326,1.947,29,151.073,152.529,ok
3,8192,16384,16384,705,27,81,40.248597,167.911,6758.1822,109272.0,705,705,True,none,46,63.57,81,True,49,1.972,30,167.581,168.501,ok
3,1024,4096,4096,705,27,81,0.424494,139.477,59.2072,80942.8,705,705,True,none,45,63.57,81,True,4204,1.785,26,139.201,140.067,ok
3,2048,4096,4096,705,27,81,0.820316,145.131,119.0532,83772.0,705,705,True,none,45,63.57,81,True,2331,1.912,29,129.598,150.64,ok
3,4096,16384,16384,705,27,81,20.133777,167.313,3368.6427,109220.6,705,705,True,none,46,63.57,81,True,98,1.973,30,166.723,167.911,ok
3,8192,4096,4096,705,27,81,2.711343,157.763,427.7497,101380.7,705,705,True,none,46,63.57,81,True,717,1.944,29,157.442,158.3,ok
3,2048,16384,16384,705,27,81,10.429117,164.4,1714.5469,105427.1,705,705,True,none,47,63.57,81,True,189,1.971,30,162.944,166.179,ok
3,4096,4096,4096,705,27,81,1.420946,154.092,218.9564,96723.6,705,705,True,none,46,63.57,81,True,1363,1.937,29,153.824,154.851,ok
3,2048,8192,8192,705,27,81,2.759661,155.555,429.2791,99605.7,705,705,True,none,47,63.57,81,True,708,1.954,29,154.851,156.412,ok
3,8192,8192,8192,705,27,81,10.208259,165.683,1691.3349,107708.1,705,705,True,none,47,63.57,81,True,194,1.98,30,165.094,166.87,ok
3,4096,8192,8192,705,27,81,5.287806,161.641,854.7263,103966.7,705,705,True,none,47,63.57,81,True,372,1.967,30,161.373,162.506,ok
3,1024,16384,16384,705,27,81,5.43377,157.95,858.2639,101173.9,705,705,True,none,47,63.57,81,True,362,1.967,30,156.734,159.22,ok
3,4096,8192,8192,705,0,108,3.931749,188.626,741.6301,139824.7,705,705,True,none,49,62.381,108,True,500,1.966,30,187.331,190.313,ok
3,4096,4096,4096,705,0,108,1.016245,185.875,188.8946,135241.9,705,705,True,none,49,62.381,108,True,1891,1.922,29,185.277,186.143,ok
3,2048,4096,4096,705,0,108,0.611128,165.857,101.3598,112447.0,705,705,True,none,48,62.381,108,True,3088,1.887,28,165.588,166.454,ok
3,2048,16384,16384,705,0,108,7.749638,187.599,1453.8243,141879.1,705,705,True,none,50,62.381,108,True,255,1.976,30,187.599,188.197,ok
3,1024,16384,16384,705,0,108,3.882239,190.788,740.6847,141607.9,705,705,True,none,50,62.381,108,True,508,1.972,30,190.243,191.7,ok
3,2048,8192,8192,705,0,108,1.972559,187.331,369.5215,139350.9,705,705,True,none,50,62.381,108,True,986,1.945,29,187.063,187.331,ok
3,8192,4096,4096,705,0,108,2.01815,188.465,380.3507,136202.9,705,705,True,none,50,62.381,108,True,972,1.962,30,187.331,188.787,ok
3,1024,4096,4096,705,0,108,0.408689,142.658,58.3028,84073.0,705,705,True,none,48,62.381,108,True,4446,1.817,27,137.423,146.313,ok
3,4096,16384,16384,705,0,108,14.725824,195.746,2882.5212,149331.1,705,705,True,none,51,62.381,108,True,134,1.973,30,195.156,196.344,ok
3,8192,8192,8192,705,0,108,7.470415,195.424,1459.8984,147182.1,705,705,True,none,51,62.381,108,True,265,1.98,30,194.888,195.746,ok
3,1024,8192,8192,705,0,108,1.043932,187.063,195.2811,131655.1,705,705,True,none,50,62.381,108,True,1835,1.916,29,186.741,187.599,ok
3,8192,16384,16384,705,0,108,29.425086,196.612,5785.325,149465.9,705,705,True,none,51,62.381,108,True,67,1.971,30,195.81,196.88,ok
3,4096,16384,16384,510,54,54,42.822497,115.412,4942.23,51352.1,510,510,True,none,45,63.248,54,True,46,1.97,30,113.68,116.123,ok
3,1024,4096,4096,510,54,54,0.867549,100.628,87.2997,39605.5,510,510,True,none,44,63.248,54,True,2241,1.944,29,100.135,100.897,ok
3,2048,16384,16384,510,54,54,21.988556,114.075,2508.3445,50003.8,510,510,True,none,44,63.248,54,True,90,1.979,30,111.634,114.666,ok
3,4096,8192,8192,510,54,54,11.136603,111.634,1243.2236,49364.8,510,510,True,none,44,63.248,54,True,178,1.982,30,110.5,112.019,ok
3,4096,4096,4096,510,54,54,2.999823,104.943,314.8105,45815.7,510,510,True,none,44,63.248,54,True,649,1.947,29,104.077,105.265,ok
3,2048,4096,4096,510,54,54,1.511485,104.864,158.5003,45464.9,510,510,True,none,44,63.248,54,True,1241,1.876,28,104.675,105.053,ok
3,8192,4096,4096,510,54,54,5.698006,107.377,611.8347,48241.1,510,510,True,none,44,63.248,54,True,347,1.977,30,106.131,107.855,ok
3,2048,8192,8192,510,54,54,5.865699,108.93,638.9506,46861.9,510,510,True,none,44,63.248,54,True,334,1.959,29,107.855,110.384,ok
3,1024,8192,8192,510,54,54,3.052228,104.29,318.3168,45029.1,510,510,True,none,43,63.248,54,True,651,1.987,30,103.968,104.566,ok
3,8192,8192,8192,510,54,54,21.701861,112.224,2435.4697,50664.4,510,510,True,none,44,63.248,54,True,91,1.975,30,111.785,112.972,ok
3,8192,16384,16384,510,54,54,85.587785,115.016,9843.9647,51386.4,510,510,True,none,44,63.248,54,True,23,1.969,30,113.561,115.412,ok
3,1024,16384,16384,510,54,54,11.574131,108.665,1257.7029,47498.7,510,510,True,none,43,63.248,54,True,171,1.979,30,106.989,110.384,ok
3,8192,8192,8192,510,0,108,10.321975,155.555,1605.6349,106521.4,510,510,True,none,46,60.592,108,True,191,1.971,30,155.119,156.144,ok
3,1024,8192,8192,510,0,108,1.435428,150.647,216.2429,95747.7,510,510,True,none,46,60.592,108,True,1334,1.915,29,150.326,150.915,ok
3,1024,16384,16384,510,0,108,5.364452,153.235,822.0217,102481.3,510,510,True,none,47,60.592,108,True,367,1.969,30,152.638,153.824,ok
3,2048,4096,4096,510,0,108,0.842702,135.718,114.3698,81546.6,510,510,True,none,46,60.592,108,True,2226,1.876,28,131.783,139.6,ok
3,1024,4096,4096,510,0,108,0.562955,118.469,66.6927,61034.6,510,510,True,none,45,60.592,108,True,3310,1.863,28,118.201,118.861,ok
3,2048,16384,16384,510,0,108,10.708916,152.102,1628.8475,102672.5,510,510,True,none,47,60.592,108,True,185,1.981,30,150.05,153.503,ok
3,2048,8192,8192,510,0,108,2.724279,150.915,411.1345,100899.3,510,510,True,none,47,60.592,108,True,719,1.959,29,150.326,151.512,ok
3,4096,16384,16384,510,0,108,20.351623,156.734,3189.7912,108051.5,510,510,True,none,47,60.592,108,True,97,1.974,30,156.412,157.009,ok
3,4096,8192,8192,510,0,108,5.431282,151.78,824.36,101220.3,510,510,True,none,47,60.592,108,True,362,1.966,30,151.183,152.638,ok
3,8192,16384,16384,510,0,108,40.667203,157.009,6385.1169,108147.3,510,510,True,none,47,60.592,108,True,48,1.952,29,156.412,157.277,ok
3,8192,4096,4096,510,0,108,2.786133,151.78,422.8793,98659.3,510,510,True,none,47,60.592,108,True,703,1.959,29,151.183,152.102,ok
3,4096,4096,4096,510,0,108,1.402759,150.326,210.8712,97977.6,510,510,True,none,47,60.592,108,True,1362,1.911,29,150.326,150.805,ok
3,4096,4096,4096,510,81,27,5.842569,84.925,496.1802,23523.7,510,510,True,none,42,62.638,27,True,337,1.969,30,84.388,85.247,ok
3,2048,16384,16384,510,81,27,43.861495,92.481,4056.3549,25067.8,510,510,True,none,42,62.638,27,True,45,1.974,30,91.884,93.072,ok
3,2048,8192,8192,510,81,27,11.385805,89.562,1019.7354,24142.2,510,510,True,none,42,62.638,27,True,171,1.947,29,88.796,89.985,ok
3,8192,16384,16384,510,81,27,174.364359,92.578,16142.3036,25223.3,510,510,True,none,42,62.638,27,True,11,1.918,29,91.347,92.803,ok
3,1024,16384,16384,510,81,27,22.469852,88.932,1998.2888,24466.4,510,510,True,none,42,62.638,27,True,88,1.977,30,88.067,89.891,ok
3,4096,16384,16384,510,81,27,87.265479,92.109,8037.936,25199.2,510,510,True,none,41,62.638,27,True,22,1.92,29,91.252,92.707,ok
3,2048,4096,4096,510,81,27,3.145048,82.846,260.5546,21850.1,510,510,True,none,41,62.638,27,True,631,1.985,30,82.516,82.932,ok
3,1024,4096,4096,510,81,27,1.582363,81.98,129.7221,21714.2,510,510,True,none,41,62.638,27,True,1153,1.824,27,81.659,82.334,ok
3,8192,8192,8192,510,81,27,44.17649,90.065,3978.7556,24889.1,510,510,True,none,41,62.638,27,True,44,1.944,29,89.562,90.481,ok
3,1024,8192,8192,510,81,27,6.028833,83.435,503.0156,22796.9,510,510,True,none,41,62.638,27,True,329,1.983,30,82.932,83.791,ok
3,4096,8192,8192,510,81,27,22.231968,89.797,1996.364,24728.2,510,510,True,none,41,62.638,27,True,89,1.979,30,89.293,90.065,ok
3,8192,4096,4096,510,81,27,11.378505,84.836,965.3069,24157.6,510,510,True,none,41,62.638,27,True,173,1.968,30,84.568,84.925,ok
3,1024,4096,4096,510,94,14,2.903943,72.977,211.9211,11832.1,510,510,True,none,40,61.661,14,True,671,1.949,29,72.709,73.053,ok
3,1024,8192,8192,510,94,14,11.479612,73.245,840.8241,11972.4,510,510,True,none,40,61.661,14,True,172,1.974,30,73.245,73.574,ok
3,2048,16384,16384,510,94,14,85.581752,79.071,6767.0347,12847.5,510,510,True,none,40,61.661,14,True,23,1.968,30,78.474,79.154,ok
3,8192,8192,8192,510,94,14,86.127767,77.884,6707.975,12766.1,510,510,True,none,40,61.661,14,True,23,1.981,30,77.698,77.966,ok
3,2048,4096,4096,510,94,14,5.592511,73.053,408.5497,12287.8,510,510,True,none,40,61.661,14,True,351,1.963,30,72.977,73.053,ok
3,4096,16384,16384,510,94,14,170.033482,78.886,13413.2613,12932.9,510,510,True,none,40,61.661,14,True,11,1.87,28,78.803,79.154,ok
3,4096,8192,8192,510,94,14,43.346256,77.884,3375.9798,12682.9,510,510,True,none,40,61.661,14,True,45,1.951,29,77.617,77.966,ok
3,8192,16384,16384,510,94,14,340.032336,78.886,26823.7909,12934.2,510,510,True,none,40,61.661,14,True,5,1.7,24,78.803,79.071,ok
3,2048,8192,8192,510,94,14,21.676352,77.617,1682.4534,12681.0,510,510,True,none,39,61.661,14,True,91,1.973,30,77.422,77.966,ok
3,8192,4096,4096,510,94,14,22.154316,73.574,1629.9817,12407.4,510,510,True,none,39,61.661,14,True,89,1.972,30,73.245,73.651,ok
3,4096,4096,4096,510,94,14,11.114772,73.321,814.9462,12365.4,510,510,True,none,39,61.661,14,True,178,1.978,30,73.245,73.651,ok
3,1024,16384,16384,510,94,14,42.785449,77.884,3332.3019,12849.1,510,510,True,none,39,61.661,14,True,46,1.968,30,77.341,78.288,ok
3,1024,8192,8192,510,27,81,2.002021,125.153,250.5589,68650.1,510,510,True,none,42,61.182,81,True,959,1.92,29,124.563,125.552,ok
3,2048,16384,16384,510,27,81,14.419765,131.783,1900.2799,76250.3,510,510,True,none,43,61.182,81,True,136,1.961,30,131.239,133.559,ok
3,4096,8192,8192,510,27,81,7.307705,130.918,956.7101,75229.6,510,510,True,none,43,61.182,81,True,269,1.966,30,129.463,131.92,ok
3,1024,4096,4096,510,27,81,0.585655,115.881,67.8663,58668.9,510,510,True,none,43,61.182,81,True,3083,1.806,26,115.56,116.149,ok
3,4096,4096,4096,510,27,81,1.960312,125.689,246.3896,70110.8,510,510,True,none,43,61.182,81,True,978,1.917,29,125.153,126.418,ok
3,2048,4096,4096,510,27,81,1.129283,117.014,132.1419,60852.3,510,510,True,none,43,61.182,81,True,1701,1.921,29,116.149,117.336,ok
3,8192,16384,16384,510,27,81,55.621247,136.147,7572.6659,79071.3,510,510,True,none,44,61.182,81,True,35,1.947,29,133.559,137.423,ok
3,1024,16384,16384,510,27,81,7.505335,128.008,960.7429,73248.7,510,510,True,none,44,61.182,81,True,261,1.959,29,127.143,129.463,ok
3,8192,4096,4096,510,27,81,3.743973,128.605,481.4936,73418.8,510,510,True,none,44,61.182,81,True,519,1.943,29,127.74,128.927,ok
3,2048,8192,8192,510,27,81,3.813261,126.875,483.8075,72084.7,510,510,True,none,44,61.182,81,True,514,1.96,30,126.286,127.472,ok
3,8192,8192,8192,510,27,81,14.103507,134.243,1893.2971,77960.2,510,510,True,none,44,61.182,81,True,140,1.974,30,133.237,134.96,ok
3,4096,16384,16384,510,27,81,27.82493,136.744,3804.8923,79030.7,510,510,True,none,44,61.182,81,True,71,1.976,30,134.96,137.601,ok
3,2048,16384,16384,1410,54,54,7.860041,331.075,2602.2632,139886.2,1410,1410,True,none,54,91.025,54,True,250,1.965,30,324.719,336.566,ok
3,1024,4096,4096,1410,54,54,0.310854,277.79,86.352,110533.5,1410,1410,True,none,54,91.025,54,True,5657,1.758,25,276.068,278.12,ok
3,2048,8192,8192,1410,54,54,2.099629,320.962,673.9011,130917.4,1410,1410,True,none,56,91.025,54,True,925,1.942,29,318.107,323.604,ok
3,1024,16384,16384,1410,54,54,4.140141,320.966,1328.8445,132786.7,1410,1410,True,none,57,91.025,54,True,474,1.962,30,313.743,327.646,ok
3,8192,4096,4096,1410,54,54,2.04585,321.56,657.8636,134358.8,1410,1410,True,none,58,91.025,54,True,951,1.946,29,320.105,323.014,ok
3,4096,8192,8192,1410,54,54,3.98587,336.833,1342.5727,137926.2,1410,1410,True,none,59,91.025,54,True,498,1.985,30,334.008,337.515,ok
3,8192,16384,16384,1410,54,54,30.629598,351.686,10772.0007,143588.1,1410,1410,True,none,61,91.025,54,True,64,1.96,30,350.553,354.006,ok
3,4096,16384,16384,1410,54,54,15.496579,347.28,5381.6521,141903.8,1410,1410,True,none,61,91.025,54,True,121,1.875,28,343.785,349.865,ok
3,2048,4096,4096,1410,54,54,0.542256,313.683,170.0964,126728.9,1410,1410,True,none,60,91.025,54,True,3559,1.93,29,311.373,314.279,ok
3,1024,8192,8192,1410,54,54,1.103284,311.373,343.5328,124572.6,1410,1410,True,none,60,91.025,54,True,1741,1.921,29,308.191,312.551,ok
3,4096,4096,4096,1410,54,54,1.079193,315.269,340.236,127353.5,1410,1410,True,none,61,91.025,54,True,1766,1.906,28,314.012,316.0,ok
3,8192,8192,8192,1410,54,54,7.863516,344.374,2707.9906,139824.4,1410,1410,True,none,62,91.025,54,True,250,1.966,30,342.057,346.095,ok
3,4096,4096,4096,1410,81,27,2.125084,206.536,438.9065,64674.6,1410,1410,True,none,53,97.984,27,True,918,1.951,29,205.41,209.124,ok
3,8192,16384,16384,1410,81,27,62.584195,233.217,14595.6981,70274.1,1410,1410,True,none,54,97.984,27,True,31,1.94,29,230.308,234.35,ok
3,4096,8192,8192,1410,81,27,8.050709,224.65,1808.5917,68286.6,1410,1410,True,none,54,97.984,27,True,246,1.98,30,222.759,227.988,ok
3,2048,8192,8192,1410,81,27,4.137262,220.999,914.3308,66439.6,1410,1410,True,none,54,97.984,27,True,474,1.961,29,218.355,226.77,ok
3,8192,8192,8192,1410,81,27,15.944668,224.456,3578.8763,68958.0,1410,1410,True,none,54,97.984,27,True,124,1.977,30,222.491,227.72,ok
3,1024,16384,16384,1410,81,27,8.162288,218.945,1787.0922,67353.1,1410,1410,True,none,54,97.984,27,True,239,1.951,29,216.033,221.865,ok
3,2048,16384,16384,1410,81,27,15.944482,227.72,3630.8775,68958.8,1410,1410,True,none,54,97.984,27,True,124,1.977,30,226.265,231.173,ok
3,1024,4096,4096,1410,81,27,0.56448,195.424,110.3129,60869.7,1410,1410,True,none,53,97.984,27,True,3072,1.734,25,194.888,196.344,ok
3,1024,8192,8192,1410,81,27,2.168674,201.525,437.0421,63374.6,1410,1410,True,none,53,97.984,27,True,906,1.965,30,200.061,203.571,ok
3,2048,4096,4096,1410,81,27,1.117731,198.337,221.6875,61481.2,1410,1410,True,none,53,97.984,27,True,1721,1.924,29,197.747,201.525,ok
3,8192,4096,4096,1410,81,27,4.135061,209.721,867.2092,66474.9,1410,1410,True,none,53,97.984,27,True,475,1.964,30,207.401,214.308,ok
3,4096,16384,16384,1410,81,27,31.464928,230.308,7246.6246,69888.1,1410,1410,True,none,53,97.984,27,True,63,1.982,30,228.226,233.217,ok
3,4096,4096,4096,1410,94,14,3.988616,151.341,603.6411,34457.8,1410,1410,True,none,49,96.252,14,True,498,1.986,30,151.341,151.671,ok
3,2048,4096,4096,1410,94,14,2.025618,149.348,302.522,33925.2,1410,1410,True,none,49,96.252,14,True,705,1.428,19,149.026,149.617,ok
3,8192,4096,4096,1410,94,14,7.921218,151.939,1203.542,34701.5,1410,1410,True,none,49,96.252,14,True,248,1.964,30,151.341,153.395,ok
3,8192,8192,8192,1410,94,14,30.838107,164.4,5069.7848,35654.3,1410,1410,True,none,49,96.252,14,True,64,1.974,30,163.864,166.454,ok
3,4096,8192,8192,1410,94,14,15.505752,164.132,2544.99,35455.0,1410,1410,True,none,49,96.252,14,True,127,1.969,30,163.534,164.4,ok
3,1024,8192,8192,1410,94,14,4.141004,149.026,617.1173,33189.8,1410,1410,True,none,49,96.252,14,True,470,1.946,29,148.16,149.617,ok
3,8192,16384,16384,1410,94,14,121.608836,167.045,20314.1479,36165.5,1410,1410,True,none,49,96.252,14,True,16,1.946,29,165.857,168.769,ok
3,2048,8192,8192,1410,94,14,7.762991,163.864,1272.0747,35408.8,1410,1410,True,none,49,96.252,14,True,256,1.987,30,163.266,165.266,ok
3,1024,4096,4096,1410,94,14,1.048396,147.624,154.7684,32773.6,1410,1410,True,none,48,96.252,14,True,1860,1.95,29,147.026,147.892,ok
3,4096,16384,16384,1410,94,14,60.804714,166.723,10137.5444,36165.3,1410,1410,True,none,49,96.252,14,True,32,1.946,29,166.179,168.769,ok
3,1024,16384,16384,1410,94,14,15.308175,164.722,2521.5933,35912.6,1410,1410,True,none,49,96.252,14,True,129,1.975,30,163.864,166.454,ok
3,2048,16384,16384,1410,94,14,30.587768,166.589,5095.5857,35946.1,1410,1410,True,none,49,96.252,14,True,65,1.988,30,165.857,168.769,ok
3,1024,8192,8192,1410,0,108,0.575457,400.266,230.336,238834.3,1290,1275,False,SwPowerCap,62,86.292,108,True,3509,2.019,31,378.046,402.851,ok
3,2048,16384,16384,1410,0,108,4.322069,397.948,1719.9589,254394.7,1260,1260,False,SwPowerCap,64,86.292,108,True,460,1.988,30,393.725,409.037,ok
3,8192,16384,16384,1410,0,108,16.680751,397.627,6632.7171,263660.0,1245,1245,False,SwPowerCap,65,86.292,108,True,118,1.968,30,397.031,398.365,ok
3,4096,8192,8192,1410,0,108,2.197033,397.627,873.5996,250226.5,1260,1260,False,SwPowerCap,66,86.292,108,True,885,1.944,29,389.222,406.614,ok
3,1024,4096,4096,1410,0,108,0.206171,390.611,80.5327,166656.4,1410,1410,True,none,66,86.292,108,True,7180,1.48,20,385.587,396.763,ok
3,4096,16384,16384,1410,0,108,8.377737,399.348,3345.6327,262484.1,1245,1230,False,SwPowerCap,66,86.292,108,True,237,1.986,30,381.742,400.266,ok
3,2048,8192,8192,1410,0,108,1.100774,399.669,439.9453,249713.2,1275,1260,False,SwPowerCap,67,86.292,108,True,1724,1.898,28,389.222,406.717,ok
3,8192,8192,8192,1410,0,108,4.240452,398.947,1691.7156,259291.1,1245,1245,False,SwPowerCap,67,86.292,108,True,468,1.985,30,398.216,399.348,ok
3,8192,4096,4096,1410,0,108,1.128498,400.266,451.6994,243578.6,1260,1260,False,SwPowerCap,67,86.292,108,True,1689,1.906,28,389.551,406.889,ok
3,4096,4096,4096,1410,0,108,0.565801,400.4,226.5468,242910.3,1275,1260,False,SwPowerCap,68,86.292,108,True,3285,1.859,28,392.725,403.44,ok
3,1024,16384,16384,1410,0,108,2.185878,403.707,882.4541,251503.5,1260,1245,False,SwPowerCap,68,86.292,108,True,900,1.967,30,388.687,405.757,ok
3,2048,4096,4096,1410,0,108,0.32451,398.35,129.2686,211763.8,1335,1335,False,SwPowerCap,68,86.292,108,True,5191,1.685,24,397.948,398.813,ok
3,1024,4096,4096,1410,27,81,0.212231,374.201,79.417,161897.9,1410,1410,True,none,64,99.762,81,True,8126,1.725,25,372.159,381.146,ok
3,1024,16384,16384,1410,27,81,2.799371,396.763,1110.6869,196385.5,1380,1350,False,SwPowerCap,66,99.762,81,True,719,2.013,31,373.406,409.199,ok
3,8192,8192,8192,1410,27,81,5.361631,399.348,2141.1566,205070.4,1335,1335,False,SwPowerCap,66,99.762,81,True,373,2.0,30,383.731,410.063,ok
3,8192,4096,4096,1410,27,81,1.399667,399.937,559.7787,196388.0,1365,1365,False,SwPowerCap,67,99.762,81,True,1365,1.911,29,399.08,400.533,ok
3,2048,8192,8192,1410,27,81,1.422296,399.433,568.1118,193263.5,1380,1365,False,SwPowerCap,67,99.762,81,True,1338,1.903,28,388.954,405.757,ok
3,4096,16384,16384,1410,27,81,10.621599,397.352,4220.5135,207033.2,1335,1335,False,SwPowerCap,66,99.762,81,True,185,1.965,30,391.004,410.927,ok
3,2048,4096,4096,1410,27,81,0.411891,397.031,163.5336,166838.8,1410,1410,True,none,67,99.762,81,True,4266,1.757,25,376.988,408.494,ok
3,2048,16384,16384,1410,27,81,5.436493,398.813,2168.1442,202246.5,1350,1335,False,SwPowerCap,67,99.762,81,True,372,2.022,31,383.142,401.39,ok
3,4096,8192,8192,1410,27,81,2.747683,395.31,1086.1865,200079.8,1350,1350,False,SwPowerCap,67,99.762,81,True,714,1.962,30,392.725,414.69,ok
3,8192,16384,16384,1410,27,81,21.23521,397.352,8437.853,207111.0,1335,1335,False,SwPowerCap,67,99.762,81,True,93,1.975,30,392.992,409.199,ok
3,4096,4096,4096,1410,27,81,0.731069,402.575,294.31,187997.3,1380,1365,False,SwPowerCap,67,99.762,81,True,2403,1.757,25,385.78,403.707,ok
3,1024,8192,8192,1410,27,81,0.752951,396.495,298.5411,182533.8,1380,1380,False,SwPowerCap,67,99.762,81,True,2457,1.85,27,394.178,399.937,ok
3,8192,16384,16384,300,94,14,576.996648,74.778,43146.6553,7622.3,300,300,True,none,46,65.757,14,True,3,1.731,25,74.164,75.107,ok
3,4096,4096,4096,300,94,14,18.874866,71.007,1340.2476,7281.6,300,300,True,none,45,65.757,14,True,105,1.982,30,70.731,71.329,ok
3,1024,8192,8192,300,94,14,19.923481,70.141,1397.4529,6898.3,300,300,True,none,45,65.757,14,True,97,1.933,29,70.141,70.463,ok
3,4096,16384,16384,300,94,14,288.920919,73.651,21279.3146,7611.2,300,300,True,none,44,65.757,14,True,6,1.734,25,73.651,73.919,ok
3,1024,16384,16384,300,94,14,72.712873,73.053,5311.8935,7560.6,300,300,True,none,43,65.757,14,True,27,1.963,30,72.463,73.13,ok
3,8192,4096,4096,300,94,14,37.505629,69.873,2620.6308,7329.0,300,300,True,none,43,65.757,14,True,53,1.988,30,69.604,69.946,ok
3,2048,4096,4096,300,94,14,9.438619,69.079,652.0104,7280.7,300,300,True,none,42,65.757,14,True,209,1.973,30,69.007,69.347,ok
3,1024,4096,4096,300,94,14,4.907683,69.007,338.6645,7001.2,300,300,True,none,42,65.757,14,True,399,1.958,29,68.685,69.347,ok
3,8192,8192,8192,300,94,14,145.718149,72.662,10588.1722,7545.5,300,300,True,none,42,65.757,14,True,13,1.894,28,72.195,72.861,ok
3,4096,8192,8192,300,94,14,73.386284,72.463,5317.7903,7491.3,300,300,True,none,42,65.757,14,True,27,1.981,30,72.195,72.539,ok
3,2048,8192,8192,300,94,14,36.83601,72.27,2662.1384,7462.2,300,300,True,none,41,65.757,14,True,54,1.989,30,71.919,72.463,ok
3,2048,16384,16384,300,94,14,144.798008,72.785,10539.123,7593.4,300,300,True,none,41,65.757,14,True,13,1.882,28,72.195,73.13,ok
3,8192,4096,4096,300,81,27,19.30758,75.966,1466.7196,14236.8,300,300,True,none,41,61.522,27,True,102,1.969,30,75.644,76.045,ok
3,2048,8192,8192,300,81,27,19.326426,78.556,1518.2067,14222.9,300,300,True,none,41,61.522,27,True,102,1.971,30,77.966,78.968,ok
3,4096,8192,8192,300,81,27,37.736617,78.886,2976.8907,14568.2,300,300,True,none,41,61.522,27,True,52,1.962,30,78.556,79.236,ok
3,8192,16384,16384,300,81,27,295.464018,80.61,23817.3545,14885.2,300,300,True,none,41,61.522,27,True,6,1.773,26,80.096,80.878,ok
3,2048,16384,16384,300,81,27,74.505269,80.096,5967.574,14757.5,300,300,True,none,41,61.522,27,True,26,1.937,29,79.154,80.694,ok
3,1024,8192,8192,300,81,27,10.204193,74.587,761.1001,13468.9,300,300,True,none,40,61.522,27,True,195,1.99,30,74.509,74.856,ok
3,8192,8192,8192,300,81,27,74.850839,78.968,5910.821,14689.4,300,300,True,none,40,61.522,27,True,26,1.946,29,78.556,79.154,ok
3,4096,16384,16384,300,81,27,147.765264,80.288,11863.7775,14881.9,300,300,True,none,40,61.522,27,True,13,1.921,29,79.154,80.61,ok
3,4096,4096,4096,300,81,27,9.923182,75.107,745.3004,13850.3,300,300,True,none,40,61.522,27,True,200,1.985,30,74.778,75.375,ok
3,2048,4096,4096,300,81,27,5.243201,74.241,389.2605,13106.4,300,300,True,none,40,61.522,27,True,378,1.982,30,73.919,74.509,ok
3,1024,4096,4096,300,81,27,2.669398,73.651,196.6039,12871.7,300,300,True,none,40,61.522,27,True,719,1.919,29,73.321,73.728,ok
3,1024,16384,16384,300,81,27,38.172983,78.047,2979.2868,14401.7,300,300,True,none,40,61.522,27,True,52,1.985,30,76.563,78.638,ok
3,8192,8192,8192,300,27,81,23.951145,104.943,2513.505,45906.4,300,300,True,none,41,60.923,81,True,82,1.964,30,104.508,105.809,ok
3,1024,4096,4096,300,27,81,0.98615,94.711,93.3992,34842.3,300,300,True,none,41,60.923,81,True,1926,1.899,28,94.206,94.895,ok
3,8192,4096,4096,300,27,81,6.31752,102.084,644.9177,43510.4,300,300,True,none,42,60.923,81,True,312,1.971,30,101.487,102.46,ok
3,1024,16384,16384,300,27,81,12.748402,101.379,1292.4202,43123.5,300,300,True,none,42,60.923,81,True,155,1.976,30,100.031,102.728,ok
3,8192,16384,16384,300,27,81,94.50444,106.399,10055.1779,46538.0,300,300,True,none,42,60.923,81,True,21,1.985,30,104.399,107.7,ok
3,4096,16384,16384,300,27,81,47.277532,106.721,5045.5055,46513.1,300,300,True,none,42,60.923,81,True,42,1.986,30,105.265,107.7,ok
3,1024,8192,8192,300,27,81,3.385664,100.299,339.5787,40594.4,300,300,True,none,42,60.923,81,True,578,1.957,29,99.762,100.897,ok
3,2048,8192,8192,300,27,81,6.467693,100.897,652.5708,42500.1,300,300,True,none,42,60.923,81,True,304,1.966,30,100.299,101.487,ok
3,4096,8192,8192,300,27,81,12.336891,103.326,1274.7215,44561.9,300,300,True,none,42,60.923,81,True,160,1.974,30,102.353,104.077,ok
3,2048,16384,16384,300,27,81,24.362526,104.399,2543.4234,45131.3,300,300,True,none,42,60.923,81,True,81,1.973,30,103.809,106.131,ok
3,2048,4096,4096,300,27,81,1.900695,95.225,180.9937,36154.9,300,300,True,none,42,60.923,81,True,1023,1.944,29,94.796,95.662,ok
3,4096,4096,4096,300,27,81,3.320734,100.299,333.0663,41388.1,300,300,True,none,42,60.923,81,True,590,1.959,29,99.172,101.487,ok
3,4096,8192,8192,300,0,108,9.224476,114.814,1059.099,59597.5,300,300,True,none,43,60.064,108,True,214,1.974,30,113.956,115.68,ok
3,1024,8192,8192,300,0,108,2.424222,115.136,279.1153,56694.0,300,300,True,none,43,60.064,108,True,803,1.947,29,114.546,115.412,ok
3,1024,16384,16384,300,0,108,9.113557,116.271,1059.6424,60322.9,300,300,True,none,43,60.064,108,True,217,1.978,30,115.136,117.137,ok
3,8192,8192,8192,300,0,108,17.532295,117.727,2064.0244,62713.5,300,300,True,none,43,60.064,108,True,113,1.981,30,117.458,118.003,ok
3,2048,8192,8192,300,0,108,4.624763,114.814,530.9876,59436.1,300,300,True,none,43,60.064,108,True,425,1.966,30,114.224,115.136,ok
3,2048,4096,4096,300,0,108,1.42713,106.131,151.4628,48152.2,300,300,True,none,43,60.064,108,True,1358,1.938,29,105.809,106.242,ok
3,8192,4096,4096,300,0,108,4.727947,115.256,544.9243,58139.0,300,300,True,none,43,60.064,108,True,417,1.972,30,114.546,115.533,ok
3,4096,16384,16384,300,0,108,34.583859,118.126,4085.2529,63585.2,300,300,True,none,44,60.064,108,True,57,1.971,30,117.727,118.324,ok
3,8192,16384,16384,300,0,108,69.110306,118.324,8177.4078,63638.1,300,300,True,none,44,60.064,108,True,28,1.935,29,117.727,118.593,ok
3,2048,16384,16384,300,0,108,18.196407,115.881,2108.6179,60424.7,300,300,True,none,43,60.064,108,True,109,1.983,30,113.837,116.868,ok
3,4096,4096,4096,300,0,108,2.378664,114.427,272.1834,57779.9,300,300,True,none,43,60.064,108,True,817,1.943,29,114.105,114.814,ok
3,1024,4096,4096,300,0,108,0.952352,95.21,90.6734,36078.8,300,300,True,none,42,60.064,108,True,1990,1.895,28,95.026,96.528,ok
3,2048,4096,4096,300,54,54,2.549878,87.247,222.4692,26950.1,300,300,True,none,41,61.182,54,True,753,1.92,29,86.979,87.569,ok
3,1024,8192,8192,300,54,54,5.143305,86.979,447.3595,26721.9,300,300,True,none,41,61.182,54,True,380,1.954,29,86.703,87.569,ok
3,1024,4096,4096,300,54,54,1.441925,84.146,121.3323,23829.1,300,300,True,none,41,61.182,54,True,1353,1.951,29,83.791,84.476,ok
3,8192,8192,8192,300,54,54,36.807915,91.884,3382.0585,29871.6,300,300,True,none,41,61.182,54,True,54,1.988,30,91.347,92.481,ok
3,4096,4096,4096,300,54,54,5.072287,86.979,441.1824,27096.1,300,300,True,none,41,61.182,54,True,386,1.958,29,86.381,87.569,ok
3,8192,4096,4096,300,54,54,9.629022,88.527,852.4284,28546.8,300,300,True,none,41,61.182,54,True,204,1.964,30,88.159,89.025,ok
3,2048,16384,16384,300,54,54,37.179335,92.481,3438.3821,29573.2,300,300,True,none,41,61.182,54,True,53,1.971,30,90.481,93.437,ok
3,4096,16384,16384,300,54,54,72.701472,93.072,6766.4714,30247.3,300,300,True,none,41,61.182,54,True,27,1.963,30,91.884,94.036,ok
3,1024,16384,16384,300,54,54,19.571581,89.655,1754.6901,28089.5,300,300,True,none,41,61.182,54,True,101,1.977,30,87.837,90.844,ok
3,4096,8192,8192,300,54,54,18.823093,91.025,1713.372,29206.5,300,300,True,none,41,61.182,54,True,105,1.976,30,89.562,91.615,ok
3,8192,16384,16384,300,54,54,144.775824,93.255,13501.0695,30378.3,300,300,True,none,41,61.182,54,True,13,1.882,28,91.98,94.036,ok
3,2048,8192,8192,300,54,54,9.910167,89.386,885.8302,27737.0,300,300,True,none,41,61.182,54,True,198,1.962,30,89.025,90.844,ok
3,2048,8192,8192,900,27,81,2.162875,182.419,394.5494,127089.2,900,900,True,none,46,65.296,81,True,901,1.949,29,180.962,182.694,ok
3,1024,8192,8192,900,27,81,1.143999,179.774,205.6613,120139.0,900,900,True,none,46,65.296,81,True,1657,1.896,28,179.506,180.372,ok
3,1024,4096,4096,900,27,81,0.331893,163.266,54.1869,103526.5,900,900,True,none,46,65.296,81,True,5001,1.66,24,162.944,163.534,ok
3,4096,4096,4096,900,27,81,1.11508,180.372,201.1292,123254.8,900,900,True,none,47,65.296,81,True,1727,1.926,29,178.461,181.231,ok
3,1024,16384,16384,900,27,81,4.256344,183.821,782.4055,129161.5,900,900,True,none,47,65.296,81,True,459,1.954,29,182.419,185.277,ok
3,8192,8192,8192,900,27,81,7.996472,194.558,1555.7777,137499.6,900,900,True,none,48,65.296,81,True,247,1.975,30,193.432,195.424,ok
3,8192,16384,16384,900,27,81,31.529664,197.747,6234.8964,139489.2,900,900,True,none,49,65.296,81,True,63,1.986,30,195.542,198.659,ok
3,2048,16384,16384,900,27,81,8.157051,192.566,1570.7707,134792.8,900,900,True,none,49,65.296,81,True,241,1.966,30,191.5,194.022,ok
3,8192,4096,4096,900,27,81,2.120762,185.009,392.3601,129612.8,900,900,True,none,49,65.296,81,True,910,1.93,29,183.821,185.875,ok
3,2048,4096,4096,900,27,81,0.642154,163.998,105.312,107014.0,900,900,True,none,48,65.296,81,True,2904,1.865,28,162.944,164.722,ok
3,4096,8192,8192,900,27,81,4.135249,189.922,785.3748,132943.8,900,900,True,none,49,65.296,81,True,474,1.96,30,186.143,191.7,ok
3,4096,16384,16384,900,27,81,15.772483,198.555,3131.7054,139421.5,900,900,True,none,50,65.296,81,True,125,1.972,30,196.612,199.793,ok
3,8192,16384,16384,900,81,27,98.21342,118.003,11589.4782,44780.5,900,900,True,none,44,66.684,27,True,20,1.964,30,116.868,118.861,ok
3,1024,8192,8192,900,81,27,3.40935,103.701,353.553,40312.4,900,900,True,none,44,66.684,27,True,581,1.981,30,103.379,104.077,ok
3,2048,8192,8192,900,81,27,6.46707,113.09,731.361,42504.2,900,900,True,none,44,66.684,27,True,304,1.966,30,112.224,113.68,ok
3,4096,4096,4096,900,81,27,3.320791,104.943,348.4937,41387.4,900,900,True,none,43,66.684,27,True,570,1.893,28,103.487,105.533,ok
3,8192,8192,8192,900,81,27,24.882451,114.814,2856.8538,44188.2,900,900,True,none,43,66.684,27,True,79,1.966,30,114.343,115.136,ok
3,1024,4096,4096,900,81,27,0.889267,101.487,90.2491,38638.3,900,900,True,none,43,66.684,27,True,2373,2.11,33,100.897,101.763,ok
3,2048,16384,16384,900,81,27,24.868578,117.137,2913.0307,44212.9,900,900,True,none,43,66.684,27,True,80,1.989,30,115.68,118.003,ok
3,4096,16384,16384,900,81,27,49.112123,118.003,5795.3779,44775.6,900,900,True,none,43,66.684,27,True,40,1.964,30,117.137,118.324,ok
3,4096,8192,8192,900,81,27,12.594252,113.68,1431.7146,43651.3,900,900,True,none,43,66.684,27,True,156,1.965,30,113.09,114.224,ok
3,8192,4096,4096,900,81,27,6.466838,105.809,684.2497,42505.8,900,900,True,none,43,66.684,27,True,306,1.979,30,105.533,105.92,ok
3,2048,4096,4096,900,81,27,1.739808,102.353,178.0746,39498.3,900,900,True,none,43,66.684,27,True,1117,1.943,29,101.763,103.05,ok
3,1024,16384,16384,900,81,27,12.734401,112.019,1426.4949,43170.9,900,900,True,none,43,66.684,27,True,155,1.974,30,111.036,112.822,ok
3,8192,4096,4096,900,94,14,12.433627,87.569,1088.8003,22107.6,900,900,True,none,41,65.895,14,True,159,1.977,30,87.247,87.66,ok
3,2048,4096,4096,900,94,14,3.153085,86.203,271.8054,21794.4,900,900,True,none,41,65.895,14,True,601,1.895,28,85.934,86.471,ok
3,1024,16384,16384,900,94,14,24.269037,94.626,2296.4819,22652.6,900,900,True,none,41,65.895,14,True,81,1.966,30,94.206,94.796,ok
3,4096,8192,8192,900,94,14,24.271319,94.206,2286.5039,22650.4,900,900,True,none,41,65.895,14,True,81,1.966,30,94.206,94.626,ok
3,8192,16384,16384,900,94,14,191.461409,95.984,18377.2319,22970.9,900,900,True,none,41,65.895,14,True,10,1.915,29,95.762,96.353,ok
3,2048,8192,8192,900,94,14,12.279459,93.938,1153.5078,22385.2,900,900,True,none,41,65.895,14,True,160,1.965,30,93.437,94.304,ok
3,8192,8192,8192,900,94,14,48.510475,94.304,4574.7318,22665.4,900,900,True,none,41,65.895,14,True,41,1.989,30,94.036,94.626,ok
3,4096,4096,4096,900,94,14,6.292005,87.07,547.8448,21843.4,900,900,True,none,41,65.895,14,True,314,1.976,30,86.979,87.338,ok
3,4096,16384,16384,900,94,14,95.786819,95.984,9194.0021,22957.5,900,900,True,none,41,65.895,14,True,20,1.916,29,95.762,96.084,ok
3,1024,8192,8192,900,94,14,6.602614,86.113,568.5709,20815.8,900,900,True,none,41,65.895,14,True,297,1.961,30,85.844,86.203,ok
3,1024,4096,4096,900,94,14,1.639074,85.604,140.3113,20962.9,900,900,True,none,41,65.895,14,True,1232,2.019,31,84.925,86.203,ok
3,2048,16384,16384,900,94,14,47.919256,95.662,4584.0519,22945.1,900,900,True,none,41,65.895,14,True,41,1.965,30,95.394,95.984,ok
3,1024,8192,8192,900,54,54,1.728568,140.511,242.8829,79510.3,900,900,True,none,43,65.504,54,True,1143,1.976,30,139.6,141.523,ok
3,8192,8192,8192,900,54,54,12.289184,154.689,1901.0015,89469.9,900,900,True,none,45,65.504,54,True,161,1.979,30,153.503,155.279,ok
3,4096,8192,8192,900,54,54,6.278324,151.512,951.2414,87564.1,900,900,True,none,45,65.504,54,True,313,1.965,30,151.183,152.967,ok
3,2048,16384,16384,900,54,54,12.391778,155.983,1932.9068,88729.1,900,900,True,none,45,65.504,54,True,159,1.97,30,154.092,157.009,ok
3,4096,16384,16384,900,54,54,24.25162,158.135,3835.0299,90675.3,900,900,True,none,46,65.504,54,True,82,1.989,30,156.734,159.053,ok
3,2048,4096,4096,900,54,54,0.853636,142.241,121.4221,80502.1,900,900,True,none,45,65.504,54,True,2373,2.026,31,140.189,143.098,ok
3,8192,16384,16384,900,54,54,48.24451,159.053,7673.4341,91161.6,900,900,True,none,46,65.504,54,True,41,1.978,30,157.277,159.919,ok
3,1024,4096,4096,900,54,54,0.498217,131.239,65.3855,68965.5,900,900,True,none,45,65.504,54,True,3852,1.919,29,130.65,132.104,ok
3,2048,8192,8192,900,54,54,3.307853,150.326,497.2563,83098.6,900,900,True,none,46,65.504,54,True,590,1.952,29,144.829,151.512,ok
3,1024,16384,16384,900,54,54,6.524304,148.871,971.2797,84262.7,900,900,True,none,46,65.504,54,True,302,1.97,30,147.47,150.05,ok
3,8192,4096,4096,900,54,54,3.218836,146.873,472.7601,85396.7,900,900,True,none,46,65.504,54,True,606,1.951,29,146.283,147.47,ok
3,4096,4096,4096,900,54,54,1.697337,142.389,241.6821,80973.3,900,900,True,none,46,65.504,54,True,1172,1.989,30,140.511,143.524,ok
3,2048,4096,4096,900,0,108,0.478985,196.344,94.0458,143469.0,900,900,True,none,49,63.57,108,True,3708,1.776,26,195.424,196.612,ok
3,8192,4096,4096,900,0,108,1.581455,225.046,355.9001,173813.3,900,900,True,none,51,63.57,108,True,1226,1.939,29,223.624,225.944,ok
3,8192,8192,8192,900,0,108,5.854469,230.905,1351.8262,187807.2,900,900,True,none,52,63.57,108,True,337,1.973,30,230.04,234.917,ok
3,4096,16384,16384,900,0,108,11.539395,231.883,2675.7896,190566.6,900,900,True,none,53,63.57,108,True,171,1.973,30,231.441,232.273,ok
3,1024,8192,8192,900,0,108,0.820503,219.582,180.1677,167505.7,900,900,True,none,52,63.57,108,True,2320,1.904,28,213.495,225.636,ok
3,1024,16384,16384,900,0,108,3.042118,226.265,688.3249,180714.8,900,900,True,none,53,63.57,108,True,643,1.956,29,225.4,227.038,ok
3,2048,8192,8192,900,0,108,1.546313,221.902,343.13,177763.4,900,900,True,none,53,63.57,108,True,1239,1.916,29,221.304,222.491,ok
3,8192,16384,16384,900,0,108,23.053223,232.896,5369.0034,190777.9,900,900,True,none,54,63.57,108,True,86,1.983,30,232.602,233.485,ok
3,4096,8192,8192,900,0,108,3.081221,223.946,690.0271,178421.4,900,900,True,none,53,63.57,108,True,638,1.966,30,223.088,224.489,ok
3,2048,16384,16384,900,0,108,6.072279,224.489,1363.16,181070.7,900,900,True,none,54,63.57,108,True,324,1.967,30,223.123,226.265,ok
3,1024,4096,4096,900,0,108,0.320909,163.961,52.6165,107070.1,900,900,True,none,50,63.57,108,True,5500,1.765,26,163.961,164.55,ok
3,4096,4096,4096,900,0,108,0.796713,220.447,175.633,172507.4,900,900,True,none,53,63.57,108,True,2372,1.89,28,219.085,222.259,ok
3,8192,4096,4096,1200,27,81,1.591034,274.058,436.0356,172766.8,1200,1200,True,none,54,75.886,81,True,1188,1.89,28,271.152,276.376,ok
3,8192,16384,16384,1200,27,81,23.631516,295.159,6975.0546,186109.4,1200,1200,True,none,56,75.886,81,True,84,1.985,30,292.582,296.941,ok
3,4096,4096,4096,1200,27,81,0.838968,269.116,225.7796,163819.1,1200,1200,True,none,56,75.886,81,True,2264,1.899,28,261.031,271.473,ok
3,1024,4096,4096,1200,27,81,0.249079,237.527,59.163,137947.2,1200,1200,True,none,55,75.886,81,True,6313,1.572,22,236.991,237.876,ok
3,8192,8192,8192,1200,27,81,5.998756,292.023,1751.7748,183289.9,1200,1200,True,none,57,75.886,81,True,328,1.968,30,290.836,293.156,ok
3,2048,4096,4096,1200,27,81,0.482347,241.302,116.3912,142469.0,1200,1200,True,none,55,75.886,81,True,3846,1.855,27,240.444,241.899,ok
3,1024,16384,16384,1200,27,81,3.193632,275.478,879.7752,172141.3,1200,1200,True,none,57,75.886,81,True,616,1.967,30,273.48,277.254,ok
3,2048,16384,16384,1200,27,81,6.111799,289.114,1767.0065,179899.8,1200,1200,True,none,58,75.886,81,True,316,1.931,29,287.383,291.426,ok
3,1024,8192,8192,1200,27,81,0.863836,265.369,229.2353,159103.1,1200,1200,True,none,57,75.886,81,True,796,0.688,4,262.164,267.983,ok
3,4096,8192,8192,1200,27,81,3.099949,284.206,881.024,177343.5,1200,1200,True,none,58,75.886,81,True,631,1.956,29,283.341,285.661,ok
3,4096,16384,16384,1200,27,81,11.834303,297.788,3524.1133,185817.7,1200,1200,True,none,59,75.886,81,True,167,1.976,30,296.93,299.242,ok
3,2048,8192,8192,1200,27,81,1.623672,274.077,445.011,169294.0,1200,1200,True,none,58,75.886,81,True,1196,1.942,29,266.796,277.522,ok
3,1024,8192,8192,1200,0,108,0.618522,338.615,209.4409,222205.4,1200,1200,True,none,59,73.728,108,True,1217,0.753,5,337.751,339.827,ok
3,4096,16384,16384,1200,0,108,8.660424,366.186,3171.3262,253916.3,1200,1200,True,none,63,73.728,108,True,228,1.975,30,365.321,366.936,ok
3,8192,16384,16384,1200,0,108,17.297792,367.881,6363.529,254254.8,1200,1200,True,none,64,73.728,108,True,114,1.972,30,367.257,368.774,ok
3,4096,4096,4096,1200,0,108,0.598781,345.579,206.9263,229531.1,1200,1200,True,none,64,73.728,108,True,3117,1.866,28,344.971,345.599,ok
3,4096,8192,8192,1200,0,108,2.312941,352.873,816.1745,237686.9,1200,1200,True,none,64,73.728,108,True,840,1.943,29,351.64,353.738,ok
3,2048,8192,8192,1200,0,108,1.161037,349.865,406.2063,236752.0,1200,1200,True,none,64,73.728,108,True,1657,1.924,29,349.098,350.553,ok
3,1024,16384,16384,1200,0,108,2.28354,357.139,815.5414,240747.1,1200,1200,True,none,64,73.728,108,True,858,1.959,29,355.678,357.512,ok
3,2048,4096,4096,1200,0,108,0.360256,301.562,108.6396,190751.6,1200,1200,True,none,62,73.728,108,True,5038,1.815,27,300.697,302.152,ok
3,8192,8192,8192,1200,0,108,4.395644,367.641,1616.0191,250136.6,1200,1200,True,none,65,73.728,108,True,447,1.965,30,366.936,368.238,ok
3,2048,16384,16384,1200,0,108,4.556264,354.595,1615.6284,241318.7,1200,1200,True,none,65,73.728,108,True,433,1.973,30,352.772,357.406,ok
3,1024,4096,4096,1200,0,108,0.241037,247.057,59.5498,142549.9,1200,1200,True,none,59,73.728,108,True,6958,1.677,24,246.263,247.664,ok
3,8192,4096,4096,1200,0,108,1.188193,350.73,416.7349,231341.2,1200,1200,True,none,64,73.728,108,True,1611,1.914,29,348.734,351.418,ok
3,4096,8192,8192,1200,94,14,18.220911,121.81,2219.4891,30171.7,1200,1200,True,none,49,79.288,14,True,108,1.968,30,121.378,122.371,ok
3,2048,4096,4096,1200,94,14,2.386389,110.384,263.4191,28796.4,1200,1200,True,none,48,79.288,14,True,822,1.962,30,109.795,110.652,ok
3,8192,8192,8192,1200,94,14,36.31969,121.057,4396.7527,30273.2,1200,1200,True,none,48,79.288,14,True,54,1.961,30,120.789,121.183,ok
3,1024,8192,8192,1200,94,14,4.964139,109.198,542.074,27686.4,1200,1200,True,none,47,79.288,14,True,392,1.946,29,108.93,109.465,ok
3,2048,8192,8192,1200,94,14,9.160146,120.192,1100.9763,30008.0,1200,1200,True,none,47,79.288,14,True,217,1.988,30,119.781,120.647,ok
3,8192,4096,4096,1200,94,14,9.325814,110.768,1033.0017,29475.0,1200,1200,True,none,46,79.288,14,True,211,1.968,30,110.5,110.768,ok
3,2048,16384,16384,1200,94,14,36.005145,122.103,4396.3362,30537.6,1200,1200,True,none,46,79.288,14,True,55,1.98,30,120.915,122.371,ok
3,8192,16384,16384,1200,94,14,143.102759,122.103,17473.2762,30733.5,1200,1200,True,none,46,79.288,14,True,13,1.86,28,122.103,122.639,ok
3,4096,4096,4096,1200,94,14,4.687418,110.178,516.4503,29320.8,1200,1200,True,none,46,79.288,14,True,424,1.987,30,109.909,110.178,ok
3,1024,4096,4096,1200,94,14,1.211446,108.124,130.9864,28362.6,1200,1200,True,none,45,79.288,14,True,1468,1.778,26,107.855,108.124,ok
3,1024,16384,16384,1200,94,14,18.080119,120.049,2170.5002,30406.6,1200,1200,True,none,45,79.288,14,True,109,1.971,30,119.459,120.317,ok
3,4096,16384,16384,1200,94,14,71.716339,121.773,8733.1137,30662.8,1200,1200,True,none,45,79.288,14,True,27,1.936,29,121.183,122.103,ok
3,8192,4096,4096,1200,54,54,2.405338,206.782,497.3806,114278.3,1200,1200,True,none,50,75.375,54,True,818,1.968,30,205.081,207.401,ok
3,8192,16384,16384,1200,54,54,36.030106,228.585,8235.9419,122065.9,1200,1200,True,none,51,75.375,54,True,55,1.982,30,226.801,231.683,ok
3,4096,4096,4096,1200,54,54,1.266055,201.315,254.8758,108556.9,1200,1200,True,none,51,75.375,54,True,1526,1.932,29,200.771,202.705,ok
3,1024,8192,8192,1200,54,54,1.294872,199.793,258.7064,106140.9,1200,1200,True,none,51,75.375,54,True,1511,1.957,29,198.727,200.391,ok
3,2048,16384,16384,1200,54,54,9.255551,222.169,2056.2964,118794.8,1200,1200,True,none,52,75.375,54,True,214,1.981,30,219.85,223.088,ok
3,1024,16384,16384,1200,54,54,4.874578,210.578,1026.4788,112780.2,1200,1200,True,none,52,75.375,54,True,401,1.955,29,207.133,213.121,ok
3,8192,8192,8192,1200,54,54,9.174866,221.75,2034.5265,119839.5,1200,1200,True,none,53,75.375,54,True,215,1.973,30,220.179,222.759,ok
3,2048,4096,4096,1200,54,54,0.638051,202.144,128.9782,107702.2,1200,1200,True,none,52,75.375,54,True,2815,1.796,26,201.847,202.769,ok
3,2048,8192,8192,1200,54,54,2.471849,211.664,523.2015,111203.4,1200,1200,True,none,52,75.375,54,True,779,1.926,29,203.627,217.765,ok
3,1024,4096,4096,1200,54,54,0.365115,185.277,67.6474,94106.6,1200,1200,True,none,51,75.375,54,True,5016,1.831,27,183.958,186.143,ok
3,4096,8192,8192,1200,54,54,4.690677,218.127,1023.1632,117201.8,1200,1200,True,none,53,75.375,54,True,424,1.989,30,216.631,219.543,ok
3,4096,16384,16384,1200,54,54,18.097195,228.543,4135.9871,121511.8,1200,1200,True,none,53,75.375,54,True,109,1.973,30,227.131,230.28,ok
3,4096,4096,4096,1200,81,27,2.478034,140.933,349.2368,55462.9,1200,1200,True,none,48,76.832,27,True,762,1.888,28,137.869,143.846,ok
3,8192,4096,4096,1200,81,27,4.825415,143.248,691.231,56964.6,1200,1200,True,none,48,76.832,27,True,409,1.974,30,140.657,144.114,ok
3,4096,8192,8192,1200,81,27,9.45295,152.261,1439.3157,58157.1,1200,1200,True,none,48,76.832,27,True,209,1.976,30,150.805,154.583,ok
3,8192,16384,16384,1200,81,27,73.536658,159.764,11748.5106,59807.5,1200,1200,True,none,48,76.832,27,True,27,1.985,30,157.442,160.944,ok
3,1024,16384,16384,1200,81,27,9.571922,149.938,1435.1948,57434.2,1200,1200,True,none,47,76.832,27,True,207,1.981,30,149.026,151.671,ok
3,2048,4096,4096,1200,81,27,1.310888,135.699,177.8862,52422.1,1200,1200,True,none,47,76.832,27,True,1489,1.952,29,135.101,137.745,ok
3,4096,16384,16384,1200,81,27,36.94659,157.763,5828.8049,59519.0,1200,1200,True,none,47,76.832,27,True,53,1.958,29,156.307,159.22,ok
3,8192,8192,8192,1200,81,27,18.72118,152.797,2860.5401,58730.9,1200,1200,True,none,47,76.832,27,True,106,1.984,30,151.939,154.583,ok
3,1024,8192,8192,1200,81,27,2.551355,136.856,349.1683,53869.0,1200,1200,True,none,47,76.832,27,True,745,1.901,28,136.021,138.879,ok
3,2048,16384,16384,1200,81,27,18.673769,155.985,2912.8279,58880.0,1200,1200,True,none,47,76.832,27,True,106,1.979,30,154.583,159.22,ok
3,2048,8192,8192,1200,81,27,4.852367,149.938,727.5543,56648.2,1200,1200,True,none,47,76.832,27,True,407,1.975,30,148.751,151.073,ok
3,1024,4096,4096,1200,81,27,0.664355,133.108,88.4309,51719.0,1200,1200,True,none,47,76.832,27,True,2900,1.927,29,133.108,133.698,ok
